{"type":"FeatureCollection","generated_at":"2026-09-29T01:16:46.996676+00:00","source":"Bureau of Meteorology","features":[{"type":"Feature","geometry":{"type":"LineString","coordinates":[[146.5,-13.0],[145.0,-15.0],[143.0,-14.0],[142.0,-13.5],[141.5,-15.6],[140.3,-17.0],[138.5,-18.0],[137.5,-19.7],[138.0,-22.5],[140.0,-29.0]]},"properties":{"stormId":"AU190607_01U","name":"unnamed","start":"1907-01-17 23:00","end":"1907-01-26 23:00","positions":10,"minCentralPressure":993.0,"maxWindSpeed":null,"source":"Bureau of Meteorology Australian Tropical Cyclone Database"}},{"type":"Feature","geometry":{"type":"LineString","coordinates":[[140.0,-13.0],[147.0,-15.5],[150.0,-17.0],[152.5,-20.5],[156.0,-21.0]]},"properties":{"stormId":"AU190708_01U","name":"unnamed","start":"1908-01-06 23:00","end":"1908-01-10 23:00","positions":5,"minCentralPressure":999.0,"maxWindSpeed":null,"source":"Bureau of Meteorology Australian Tropical Cyclone Database"}},{"type":"Feature","geometry":{"type":"LineString","coordinates":[[150.2,-18.0],[149.0,-23.0],[150.5,-26.5]]},"properties":{"stormId":"AU190708_02U","name":"unnamed","start":"1908-03-11 23:00","end":"1908-03-13 23:00","positions":3,"minCentralPressure":992.0,"maxWindSpeed":null,"source":"Bureau of Meteorology Australian Tropical Cyclone Database"}},{"type":"Feature","geometry":{"type":"LineString","coordinates":[[153.0,-14.0],[153.5,-14.5],[154.0,-15.2],[155.8,-17.6],[156.9,-21.4],[159.3,-24.5]]},"properties":{"stormId":"AU190809_01U","name":"unnamed","start":"1909-01-29 23:00","end":"1909-02-03 23:00","positions":6,"minCentralPressure":990.0,"maxWindSpeed":null,"source":"Bureau of Meteorology Australian Tropical Cyclone Database"}},{"type":"Feature","geometry":{"type":"LineString","coordinates":[[147.9,-12.7],[147.0,-13.8],[145.8,-15.7],[145.3,-16.4],[145.1,-17.1],[144.9,-17.8],[145.6,-18.6],[146.3,-18.9],[149.0,-20.1],[154.2,-21.4]]},"properties":{"stormId":"AU190910_01U","name":"unnamed","start":"1910-01-24 23:00","end":"1910-01-30 23:00","positions":10,"minCentralPressure":988.0,"maxWindSpeed":null,"source":"Bureau of Meteorology Australian Tropical Cyclone Database"}},{"type":"Feature","geometry":{"type":"LineString","coordinates":[[120.0,-15.0],[122.0,-17.5],[122.1,-17.7],[122.1,-17.8],[121.7,-18.3],[119.7,-19.1]]},"properties":{"stormId":"AU191011_01U","name":"unnamed","start":"1910-11-18 01:00","end":"1910-11-21 01:00","positions":6,"minCentralPressure":965.0,"maxWindSpeed":null,"source":"Bureau of Meteorology Australian Tropical Cyclone Database"}},{"type":"Feature","geometry":{"type":"LineString","coordinates":[[138.4,-14.7],[138.9,-15.6],[139.2,-16.3],[139.0,-17.0],[138.8,-17.8],[138.9,-18.1],[139.2,-18.4],[139.9,-18.6],[140.7,-19.0],[143.7,-19.2],[144.3,-19.6],[145.2,-20.8],[146.1,-23.6],[147.0,-25.0],[148.0,-28.0]]},"properties":{"stormId":"AU191011_02U","name":"unnamed","start":"1911-01-02 23:00","end":"1911-01-12 08:00","positions":15,"minCentralPressure":996.0,"maxWindSpeed":null,"source":"Bureau of Meteorology Australian Tropical Cyclone Database"}},{"type":"Feature","geometry":{"type":"LineString","coordinates":[[117.1,-18.3],[116.0,-20.3],[114.2,-21.4],[111.2,-22.9]]},"properties":{"stormId":"AU191011_03U","name":"unnamed","start":"1911-02-06 01:00","end":"1911-02-08 01:00","positions":4,"minCentralPressure":null,"maxWindSpeed":null,"source":"Bureau of Meteorology Australian Tropical Cyclone Database"}},{"type":"Feature","geometry":{"type":"LineString","coordinates":[[143.2,-12.7],[143.6,-12.8],[144.6,-13.4],[145.6,-14.8],[146.6,-16.8],[146.9,-17.7],[149.3,-20.5],[149.5,-21.6],[149.5,-21.9],[149.0,-23.8]]},"properties":{"stormId":"AU191011_04U","name":"unnamed","start":"1911-02-09 23:00","end":"1911-02-12 23:00","positions":10,"minCentralPressure":988.0,"maxWindSpeed":null,"source":"Bureau of Meteorology Australian Tropical Cyclone Database"}},{"type":"Feature","geometry":{"type":"LineString","coordinates":[[146.9,-15.1],[145.3,-16.1],[145.1,-16.7],[144.5,-17.8],[143.9,-17.9],[142.2,-17.7],[141.0,-17.0],[140.0,-15.8]]},"properties":{"stormId":"AU191011_05U","name":"unnamed","start":"1911-03-15 23:00","end":"1911-03-17 23:00","positions":8,"minCentralPressure":1000.0,"maxWindSpeed":null,"source":"Bureau of Meteorology Australian Tropical Cyclone Database"}},{"type":"Feature","geometry":{"type":"LineString","coordinates":[[149.1,-13.8],[149.3,-15.0],[149.1,-16.0],[148.6,-16.8],[148.0,-17.3],[147.9,-18.0],[147.9,-19.3],[151.0,-20.4],[155.0,-21.1],[157.0,-21.6]]},"properties":{"stormId":"AU191011_06U","name":"unnamed","start":"1911-03-20 23:00","end":"1911-03-26 23:00","positions":10,"minCentralPressure":996.0,"maxWindSpeed":null,"source":"Bureau of Meteorology Australian Tropical Cyclone Database"}},{"type":"Feature","geometry":{"type":"LineString","coordinates":[[155.1,-19.6],[155.8,-22.8],[156.5,-24.2],[157.6,-25.3],[161.0,-26.6]]},"properties":{"stormId":"AU191112_01U","name":"unnamed","start":"1912-01-05 23:00","end":"1912-01-08 11:00","positions":5,"minCentralPressure":988.0,"maxWindSpeed":null,"source":"Bureau of Meteorology Australian Tropical Cyclone Database"}},{"type":"Feature","geometry":{"type":"LineString","coordinates":[[124.6,-17.0],[122.7,-17.6],[121.8,-18.7],[121.3,-19.2],[119.7,-20.3]]},"properties":{"stormId":"AU191112_02U","name":"unnamed","start":"1912-02-08 01:00","end":"1912-02-10 01:00","positions":5,"minCentralPressure":null,"maxWindSpeed":null,"source":"Bureau of Meteorology Australian Tropical Cyclone Database"}},{"type":"Feature","geometry":{"type":"LineString","coordinates":[[119.8,-17.0],[120.3,-18.2],[120.4,-18.3]]},"properties":{"stormId":"AU191112_03U","name":"unnamed","start":"1912-03-05 01:00","end":"1912-03-06 03:30","positions":3,"minCentralPressure":null,"maxWindSpeed":null,"source":"Bureau of Meteorology Australian Tropical Cyclone Database"}},{"type":"Feature","geometry":{"type":"LineString","coordinates":[[119.3,-16.8],[118.7,-19.0],[117.1,-19.4],[116.9,-19.9],[117.4,-20.6],[118.4,-21.2]]},"properties":{"stormId":"AU191112_04U","name":"unnamed","start":"1912-03-19 01:00","end":"1912-03-22 01:00","positions":6,"minCentralPressure":977.0,"maxWindSpeed":null,"source":"Bureau of Meteorology Australian Tropical Cyclone Database"}},{"type":"Feature","geometry":{"type":"LineString","coordinates":[[147.3,-13.0],[146.6,-14.6],[146.2,-16.0],[146.4,-16.6],[147.5,-17.6],[149.0,-18.2]]},"properties":{"stormId":"AU191112_05U","name":"unnamed","start":"1912-04-04 23:00","end":"1912-04-06 23:00","positions":6,"minCentralPressure":998.0,"maxWindSpeed":null,"source":"Bureau of Meteorology Australian Tropical Cyclone Database"}},{"type":"Feature","geometry":{"type":"LineString","coordinates":[[144.0,-24.6],[147.8,-24.0],[150.9,-23.1],[151.7,-22.7],[156.2,-21.0]]},"properties":{"stormId":"AU191213_01U","name":"unnamed","start":"1913-01-06 23:00","end":"1913-01-08 23:00","positions":5,"minCentralPressure":1000.0,"maxWindSpeed":null,"source":"Bureau of Meteorology Australian Tropical Cyclone Database"}},{"type":"Feature","geometry":{"type":"LineString","coordinates":[[154.0,-12.5],[153.0,-13.6],[152.0,-14.9],[150.9,-17.0],[150.6,-18.0],[150.2,-19.1],[151.0,-19.9],[152.0,-20.3]]},"properties":{"stormId":"AU191213_02U","name":"unnamed","start":"1913-01-11 23:00","end":"1913-01-17 23:00","positions":8,"minCentralPressure":990.0,"maxWindSpeed":null,"source":"Bureau of Meteorology Australian Tropical Cyclone Database"}},{"type":"Feature","geometry":{"type":"LineString","coordinates":[[138.0,-13.1],[140.8,-13.3],[141.7,-13.5],[143.7,-13.8],[144.7,-14.0],[152.1,-15.2]]},"properties":{"stormId":"AU191213_03U","name":"unnamed","start":"1913-01-19 23:00","end":"1913-01-22 23:00","positions":6,"minCentralPressure":990.0,"maxWindSpeed":null,"source":"Bureau of Meteorology Australian Tropical Cyclone Database"}},{"type":"Feature","geometry":{"type":"LineString","coordinates":[[152.0,-17.0],[148.8,-16.4],[146.8,-16.4],[145.4,-16.4],[144.1,-16.4],[141.4,-15.9],[140.9,-15.9],[138.0,-16.2],[137.7,-16.2],[135.3,-15.8],[132.6,-14.0],[131.2,-13.8],[129.5,-14.1],[128.1,-14.8],[126.4,-15.8],[125.5,-16.7],[125.5,-17.2],[127.4,-17.8],[130.0,-18.0],[132.0,-17.4]]},"properties":{"stormId":"AU191213_04U","name":"unnamed","start":"1913-01-27 23:00","end":"1913-02-09 23:30","positions":20,"minCentralPressure":985.0,"maxWindSpeed":null,"source":"Bureau of Meteorology Australian Tropical Cyclone Database"}},{"type":"Feature","geometry":{"type":"LineString","coordinates":[[147.2,-12.0],[150.6,-19.0],[151.9,-20.9],[154.1,-23.0],[156.2,-26.3],[157.1,-28.1],[158.2,-29.3]]},"properties":{"stormId":"AU191213_05U","name":"unnamed","start":"1913-04-03 23:00","end":"1913-04-07 23:00","positions":7,"minCentralPressure":988.0,"maxWindSpeed":null,"source":"Bureau of Meteorology Australian Tropical Cyclone Database"}},{"type":"Feature","geometry":{"type":"LineString","coordinates":[[151.8,-13.9],[151.5,-14.8],[152.4,-16.0],[154.4,-16.3]]},"properties":{"stormId":"AU191213_06U","name":"unnamed","start":"1913-04-13 23:00","end":"1913-04-16 23:00","positions":4,"minCentralPressure":1000.0,"maxWindSpeed":null,"source":"Bureau of Meteorology Australian Tropical Cyclone Database"}},{"type":"Feature","geometry":{"type":"LineString","coordinates":[[140.3,-12.2],[140.0,-12.1],[138.2,-12.0],[137.0,-12.3],[135.8,-12.7],[132.8,-13.8],[131.5,-14.3],[129.2,-15.3]]},"properties":{"stormId":"AU191314_01U","name":"unnamed","start":"1913-12-30 23:00","end":"1914-01-04 23:30","positions":8,"minCentralPressure":996.0,"maxWindSpeed":null,"source":"Bureau of Meteorology Australian Tropical Cyclone Database"}},{"type":"Feature","geometry":{"type":"LineString","coordinates":[[159.1,-16.0],[156.6,-20.0],[156.6,-21.4],[158.0,-26.7],[160.0,-27.9],[163.1,-28.2]]},"properties":{"stormId":"AU191314_02U","name":"unnamed","start":"1914-02-17 23:00","end":"1914-02-20 23:00","positions":6,"minCentralPressure":996.0,"maxWindSpeed":null,"source":"Bureau of Meteorology Australian Tropical Cyclone Database"}},{"type":"Feature","geometry":{"type":"LineString","coordinates":[[156.9,-13.0],[155.7,-14.0],[154.0,-15.9],[153.1,-17.3],[153.3,-18.4],[154.7,-18.9],[157.7,-19.0],[160.5,-18.4]]},"properties":{"stormId":"AU191314_03U","name":"unnamed","start":"1914-03-05 23:00","end":"1914-03-11 23:00","positions":8,"minCentralPressure":988.0,"maxWindSpeed":null,"source":"Bureau of Meteorology Australian Tropical Cyclone Database"}},{"type":"Feature","geometry":{"type":"LineString","coordinates":[[142.5,-19.0],[142.6,-19.2],[149.5,-26.5],[153.2,-30.2],[154.0,-30.8]]},"properties":{"stormId":"AU191415_01U","name":"unnamed","start":"1914-12-27 23:00","end":"1914-12-30 23:00","positions":5,"minCentralPressure":994.0,"maxWindSpeed":null,"source":"Bureau of Meteorology Australian Tropical Cyclone Database"}},{"type":"Feature","geometry":{"type":"LineString","coordinates":[[147.5,-16.9],[147.0,-17.9],[147.5,-18.9],[150.0,-20.9],[152.4,-24.0],[153.2,-25.1],[155.0,-26.9],[155.3,-28.0],[157.0,-29.6],[159.7,-30.9]]},"properties":{"stormId":"AU191415_02U","name":"unnamed","start":"1915-02-04 23:00","end":"1915-02-10 23:00","positions":10,"minCentralPressure":970.0,"maxWindSpeed":null,"source":"Bureau of Meteorology Australian Tropical Cyclone Database"}},{"type":"Feature","geometry":{"type":"LineString","coordinates":[[113.7,-21.6],[112.8,-23.0],[112.1,-26.7],[114.2,-32.0]]},"properties":{"stormId":"AU191415_03U","name":"unnamed","start":"1915-02-25 01:00","end":"1915-02-25 19:00","positions":4,"minCentralPressure":null,"maxWindSpeed":null,"source":"Bureau of Meteorology Australian Tropical Cyclone Database"}},{"type":"Feature","geometry":{"type":"LineString","coordinates":[[152.9,-13.0],[151.5,-13.9],[147.8,-14.7],[147.5,-15.2],[147.9,-15.8],[149.3,-16.4],[150.4,-16.9],[151.9,-17.4],[153.6,-17.8],[156.1,-17.4],[157.9,-16.9],[158.2,-16.5],[158.0,-16.0],[155.8,-15.9],[155.0,-15.8],[154.0,-15.2],[153.8,-14.0],[154.0,-13.0]]},"properties":{"stormId":"AU191415_04U","name":"unnamed","start":"1915-03-09 23:00","end":"1915-03-24 23:00","positions":18,"minCentralPressure":988.0,"maxWindSpeed":null,"source":"Bureau of Meteorology Australian Tropical Cyclone Database"}},{"type":"Feature","geometry":{"type":"LineString","coordinates":[[132.7,-11.0],[131.5,-11.3],[130.2,-11.6]]},"properties":{"stormId":"AU191415_05U","name":"noname","start":"1915-02-25 00:00","end":"1915-02-26 00:00","positions":3,"minCentralPressure":null,"maxWindSpeed":null,"source":"Bureau of Meteorology Australian Tropical Cyclone Database"}},{"type":"Feature","geometry":{"type":"LineString","coordinates":[[128.5,-12.7],[130.5,-12.0],[131.5,-12.2],[132.4,-13.8]]},"properties":{"stormId":"AU191516_01U","name":"unnamed","start":"1915-12-21 23:30","end":"1915-12-23 23:30","positions":4,"minCentralPressure":null,"maxWindSpeed":null,"source":"Bureau of Meteorology Australian Tropical Cyclone Database"}},{"type":"Feature","geometry":{"type":"LineString","coordinates":[[159.0,-17.0],[161.5,-18.5],[164.9,-21.0]]},"properties":{"stormId":"AU191516_02U","name":"unnamed","start":"1916-01-04 23:00","end":"1916-01-06 23:00","positions":3,"minCentralPressure":992.0,"maxWindSpeed":null,"source":"Bureau of Meteorology Australian Tropical Cyclone Database"}},{"type":"Feature","geometry":{"type":"LineString","coordinates":[[118.3,-17.5],[115.3,-21.0],[114.2,-21.3],[113.1,-21.7],[111.9,-23.0],[113.5,-25.5],[113.7,-26.0]]},"properties":{"stormId":"AU191516_03U","name":"unnamed","start":"1916-01-17 01:00","end":"1916-01-20 01:00","positions":7,"minCentralPressure":null,"maxWindSpeed":null,"source":"Bureau of Meteorology Australian Tropical Cyclone Database"}},{"type":"Feature","geometry":{"type":"LineString","coordinates":[[157.4,-17.4],[157.3,-20.0],[156.3,-23.4],[156.5,-25.0],[157.5,-27.0],[159.0,-28.3],[161.3,-29.4]]},"properties":{"stormId":"AU191516_04U","name":"unnamed","start":"1916-02-08 23:00","end":"1916-02-11 23:00","positions":7,"minCentralPressure":992.0,"maxWindSpeed":null,"source":"Bureau of Meteorology Australian Tropical Cyclone Database"}},{"type":"Feature","geometry":{"type":"LineString","coordinates":[[147.9,-11.9],[146.8,-11.9],[145.9,-11.8]]},"properties":{"stormId":"AU191516_05U","name":"unnamed","start":"1916-02-17 23:00","end":"1916-02-19 23:00","positions":3,"minCentralPressure":998.0,"maxWindSpeed":null,"source":"Bureau of Meteorology Australian Tropical Cyclone Database"}},{"type":"Feature","geometry":{"type":"LineString","coordinates":[[121.5,-18.0],[121.5,-18.7],[121.7,-19.5],[122.0,-22.0]]},"properties":{"stormId":"AU191516_06U","name":"unnamed","start":"1916-03-02 01:00","end":"1916-03-04 01:00","positions":4,"minCentralPressure":null,"maxWindSpeed":null,"source":"Bureau of Meteorology Australian Tropical Cyclone Database"}},{"type":"Feature","geometry":{"type":"LineString","coordinates":[[153.0,-16.0],[152.5,-18.4],[153.0,-21.0],[155.0,-22.6],[158.0,-24.0],[164.0,-27.3]]},"properties":{"stormId":"AU191516_07U","name":"unnamed","start":"1916-04-10 23:00","end":"1916-04-14 23:00","positions":6,"minCentralPressure":988.0,"maxWindSpeed":null,"source":"Bureau of Meteorology Australian Tropical Cyclone Database"}},{"type":"Feature","geometry":{"type":"LineString","coordinates":[[152.1,-19.4],[148.7,-20.7],[146.3,-23.1]]},"properties":{"stormId":"AU191617_01U","name":"unnamed","start":"1916-12-25 23:00","end":"1916-12-27 23:00","positions":3,"minCentralPressure":994.0,"maxWindSpeed":null,"source":"Bureau of Meteorology Australian Tropical Cyclone Database"}},{"type":"Feature","geometry":{"type":"LineString","coordinates":[[140.5,-17.7],[145.2,-21.0],[147.0,-22.0],[149.0,-22.6]]},"properties":{"stormId":"AU191617_02U","name":"unnamed","start":"1916-12-31 23:00","end":"1917-01-03 23:00","positions":4,"minCentralPressure":992.0,"maxWindSpeed":null,"source":"Bureau of Meteorology Australian Tropical Cyclone Database"}},{"type":"Feature","geometry":{"type":"LineString","coordinates":[[122.0,-16.0],[122.3,-16.9],[123.0,-18.1],[123.2,-20.5]]},"properties":{"stormId":"AU191617_03U","name":"unnamed","start":"1917-01-04 01:00","end":"1917-01-06 01:00","positions":4,"minCentralPressure":null,"maxWindSpeed":null,"source":"Bureau of Meteorology Australian Tropical Cyclone Database"}},{"type":"Feature","geometry":{"type":"LineString","coordinates":[[115.1,-20.6],[116.0,-21.0],[116.2,-21.2],[115.5,-22.9],[118.0,-23.7]]},"properties":{"stormId":"AU191617_04U","name":"unnamed","start":"1917-03-14 01:00","end":"1917-03-15 01:00","positions":5,"minCentralPressure":null,"maxWindSpeed":null,"source":"Bureau of Meteorology Australian Tropical Cyclone Database"}},{"type":"Feature","geometry":{"type":"LineString","coordinates":[[147.6,-13.3],[154.0,-17.2],[156.0,-18.8],[160.6,-20.4],[163.8,-21.4]]},"properties":{"stormId":"AU191617_05U","name":"unnamed","start":"1917-03-25 23:00","end":"1917-03-28 23:00","positions":5,"minCentralPressure":980.0,"maxWindSpeed":null,"source":"Bureau of Meteorology Australian Tropical Cyclone Database"}},{"type":"Feature","geometry":{"type":"LineString","coordinates":[[118.2,-19.0],[117.2,-20.5],[117.0,-22.7]]},"properties":{"stormId":"AU191617_06U","name":"unnamed","start":"1917-03-28 01:00","end":"1917-03-29 01:00","positions":3,"minCentralPressure":991.0,"maxWindSpeed":null,"source":"Bureau of Meteorology Australian Tropical Cyclone Database"}},{"type":"Feature","geometry":{"type":"LineString","coordinates":[[163.0,-17.8],[154.0,-17.9],[152.3,-18.2],[150.5,-19.3],[149.0,-20.9],[148.8,-21.9],[150.9,-23.0],[154.6,-23.2],[159.0,-22.8],[164.5,-21.0],[165.0,-20.9]]},"properties":{"stormId":"AU191718_01U","name":"unnamed","start":"1917-12-12 23:00","end":"1917-12-17 17:00","positions":11,"minCentralPressure":996.0,"maxWindSpeed":null,"source":"Bureau of Meteorology Australian Tropical Cyclone Database"}},{"type":"Feature","geometry":{"type":"LineString","coordinates":[[122.5,-12.7],[121.0,-16.7],[121.2,-19.0],[121.3,-19.3],[123.2,-22.3]]},"properties":{"stormId":"AU191718_02U","name":"unnamed","start":"1917-12-18 01:00","end":"1917-12-20 01:00","positions":5,"minCentralPressure":null,"maxWindSpeed":null,"source":"Bureau of Meteorology Australian Tropical Cyclone Database"}},{"type":"Feature","geometry":{"type":"LineString","coordinates":[[151.9,-18.5],[148.9,-21.2],[146.2,-22.3],[142.0,-22.8]]},"properties":{"stormId":"AU191718_03U","name":"unnamed","start":"1918-01-19 23:00","end":"1918-01-22 23:00","positions":4,"minCentralPressure":933.0,"maxWindSpeed":null,"source":"Bureau of Meteorology Australian Tropical Cyclone Database"}},{"type":"Feature","geometry":{"type":"LineString","coordinates":[[118.0,-16.0],[116.4,-18.6],[113.6,-21.0],[113.3,-22.0],[113.7,-23.1],[115.1,-24.7],[119.0,-29.0]]},"properties":{"stormId":"AU191718_04U","name":"unnamed","start":"1918-01-31 01:00","end":"1918-02-04 01:00","positions":7,"minCentralPressure":970.0,"maxWindSpeed":null,"source":"Bureau of Meteorology Australian Tropical Cyclone Database"}},{"type":"Feature","geometry":{"type":"LineString","coordinates":[[153.5,-13.5],[148.5,-15.9],[145.8,-17.2],[142.4,-18.8],[141.4,-19.6],[140.8,-20.5],[140.4,-21.8],[140.4,-23.9]]},"properties":{"stormId":"AU191718_06U","name":"unnamed","start":"1918-03-07 23:00","end":"1918-03-11 23:00","positions":8,"minCentralPressure":944.0,"maxWindSpeed":null,"source":"Bureau of Meteorology Australian Tropical Cyclone Database"}},{"type":"Feature","geometry":{"type":"LineString","coordinates":[[161.5,-16.7],[159.2,-20.8],[158.8,-22.9],[160.0,-25.1],[162.0,-26.9]]},"properties":{"stormId":"AU191718_07U","name":"unnamed","start":"1918-03-14 23:00","end":"1918-03-17 10:00","positions":5,"minCentralPressure":985.0,"maxWindSpeed":null,"source":"Bureau of Meteorology Australian Tropical Cyclone Database"}},{"type":"Feature","geometry":{"type":"LineString","coordinates":[[154.6,-20.7],[152.3,-23.6],[152.2,-24.8],[152.2,-25.3],[152.8,-27.3],[153.5,-29.1]]},"properties":{"stormId":"AU191819_01U","name":"unnamed","start":"1919-03-01 23:00","end":"1919-03-04 08:00","positions":6,"minCentralPressure":988.0,"maxWindSpeed":null,"source":"Bureau of Meteorology Australian Tropical Cyclone Database"}},{"type":"Feature","geometry":{"type":"LineString","coordinates":[[128.3,-14.3],[128.8,-14.8],[130.0,-15.3],[130.2,-13.8],[130.1,-12.8],[130.1,-12.5],[131.1,-11.7],[132.3,-12.1],[133.1,-12.5]]},"properties":{"stormId":"AU191819_02U","name":"unnamed","start":"1919-03-02 23:30","end":"1919-03-06 23:30","positions":9,"minCentralPressure":null,"maxWindSpeed":null,"source":"Bureau of Meteorology Australian Tropical Cyclone Database"}},{"type":"Feature","geometry":{"type":"LineString","coordinates":[[150.7,-15.2],[147.7,-15.4],[145.4,-16.1],[144.7,-16.3],[140.0,-19.9]]},"properties":{"stormId":"AU191920_01U","name":"unnamed","start":"1920-02-01 23:00","end":"1920-02-03 23:00","positions":5,"minCentralPressure":988.0,"maxWindSpeed":null,"source":"Bureau of Meteorology Australian Tropical Cyclone Database"}},{"type":"Feature","geometry":{"type":"LineString","coordinates":[[129.5,-6.0],[126.5,-7.0]]},"properties":{"stormId":"AU191920_03U","name":"unnamed","start":"1920-03-23 23:30","end":"1920-03-24 23:30","positions":2,"minCentralPressure":null,"maxWindSpeed":null,"source":"Bureau of Meteorology Australian Tropical Cyclone Database"}},{"type":"Feature","geometry":{"type":"LineString","coordinates":[[123.2,-6.0],[131.2,-6.8],[129.0,-7.3],[126.5,-8.0],[124.3,-9.0],[122.1,-10.2],[120.8,-11.0]]},"properties":{"stormId":"AU191920_04U","name":"unnamed","start":"1920-04-06 23:30","end":"1920-04-13 01:00","positions":7,"minCentralPressure":null,"maxWindSpeed":null,"source":"Bureau of Meteorology Australian Tropical Cyclone Database"}},{"type":"Feature","geometry":{"type":"LineString","coordinates":[[119.7,-17.0],[119.7,-19.0],[119.8,-20.0],[120.3,-21.5]]},"properties":{"stormId":"AU191920_05U","name":"unnamed","start":"1920-04-14 01:00","end":"1920-04-16 01:00","positions":4,"minCentralPressure":null,"maxWindSpeed":null,"source":"Bureau of Meteorology Australian Tropical Cyclone Database"}},{"type":"Feature","geometry":{"type":"LineString","coordinates":[[146.5,-10.6],[143.4,-10.4],[140.0,-10.7],[137.6,-10.9],[134.1,-11.0],[132.0,-11.2],[130.8,-11.6],[127.5,-13.2],[123.5,-15.2],[122.2,-16.0],[121.9,-18.0],[121.9,-18.5],[122.5,-20.6],[124.0,-23.0]]},"properties":{"stormId":"AU192021_01U","name":"unnamed","start":"1920-12-16 23:00","end":"1920-12-24 01:00","positions":14,"minCentralPressure":992.0,"maxWindSpeed":null,"source":"Bureau of Meteorology Australian Tropical Cyclone Database"}},{"type":"Feature","geometry":{"type":"LineString","coordinates":[[138.3,-12.8],[135.9,-13.4],[134.9,-13.8],[132.9,-14.3],[130.8,-15.3],[131.2,-16.2],[131.9,-16.6]]},"properties":{"stormId":"AU192021_02U","name":"unnamed","start":"1921-01-07 23:00","end":"1921-01-11 23:30","positions":7,"minCentralPressure":null,"maxWindSpeed":null,"source":"Bureau of Meteorology Australian Tropical Cyclone Database"}},{"type":"Feature","geometry":{"type":"LineString","coordinates":[[149.9,-14.9],[148.1,-13.4],[146.9,-12.8],[145.8,-11.6],[145.3,-10.2],[145.7,-10.2],[147.6,-12.0],[148.0,-14.4],[152.0,-17.8],[152.7,-18.5],[154.5,-20.7],[155.7,-22.4],[157.0,-23.1],[160.0,-23.7]]},"properties":{"stormId":"AU192021_03U","name":"unnamed","start":"1921-01-19 23:00","end":"1921-01-30 23:00","positions":14,"minCentralPressure":990.0,"maxWindSpeed":null,"source":"Bureau of Meteorology Australian Tropical Cyclone Database"}},{"type":"Feature","geometry":{"type":"LineString","coordinates":[[113.9,-21.0],[113.0,-24.3],[113.6,-26.5],[113.7,-26.8],[114.0,-28.3]]},"properties":{"stormId":"AU192021_04U","name":"unnamed","start":"1921-02-17 01:00","end":"1921-02-19 01:00","positions":5,"minCentralPressure":989.0,"maxWindSpeed":null,"source":"Bureau of Meteorology Australian Tropical Cyclone Database"}},{"type":"Feature","geometry":{"type":"LineString","coordinates":[[147.2,-12.0],[146.5,-11.9],[145.8,-12.0],[144.2,-12.5],[143.6,-12.9],[141.6,-14.6],[141.3,-14.8],[140.2,-16.0],[139.8,-17.2],[139.8,-17.5],[140.0,-19.5]]},"properties":{"stormId":"AU192021_05U","name":"unnamed","start":"1921-03-28 23:00","end":"1921-04-04 23:00","positions":11,"minCentralPressure":982.0,"maxWindSpeed":null,"source":"Bureau of Meteorology Australian Tropical Cyclone Database"}},{"type":"Feature","geometry":{"type":"LineString","coordinates":[[150.5,-14.1],[150.3,-15.0],[150.7,-15.8],[151.0,-16.7],[151.2,-17.8],[151.1,-18.9],[150.4,-22.3],[150.3,-22.6],[150.9,-24.1],[152.1,-25.5],[153.2,-26.2],[156.6,-28.2],[159.2,-28.3]]},"properties":{"stormId":"AU192021_06U","name":"unnamed","start":"1921-04-01 23:00","end":"1921-04-07 23:00","positions":13,"minCentralPressure":970.0,"maxWindSpeed":null,"source":"Bureau of Meteorology Australian Tropical Cyclone Database"}},{"type":"Feature","geometry":{"type":"LineString","coordinates":[[151.6,-12.2],[153.3,-14.1],[154.8,-16.5],[157.0,-18.9],[159.2,-20.1],[162.9,-20.8]]},"properties":{"stormId":"AU192122_01U","name":"unnamed","start":"1922-01-15 23:00","end":"1922-01-19 23:00","positions":6,"minCentralPressure":971.0,"maxWindSpeed":null,"source":"Bureau of Meteorology Australian Tropical Cyclone Database"}},{"type":"Feature","geometry":{"type":"LineString","coordinates":[[155.7,-19.8],[155.9,-20.0],[156.4,-20.6],[156.6,-21.0],[156.7,-21.3],[156.9,-21.6],[157.0,-22.2],[157.7,-23.3],[159.3,-24.8],[161.3,-27.3],[162.9,-27.6],[163.6,-27.3],[163.8,-26.7],[163.4,-25.8],[162.4,-25.1],[159.8,-24.2],[157.0,-24.1],[152.8,-24.2],[152.0,-23.5],[152.4,-22.5],[154.8,-21.0],[158.4,-19.6],[159.4,-19.6],[161.1,-20.8],[162.8,-23.0]]},"properties":{"stormId":"AU192122_02U","name":"unnamed","start":"1922-02-06 23:00","end":"1922-02-21 23:00","positions":25,"minCentralPressure":995.0,"maxWindSpeed":null,"source":"Bureau of Meteorology Australian Tropical Cyclone Database"}},{"type":"Feature","geometry":{"type":"LineString","coordinates":[[126.0,-14.0],[126.0,-14.0],[125.0,-14.0]]},"properties":{"stormId":"AU192122_03U","name":"unnamed","start":"1922-03-13 01:00","end":"1922-03-15 01:00","positions":3,"minCentralPressure":990.0,"maxWindSpeed":null,"source":"Bureau of Meteorology Australian Tropical Cyclone Database"}},{"type":"Feature","geometry":{"type":"LineString","coordinates":[[115.0,-20.0],[113.9,-20.8],[113.3,-21.3],[112.7,-22.5],[112.0,-27.3],[112.3,-31.1]]},"properties":{"stormId":"AU192223_01U","name":"unnamed","start":"1923-01-15 01:00","end":"1923-01-19 01:00","positions":6,"minCentralPressure":990.0,"maxWindSpeed":null,"source":"Bureau of Meteorology Australian Tropical Cyclone Database"}},{"type":"Feature","geometry":{"type":"LineString","coordinates":[[150.9,-11.0],[148.0,-12.3],[147.4,-14.1],[149.0,-15.4],[152.0,-16.1],[154.0,-16.7],[155.9,-18.0],[157.4,-20.0],[158.1,-21.7],[159.6,-26.0],[161.6,-28.2]]},"properties":{"stormId":"AU192223_04U","name":"unnamed","start":"1923-02-21 23:00","end":"1923-02-26 23:00","positions":11,"minCentralPressure":984.0,"maxWindSpeed":null,"source":"Bureau of Meteorology Australian Tropical Cyclone Database"}},{"type":"Feature","geometry":{"type":"LineString","coordinates":[[125.5,-12.5],[123.7,-13.9],[120.0,-16.0]]},"properties":{"stormId":"AU192223_05U","name":"unnamed","start":"1923-03-07 23:30","end":"1923-03-10 01:00","positions":3,"minCentralPressure":null,"maxWindSpeed":null,"source":"Bureau of Meteorology Australian Tropical Cyclone Database"}},{"type":"Feature","geometry":{"type":"LineString","coordinates":[[118.0,-13.0],[117.3,-13.5],[116.4,-14.2],[115.1,-15.6],[113.8,-17.3],[112.0,-20.0],[110.9,-22.8],[110.7,-25.5],[111.3,-28.3],[113.8,-32.0]]},"properties":{"stormId":"AU192223_07U","name":"unnamed","start":"1923-03-18 01:00","end":"1923-03-25 09:00","positions":10,"minCentralPressure":null,"maxWindSpeed":null,"source":"Bureau of Meteorology Australian Tropical Cyclone Database"}},{"type":"Feature","geometry":{"type":"LineString","coordinates":[[146.0,-12.0],[145.5,-11.7],[145.0,-11.5],[144.0,-11.0],[143.2,-10.8],[142.8,-10.3],[142.8,-9.9],[143.7,-9.7],[144.3,-10.3],[144.5,-11.7],[144.2,-11.9],[142.9,-11.5],[142.4,-11.7],[141.7,-12.2],[140.2,-12.9],[138.2,-13.8],[136.7,-14.1],[135.9,-14.5],[135.6,-14.7],[133.7,-15.0]]},"properties":{"stormId":"AU192223_08U","name":"unnamed","start":"1923-03-20 23:00","end":"1923-03-31 23:30","positions":20,"minCentralPressure":974.0,"maxWindSpeed":null,"source":"Bureau of Meteorology Australian Tropical Cyclone Database"}},{"type":"Feature","geometry":{"type":"LineString","coordinates":[[156.1,-21.2],[155.7,-23.0],[156.0,-24.6],[157.4,-27.0],[159.3,-28.2],[160.6,-28.0],[164.2,-26.2]]},"properties":{"stormId":"AU192223_09U","name":"unnamed","start":"1923-04-10 23:00","end":"1923-04-14 23:00","positions":7,"minCentralPressure":998.0,"maxWindSpeed":null,"source":"Bureau of Meteorology Australian Tropical Cyclone Database"}},{"type":"Feature","geometry":{"type":"LineString","coordinates":[[153.1,-22.3],[155.1,-25.0],[157.1,-30.1],[157.2,-32.0]]},"properties":{"stormId":"AU192223_10U","name":"unnamed","start":"1923-04-25 23:00","end":"1923-04-28 13:00","positions":4,"minCentralPressure":998.0,"maxWindSpeed":null,"source":"Bureau of Meteorology Australian Tropical Cyclone Database"}},{"type":"Feature","geometry":{"type":"LineString","coordinates":[[157.3,-19.9],[157.5,-21.2],[157.7,-22.8],[157.9,-25.0],[158.1,-26.9],[159.0,-28.5],[160.1,-29.7]]},"properties":{"stormId":"AU192324_01U","name":"unnamed","start":"1924-01-17 23:00","end":"1924-01-22 23:00","positions":7,"minCentralPressure":989.0,"maxWindSpeed":null,"source":"Bureau of Meteorology Australian Tropical Cyclone Database"}},{"type":"Feature","geometry":{"type":"LineString","coordinates":[[120.5,-15.0],[120.3,-16.0],[119.7,-18.5],[118.8,-18.8],[117.3,-20.2],[117.1,-20.8],[116.0,-23.3],[115.3,-25.5]]},"properties":{"stormId":"AU192425_01U","name":"unnamed","start":"1925-01-19 01:00","end":"1925-01-23 01:00","positions":8,"minCentralPressure":952.0,"maxWindSpeed":null,"source":"Bureau of Meteorology Australian Tropical Cyclone Database"}},{"type":"Feature","geometry":{"type":"LineString","coordinates":[[120.0,-15.0],[119.7,-16.3],[119.3,-17.8],[119.6,-20.0],[119.7,-20.7],[119.5,-21.1],[119.0,-23.2],[116.9,-28.0]]},"properties":{"stormId":"AU192425_02U","name":"unnamed","start":"1925-02-23 01:00","end":"1925-02-27 01:00","positions":8,"minCentralPressure":null,"maxWindSpeed":null,"source":"Bureau of Meteorology Australian Tropical Cyclone Database"}},{"type":"Feature","geometry":{"type":"LineString","coordinates":[[152.1,-18.2],[151.0,-18.3],[150.0,-18.0],[149.0,-16.8],[147.7,-16.2],[145.4,-16.2],[142.5,-16.8],[141.1,-16.8],[140.4,-16.7]]},"properties":{"stormId":"AU192425_03U","name":"unnamed","start":"1925-02-24 23:00","end":"1925-02-27 05:00","positions":9,"minCentralPressure":992.0,"maxWindSpeed":null,"source":"Bureau of Meteorology Australian Tropical Cyclone Database"}},{"type":"Feature","geometry":{"type":"LineString","coordinates":[[152.1,-20.1],[151.1,-22.3],[150.9,-22.5],[150.2,-24.0],[150.6,-25.0],[151.8,-25.6],[153.2,-26.1],[153.8,-26.3],[157.8,-28.1],[162.7,-32.6]]},"properties":{"stormId":"AU192425_04U","name":"unnamed","start":"1925-06-18 05:00","end":"1925-06-22 23:00","positions":10,"minCentralPressure":999.0,"maxWindSpeed":null,"source":"Bureau of Meteorology Australian Tropical Cyclone Database"}},{"type":"Feature","geometry":{"type":"LineString","coordinates":[[123.0,-15.0],[126.0,-16.0],[125.0,-16.0],[126.0,-16.0],[124.0,-18.0],[122.0,-15.0],[124.0,-15.0],[123.0,-15.5],[122.6,-16.7],[122.7,-17.5],[122.7,-19.4],[122.7,-20.9]]},"properties":{"stormId":"AU192526_01U","name":"unnamed","start":"1926-01-14 01:00","end":"1926-01-24 01:00","positions":12,"minCentralPressure":996.0,"maxWindSpeed":null,"source":"Bureau of Meteorology Australian Tropical Cyclone Database"}},{"type":"Feature","geometry":{"type":"LineString","coordinates":[[151.2,-15.0],[150.4,-15.6],[147.9,-17.0],[147.2,-18.0],[147.7,-18.6],[148.5,-19.2],[148.8,-18.9],[149.3,-18.4],[150.1,-18.3],[151.7,-18.1],[153.3,-18.2]]},"properties":{"stormId":"AU192526_03U","name":"unnamed","start":"1926-02-06 23:00","end":"1926-02-12 23:00","positions":11,"minCentralPressure":999.0,"maxWindSpeed":null,"source":"Bureau of Meteorology Australian Tropical Cyclone Database"}},{"type":"Feature","geometry":{"type":"LineString","coordinates":[[129.1,-16.4],[136.0,-21.0],[145.5,-26.8],[155.0,-32.2],[165.5,-37.0]]},"properties":{"stormId":"AU192526_04U","name":"unnamed","start":"1926-03-21 23:00","end":"1926-03-25 23:00","positions":5,"minCentralPressure":996.0,"maxWindSpeed":null,"source":"Bureau of Meteorology Australian Tropical Cyclone Database"}},{"type":"Feature","geometry":{"type":"LineString","coordinates":[[154.2,-22.0],[154.2,-26.1],[155.4,-28.0],[157.1,-29.2],[159.8,-30.9],[162.8,-32.7]]},"properties":{"stormId":"AU192526_05U","name":"unnamed","start":"1926-05-15 23:00","end":"1926-05-19 23:00","positions":6,"minCentralPressure":999.0,"maxWindSpeed":null,"source":"Bureau of Meteorology Australian Tropical Cyclone Database"}},{"type":"Feature","geometry":{"type":"LineString","coordinates":[[120.8,-14.3],[122.4,-16.9],[122.7,-17.3],[122.7,-18.1],[122.3,-17.3],[120.3,-18.0]]},"properties":{"stormId":"AU192627_01U","name":"unnamed","start":"1926-12-19 01:00","end":"1926-12-23 01:00","positions":6,"minCentralPressure":null,"maxWindSpeed":null,"source":"Bureau of Meteorology Australian Tropical Cyclone Database"}},{"type":"Feature","geometry":{"type":"LineString","coordinates":[[152.9,-15.1],[151.2,-15.3],[149.7,-15.4],[148.1,-15.8],[145.3,-16.4],[143.9,-16.9],[142.0,-18.0],[141.1,-16.8],[140.7,-16.0]]},"properties":{"stormId":"AU192627_02U","name":"unnamed","start":"1927-02-05 23:00","end":"1927-02-11 23:00","positions":9,"minCentralPressure":989.0,"maxWindSpeed":null,"source":"Bureau of Meteorology Australian Tropical Cyclone Database"}},{"type":"Feature","geometry":{"type":"LineString","coordinates":[[105.0,-25.5],[107.0,-27.0],[113.7,-32.0]]},"properties":{"stormId":"AU192627_03U","name":"unnamed","start":"1927-03-11 20:00","end":"1927-03-12 13:00","positions":3,"minCentralPressure":null,"maxWindSpeed":null,"source":"Bureau of Meteorology Australian Tropical Cyclone Database"}},{"type":"Feature","geometry":{"type":"LineString","coordinates":[[113.8,-20.2],[114.0,-21.9],[114.1,-22.7],[115.9,-25.0]]},"properties":{"stormId":"AU192627_04U","name":"unnamed","start":"1927-03-20 01:00","end":"1927-03-21 01:00","positions":4,"minCentralPressure":977.0,"maxWindSpeed":null,"source":"Bureau of Meteorology Australian Tropical Cyclone Database"}},{"type":"Feature","geometry":{"type":"LineString","coordinates":[[111.6,-18.0],[109.0,-20.0],[108.0,-25.0],[110.0,-30.5]]},"properties":{"stormId":"AU192627_05U","name":"unnamed","start":"1927-03-29 01:00","end":"1927-04-01 01:00","positions":4,"minCentralPressure":995.0,"maxWindSpeed":null,"source":"Bureau of Meteorology Australian Tropical Cyclone Database"}},{"type":"Feature","geometry":{"type":"LineString","coordinates":[[153.1,-14.6],[155.8,-18.5],[156.0,-19.8],[156.0,-23.3],[156.3,-27.3],[156.5,-28.4],[158.0,-32.0]]},"properties":{"stormId":"AU192627_06U","name":"unnamed","start":"1927-03-29 23:00","end":"1927-04-02 18:00","positions":7,"minCentralPressure":990.0,"maxWindSpeed":null,"source":"Bureau of Meteorology Australian Tropical Cyclone Database"}},{"type":"Feature","geometry":{"type":"LineString","coordinates":[[157.1,-22.5],[156.7,-24.0],[156.8,-26.0],[157.8,-28.0],[160.2,-31.1]]},"properties":{"stormId":"AU192728_01U","name":"unnamed","start":"1927-11-28 23:00","end":"1927-11-30 23:00","positions":5,"minCentralPressure":999.0,"maxWindSpeed":null,"source":"Bureau of Meteorology Australian Tropical Cyclone Database"}},{"type":"Feature","geometry":{"type":"LineString","coordinates":[[118.6,-18.4],[118.2,-20.2],[117.7,-21.3]]},"properties":{"stormId":"AU192728_02U","name":"unnamed","start":"1928-02-12 01:00","end":"1928-02-13 01:00","positions":3,"minCentralPressure":null,"maxWindSpeed":null,"source":"Bureau of Meteorology Australian Tropical Cyclone Database"}},{"type":"Feature","geometry":{"type":"LineString","coordinates":[[155.2,-24.9],[154.7,-26.5],[153.3,-27.6],[153.2,-27.7],[151.0,-28.0]]},"properties":{"stormId":"AU192728_03U","name":"unnamed","start":"1928-02-12 23:00","end":"1928-02-14 05:00","positions":5,"minCentralPressure":992.0,"maxWindSpeed":null,"source":"Bureau of Meteorology Australian Tropical Cyclone Database"}},{"type":"Feature","geometry":{"type":"LineString","coordinates":[[148.0,-16.6],[147.3,-15.0],[147.6,-14.2],[148.3,-14.1],[150.0,-14.8],[152.0,-15.1],[154.2,-15.6],[156.0,-16.2],[157.5,-17.4]]},"properties":{"stormId":"AU192728_04U","name":"unnamed","start":"1928-03-01 23:00","end":"1928-03-08 23:00","positions":9,"minCentralPressure":996.0,"maxWindSpeed":null,"source":"Bureau of Meteorology Australian Tropical Cyclone Database"}},{"type":"Feature","geometry":{"type":"LineString","coordinates":[[108.0,-18.0],[107.0,-21.0]]},"properties":{"stormId":"AU192728_05U","name":"unnamed","start":"1928-03-26 01:00","end":"1928-03-27 01:00","positions":2,"minCentralPressure":999.0,"maxWindSpeed":null,"source":"Bureau of Meteorology Australian Tropical Cyclone Database"}},{"type":"Feature","geometry":{"type":"LineString","coordinates":[[154.3,-20.8],[150.9,-21.0],[149.8,-21.5],[150.2,-22.4],[151.8,-23.0]]},"properties":{"stormId":"AU192728_06U","name":"unnamed","start":"1928-04-18 23:00","end":"1928-04-22 23:00","positions":5,"minCentralPressure":1002.0,"maxWindSpeed":null,"source":"Bureau of Meteorology Australian Tropical Cyclone Database"}},{"type":"Feature","geometry":{"type":"LineString","coordinates":[[114.7,-19.0],[115.6,-21.3],[116.9,-24.3],[118.0,-26.3]]},"properties":{"stormId":"AU192829_01U","name":"unnamed","start":"1929-01-09 01:00","end":"1929-01-11 01:00","positions":4,"minCentralPressure":null,"maxWindSpeed":null,"source":"Bureau of Meteorology Australian Tropical Cyclone Database"}},{"type":"Feature","geometry":{"type":"LineString","coordinates":[[132.0,-15.0],[132.0,-16.0]]},"properties":{"stormId":"AU192829_02U","name":"unnamed","start":"1929-01-09 01:00","end":"1929-01-10 01:00","positions":2,"minCentralPressure":995.0,"maxWindSpeed":null,"source":"Bureau of Meteorology Australian Tropical Cyclone Database"}},{"type":"Feature","geometry":{"type":"LineString","coordinates":[[153.8,-19.7],[152.8,-20.4],[152.6,-21.2],[153.0,-22.2],[153.5,-22.9],[155.6,-24.0]]},"properties":{"stormId":"AU192829_03U","name":"unnamed","start":"1929-01-10 23:00","end":"1929-01-14 23:00","positions":6,"minCentralPressure":992.0,"maxWindSpeed":null,"source":"Bureau of Meteorology Australian Tropical Cyclone Database"}},{"type":"Feature","geometry":{"type":"LineString","coordinates":[[151.4,-15.4],[147.9,-17.3],[148.1,-18.2],[151.1,-19.3],[153.3,-19.6]]},"properties":{"stormId":"AU192829_04U","name":"unnamed","start":"1929-01-20 23:00","end":"1929-01-24 23:00","positions":5,"minCentralPressure":996.0,"maxWindSpeed":null,"source":"Bureau of Meteorology Australian Tropical Cyclone Database"}},{"type":"Feature","geometry":{"type":"LineString","coordinates":[[125.0,-13.8],[122.5,-15.6],[122.0,-16.0],[120.0,-17.9],[117.2,-20.1],[115.0,-21.3],[114.2,-22.7],[114.0,-23.2],[114.3,-25.6],[117.0,-29.0]]},"properties":{"stormId":"AU192829_05U","name":"unnamed","start":"1929-02-09 01:00","end":"1929-02-15 01:00","positions":10,"minCentralPressure":null,"maxWindSpeed":null,"source":"Bureau of Meteorology Australian Tropical Cyclone Database"}},{"type":"Feature","geometry":{"type":"LineString","coordinates":[[151.1,-18.3],[150.5,-19.2],[150.7,-20.1],[152.4,-20.6],[154.0,-20.6]]},"properties":{"stormId":"AU192829_06U","name":"unnamed","start":"1929-02-19 23:00","end":"1929-02-22 23:00","positions":5,"minCentralPressure":996.0,"maxWindSpeed":null,"source":"Bureau of Meteorology Australian Tropical Cyclone Database"}},{"type":"Feature","geometry":{"type":"LineString","coordinates":[[152.9,-14.4],[150.0,-14.5],[147.9,-15.0],[145.4,-16.3],[145.0,-16.6],[145.0,-17.6],[147.1,-20.0],[148.8,-20.7],[149.4,-20.8],[151.4,-22.0],[153.7,-24.4],[154.8,-25.7],[158.8,-29.9],[160.8,-32.6]]},"properties":{"stormId":"AU192829_07U","name":"unnamed","start":"1929-02-23 23:00","end":"1929-03-02 23:00","positions":14,"minCentralPressure":985.0,"maxWindSpeed":null,"source":"Bureau of Meteorology Australian Tropical Cyclone Database"}},{"type":"Feature","geometry":{"type":"LineString","coordinates":[[144.1,-16.4],[141.4,-15.9],[139.9,-15.7],[136.6,-15.2],[136.1,-15.2],[131.5,-15.2]]},"properties":{"stormId":"AU192829_08U","name":"unnamed","start":"1929-02-25 23:00","end":"1929-02-28 23:30","positions":6,"minCentralPressure":998.0,"maxWindSpeed":null,"source":"Bureau of Meteorology Australian Tropical Cyclone Database"}},{"type":"Feature","geometry":{"type":"LineString","coordinates":[[153.8,-18.0],[153.0,-19.5],[153.1,-21.2],[153.9,-23.0],[158.0,-26.6]]},"properties":{"stormId":"AU192829_09U","name":"unnamed","start":"1929-06-13 23:00","end":"1929-06-16 23:00","positions":5,"minCentralPressure":996.0,"maxWindSpeed":null,"source":"Bureau of Meteorology Australian Tropical Cyclone Database"}},{"type":"Feature","geometry":{"type":"LineString","coordinates":[[149.1,-13.9],[146.0,-13.8],[144.6,-14.4],[143.6,-15.3],[141.6,-16.5],[141.2,-16.5],[138.0,-15.6],[136.1,-15.3],[134.6,-15.5],[132.9,-16.9]]},"properties":{"stormId":"AU192930_01U","name":"unnamed","start":"1930-01-03 23:00","end":"1930-01-08 20:30","positions":10,"minCentralPressure":992.0,"maxWindSpeed":null,"source":"Bureau of Meteorology Australian Tropical Cyclone Database"}},{"type":"Feature","geometry":{"type":"LineString","coordinates":[[152.8,-14.9],[147.8,-15.0],[146.0,-15.7],[145.4,-16.0],[142.4,-17.6],[140.2,-18.8]]},"properties":{"stormId":"AU192930_02U","name":"unnamed","start":"1930-01-18 23:00","end":"1930-01-22 23:00","positions":6,"minCentralPressure":996.0,"maxWindSpeed":null,"source":"Bureau of Meteorology Australian Tropical Cyclone Database"}},{"type":"Feature","geometry":{"type":"LineString","coordinates":[[150.2,-16.9],[148.7,-18.0],[149.1,-19.0],[151.1,-20.9],[153.3,-21.9],[156.7,-23.8]]},"properties":{"stormId":"AU192930_03U","name":"unnamed","start":"1930-01-27 23:00","end":"1930-01-31 23:00","positions":6,"minCentralPressure":992.0,"maxWindSpeed":null,"source":"Bureau of Meteorology Australian Tropical Cyclone Database"}},{"type":"Feature","geometry":{"type":"LineString","coordinates":[[122.3,-17.0],[121.2,-18.1],[120.3,-19.8],[120.9,-21.8],[123.2,-24.0]]},"properties":{"stormId":"AU192930_04U","name":"unnamed","start":"1930-02-17 01:00","end":"1930-02-19 01:00","positions":5,"minCentralPressure":null,"maxWindSpeed":null,"source":"Bureau of Meteorology Australian Tropical Cyclone Database"}},{"type":"Feature","geometry":{"type":"LineString","coordinates":[[149.8,-13.7],[149.0,-14.5],[149.4,-15.5],[152.2,-16.9],[156.8,-17.8]]},"properties":{"stormId":"AU192930_05U","name":"unnamed","start":"1930-03-01 23:00","end":"1930-03-04 23:00","positions":5,"minCentralPressure":1000.0,"maxWindSpeed":null,"source":"Bureau of Meteorology Australian Tropical Cyclone Database"}},{"type":"Feature","geometry":{"type":"LineString","coordinates":[[121.0,-15.0],[120.0,-18.2],[120.1,-19.8],[120.2,-21.1],[120.1,-21.3],[120.0,-22.5]]},"properties":{"stormId":"AU193031_01U","name":"unnamed","start":"1930-12-26 01:00","end":"1930-12-29 01:00","positions":6,"minCentralPressure":null,"maxWindSpeed":null,"source":"Bureau of Meteorology Australian Tropical Cyclone Database"}},{"type":"Feature","geometry":{"type":"LineString","coordinates":[[126.2,-15.0],[125.2,-14.8],[123.5,-14.6],[120.0,-15.8],[119.7,-16.7],[121.3,-16.6],[122.0,-16.8],[122.1,-17.0],[122.2,-17.3],[122.4,-18.0]]},"properties":{"stormId":"AU193031_02U","name":"unnamed","start":"1931-01-19 23:30","end":"1931-01-25 01:00","positions":10,"minCentralPressure":null,"maxWindSpeed":null,"source":"Bureau of Meteorology Australian Tropical Cyclone Database"}},{"type":"Feature","geometry":{"type":"LineString","coordinates":[[137.0,-14.8],[140.9,-15.0],[141.7,-15.0],[143.5,-15.1],[145.3,-15.6],[146.0,-16.0],[148.9,-17.4],[150.0,-18.6],[151.0,-20.0],[151.9,-23.1],[152.9,-25.1],[153.0,-23.5],[156.0,-23.4],[158.8,-23.1]]},"properties":{"stormId":"AU193031_03U","name":"unnamed","start":"1931-01-29 23:30","end":"1931-02-07 23:00","positions":14,"minCentralPressure":982.0,"maxWindSpeed":null,"source":"Bureau of Meteorology Australian Tropical Cyclone Database"}},{"type":"Feature","geometry":{"type":"LineString","coordinates":[[115.0,-16.0],[117.7,-19.7],[117.8,-20.6],[117.8,-20.8],[118.0,-24.2]]},"properties":{"stormId":"AU193031_04U","name":"unnamed","start":"1931-03-28 01:00","end":"1931-03-30 01:00","positions":5,"minCentralPressure":965.0,"maxWindSpeed":null,"source":"Bureau of Meteorology Australian Tropical Cyclone Database"}},{"type":"Feature","geometry":{"type":"LineString","coordinates":[[140.6,-13.9],[141.6,-14.4],[142.3,-14.8],[145.5,-16.6],[146.2,-17.1],[148.2,-18.3],[150.0,-19.0]]},"properties":{"stormId":"AU193132_01U","name":"unnamed","start":"1932-01-16 23:00","end":"1932-01-20 23:00","positions":7,"minCentralPressure":994.0,"maxWindSpeed":null,"source":"Bureau of Meteorology Australian Tropical Cyclone Database"}},{"type":"Feature","geometry":{"type":"LineString","coordinates":[[133.0,-14.0],[132.9,-13.0],[131.0,-15.0],[127.0,-15.7],[125.9,-16.2],[124.0,-20.1]]},"properties":{"stormId":"AU193132_02U","name":"unnamed","start":"1932-01-29 23:30","end":"1932-02-03 01:00","positions":6,"minCentralPressure":994.0,"maxWindSpeed":null,"source":"Bureau of Meteorology Australian Tropical Cyclone Database"}},{"type":"Feature","geometry":{"type":"LineString","coordinates":[[154.7,-22.4],[155.8,-25.0],[158.3,-26.2],[160.9,-26.3],[162.8,-26.0]]},"properties":{"stormId":"AU193233_01U","name":"unnamed","start":"1933-03-06 23:00","end":"1933-03-10 23:00","positions":5,"minCentralPressure":1002.0,"maxWindSpeed":null,"source":"Bureau of Meteorology Australian Tropical Cyclone Database"}},{"type":"Feature","geometry":{"type":"LineString","coordinates":[[152.6,-15.1],[152.3,-16.0],[152.6,-17.2],[153.6,-19.3],[155.0,-21.4],[157.0,-23.0],[159.0,-24.6],[160.7,-26.8],[162.8,-30.2],[164.9,-31.9]]},"properties":{"stormId":"AU193233_02U","name":"unnamed","start":"1933-03-09 23:00","end":"1933-03-16 23:00","positions":10,"minCentralPressure":990.0,"maxWindSpeed":null,"source":"Bureau of Meteorology Australian Tropical Cyclone Database"}},{"type":"Feature","geometry":{"type":"LineString","coordinates":[[153.8,-16.8],[152.9,-17.3],[152.3,-17.8],[151.3,-19.2],[151.3,-20.0],[153.0,-22.0],[156.0,-23.9],[160.0,-25.1]]},"properties":{"stormId":"AU193334_01U","name":"unnamed","start":"1933-12-24 23:00","end":"1933-12-29 23:00","positions":8,"minCentralPressure":990.0,"maxWindSpeed":null,"source":"Bureau of Meteorology Australian Tropical Cyclone Database"}},{"type":"Feature","geometry":{"type":"LineString","coordinates":[[156.1,-14.1],[153.4,-14.8],[150.0,-15.4],[149.2,-16.3],[148.3,-17.0],[145.9,-17.2],[144.5,-17.2]]},"properties":{"stormId":"AU193334_02U","name":"unnamed","start":"1934-01-17 23:00","end":"1934-01-22 23:00","positions":7,"minCentralPressure":984.0,"maxWindSpeed":null,"source":"Bureau of Meteorology Australian Tropical Cyclone Database"}},{"type":"Feature","geometry":{"type":"LineString","coordinates":[[139.6,-16.6],[140.7,-17.5],[148.9,-23.8],[153.2,-30.1],[153.7,-31.5]]},"properties":{"stormId":"AU193334_03U","name":"unnamed","start":"1934-01-30 23:00","end":"1934-02-01 23:00","positions":5,"minCentralPressure":985.0,"maxWindSpeed":null,"source":"Bureau of Meteorology Australian Tropical Cyclone Database"}},{"type":"Feature","geometry":{"type":"LineString","coordinates":[[146.7,-12.8],[146.2,-16.0],[146.7,-19.2],[149.4,-25.6],[151.1,-30.7]]},"properties":{"stormId":"AU193334_04U","name":"unnamed","start":"1934-02-18 23:00","end":"1934-02-21 23:00","positions":5,"minCentralPressure":1002.0,"maxWindSpeed":null,"source":"Bureau of Meteorology Australian Tropical Cyclone Database"}},{"type":"Feature","geometry":{"type":"LineString","coordinates":[[111.0,-20.0],[112.8,-24.7],[113.3,-26.3],[113.4,-26.6],[114.0,-29.3]]},"properties":{"stormId":"AU193334_05U","name":"unnamed","start":"1934-03-06 01:00","end":"1934-03-08 01:00","positions":5,"minCentralPressure":null,"maxWindSpeed":null,"source":"Bureau of Meteorology Australian Tropical Cyclone Database"}},{"type":"Feature","geometry":{"type":"LineString","coordinates":[[152.8,-12.2],[150.8,-13.2],[145.4,-16.4],[145.2,-16.5],[141.3,-15.9],[139.1,-15.2]]},"properties":{"stormId":"AU193334_06U","name":"unnamed","start":"1934-03-09 23:00","end":"1934-03-12 23:00","positions":6,"minCentralPressure":968.0,"maxWindSpeed":null,"source":"Bureau of Meteorology Australian Tropical Cyclone Database"}},{"type":"Feature","geometry":{"type":"LineString","coordinates":[[114.8,-21.2],[115.5,-21.4],[117.8,-22.6]]},"properties":{"stormId":"AU193334_07U","name":"unnamed","start":"1934-03-28 01:00","end":"1934-03-29 01:00","positions":3,"minCentralPressure":992.0,"maxWindSpeed":null,"source":"Bureau of Meteorology Australian Tropical Cyclone Database"}},{"type":"Feature","geometry":{"type":"LineString","coordinates":[[156.8,-21.0],[155.6,-25.0],[155.7,-26.5],[156.4,-28.3],[158.5,-30.5],[161.8,-31.8]]},"properties":{"stormId":"AU193435_01U","name":"unnamed","start":"1934-08-29 23:00","end":"1934-09-02 23:00","positions":6,"minCentralPressure":999.0,"maxWindSpeed":null,"source":"Bureau of Meteorology Australian Tropical Cyclone Database"}},{"type":"Feature","geometry":{"type":"LineString","coordinates":[[137.0,-13.1],[136.6,-14.0],[136.6,-14.3],[137.5,-14.8],[138.2,-15.8],[138.2,-16.6],[138.0,-17.2],[136.2,-19.2],[133.9,-20.6]]},"properties":{"stormId":"AU193435_02U","name":"unnamed","start":"1935-01-14 23:30","end":"1935-01-20 23:30","positions":9,"minCentralPressure":994.0,"maxWindSpeed":null,"source":"Bureau of Meteorology Australian Tropical Cyclone Database"}},{"type":"Feature","geometry":{"type":"LineString","coordinates":[[117.0,-16.0],[117.5,-19.7],[117.6,-20.5],[117.8,-21.3]]},"properties":{"stormId":"AU193435_03U","name":"unnamed","start":"1935-02-11 01:00","end":"1935-02-12 13:00","positions":4,"minCentralPressure":null,"maxWindSpeed":null,"source":"Bureau of Meteorology Australian Tropical Cyclone Database"}},{"type":"Feature","geometry":{"type":"LineString","coordinates":[[124.1,-13.3],[123.3,-14.5],[121.0,-15.0],[117.6,-16.0],[114.0,-17.9],[112.0,-19.0],[110.7,-19.8],[110.6,-20.2],[110.6,-21.6],[110.6,-24.0],[110.6,-25.3]]},"properties":{"stormId":"AU193435_04U","name":"unnamed","start":"1935-03-06 01:00","end":"1935-03-15 01:00","positions":11,"minCentralPressure":null,"maxWindSpeed":null,"source":"Bureau of Meteorology Australian Tropical Cyclone Database"}},{"type":"Feature","geometry":{"type":"LineString","coordinates":[[124.0,-14.0],[122.8,-15.2],[122.4,-16.0],[122.7,-17.0],[123.6,-17.7]]},"properties":{"stormId":"AU193435_05U","name":"unnamed","start":"1935-03-26 01:00","end":"1935-03-28 01:00","positions":5,"minCentralPressure":957.0,"maxWindSpeed":null,"source":"Bureau of Meteorology Australian Tropical Cyclone Database"}},{"type":"Feature","geometry":{"type":"LineString","coordinates":[[154.1,-15.1],[155.3,-23.0],[157.3,-27.0],[159.6,-29.6]]},"properties":{"stormId":"AU193435_06U","name":"unnamed","start":"1935-05-24 23:00","end":"1935-05-26 23:00","positions":4,"minCentralPressure":1002.0,"maxWindSpeed":null,"source":"Bureau of Meteorology Australian Tropical Cyclone Database"}},{"type":"Feature","geometry":{"type":"LineString","coordinates":[[151.2,-17.6],[150.3,-20.0],[150.8,-22.1],[153.6,-23.8],[162.9,-24.5]]},"properties":{"stormId":"AU193536_01U","name":"unnamed","start":"1935-07-06 23:00","end":"1935-07-09 23:00","positions":5,"minCentralPressure":1002.0,"maxWindSpeed":null,"source":"Bureau of Meteorology Australian Tropical Cyclone Database"}},{"type":"Feature","geometry":{"type":"LineString","coordinates":[[113.7,-14.0],[119.7,-18.0],[121.6,-19.2],[124.0,-21.0]]},"properties":{"stormId":"AU193536_02U","name":"unnamed","start":"1936-01-08 01:00","end":"1936-01-10 01:00","positions":4,"minCentralPressure":966.0,"maxWindSpeed":null,"source":"Bureau of Meteorology Australian Tropical Cyclone Database"}},{"type":"Feature","geometry":{"type":"LineString","coordinates":[[143.3,-16.1],[141.4,-15.7],[140.2,-15.9],[138.8,-16.2],[138.1,-16.6],[137.5,-16.9],[135.0,-19.2]]},"properties":{"stormId":"AU193536_03U","name":"unnamed","start":"1936-02-17 23:00","end":"1936-02-21 23:30","positions":7,"minCentralPressure":950.0,"maxWindSpeed":null,"source":"Bureau of Meteorology Australian Tropical Cyclone Database"}},{"type":"Feature","geometry":{"type":"LineString","coordinates":[[155.1,-13.7],[153.4,-16.0],[152.8,-18.7],[153.6,-21.5],[154.9,-23.2],[156.9,-24.4],[160.0,-25.8],[161.8,-27.0]]},"properties":{"stormId":"AU193536_04U","name":"unnamed","start":"1936-03-17 23:00","end":"1936-03-23 23:00","positions":8,"minCentralPressure":992.0,"maxWindSpeed":null,"source":"Bureau of Meteorology Australian Tropical Cyclone Database"}},{"type":"Feature","geometry":{"type":"LineString","coordinates":[[118.0,-15.0],[117.0,-17.0],[117.2,-18.0],[118.0,-19.9],[118.0,-20.0],[118.0,-20.4],[117.3,-24.5]]},"properties":{"stormId":"AU193637_01U","name":"unnamed","start":"1937-01-03 01:00","end":"1937-01-06 01:00","positions":7,"minCentralPressure":980.0,"maxWindSpeed":null,"source":"Bureau of Meteorology Australian Tropical Cyclone Database"}},{"type":"Feature","geometry":{"type":"LineString","coordinates":[[109.0,-15.0],[110.0,-18.0],[111.3,-21.3],[111.3,-21.5],[111.8,-28.6],[112.2,-32.0]]},"properties":{"stormId":"AU193637_02U","name":"unnamed","start":"1937-02-07 01:00","end":"1937-02-10 08:30","positions":6,"minCentralPressure":null,"maxWindSpeed":null,"source":"Bureau of Meteorology Australian Tropical Cyclone Database"}},{"type":"Feature","geometry":{"type":"LineString","coordinates":[[160.1,-14.9],[159.2,-17.0],[159.6,-19.8],[161.4,-23.0],[162.5,-27.1],[163.0,-29.4],[163.5,-32.0]]},"properties":{"stormId":"AU193637_04U","name":"unnamed","start":"1937-02-15 23:00","end":"1937-02-20 10:00","positions":7,"minCentralPressure":980.0,"maxWindSpeed":null,"source":"Bureau of Meteorology Australian Tropical Cyclone Database"}},{"type":"Feature","geometry":{"type":"LineString","coordinates":[[129.8,-9.3],[128.8,-11.2],[129.3,-11.7],[130.2,-11.1],[130.9,-11.2],[131.0,-11.5],[130.8,-12.1],[130.6,-12.3],[130.5,-12.4],[130.6,-12.7],[131.3,-12.9],[134.2,-14.2]]},"properties":{"stormId":"AU193637_05U","name":"unnamed","start":"1937-03-05 23:30","end":"1937-03-11 23:30","positions":12,"minCentralPressure":955.0,"maxWindSpeed":null,"source":"Bureau of Meteorology Australian Tropical Cyclone Database"}},{"type":"Feature","geometry":{"type":"LineString","coordinates":[[160.6,-19.6],[157.4,-22.1],[152.8,-24.9],[152.5,-25.1],[151.6,-25.6],[150.5,-26.5],[153.2,-29.8],[156.3,-32.0]]},"properties":{"stormId":"AU193738_01U","name":"unnamed","start":"1938-01-16 23:00","end":"1938-01-22 12:00","positions":8,"minCentralPressure":992.0,"maxWindSpeed":null,"source":"Bureau of Meteorology Australian Tropical Cyclone Database"}},{"type":"Feature","geometry":{"type":"LineString","coordinates":[[117.6,-17.2],[118.2,-18.0],[118.2,-18.7],[117.7,-19.1],[116.8,-19.2]]},"properties":{"stormId":"AU193738_02U","name":"unnamed","start":"1938-02-02 01:00","end":"1938-02-05 01:00","positions":5,"minCentralPressure":997.0,"maxWindSpeed":null,"source":"Bureau of Meteorology Australian Tropical Cyclone Database"}},{"type":"Feature","geometry":{"type":"LineString","coordinates":[[131.0,-16.0],[130.0,-18.0],[132.0,-21.0],[135.0,-27.0],[138.0,-35.0]]},"properties":{"stormId":"AU193738_03U","name":"unnamed","start":"1938-02-16 01:00","end":"1938-02-20 01:00","positions":5,"minCentralPressure":986.0,"maxWindSpeed":null,"source":"Bureau of Meteorology Australian Tropical Cyclone Database"}},{"type":"Feature","geometry":{"type":"LineString","coordinates":[[158.7,-14.9],[155.3,-16.6],[153.5,-17.6],[151.5,-18.6],[150.4,-19.5],[150.1,-20.0],[150.6,-20.6],[151.8,-21.5],[154.0,-23.1],[155.0,-24.0],[155.6,-26.1],[158.6,-27.9]]},"properties":{"stormId":"AU193738_04U","name":"unnamed","start":"1938-03-22 23:00","end":"1938-03-31 23:00","positions":12,"minCentralPressure":992.0,"maxWindSpeed":null,"source":"Bureau of Meteorology Australian Tropical Cyclone Database"}},{"type":"Feature","geometry":{"type":"LineString","coordinates":[[118.3,-14.0],[117.9,-16.9],[118.0,-20.0],[118.1,-20.3],[119.0,-22.1],[125.0,-27.5]]},"properties":{"stormId":"AU193839_01U","name":"unnamed","start":"1939-01-09 01:00","end":"1939-01-13 01:00","positions":6,"minCentralPressure":954.0,"maxWindSpeed":null,"source":"Bureau of Meteorology Australian Tropical Cyclone Database"}},{"type":"Feature","geometry":{"type":"LineString","coordinates":[[145.4,-22.5],[149.6,-22.0],[150.8,-22.0],[154.2,-22.3]]},"properties":{"stormId":"AU193839_02U","name":"unnamed","start":"1939-01-25 23:00","end":"1939-01-28 23:00","positions":4,"minCentralPressure":995.0,"maxWindSpeed":null,"source":"Bureau of Meteorology Australian Tropical Cyclone Database"}},{"type":"Feature","geometry":{"type":"LineString","coordinates":[[125.2,-15.0],[124.7,-15.3],[124.3,-15.7],[123.2,-16.3],[123.0,-16.5],[122.3,-17.0],[118.4,-18.0],[114.3,-19.7],[111.6,-21.4],[110.0,-23.8],[109.5,-25.5]]},"properties":{"stormId":"AU193839_03U","name":"unnamed","start":"1939-02-08 23:30","end":"1939-02-15 01:00","positions":11,"minCentralPressure":null,"maxWindSpeed":null,"source":"Bureau of Meteorology Australian Tropical Cyclone Database"}},{"type":"Feature","geometry":{"type":"LineString","coordinates":[[156.3,-23.3],[155.1,-24.8],[154.3,-26.4],[153.6,-28.6],[153.6,-28.7],[153.5,-29.8]]},"properties":{"stormId":"AU193839_04U","name":"unnamed","start":"1939-03-02 23:00","end":"1939-03-05 23:00","positions":6,"minCentralPressure":993.0,"maxWindSpeed":null,"source":"Bureau of Meteorology Australian Tropical Cyclone Database"}},{"type":"Feature","geometry":{"type":"LineString","coordinates":[[148.2,-13.1],[146.4,-13.9],[144.8,-14.6],[141.8,-15.2],[141.6,-15.4],[141.3,-15.6],[140.7,-15.9],[140.4,-16.8],[139.9,-17.7],[139.8,-17.9],[138.5,-18.9],[135.8,-19.5]]},"properties":{"stormId":"AU193839_05U","name":"unnamed","start":"1939-03-18 23:00","end":"1939-03-27 23:30","positions":12,"minCentralPressure":1002.0,"maxWindSpeed":null,"source":"Bureau of Meteorology Australian Tropical Cyclone Database"}},{"type":"Feature","geometry":{"type":"LineString","coordinates":[[118.5,-17.0],[117.2,-18.2],[115.2,-20.2],[113.7,-21.5],[112.3,-22.6]]},"properties":{"stormId":"AU193940_01U","name":"unnamed","start":"1940-01-06 01:00","end":"1940-01-09 01:00","positions":5,"minCentralPressure":990.0,"maxWindSpeed":null,"source":"Bureau of Meteorology Australian Tropical Cyclone Database"}},{"type":"Feature","geometry":{"type":"LineString","coordinates":[[156.0,-14.0],[154.2,-14.4],[153.0,-15.1],[152.0,-15.6],[150.7,-16.2],[149.3,-16.8],[146.0,-18.3],[144.4,-19.4],[141.4,-20.6],[139.0,-21.8]]},"properties":{"stormId":"AU193940_02U","name":"unnamed","start":"1940-02-11 23:00","end":"1940-02-20 23:00","positions":10,"minCentralPressure":965.0,"maxWindSpeed":null,"source":"Bureau of Meteorology Australian Tropical Cyclone Database"}},{"type":"Feature","geometry":{"type":"LineString","coordinates":[[162.2,-22.3],[159.0,-23.3],[157.1,-25.0],[157.5,-27.0],[159.0,-29.0]]},"properties":{"stormId":"AU193940_03U","name":"unnamed","start":"1940-02-20 23:00","end":"1940-02-22 23:00","positions":5,"minCentralPressure":990.0,"maxWindSpeed":null,"source":"Bureau of Meteorology Australian Tropical Cyclone Database"}},{"type":"Feature","geometry":{"type":"LineString","coordinates":[[151.9,-13.0],[150.0,-13.9],[149.1,-14.0],[147.0,-14.3],[145.1,-14.8],[142.9,-15.7],[141.3,-16.1],[140.0,-16.5]]},"properties":{"stormId":"AU193940_04U","name":"unnamed","start":"1940-03-02 23:00","end":"1940-03-07 23:00","positions":8,"minCentralPressure":1000.0,"maxWindSpeed":null,"source":"Bureau of Meteorology Australian Tropical Cyclone Database"}},{"type":"Feature","geometry":{"type":"LineString","coordinates":[[158.0,-17.0],[153.7,-19.1],[150.2,-19.7],[149.3,-21.3],[149.0,-22.6]]},"properties":{"stormId":"AU193940_05U","name":"unnamed","start":"1940-03-14 23:00","end":"1940-03-17 23:00","positions":5,"minCentralPressure":987.0,"maxWindSpeed":null,"source":"Bureau of Meteorology Australian Tropical Cyclone Database"}},{"type":"Feature","geometry":{"type":"LineString","coordinates":[[152.0,-14.0],[147.5,-13.6],[143.8,-14.2],[141.6,-14.4],[136.1,-14.9],[135.6,-14.8],[130.0,-15.3],[126.9,-15.2],[125.1,-15.1],[124.1,-15.2],[123.0,-16.3],[122.3,-17.4],[122.2,-17.7],[121.7,-18.7],[122.1,-20.9]]},"properties":{"stormId":"AU193940_06U","name":"unnamed","start":"1940-03-21 23:00","end":"1940-03-29 01:00","positions":15,"minCentralPressure":972.0,"maxWindSpeed":null,"source":"Bureau of Meteorology Australian Tropical Cyclone Database"}},{"type":"Feature","geometry":{"type":"LineString","coordinates":[[155.0,-13.0],[154.0,-13.9],[153.6,-14.2],[153.1,-14.8],[152.5,-15.9],[151.5,-16.3],[149.4,-16.4],[147.1,-18.7],[146.4,-19.1],[144.4,-19.9]]},"properties":{"stormId":"AU193940_07U","name":"unnamed","start":"1940-03-30 23:00","end":"1940-04-07 23:00","positions":10,"minCentralPressure":993.0,"maxWindSpeed":null,"source":"Bureau of Meteorology Australian Tropical Cyclone Database"}},{"type":"Feature","geometry":{"type":"LineString","coordinates":[[118.9,-16.0],[118.5,-18.0],[119.2,-20.0],[119.2,-20.2],[119.9,-20.9],[122.2,-22.9]]},"properties":{"stormId":"AU194041_01U","name":"unnamed","start":"1941-02-28 01:00","end":"1941-03-03 01:00","positions":6,"minCentralPressure":940.0,"maxWindSpeed":null,"source":"Bureau of Meteorology Australian Tropical Cyclone Database"}},{"type":"Feature","geometry":{"type":"LineString","coordinates":[[150.2,-12.6],[147.6,-14.3],[147.9,-17.5],[149.8,-20.0],[151.0,-20.8]]},"properties":{"stormId":"AU194041_02U","name":"unnamed","start":"1941-04-01 23:00","end":"1941-04-04 23:00","positions":5,"minCentralPressure":1002.0,"maxWindSpeed":null,"source":"Bureau of Meteorology Australian Tropical Cyclone Database"}},{"type":"Feature","geometry":{"type":"LineString","coordinates":[[148.1,-16.8],[152.0,-18.7],[154.0,-21.0],[154.3,-23.4],[151.7,-23.9],[151.2,-23.3],[151.6,-22.8],[155.2,-22.3]]},"properties":{"stormId":"AU194041_03U","name":"unnamed","start":"1941-05-28 23:00","end":"1941-05-30 23:00","positions":8,"minCentralPressure":997.0,"maxWindSpeed":null,"source":"Bureau of Meteorology Australian Tropical Cyclone Database"}},{"type":"Feature","geometry":{"type":"LineString","coordinates":[[119.7,-16.5],[120.4,-19.2],[120.4,-19.7],[121.5,-24.0]]},"properties":{"stormId":"AU194142_01U","name":"unnamed","start":"1942-01-04 01:00","end":"1942-01-06 01:00","positions":4,"minCentralPressure":990.0,"maxWindSpeed":null,"source":"Bureau of Meteorology Australian Tropical Cyclone Database"}},{"type":"Feature","geometry":{"type":"LineString","coordinates":[[116.0,-16.0],[115.2,-20.0],[115.3,-21.4],[116.0,-23.0],[117.2,-24.8]]},"properties":{"stormId":"AU194142_02U","name":"unnamed","start":"1942-01-26 01:00","end":"1942-01-29 01:00","positions":5,"minCentralPressure":985.0,"maxWindSpeed":null,"source":"Bureau of Meteorology Australian Tropical Cyclone Database"}},{"type":"Feature","geometry":{"type":"LineString","coordinates":[[157.0,-15.0],[155.0,-17.8],[149.9,-22.0],[149.1,-22.5]]},"properties":{"stormId":"AU194142_03U","name":"unnamed","start":"1942-02-06 23:00","end":"1942-02-08 23:00","positions":4,"minCentralPressure":999.0,"maxWindSpeed":null,"source":"Bureau of Meteorology Australian Tropical Cyclone Database"}},{"type":"Feature","geometry":{"type":"LineString","coordinates":[[127.2,-17.2],[122.6,-17.6],[122.1,-17.7],[120.9,-18.1],[120.7,-19.3],[120.8,-19.7],[121.3,-21.5]]},"properties":{"stormId":"AU194142_04U","name":"unnamed","start":"1942-02-10 01:00","end":"1942-02-14 01:00","positions":7,"minCentralPressure":980.0,"maxWindSpeed":null,"source":"Bureau of Meteorology Australian Tropical Cyclone Database"}},{"type":"Feature","geometry":{"type":"LineString","coordinates":[[149.4,-17.2],[146.1,-18.1],[143.9,-19.0],[148.3,-20.0],[150.0,-20.5],[153.0,-22.8],[155.0,-24.0],[156.9,-25.0],[159.9,-26.0]]},"properties":{"stormId":"AU194142_05U","name":"unnamed","start":"1942-02-15 23:00","end":"1942-02-21 23:00","positions":9,"minCentralPressure":996.0,"maxWindSpeed":null,"source":"Bureau of Meteorology Australian Tropical Cyclone Database"}},{"type":"Feature","geometry":{"type":"LineString","coordinates":[[158.2,-22.6],[156.9,-24.3],[155.0,-28.3],[158.5,-31.8]]},"properties":{"stormId":"AU194142_06U","name":"unnamed","start":"1942-03-05 23:00","end":"1942-03-08 23:00","positions":4,"minCentralPressure":996.0,"maxWindSpeed":null,"source":"Bureau of Meteorology Australian Tropical Cyclone Database"}},{"type":"Feature","geometry":{"type":"LineString","coordinates":[[118.0,-18.3],[118.6,-20.2],[119.1,-21.4],[121.2,-23.7]]},"properties":{"stormId":"AU194142_07U","name":"unnamed","start":"1942-03-24 01:00","end":"1942-03-26 01:00","positions":4,"minCentralPressure":935.0,"maxWindSpeed":null,"source":"Bureau of Meteorology Australian Tropical Cyclone Database"}},{"type":"Feature","geometry":{"type":"LineString","coordinates":[[119.0,-18.0],[121.7,-18.0],[122.2,-18.2],[123.0,-19.0]]},"properties":{"stormId":"AU194243_01U","name":"unnamed","start":"1942-12-21 01:00","end":"1942-12-22 12:00","positions":4,"minCentralPressure":990.0,"maxWindSpeed":null,"source":"Bureau of Meteorology Australian Tropical Cyclone Database"}},{"type":"Feature","geometry":{"type":"LineString","coordinates":[[148.0,-14.0],[148.0,-15.0],[149.0,-16.1],[149.4,-16.8],[152.0,-18.6],[154.0,-19.8],[156.3,-21.4]]},"properties":{"stormId":"AU194243_02U","name":"unnamed","start":"1942-12-31 23:00","end":"1943-01-06 23:00","positions":7,"minCentralPressure":970.0,"maxWindSpeed":null,"source":"Bureau of Meteorology Australian Tropical Cyclone Database"}},{"type":"Feature","geometry":{"type":"LineString","coordinates":[[154.1,-13.8],[151.9,-15.1],[150.9,-16.1],[150.7,-17.0],[152.0,-20.9],[150.9,-22.3],[150.4,-22.8]]},"properties":{"stormId":"AU194243_03U","name":"unnamed","start":"1943-01-26 23:00","end":"1943-01-30 23:00","positions":7,"minCentralPressure":990.0,"maxWindSpeed":null,"source":"Bureau of Meteorology Australian Tropical Cyclone Database"}},{"type":"Feature","geometry":{"type":"LineString","coordinates":[[150.3,-14.6],[148.2,-16.3],[148.5,-18.5],[148.8,-20.2],[148.9,-21.9],[150.8,-22.8],[152.0,-23.1]]},"properties":{"stormId":"AU194243_04U","name":"unnamed","start":"1943-02-09 23:00","end":"1943-02-13 23:00","positions":7,"minCentralPressure":996.0,"maxWindSpeed":null,"source":"Bureau of Meteorology Australian Tropical Cyclone Database"}},{"type":"Feature","geometry":{"type":"LineString","coordinates":[[117.0,-18.5],[115.7,-20.2],[114.2,-20.6],[112.2,-22.0]]},"properties":{"stormId":"AU194243_05U","name":"unnamed","start":"1943-02-11 01:00","end":"1943-02-14 01:00","positions":4,"minCentralPressure":985.0,"maxWindSpeed":null,"source":"Bureau of Meteorology Australian Tropical Cyclone Database"}},{"type":"Feature","geometry":{"type":"LineString","coordinates":[[118.0,-16.5],[116.3,-18.0],[114.6,-20.6],[113.4,-21.2],[112.3,-22.6],[113.4,-24.0],[114.0,-24.3],[114.5,-25.1],[114.7,-28.0]]},"properties":{"stormId":"AU194243_06U","name":"unnamed","start":"1943-02-23 01:00","end":"1943-03-02 01:00","positions":9,"minCentralPressure":980.0,"maxWindSpeed":null,"source":"Bureau of Meteorology Australian Tropical Cyclone Database"}},{"type":"Feature","geometry":{"type":"LineString","coordinates":[[129.5,-15.5],[126.7,-17.9],[122.5,-18.0],[122.0,-18.3],[121.5,-19.0],[119.0,-19.3],[118.5,-19.8],[118.3,-20.3],[116.9,-23.5]]},"properties":{"stormId":"AU194243_07U","name":"unnamed","start":"1943-03-01 23:30","end":"1943-03-07 01:00","positions":9,"minCentralPressure":960.0,"maxWindSpeed":null,"source":"Bureau of Meteorology Australian Tropical Cyclone Database"}},{"type":"Feature","geometry":{"type":"LineString","coordinates":[[109.5,-20.0],[109.5,-25.0],[115.3,-30.7],[116.0,-31.7]]},"properties":{"stormId":"AU194243_08U","name":"unnamed","start":"1943-03-13 01:00","end":"1943-03-14 19:30","positions":4,"minCentralPressure":985.0,"maxWindSpeed":null,"source":"Bureau of Meteorology Australian Tropical Cyclone Database"}},{"type":"Feature","geometry":{"type":"LineString","coordinates":[[118.7,-18.1],[117.9,-20.6],[117.8,-20.8]]},"properties":{"stormId":"AU194243_09U","name":"unnamed","start":"1943-04-15 01:00","end":"1943-04-16 01:00","positions":3,"minCentralPressure":990.0,"maxWindSpeed":null,"source":"Bureau of Meteorology Australian Tropical Cyclone Database"}},{"type":"Feature","geometry":{"type":"LineString","coordinates":[[146.6,-12.8],[143.7,-13.8],[143.2,-14.0],[141.6,-14.6],[138.5,-16.4]]},"properties":{"stormId":"AU194344_01U","name":"unnamed","start":"1943-12-14 23:00","end":"1943-12-16 23:00","positions":5,"minCentralPressure":999.0,"maxWindSpeed":null,"source":"Bureau of Meteorology Australian Tropical Cyclone Database"}},{"type":"Feature","geometry":{"type":"LineString","coordinates":[[124.0,-16.5],[125.0,-17.0]]},"properties":{"stormId":"AU194344_02U","name":"unnamed","start":"1944-01-29 01:00","end":"1944-01-30 01:00","positions":2,"minCentralPressure":998.0,"maxWindSpeed":null,"source":"Bureau of Meteorology Australian Tropical Cyclone Database"}},{"type":"Feature","geometry":{"type":"LineString","coordinates":[[131.3,-13.0],[130.2,-13.9],[129.5,-14.5],[128.5,-14.8],[128.2,-15.0],[125.5,-15.0],[125.0,-15.2],[123.1,-15.5],[121.1,-16.0],[117.3,-17.5],[114.2,-19.6],[113.0,-21.9],[111.3,-25.5],[112.0,-28.0],[115.0,-30.0],[115.7,-30.2],[128.0,-32.0]]},"properties":{"stormId":"AU194344_03U","name":"unnamed","start":"1944-03-03 23:30","end":"1944-03-15 01:00","positions":17,"minCentralPressure":970.0,"maxWindSpeed":null,"source":"Bureau of Meteorology Australian Tropical Cyclone Database"}},{"type":"Feature","geometry":{"type":"LineString","coordinates":[[153.0,-17.0],[151.4,-18.0],[151.2,-19.0],[151.4,-20.0],[152.9,-21.9],[159.0,-27.0]]},"properties":{"stormId":"AU194344_04U","name":"unnamed","start":"1944-03-05 23:00","end":"1944-03-09 23:00","positions":6,"minCentralPressure":996.0,"maxWindSpeed":null,"source":"Bureau of Meteorology Australian Tropical Cyclone Database"}},{"type":"Feature","geometry":{"type":"LineString","coordinates":[[153.0,-15.0],[151.6,-16.2],[150.2,-17.8],[148.3,-18.9],[147.1,-19.3],[146.1,-19.6]]},"properties":{"stormId":"AU194344_05U","name":"unnamed","start":"1944-03-24 23:00","end":"1944-03-28 08:00","positions":6,"minCentralPressure":993.0,"maxWindSpeed":null,"source":"Bureau of Meteorology Australian Tropical Cyclone Database"}},{"type":"Feature","geometry":{"type":"LineString","coordinates":[[126.8,-13.2],[124.2,-14.6],[121.7,-16.2],[118.0,-18.0],[114.7,-20.1],[114.0,-21.0],[113.7,-22.2],[114.0,-23.4],[114.5,-24.5],[115.0,-26.5],[114.2,-27.8],[113.6,-28.8],[113.5,-32.7]]},"properties":{"stormId":"AU194445_01U","name":"unnamed","start":"1945-01-28 23:30","end":"1945-02-06 01:00","positions":13,"minCentralPressure":950.0,"maxWindSpeed":null,"source":"Bureau of Meteorology Australian Tropical Cyclone Database"}},{"type":"Feature","geometry":{"type":"LineString","coordinates":[[149.1,-14.0],[146.5,-14.9],[145.4,-15.8],[144.6,-17.0],[145.0,-17.9],[146.3,-18.4],[147.8,-18.9],[157.0,-22.0]]},"properties":{"stormId":"AU194445_02U","name":"unnamed","start":"1945-01-29 23:00","end":"1945-02-02 23:00","positions":8,"minCentralPressure":996.0,"maxWindSpeed":null,"source":"Bureau of Meteorology Australian Tropical Cyclone Database"}},{"type":"Feature","geometry":{"type":"LineString","coordinates":[[120.4,-14.4],[120.0,-15.0],[119.0,-16.3],[116.0,-17.5],[114.0,-18.0],[114.0,-19.0],[114.8,-19.6],[116.6,-20.8],[117.3,-21.3],[121.0,-21.4]]},"properties":{"stormId":"AU194445_03U","name":"unnamed","start":"1945-03-01 01:00","end":"1945-03-08 01:00","positions":10,"minCentralPressure":945.0,"maxWindSpeed":null,"source":"Bureau of Meteorology Australian Tropical Cyclone Database"}},{"type":"Feature","geometry":{"type":"LineString","coordinates":[[141.9,-15.2],[142.0,-16.3],[143.8,-18.0],[148.3,-20.0],[151.0,-21.0],[155.6,-23.5],[160.0,-26.0]]},"properties":{"stormId":"AU194445_04U","name":"unnamed","start":"1945-03-03 23:00","end":"1945-03-07 23:00","positions":7,"minCentralPressure":997.0,"maxWindSpeed":null,"source":"Bureau of Meteorology Australian Tropical Cyclone Database"}},{"type":"Feature","geometry":{"type":"LineString","coordinates":[[151.2,-13.8],[149.7,-14.4],[148.8,-14.8],[148.2,-15.3],[147.0,-15.8],[145.3,-15.8],[144.9,-15.8],[141.5,-15.5]]},"properties":{"stormId":"AU194445_05U","name":"unnamed","start":"1945-03-12 23:00","end":"1945-03-18 23:00","positions":8,"minCentralPressure":994.0,"maxWindSpeed":null,"source":"Bureau of Meteorology Australian Tropical Cyclone Database"}},{"type":"Feature","geometry":{"type":"LineString","coordinates":[[114.0,-19.0],[110.9,-24.4]]},"properties":{"stormId":"AU194445_06U","name":"unnamed","start":"1945-03-24 01:00","end":"1945-03-25 01:00","positions":2,"minCentralPressure":995.0,"maxWindSpeed":null,"source":"Bureau of Meteorology Australian Tropical Cyclone Database"}},{"type":"Feature","geometry":{"type":"LineString","coordinates":[[104.0,-11.5],[103.5,-19.3],[103.9,-21.1],[109.5,-25.4],[111.3,-27.7],[112.0,-30.5],[112.7,-32.0]]},"properties":{"stormId":"AU194445_07U","name":"unnamed","start":"1945-04-04 01:00","end":"1945-04-07 07:00","positions":7,"minCentralPressure":995.0,"maxWindSpeed":null,"source":"Bureau of Meteorology Australian Tropical Cyclone Database"}},{"type":"Feature","geometry":{"type":"LineString","coordinates":[[125.0,-14.7],[121.3,-16.3],[118.3,-17.8],[117.0,-18.3],[115.1,-20.2],[113.5,-21.5],[111.4,-23.2],[109.5,-25.0]]},"properties":{"stormId":"AU194546_01U","name":"unnamed","start":"1945-12-28 01:00","end":"1946-01-02 01:00","positions":8,"minCentralPressure":980.0,"maxWindSpeed":null,"source":"Bureau of Meteorology Australian Tropical Cyclone Database"}},{"type":"Feature","geometry":{"type":"LineString","coordinates":[[148.1,-15.0],[148.5,-15.8],[149.1,-17.3],[150.3,-20.5],[150.1,-21.0],[149.6,-22.1],[149.1,-22.8]]},"properties":{"stormId":"AU194546_02U","name":"unnamed","start":"1946-01-15 23:00","end":"1946-01-19 23:00","positions":7,"minCentralPressure":999.0,"maxWindSpeed":null,"source":"Bureau of Meteorology Australian Tropical Cyclone Database"}},{"type":"Feature","geometry":{"type":"LineString","coordinates":[[123.0,-17.9],[122.3,-18.0],[121.0,-19.0],[118.5,-19.9],[118.2,-20.3],[117.0,-22.0]]},"properties":{"stormId":"AU194546_03U","name":"unnamed","start":"1946-01-29 01:00","end":"1946-01-31 01:00","positions":6,"minCentralPressure":982.0,"maxWindSpeed":null,"source":"Bureau of Meteorology Australian Tropical Cyclone Database"}},{"type":"Feature","geometry":{"type":"LineString","coordinates":[[150.4,-12.7],[148.4,-13.5],[147.7,-14.2],[146.6,-16.5],[145.9,-17.2],[145.3,-17.4],[141.2,-16.4],[140.0,-16.0],[138.0,-15.8],[136.8,-15.8],[136.3,-15.8]]},"properties":{"stormId":"AU194546_04U","name":"unnamed","start":"1946-02-06 23:00","end":"1946-02-11 23:30","positions":11,"minCentralPressure":996.0,"maxWindSpeed":null,"source":"Bureau of Meteorology Australian Tropical Cyclone Database"}},{"type":"Feature","geometry":{"type":"LineString","coordinates":[[119.5,-19.7],[117.0,-19.8],[115.6,-19.9],[114.6,-19.9],[113.3,-20.0],[112.5,-20.0]]},"properties":{"stormId":"AU194546_05U","name":"unnamed","start":"1946-02-07 01:00","end":"1946-02-12 01:00","positions":6,"minCentralPressure":995.0,"maxWindSpeed":null,"source":"Bureau of Meteorology Australian Tropical Cyclone Database"}},{"type":"Feature","geometry":{"type":"LineString","coordinates":[[152.8,-14.1],[148.3,-16.2],[146.2,-17.4],[145.9,-18.0],[146.3,-18.6],[151.4,-21.3],[152.4,-22.2],[153.0,-23.1],[156.2,-25.3],[162.0,-26.9]]},"properties":{"stormId":"AU194546_06U","name":"unnamed","start":"1946-02-27 23:00","end":"1946-03-07 23:00","positions":10,"minCentralPressure":982.0,"maxWindSpeed":null,"source":"Bureau of Meteorology Australian Tropical Cyclone Database"}},{"type":"Feature","geometry":{"type":"LineString","coordinates":[[113.5,-19.0],[115.5,-21.5],[116.3,-22.5]]},"properties":{"stormId":"AU194546_07U","name":"unnamed","start":"1946-03-11 01:00","end":"1946-03-12 01:00","positions":3,"minCentralPressure":998.0,"maxWindSpeed":null,"source":"Bureau of Meteorology Australian Tropical Cyclone Database"}},{"type":"Feature","geometry":{"type":"LineString","coordinates":[[161.2,-16.0],[159.6,-19.0],[157.7,-21.0],[155.7,-22.4],[154.0,-24.0],[153.2,-26.0],[153.1,-26.9],[156.0,-31.0]]},"properties":{"stormId":"AU194546_08U","name":"unnamed","start":"1946-03-19 23:00","end":"1946-03-25 23:00","positions":8,"minCentralPressure":988.0,"maxWindSpeed":null,"source":"Bureau of Meteorology Australian Tropical Cyclone Database"}},{"type":"Feature","geometry":{"type":"LineString","coordinates":[[155.0,-15.0],[153.6,-18.0],[153.0,-20.5],[154.3,-25.0],[158.7,-30.0]]},"properties":{"stormId":"AU194546_09U","name":"unnamed","start":"1946-03-31 23:00","end":"1946-04-04 23:00","positions":5,"minCentralPressure":998.0,"maxWindSpeed":null,"source":"Bureau of Meteorology Australian Tropical Cyclone Database"}},{"type":"Feature","geometry":{"type":"LineString","coordinates":[[120.0,-14.0],[122.0,-15.0],[123.1,-16.3],[123.2,-17.0],[123.3,-17.3],[123.9,-18.7],[125.7,-19.6]]},"properties":{"stormId":"AU194647_01U","name":"unnamed","start":"1946-12-17 01:00","end":"1946-12-19 07:00","positions":7,"minCentralPressure":985.0,"maxWindSpeed":null,"source":"Bureau of Meteorology Australian Tropical Cyclone Database"}},{"type":"Feature","geometry":{"type":"LineString","coordinates":[[147.9,-16.1],[148.1,-16.1],[150.4,-16.0],[151.8,-17.0],[152.8,-18.2],[155.0,-20.7],[158.0,-23.0],[162.0,-24.8]]},"properties":{"stormId":"AU194647_02U","name":"unnamed","start":"1946-12-29 23:00","end":"1947-01-03 23:00","positions":8,"minCentralPressure":999.0,"maxWindSpeed":null,"source":"Bureau of Meteorology Australian Tropical Cyclone Database"}},{"type":"Feature","geometry":{"type":"LineString","coordinates":[[159.9,-14.0],[158.4,-16.0],[157.8,-18.0],[157.9,-21.0],[157.4,-22.2],[154.0,-26.2],[153.1,-27.4],[150.9,-28.7]]},"properties":{"stormId":"AU194647_03U","name":"unnamed","start":"1947-01-19 23:00","end":"1947-01-23 23:00","positions":8,"minCentralPressure":990.0,"maxWindSpeed":null,"source":"Bureau of Meteorology Australian Tropical Cyclone Database"}},{"type":"Feature","geometry":{"type":"LineString","coordinates":[[146.9,-12.6],[147.6,-15.0],[146.8,-17.4],[146.1,-18.2],[145.9,-19.0],[146.2,-19.6],[147.1,-19.5],[147.8,-19.2],[148.2,-18.2],[148.3,-17.5],[148.5,-17.1],[148.8,-17.6],[149.5,-19.2],[150.5,-21.3],[150.2,-22.3],[149.6,-23.7],[150.3,-24.8],[152.1,-24.7],[152.3,-24.7],[152.6,-25.4],[152.8,-27.0],[154.5,-25.0],[153.6,-23.0]]},"properties":{"stormId":"AU194647_04U","name":"unnamed","start":"1947-02-01 23:00","end":"1947-02-14 23:00","positions":23,"minCentralPressure":996.0,"maxWindSpeed":null,"source":"Bureau of Meteorology Australian Tropical Cyclone Database"}},{"type":"Feature","geometry":{"type":"LineString","coordinates":[[121.7,-15.2],[121.0,-16.3],[118.9,-18.2],[114.2,-19.7],[110.0,-23.0]]},"properties":{"stormId":"AU194647_05U","name":"unnamed","start":"1947-02-05 01:00","end":"1947-02-08 01:00","positions":5,"minCentralPressure":970.0,"maxWindSpeed":null,"source":"Bureau of Meteorology Australian Tropical Cyclone Database"}},{"type":"Feature","geometry":{"type":"LineString","coordinates":[[118.2,-16.0],[115.0,-16.6],[112.0,-17.0],[109.0,-18.4],[106.0,-21.3]]},"properties":{"stormId":"AU194647_07U","name":"unnamed","start":"1947-03-11 01:00","end":"1947-03-15 01:00","positions":5,"minCentralPressure":970.0,"maxWindSpeed":null,"source":"Bureau of Meteorology Australian Tropical Cyclone Database"}},{"type":"Feature","geometry":{"type":"LineString","coordinates":[[122.0,-14.0],[122.6,-16.3],[122.7,-16.7],[122.9,-17.1],[123.2,-18.8]]},"properties":{"stormId":"AU194647_08U","name":"unnamed","start":"1947-03-17 01:00","end":"1947-03-19 01:00","positions":5,"minCentralPressure":992.0,"maxWindSpeed":null,"source":"Bureau of Meteorology Australian Tropical Cyclone Database"}},{"type":"Feature","geometry":{"type":"LineString","coordinates":[[105.0,-18.9],[106.0,-20.5],[107.0,-27.5],[108.0,-32.0]]},"properties":{"stormId":"AU194647_09U","name":"unnamed","start":"1947-03-25 01:00","end":"1947-03-26 12:00","positions":4,"minCentralPressure":null,"maxWindSpeed":null,"source":"Bureau of Meteorology Australian Tropical Cyclone Database"}},{"type":"Feature","geometry":{"type":"LineString","coordinates":[[119.0,-16.0],[119.0,-19.2],[119.0,-19.9],[119.3,-21.6],[119.6,-22.1],[121.6,-23.0]]},"properties":{"stormId":"AU194748_01U","name":"unnamed","start":"1947-12-28 01:00","end":"1947-12-31 01:00","positions":6,"minCentralPressure":960.0,"maxWindSpeed":null,"source":"Bureau of Meteorology Australian Tropical Cyclone Database"}},{"type":"Feature","geometry":{"type":"LineString","coordinates":[[141.5,-10.4],[142.5,-10.7],[142.7,-10.8],[143.9,-11.2],[145.6,-12.5],[147.0,-15.5]]},"properties":{"stormId":"AU194748_02U","name":"unnamed","start":"1948-01-06 05:00","end":"1948-01-07 23:00","positions":6,"minCentralPressure":989.0,"maxWindSpeed":null,"source":"Bureau of Meteorology Australian Tropical Cyclone Database"}},{"type":"Feature","geometry":{"type":"LineString","coordinates":[[140.0,-15.0],[139.5,-16.5],[140.6,-17.6],[142.0,-18.1],[146.2,-17.4],[147.4,-17.5],[148.9,-18.2],[154.0,-21.0],[161.0,-24.0]]},"properties":{"stormId":"AU194748_03U","name":"unnamed","start":"1948-01-10 23:00","end":"1948-01-15 23:00","positions":9,"minCentralPressure":995.0,"maxWindSpeed":null,"source":"Bureau of Meteorology Australian Tropical Cyclone Database"}},{"type":"Feature","geometry":{"type":"LineString","coordinates":[[118.2,-14.0],[117.9,-17.0],[116.8,-19.8],[116.3,-20.5],[116.2,-20.9],[115.3,-22.5],[116.0,-25.0],[118.0,-27.0],[123.5,-30.7]]},"properties":{"stormId":"AU194748_04U","name":"unnamed","start":"1948-02-18 01:00","end":"1948-02-23 01:00","positions":9,"minCentralPressure":950.0,"maxWindSpeed":null,"source":"Bureau of Meteorology Australian Tropical Cyclone Database"}},{"type":"Feature","geometry":{"type":"LineString","coordinates":[[134.3,-12.8],[135.9,-13.2],[136.1,-13.3],[136.5,-13.7],[137.3,-14.8],[138.6,-16.1],[138.5,-16.8],[137.3,-18.0],[134.6,-19.2],[134.0,-23.1]]},"properties":{"stormId":"AU194748_05U","name":"unnamed","start":"1948-02-19 23:30","end":"1948-02-24 23:30","positions":10,"minCentralPressure":996.0,"maxWindSpeed":null,"source":"Bureau of Meteorology Australian Tropical Cyclone Database"}},{"type":"Feature","geometry":{"type":"LineString","coordinates":[[125.2,-14.8],[123.2,-16.0],[121.5,-17.7],[120.8,-19.0],[120.3,-19.8],[119.3,-22.0]]},"properties":{"stormId":"AU194748_06U","name":"unnamed","start":"1948-03-08 23:30","end":"1948-03-11 01:00","positions":6,"minCentralPressure":985.0,"maxWindSpeed":null,"source":"Bureau of Meteorology Australian Tropical Cyclone Database"}},{"type":"Feature","geometry":{"type":"LineString","coordinates":[[156.1,-10.7],[154.6,-14.3],[154.0,-17.0],[153.1,-20.3],[152.8,-23.0],[153.0,-24.0],[155.0,-25.9],[161.0,-28.0]]},"properties":{"stormId":"AU194748_07U","name":"unnamed","start":"1948-03-19 23:00","end":"1948-03-25 23:00","positions":8,"minCentralPressure":990.0,"maxWindSpeed":null,"source":"Bureau of Meteorology Australian Tropical Cyclone Database"}},{"type":"Feature","geometry":{"type":"LineString","coordinates":[[123.5,-15.0],[122.0,-16.0],[121.7,-16.0],[121.3,-16.0],[122.3,-14.3],[122.0,-14.0],[119.0,-15.1],[115.0,-16.8]]},"properties":{"stormId":"AU194748_08U","name":"unnamed","start":"1948-04-09 01:00","end":"1948-04-14 01:00","positions":8,"minCentralPressure":1000.0,"maxWindSpeed":null,"source":"Bureau of Meteorology Australian Tropical Cyclone Database"}},{"type":"Feature","geometry":{"type":"LineString","coordinates":[[153.1,-22.8],[152.0,-24.4],[150.0,-24.9]]},"properties":{"stormId":"AU194748_09U","name":"unnamed","start":"1948-04-29 23:00","end":"1948-05-01 23:00","positions":3,"minCentralPressure":1002.0,"maxWindSpeed":null,"source":"Bureau of Meteorology Australian Tropical Cyclone Database"}},{"type":"Feature","geometry":{"type":"LineString","coordinates":[[157.4,-20.0],[157.9,-20.0],[158.2,-20.0],[158.4,-19.9],[158.7,-19.8],[158.9,-19.8],[159.2,-19.7],[159.4,-19.6],[159.5,-19.5],[159.7,-19.4],[160.0,-19.3],[160.6,-18.8],[161.5,-18.0],[162.4,-17.5],[163.4,-17.4],[164.5,-18.1],[165.6,-19.0],[166.6,-20.0],[167.3,-21.0],[167.9,-21.8],[168.4,-22.5],[169.0,-23.2],[169.6,-23.9]]},"properties":{"stormId":"AU194748_10U","name":"unnamed","start":"1948-01-10 12:00","end":"1948-01-16 00:00","positions":23,"minCentralPressure":null,"maxWindSpeed":null,"source":"Bureau of Meteorology Australian Tropical Cyclone Database"}},{"type":"Feature","geometry":{"type":"LineString","coordinates":[[164.2,-17.3],[163.0,-20.0],[161.9,-21.9],[160.1,-24.9],[158.7,-30.7]]},"properties":{"stormId":"AU194748_11U","name":"unnamed","start":"1948-01-25 23:00","end":"1948-01-29 23:00","positions":5,"minCentralPressure":null,"maxWindSpeed":null,"source":"Bureau of Meteorology Australian Tropical Cyclone Database"}},{"type":"Feature","geometry":{"type":"LineString","coordinates":[[130.8,-12.0],[130.2,-12.2],[129.5,-13.2],[129.1,-14.7],[129.0,-15.0]]},"properties":{"stormId":"AU194849_01U","name":"unnamed","start":"1948-11-30 23:30","end":"1948-12-02 23:30","positions":5,"minCentralPressure":995.0,"maxWindSpeed":null,"source":"Bureau of Meteorology Australian Tropical Cyclone Database"}},{"type":"Feature","geometry":{"type":"LineString","coordinates":[[142.0,-13.6],[145.0,-15.1],[145.3,-15.2],[149.3,-16.8],[150.1,-17.1],[155.2,-19.5],[160.0,-22.1],[162.0,-23.5]]},"properties":{"stormId":"AU194849_03U","name":"unnamed","start":"1949-01-08 23:00","end":"1949-01-12 23:00","positions":8,"minCentralPressure":992.0,"maxWindSpeed":null,"source":"Bureau of Meteorology Australian Tropical Cyclone Database"}},{"type":"Feature","geometry":{"type":"LineString","coordinates":[[114.0,-20.0],[111.6,-23.7],[111.8,-27.0],[113.6,-29.5],[115.4,-30.8],[116.5,-32.0]]},"properties":{"stormId":"AU194849_04U","name":"unnamed","start":"1949-01-24 01:00","end":"1949-01-26 07:00","positions":6,"minCentralPressure":1000.0,"maxWindSpeed":null,"source":"Bureau of Meteorology Australian Tropical Cyclone Database"}},{"type":"Feature","geometry":{"type":"LineString","coordinates":[[152.0,-14.0],[149.4,-15.3],[148.0,-15.4],[145.9,-14.9],[144.5,-14.0],[143.9,-14.3],[142.4,-16.1],[141.1,-16.7],[140.0,-16.8],[139.7,-17.4],[140.5,-18.2],[144.0,-18.0],[149.1,-21.0],[152.0,-23.0],[163.8,-30.2]]},"properties":{"stormId":"AU194849_05U","name":"unnamed","start":"1949-02-07 23:00","end":"1949-02-16 23:00","positions":15,"minCentralPressure":994.0,"maxWindSpeed":null,"source":"Bureau of Meteorology Australian Tropical Cyclone Database"}},{"type":"Feature","geometry":{"type":"LineString","coordinates":[[109.0,-19.8],[111.0,-19.8],[112.1,-20.1]]},"properties":{"stormId":"AU194849_06U","name":"unnamed","start":"1949-02-11 01:00","end":"1949-02-13 01:00","positions":3,"minCentralPressure":990.0,"maxWindSpeed":null,"source":"Bureau of Meteorology Australian Tropical Cyclone Database"}},{"type":"Feature","geometry":{"type":"LineString","coordinates":[[156.0,-14.0],[151.6,-15.0],[151.6,-15.8],[153.0,-17.5],[153.5,-21.6],[153.3,-23.2],[151.7,-24.0],[151.3,-24.0],[150.8,-23.2],[150.0,-23.0],[149.1,-23.1]]},"properties":{"stormId":"AU194849_07U","name":"unnamed","start":"1949-02-25 23:00","end":"1949-03-02 23:00","positions":11,"minCentralPressure":972.0,"maxWindSpeed":null,"source":"Bureau of Meteorology Australian Tropical Cyclone Database"}},{"type":"Feature","geometry":{"type":"LineString","coordinates":[[122.0,-14.5],[120.0,-14.6],[118.5,-15.0],[117.2,-15.8],[116.0,-16.7],[114.3,-18.0],[113.1,-20.0],[112.5,-22.3],[112.8,-25.0],[113.3,-25.7],[114.2,-26.7]]},"properties":{"stormId":"AU194849_08U","name":"unnamed","start":"1949-03-18 01:00","end":"1949-03-26 13:00","positions":11,"minCentralPressure":970.0,"maxWindSpeed":null,"source":"Bureau of Meteorology Australian Tropical Cyclone Database"}},{"type":"Feature","geometry":{"type":"LineString","coordinates":[[157.4,-14.4],[157.5,-14.7],[157.9,-15.3],[158.4,-16.2],[159.0,-17.2],[159.5,-18.1],[160.0,-19.0],[161.2,-20.4],[162.8,-22.0],[163.9,-23.1],[166.0,-24.0],[169.9,-24.8],[174.0,-25.4],[178.0,-25.9],[-178.1,-26.3]]},"properties":{"stormId":"AU194849_09U","name":"unnamed","start":"1949-03-24 12:00","end":"1949-03-28 00:00","positions":15,"minCentralPressure":null,"maxWindSpeed":null,"source":"Bureau of Meteorology Australian Tropical Cyclone Database"}},{"type":"Feature","geometry":{"type":"LineString","coordinates":[[146.9,-14.0],[145.8,-14.4],[145.4,-14.9],[145.6,-15.8],[149.1,-18.9],[152.5,-22.3]]},"properties":{"stormId":"AU194950_01U","name":"unnamed","start":"1950-01-12 23:00","end":"1950-01-16 23:00","positions":6,"minCentralPressure":994.0,"maxWindSpeed":null,"source":"Bureau of Meteorology Australian Tropical Cyclone Database"}},{"type":"Feature","geometry":{"type":"LineString","coordinates":[[139.0,-16.0],[139.0,-16.3],[139.3,-17.3],[141.0,-19.0],[144.3,-21.9],[147.0,-25.0],[150.0,-28.0]]},"properties":{"stormId":"AU194950_02U","name":"unnamed","start":"1950-01-13 23:00","end":"1950-01-18 11:00","positions":7,"minCentralPressure":988.0,"maxWindSpeed":null,"source":"Bureau of Meteorology Australian Tropical Cyclone Database"}},{"type":"Feature","geometry":{"type":"LineString","coordinates":[[129.0,-12.3],[129.0,-13.5],[128.7,-14.7],[128.0,-15.6],[124.6,-15.9],[123.8,-16.0],[122.8,-16.3],[122.8,-16.5],[122.9,-17.0],[123.8,-18.7],[127.5,-20.0]]},"properties":{"stormId":"AU194950_03U","name":"unnamed","start":"1950-01-25 23:30","end":"1950-02-01 01:00","positions":11,"minCentralPressure":990.0,"maxWindSpeed":null,"source":"Bureau of Meteorology Australian Tropical Cyclone Database"}},{"type":"Feature","geometry":{"type":"LineString","coordinates":[[153.3,-15.6],[156.7,-20.8],[156.0,-21.3],[154.0,-22.2],[151.6,-24.0],[151.5,-24.6]]},"properties":{"stormId":"AU194950_04U","name":"unnamed","start":"1950-02-22 23:00","end":"1950-02-27 11:00","positions":6,"minCentralPressure":998.0,"maxWindSpeed":null,"source":"Bureau of Meteorology Australian Tropical Cyclone Database"}},{"type":"Feature","geometry":{"type":"LineString","coordinates":[[113.5,-19.5],[108.5,-19.5],[101.5,-19.5]]},"properties":{"stormId":"AU194950_05U","name":"unnamed","start":"1950-02-27 01:00","end":"1950-03-01 01:00","positions":3,"minCentralPressure":960.0,"maxWindSpeed":null,"source":"Bureau of Meteorology Australian Tropical Cyclone Database"}},{"type":"Feature","geometry":{"type":"LineString","coordinates":[[146.4,-13.0],[146.1,-16.0],[145.4,-16.4],[142.2,-15.6],[141.9,-16.5],[143.5,-18.9],[146.4,-19.0],[148.6,-18.6],[150.0,-18.9],[151.7,-21.0],[151.8,-22.4],[150.7,-22.4],[150.6,-22.4],[149.6,-21.9],[149.2,-21.8],[144.1,-22.9]]},"properties":{"stormId":"AU194950_06U","name":"unnamed","start":"1950-03-04 23:00","end":"1950-03-11 23:00","positions":16,"minCentralPressure":992.0,"maxWindSpeed":null,"source":"Bureau of Meteorology Australian Tropical Cyclone Database"}},{"type":"Feature","geometry":{"type":"LineString","coordinates":[[156.2,-15.0],[156.9,-15.5],[157.5,-16.1],[157.8,-16.6],[158.2,-17.2],[159.5,-18.2],[161.0,-19.4],[162.5,-20.1],[164.2,-20.6],[166.5,-20.9],[169.0,-21.1],[171.0,-21.5],[173.0,-22.5],[174.9,-24.2],[176.6,-26.0],[178.0,-27.6],[179.0,-29.2]]},"properties":{"stormId":"AU194950_07U","name":"unnamed","start":"1949-12-09 00:00","end":"1949-12-13 00:00","positions":17,"minCentralPressure":null,"maxWindSpeed":null,"source":"Bureau of Meteorology Australian Tropical Cyclone Database"}},{"type":"Feature","geometry":{"type":"LineString","coordinates":[[134.5,-12.0],[135.1,-14.0],[135.1,-14.9],[134.5,-16.0],[132.0,-16.5],[129.0,-16.2],[128.0,-16.6],[127.3,-17.3],[126.5,-18.8],[126.0,-20.5]]},"properties":{"stormId":"AU195051_01U","name":"unnamed","start":"1950-12-10 02:30","end":"1950-12-16 01:00","positions":10,"minCentralPressure":992.0,"maxWindSpeed":null,"source":"Bureau of Meteorology Australian Tropical Cyclone Database"}},{"type":"Feature","geometry":{"type":"LineString","coordinates":[[140.0,-16.2],[142.0,-18.0],[144.0,-21.5],[142.0,-23.0],[140.0,-22.0],[135.7,-19.4],[133.4,-17.6],[132.5,-16.8],[133.0,-16.3],[137.0,-15.8],[139.7,-16.4],[140.6,-16.9],[140.8,-17.2],[140.8,-17.4],[140.6,-18.2],[140.3,-19.1],[143.0,-21.9]]},"properties":{"stormId":"AU195051_02U","name":"unnamed","start":"1951-01-08 23:00","end":"1951-01-23 23:00","positions":17,"minCentralPressure":994.0,"maxWindSpeed":null,"source":"Bureau of Meteorology Australian Tropical Cyclone Database"}},{"type":"Feature","geometry":{"type":"LineString","coordinates":[[151.7,-24.7],[152.9,-25.6],[154.0,-26.0],[155.0,-24.5],[155.0,-23.0],[153.2,-24.8],[152.5,-25.2],[150.9,-26.0]]},"properties":{"stormId":"AU195051_04U","name":"unnamed","start":"1951-01-24 23:00","end":"1951-01-29 23:00","positions":8,"minCentralPressure":999.0,"maxWindSpeed":null,"source":"Bureau of Meteorology Australian Tropical Cyclone Database"}},{"type":"Feature","geometry":{"type":"LineString","coordinates":[[100.0,-14.0],[97.0,-15.0],[94.0,-16.0]]},"properties":{"stormId":"AU195051_05U","name":"unnamed","start":"1951-02-02 01:00","end":"1951-02-04 01:00","positions":3,"minCentralPressure":994.0,"maxWindSpeed":null,"source":"Bureau of Meteorology Australian Tropical Cyclone Database"}},{"type":"Feature","geometry":{"type":"LineString","coordinates":[[99.0,-11.0],[99.0,-13.0],[96.5,-14.5],[100.0,-19.0],[104.0,-24.0]]},"properties":{"stormId":"AU195051_06U","name":"unnamed","start":"1951-02-07 01:00","end":"1951-02-11 01:00","positions":5,"minCentralPressure":998.0,"maxWindSpeed":null,"source":"Bureau of Meteorology Australian Tropical Cyclone Database"}},{"type":"Feature","geometry":{"type":"LineString","coordinates":[[122.5,-16.0],[120.3,-16.3],[115.3,-18.7],[111.0,-20.0],[109.0,-21.0],[106.9,-22.5],[106.0,-23.7]]},"properties":{"stormId":"AU195051_07U","name":"unnamed","start":"1951-02-14 01:00","end":"1951-02-18 07:00","positions":7,"minCentralPressure":990.0,"maxWindSpeed":null,"source":"Bureau of Meteorology Australian Tropical Cyclone Database"}},{"type":"Feature","geometry":{"type":"LineString","coordinates":[[121.0,-15.0],[119.3,-16.3],[118.0,-19.0],[117.2,-19.7],[115.3,-20.1],[113.1,-20.7],[111.7,-21.3],[109.0,-22.7],[107.0,-23.0],[106.0,-23.0]]},"properties":{"stormId":"AU195051_09U","name":"unnamed","start":"1951-02-26 01:00","end":"1951-03-05 01:00","positions":10,"minCentralPressure":980.0,"maxWindSpeed":null,"source":"Bureau of Meteorology Australian Tropical Cyclone Database"}},{"type":"Feature","geometry":{"type":"LineString","coordinates":[[145.5,-12.5],[147.0,-12.2],[149.1,-13.7],[150.4,-13.8],[154.7,-13.7],[158.0,-15.0],[160.0,-17.0],[160.6,-20.0],[160.0,-22.0],[155.3,-24.6],[153.1,-25.6],[152.9,-25.7],[151.6,-26.2]]},"properties":{"stormId":"AU195051_10U","name":"unnamed","start":"1951-03-09 23:00","end":"1951-03-18 23:00","positions":13,"minCentralPressure":996.0,"maxWindSpeed":null,"source":"Bureau of Meteorology Australian Tropical Cyclone Database"}},{"type":"Feature","geometry":{"type":"LineString","coordinates":[[158.8,-7.4],[158.2,-8.2],[156.8,-9.2],[155.5,-10.2],[154.0,-13.0],[152.5,-15.6],[152.6,-16.7],[157.5,-20.0],[160.3,-21.5],[162.7,-23.6]]},"properties":{"stormId":"AU195051_11U","name":"unnamed","start":"1951-03-23 23:00","end":"1951-03-31 23:00","positions":10,"minCentralPressure":994.0,"maxWindSpeed":null,"source":"Bureau of Meteorology Australian Tropical Cyclone Database"}},{"type":"Feature","geometry":{"type":"LineString","coordinates":[[112.0,-12.5],[112.5,-13.0],[112.9,-15.6],[115.1,-20.2],[115.5,-21.3],[117.5,-24.5],[120.2,-26.0],[126.0,-28.2],[127.5,-29.7],[127.9,-31.2]]},"properties":{"stormId":"AU195152_01U","name":"unnamed","start":"1952-01-18 01:00","end":"1952-01-23 01:00","positions":10,"minCentralPressure":975.0,"maxWindSpeed":null,"source":"Bureau of Meteorology Australian Tropical Cyclone Database"}},{"type":"Feature","geometry":{"type":"LineString","coordinates":[[139.4,-11.4],[141.6,-12.9],[142.4,-13.6],[142.2,-15.8],[140.9,-17.3],[139.9,-17.7],[139.2,-18.2]]},"properties":{"stormId":"AU195152_02U","name":"unnamed","start":"1952-01-18 23:30","end":"1952-01-21 23:00","positions":7,"minCentralPressure":994.0,"maxWindSpeed":null,"source":"Bureau of Meteorology Australian Tropical Cyclone Database"}},{"type":"Feature","geometry":{"type":"LineString","coordinates":[[159.0,-11.0],[165.0,-11.8]]},"properties":{"stormId":"AU195152_03U","name":"unnamed","start":"1952-01-23 23:00","end":"1952-01-24 17:00","positions":2,"minCentralPressure":996.0,"maxWindSpeed":null,"source":"Bureau of Meteorology Australian Tropical Cyclone Database"}},{"type":"Feature","geometry":{"type":"LineString","coordinates":[[113.7,-18.5],[114.2,-20.2],[114.0,-21.0],[113.6,-21.6],[111.1,-24.1]]},"properties":{"stormId":"AU195152_04U","name":"unnamed","start":"1952-02-25 01:00","end":"1952-02-27 01:00","positions":5,"minCentralPressure":980.0,"maxWindSpeed":null,"source":"Bureau of Meteorology Australian Tropical Cyclone Database"}},{"type":"Feature","geometry":{"type":"LineString","coordinates":[[96.0,-17.0],[96.1,-22.0]]},"properties":{"stormId":"AU195152_05U","name":"unnamed","start":"1952-04-07 01:00","end":"1952-04-08 01:00","positions":2,"minCentralPressure":1000.0,"maxWindSpeed":null,"source":"Bureau of Meteorology Australian Tropical Cyclone Database"}},{"type":"Feature","geometry":{"type":"LineString","coordinates":[[155.5,-9.1],[155.0,-9.8],[153.6,-9.4],[153.1,-10.0],[153.2,-10.5],[153.6,-11.3],[152.8,-13.5],[154.4,-15.5],[161.9,-21.1],[165.0,-25.0]]},"properties":{"stormId":"AU195152_06U","name":"unnamed","start":"1952-04-15 23:00","end":"1952-04-21 23:00","positions":10,"minCentralPressure":924.0,"maxWindSpeed":null,"source":"Bureau of Meteorology Australian Tropical Cyclone Database"}},{"type":"Feature","geometry":{"type":"LineString","coordinates":[[95.5,-11.2],[95.3,-11.6],[95.0,-12.1],[94.7,-12.5],[94.4,-13.0],[94.3,-13.4],[94.2,-13.8],[94.1,-14.3],[94.1,-15.0]]},"properties":{"stormId":"AU195152_07U","name":"unnamed","start":"1952-01-15 06:00","end":"1952-01-17 06:00","positions":9,"minCentralPressure":null,"maxWindSpeed":null,"source":"Bureau of Meteorology Australian Tropical Cyclone Database"}},{"type":"Feature","geometry":{"type":"LineString","coordinates":[[152.7,-14.9],[153.0,-15.2],[153.5,-15.6],[154.1,-16.1],[154.8,-16.7],[155.5,-17.2],[156.2,-17.7],[157.0,-18.3],[158.0,-19.0],[159.0,-19.6],[160.1,-19.8],[161.5,-19.5],[163.0,-19.2],[164.3,-19.0],[165.6,-18.9],[166.6,-19.0],[167.5,-19.4],[168.2,-20.0],[168.7,-20.6],[168.8,-21.0],[168.7,-21.4],[168.4,-21.8],[168.1,-22.0],[167.9,-21.8],[167.7,-21.6],[167.7,-21.4],[168.0,-21.2],[168.5,-21.3],[169.0,-21.6],[169.4,-21.9],[169.8,-22.3],[170.2,-22.8],[170.6,-23.3],[170.9,-23.6],[171.2,-24.0],[172.3,-25.4],[174.0,-27.0],[175.9,-28.1],[178.0,-29.0]]},"properties":{"stormId":"AU195152_08U","name":"unnamed","start":"1952-03-02 12:00","end":"1952-03-12 00:00","positions":39,"minCentralPressure":null,"maxWindSpeed":null,"source":"Bureau of Meteorology Australian Tropical Cyclone Database"}},{"type":"Feature","geometry":{"type":"LineString","coordinates":[[150.0,-15.7],[150.2,-16.8],[152.0,-18.1],[152.8,-20.0],[157.0,-20.9],[160.9,-22.9]]},"properties":{"stormId":"AU195253_01U","name":"unnamed","start":"1952-10-26 20:00","end":"1952-10-28 23:00","positions":6,"minCentralPressure":998.0,"maxWindSpeed":null,"source":"Bureau of Meteorology Australian Tropical Cyclone Database"}},{"type":"Feature","geometry":{"type":"LineString","coordinates":[[158.3,-17.4],[155.0,-20.0],[154.2,-21.9],[159.0,-23.6]]},"properties":{"stormId":"AU195253_02U","name":"unnamed","start":"1952-12-15 11:00","end":"1952-12-16 23:00","positions":4,"minCentralPressure":998.0,"maxWindSpeed":null,"source":"Bureau of Meteorology Australian Tropical Cyclone Database"}},{"type":"Feature","geometry":{"type":"LineString","coordinates":[[122.0,-17.0],[122.5,-17.0],[123.0,-21.0]]},"properties":{"stormId":"AU195253_03U","name":"unnamed","start":"1953-01-02 01:00","end":"1953-01-04 01:00","positions":3,"minCentralPressure":1000.0,"maxWindSpeed":null,"source":"Bureau of Meteorology Australian Tropical Cyclone Database"}},{"type":"Feature","geometry":{"type":"LineString","coordinates":[[139.6,-15.4],[139.3,-17.1],[138.8,-17.9],[137.6,-18.8]]},"properties":{"stormId":"AU195253_04U","name":"unnamed","start":"1953-01-12 23:00","end":"1953-01-14 23:30","positions":4,"minCentralPressure":995.0,"maxWindSpeed":null,"source":"Bureau of Meteorology Australian Tropical Cyclone Database"}},{"type":"Feature","geometry":{"type":"LineString","coordinates":[[100.0,-8.5],[99.0,-10.0],[97.5,-10.5],[94.5,-12.5]]},"properties":{"stormId":"AU195253_05U","name":"unnamed","start":"1953-01-26 01:00","end":"1953-01-29 01:00","positions":4,"minCentralPressure":999.0,"maxWindSpeed":null,"source":"Bureau of Meteorology Australian Tropical Cyclone Database"}},{"type":"Feature","geometry":{"type":"LineString","coordinates":[[158.7,-17.4],[157.0,-20.0],[155.4,-22.0],[155.0,-24.0],[157.0,-26.0]]},"properties":{"stormId":"AU195253_06U","name":"unnamed","start":"1953-02-19 05:00","end":"1953-02-22 23:00","positions":5,"minCentralPressure":1002.0,"maxWindSpeed":null,"source":"Bureau of Meteorology Australian Tropical Cyclone Database"}},{"type":"Feature","geometry":{"type":"LineString","coordinates":[[119.9,-14.9],[119.0,-15.6],[116.0,-17.0],[115.5,-17.5],[114.9,-19.3],[114.3,-21.4],[114.2,-22.5],[114.1,-24.1],[114.3,-25.1],[114.6,-28.0],[115.0,-29.0],[115.9,-31.1],[115.9,-31.7]]},"properties":{"stormId":"AU195253_07U","name":"unnamed","start":"1953-03-20 01:00","end":"1953-03-25 01:00","positions":13,"minCentralPressure":970.0,"maxWindSpeed":null,"source":"Bureau of Meteorology Australian Tropical Cyclone Database"}},{"type":"Feature","geometry":{"type":"LineString","coordinates":[[153.0,-23.2],[152.1,-23.5],[151.5,-24.0],[151.2,-25.0]]},"properties":{"stormId":"AU195253_08U","name":"unnamed","start":"1953-03-21 23:00","end":"1953-03-22 20:00","positions":4,"minCentralPressure":1009.0,"maxWindSpeed":null,"source":"Bureau of Meteorology Australian Tropical Cyclone Database"}},{"type":"Feature","geometry":{"type":"LineString","coordinates":[[142.6,-10.4],[141.5,-11.0],[138.2,-10.9],[132.3,-10.3],[127.0,-11.7],[122.2,-13.7],[120.2,-15.3],[119.3,-17.3],[120.1,-19.8],[121.0,-21.7]]},"properties":{"stormId":"AU195253_09U","name":"unnamed","start":"1953-04-14 20:00","end":"1953-04-22 01:00","positions":10,"minCentralPressure":980.0,"maxWindSpeed":null,"source":"Bureau of Meteorology Australian Tropical Cyclone Database"}},{"type":"Feature","geometry":{"type":"LineString","coordinates":[[142.0,-13.0],[143.7,-13.5],[149.5,-16.5],[156.0,-20.0],[160.6,-23.6],[162.3,-26.4],[159.4,-30.3]]},"properties":{"stormId":"AU195354_01U","name":"unnamed","start":"1954-01-02 23:00","end":"1954-01-07 23:00","positions":7,"minCentralPressure":996.0,"maxWindSpeed":null,"source":"Bureau of Meteorology Australian Tropical Cyclone Database"}},{"type":"Feature","geometry":{"type":"LineString","coordinates":[[149.0,-14.0],[149.0,-16.5],[148.1,-18.5],[147.4,-19.1],[147.5,-19.7],[147.3,-20.0],[147.9,-21.0],[148.7,-22.6]]},"properties":{"stormId":"AU195354_02U","name":"unnamed","start":"1954-02-04 23:00","end":"1954-02-08 11:00","positions":8,"minCentralPressure":990.0,"maxWindSpeed":null,"source":"Bureau of Meteorology Australian Tropical Cyclone Database"}},{"type":"Feature","geometry":{"type":"LineString","coordinates":[[165.0,-16.0],[162.2,-18.8],[160.3,-20.0],[159.1,-20.0],[157.6,-20.0],[155.0,-21.8],[155.2,-25.8],[154.5,-26.5],[153.4,-27.9],[152.4,-29.1]]},"properties":{"stormId":"AU195354_03U","name":"unnamed","start":"1954-02-16 02:00","end":"1954-02-20 23:00","positions":10,"minCentralPressure":968.0,"maxWindSpeed":null,"source":"Bureau of Meteorology Australian Tropical Cyclone Database"}},{"type":"Feature","geometry":{"type":"LineString","coordinates":[[132.9,-8.9],[131.5,-10.0],[131.3,-11.1],[131.3,-11.2],[131.5,-12.3],[132.1,-13.7]]},"properties":{"stormId":"AU195354_04U","name":"unnamed","start":"1954-04-08 23:30","end":"1954-04-10 23:30","positions":6,"minCentralPressure":976.0,"maxWindSpeed":null,"source":"Bureau of Meteorology Australian Tropical Cyclone Database"}},{"type":"Feature","geometry":{"type":"LineString","coordinates":[[163.8,-15.9],[164.4,-16.4],[164.8,-17.0],[165.1,-17.6],[165.1,-18.2],[164.7,-18.7],[164.2,-19.0],[163.6,-19.1],[163.2,-19.3],[163.1,-20.2],[163.0,-21.3],[162.9,-22.0],[162.8,-22.7],[162.2,-23.8],[161.3,-25.0],[160.4,-25.6],[159.6,-26.3],[159.1,-27.4],[159.0,-28.5],[159.0,-29.3],[159.5,-30.3],[160.3,-31.6],[161.2,-33.0],[162.0,-34.3],[162.9,-35.7]]},"properties":{"stormId":"AU195354_05U","name":"unnamed","start":"1954-01-25 00:00","end":"1954-01-31 00:00","positions":25,"minCentralPressure":null,"maxWindSpeed":null,"source":"Bureau of Meteorology Australian Tropical Cyclone Database"}},{"type":"Feature","geometry":{"type":"LineString","coordinates":[[150.9,-18.3],[151.2,-18.7],[151.8,-19.3],[152.7,-20.2],[153.6,-21.0],[154.0,-21.5],[154.6,-22.0],[155.6,-22.7],[156.7,-23.5],[157.7,-24.2],[159.0,-25.0],[160.8,-26.2],[162.7,-27.5],[164.5,-28.5],[166.3,-29.3]]},"properties":{"stormId":"AU195354_06U","name":"unnamed","start":"1954-03-01 12:00","end":"1954-03-05 00:00","positions":15,"minCentralPressure":null,"maxWindSpeed":null,"source":"Bureau of Meteorology Australian Tropical Cyclone Database"}},{"type":"Feature","geometry":{"type":"LineString","coordinates":[[155.0,-12.2],[158.0,-14.5],[160.0,-16.0],[162.0,-17.0]]},"properties":{"stormId":"AU195455_01U","name":"unnamed","start":"1954-12-19 23:00","end":"1954-12-22 11:00","positions":4,"minCentralPressure":1000.0,"maxWindSpeed":null,"source":"Bureau of Meteorology Australian Tropical Cyclone Database"}},{"type":"Feature","geometry":{"type":"LineString","coordinates":[[119.3,-14.0],[117.9,-16.0],[116.8,-18.5],[116.7,-19.3],[116.9,-20.6],[117.0,-21.1],[117.7,-22.3],[119.1,-24.0],[121.8,-25.7],[125.6,-28.3]]},"properties":{"stormId":"AU195455_02U","name":"unnamed","start":"1954-12-29 01:00","end":"1955-01-01 13:00","positions":10,"minCentralPressure":945.0,"maxWindSpeed":null,"source":"Bureau of Meteorology Australian Tropical Cyclone Database"}},{"type":"Feature","geometry":{"type":"LineString","coordinates":[[118.2,-16.2],[120.3,-17.5],[121.3,-19.3],[121.3,-21.0],[120.0,-26.3],[119.0,-31.7]]},"properties":{"stormId":"AU195455_04U","name":"unnamed","start":"1955-01-10 04:00","end":"1955-01-14 01:00","positions":6,"minCentralPressure":960.0,"maxWindSpeed":null,"source":"Bureau of Meteorology Australian Tropical Cyclone Database"}},{"type":"Feature","geometry":{"type":"LineString","coordinates":[[109.5,-15.5],[111.7,-20.2],[112.6,-24.7]]},"properties":{"stormId":"AU195455_05U","name":"unnamed","start":"1955-02-13 01:00","end":"1955-02-15 01:00","positions":3,"minCentralPressure":990.0,"maxWindSpeed":null,"source":"Bureau of Meteorology Australian Tropical Cyclone Database"}},{"type":"Feature","geometry":{"type":"LineString","coordinates":[[132.2,-14.3],[126.0,-16.6],[122.2,-17.5],[117.5,-17.9],[112.0,-17.9],[105.6,-18.7]]},"properties":{"stormId":"AU195455_06U","name":"unnamed","start":"1955-02-17 23:30","end":"1955-02-22 01:00","positions":6,"minCentralPressure":960.0,"maxWindSpeed":null,"source":"Bureau of Meteorology Australian Tropical Cyclone Database"}},{"type":"Feature","geometry":{"type":"LineString","coordinates":[[169.0,-17.9],[165.4,-19.2],[165.0,-20.4],[161.0,-22.5],[160.1,-23.0],[157.3,-22.9],[152.0,-22.0],[151.6,-22.0],[151.2,-21.9],[151.0,-21.9],[150.7,-21.8],[150.3,-21.8],[149.9,-21.7],[149.6,-21.8],[149.2,-22.0],[148.9,-22.1],[147.6,-22.7],[145.2,-23.1],[147.3,-20.7],[147.1,-20.4],[146.5,-19.5],[149.4,-16.8],[146.5,-15.5],[146.3,-16.6],[146.1,-17.5],[144.5,-20.3],[138.6,-23.5]]},"properties":{"stormId":"AU195455_07U","name":"unnamed","start":"1955-03-01 23:00","end":"1955-03-18 23:00","positions":27,"minCentralPressure":965.0,"maxWindSpeed":null,"source":"Bureau of Meteorology Australian Tropical Cyclone Database"}},{"type":"Feature","geometry":{"type":"LineString","coordinates":[[164.0,-11.0],[163.5,-11.0],[160.0,-11.0],[157.1,-14.7],[155.1,-19.9],[152.7,-23.9],[152.0,-24.5],[151.5,-25.0],[152.2,-26.1],[153.1,-27.0],[155.1,-28.0],[157.0,-28.2],[161.6,-26.3],[165.0,-23.2],[165.5,-23.0],[164.8,-23.0],[162.5,-23.0],[161.0,-23.0],[158.7,-23.8],[157.3,-24.8],[156.8,-25.1],[156.0,-27.0],[157.6,-30.0]]},"properties":{"stormId":"AU195455_09U","name":"unnamed","start":"1955-03-21 23:00","end":"1955-04-05 23:00","positions":23,"minCentralPressure":985.0,"maxWindSpeed":null,"source":"Bureau of Meteorology Australian Tropical Cyclone Database"}},{"type":"Feature","geometry":{"type":"LineString","coordinates":[[94.6,-11.7],[94.5,-12.0],[94.4,-12.3],[94.3,-12.6],[94.0,-13.0],[93.5,-13.6],[92.8,-14.3],[92.0,-14.8],[91.2,-15.3],[90.5,-15.9],[89.7,-16.4],[88.9,-16.9],[88.0,-17.4]]},"properties":{"stormId":"AU195455_10U","name":"unnamed","start":"1955-02-07 06:00","end":"1955-02-10 06:00","positions":13,"minCentralPressure":null,"maxWindSpeed":null,"source":"Bureau of Meteorology Australian Tropical Cyclone Database"}},{"type":"Feature","geometry":{"type":"LineString","coordinates":[[124.0,-11.5],[123.3,-12.7],[121.9,-13.9],[120.6,-15.2],[119.3,-17.2],[119.6,-18.6],[120.4,-19.8],[121.8,-21.5]]},"properties":{"stormId":"AU195556_01U","name":"unnamed","start":"1955-11-12 01:00","end":"1955-11-18 01:00","positions":8,"minCentralPressure":990.0,"maxWindSpeed":null,"source":"Bureau of Meteorology Australian Tropical Cyclone Database"}},{"type":"Feature","geometry":{"type":"LineString","coordinates":[[166.5,-20.4],[168.1,-21.6],[168.0,-26.0],[167.0,-27.5],[166.0,-29.0],[163.0,-29.0],[161.4,-28.8],[159.0,-28.5],[158.5,-27.5],[157.5,-27.0],[157.0,-26.5],[155.0,-27.0],[154.6,-27.3],[154.4,-26.6],[153.8,-28.3],[153.6,-28.5],[153.8,-28.8],[155.6,-30.8],[157.0,-32.0],[158.0,-33.0],[161.0,-33.8],[165.0,-36.2],[166.0,-37.0],[166.0,-37.6],[166.0,-38.0]]},"properties":{"stormId":"AU195556_02U","name":"unnamed","start":"1955-12-06 23:00","end":"1955-12-16 05:00","positions":25,"minCentralPressure":1001.0,"maxWindSpeed":null,"source":"Bureau of Meteorology Australian Tropical Cyclone Database"}},{"type":"Feature","geometry":{"type":"LineString","coordinates":[[118.2,-16.5],[117.4,-17.6],[115.0,-18.0]]},"properties":{"stormId":"AU195556_03U","name":"unnamed","start":"1955-12-09 01:00","end":"1955-12-11 01:00","positions":3,"minCentralPressure":995.0,"maxWindSpeed":null,"source":"Bureau of Meteorology Australian Tropical Cyclone Database"}},{"type":"Feature","geometry":{"type":"LineString","coordinates":[[140.0,-15.0],[139.7,-17.5],[139.8,-17.6],[140.5,-17.5],[140.8,-17.5],[141.4,-17.6],[142.1,-18.1],[143.2,-17.8],[146.5,-19.8],[147.5,-20.2],[147.3,-20.0],[148.3,-20.1],[148.4,-20.1],[149.0,-19.0],[150.0,-19.0],[150.0,-18.5],[151.0,-18.0],[151.0,-18.0],[152.0,-19.0],[151.3,-19.1],[149.5,-18.0],[149.4,-17.5],[149.5,-17.0],[150.1,-16.5],[151.5,-17.2],[154.2,-19.5],[154.7,-20.0],[157.0,-22.2],[161.0,-26.5],[160.2,-29.9]]},"properties":{"stormId":"AU195556_05U","name":"unnamed","start":"1956-01-15 23:00","end":"1956-01-27 23:00","positions":30,"minCentralPressure":968.0,"maxWindSpeed":null,"source":"Bureau of Meteorology Australian Tropical Cyclone Database"}},{"type":"Feature","geometry":{"type":"LineString","coordinates":[[122.7,-14.6],[119.0,-16.0],[115.2,-17.2],[114.0,-17.6],[110.4,-17.9],[105.3,-18.3]]},"properties":{"stormId":"AU195556_06U","name":"unnamed","start":"1956-01-16 01:00","end":"1956-01-20 01:00","positions":6,"minCentralPressure":970.0,"maxWindSpeed":null,"source":"Bureau of Meteorology Australian Tropical Cyclone Database"}},{"type":"Feature","geometry":{"type":"LineString","coordinates":[[121.6,-10.0],[120.9,-11.0],[119.7,-11.8],[117.0,-13.9],[114.0,-16.2],[109.0,-19.2],[106.2,-20.0],[104.5,-20.8]]},"properties":{"stormId":"AU195556_07U","name":"unnamed","start":"1956-01-28 01:00","end":"1956-02-04 01:00","positions":8,"minCentralPressure":980.0,"maxWindSpeed":null,"source":"Bureau of Meteorology Australian Tropical Cyclone Database"}},{"type":"Feature","geometry":{"type":"LineString","coordinates":[[132.3,-13.0],[132.2,-12.5],[133.0,-12.0],[133.0,-12.7],[133.3,-13.0]]},"properties":{"stormId":"AU195556_09U","name":"unnamed","start":"1956-01-31 23:30","end":"1956-02-03 23:30","positions":5,"minCentralPressure":994.0,"maxWindSpeed":null,"source":"Bureau of Meteorology Australian Tropical Cyclone Database"}},{"type":"Feature","geometry":{"type":"LineString","coordinates":[[123.4,-15.2],[122.6,-16.3],[122.0,-17.7],[122.3,-18.2],[125.0,-18.7],[128.0,-20.0],[129.2,-20.3],[131.2,-19.7],[133.2,-19.3],[133.9,-20.1],[133.6,-21.1],[133.4,-20.1],[131.3,-19.0],[127.1,-17.3],[122.5,-16.7],[122.2,-16.7],[118.8,-18.7],[117.0,-19.5],[116.2,-20.1],[114.6,-21.3],[114.3,-21.4],[113.7,-22.0],[112.2,-24.0],[112.1,-25.5],[114.0,-29.5],[114.7,-31.5],[120.5,-36.5]]},"properties":{"stormId":"AU195556_12U","name":"unnamed","start":"1956-02-16 01:00","end":"1956-03-05 01:00","positions":27,"minCentralPressure":960.0,"maxWindSpeed":null,"source":"Bureau of Meteorology Australian Tropical Cyclone Database"}},{"type":"Feature","geometry":{"type":"LineString","coordinates":[[175.0,-17.0],[175.0,-17.0],[175.0,-17.0],[175.2,-17.4],[175.5,-18.5],[175.3,-18.9],[174.5,-20.0],[173.0,-20.0],[169.7,-21.0],[166.5,-21.3],[166.0,-20.0],[162.5,-19.0],[158.5,-19.0],[157.5,-19.0],[156.5,-19.2],[155.5,-19.4],[154.5,-19.5],[151.5,-20.5],[150.8,-20.5],[149.5,-20.2],[148.8,-20.2],[148.6,-20.0],[148.4,-20.1],[148.1,-19.5],[146.8,-19.2],[146.7,-19.2],[145.9,-18.5],[145.1,-18.4],[143.5,-19.0],[143.0,-19.4]]},"properties":{"stormId":"AU195556_13U","name":"AGNES","start":"1956-02-23 05:00","end":"1956-03-07 05:00","positions":30,"minCentralPressure":961.0,"maxWindSpeed":null,"source":"Bureau of Meteorology Australian Tropical Cyclone Database"}},{"type":"Feature","geometry":{"type":"LineString","coordinates":[[165.3,-24.6],[161.0,-25.5],[158.5,-26.5],[157.0,-28.0],[157.2,-29.2]]},"properties":{"stormId":"AU195556_16U","name":"unnamed","start":"1956-03-14 23:00","end":"1956-03-16 23:00","positions":5,"minCentralPressure":998.0,"maxWindSpeed":null,"source":"Bureau of Meteorology Australian Tropical Cyclone Database"}},{"type":"Feature","geometry":{"type":"LineString","coordinates":[[138.0,-11.5],[136.5,-12.0],[134.8,-11.9],[134.4,-12.1],[133.3,-13.5]]},"properties":{"stormId":"AU195556_17U","name":"unnamed","start":"1956-03-24 05:00","end":"1956-03-26 23:30","positions":5,"minCentralPressure":990.0,"maxWindSpeed":null,"source":"Bureau of Meteorology Australian Tropical Cyclone Database"}},{"type":"Feature","geometry":{"type":"LineString","coordinates":[[154.0,-14.0],[154.0,-12.7],[154.5,-13.0],[154.7,-14.2],[155.0,-15.0],[160.0,-17.3],[162.0,-18.0],[166.5,-21.8],[167.6,-22.5],[168.9,-23.1],[171.8,-27.5],[174.0,-30.5],[173.5,-35.5],[173.5,-42.0]]},"properties":{"stormId":"AU195556_18U","name":"unnamed","start":"1956-04-02 11:00","end":"1956-04-08 17:00","positions":14,"minCentralPressure":995.0,"maxWindSpeed":null,"source":"Bureau of Meteorology Australian Tropical Cyclone Database"}},{"type":"Feature","geometry":{"type":"LineString","coordinates":[[105.9,-19.6],[109.0,-20.0]]},"properties":{"stormId":"AU195556_20U","name":"unnamed","start":"1956-04-30 01:00","end":"1956-05-01 01:00","positions":2,"minCentralPressure":990.0,"maxWindSpeed":null,"source":"Bureau of Meteorology Australian Tropical Cyclone Database"}},{"type":"Feature","geometry":{"type":"LineString","coordinates":[[104.0,-24.7],[110.0,-25.1],[111.5,-25.2]]},"properties":{"stormId":"AU195657_01U","name":"unnamed","start":"1956-08-29 01:00","end":"1956-08-30 07:00","positions":3,"minCentralPressure":1002.0,"maxWindSpeed":null,"source":"Bureau of Meteorology Australian Tropical Cyclone Database"}},{"type":"Feature","geometry":{"type":"LineString","coordinates":[[97.7,-9.8],[97.0,-10.3],[96.4,-10.8],[95.8,-11.3],[94.6,-12.3],[94.0,-12.8],[93.3,-13.3],[92.7,-13.8],[92.8,-14.0],[93.0,-14.2],[93.1,-14.5],[93.4,-15.1],[93.5,-15.4],[93.6,-15.7],[93.7,-16.0],[94.0,-16.1],[94.4,-16.3],[94.7,-16.4],[95.4,-16.7],[95.7,-16.8],[96.0,-16.9],[96.2,-17.0],[96.3,-17.2],[96.4,-17.5],[96.5,-17.8],[96.6,-18.3],[96.7,-18.5],[96.7,-18.7],[96.8,-19.0]]},"properties":{"stormId":"AU195657_02U","name":"unnamed","start":"1956-10-28 01:00","end":"1956-11-01 01:00","positions":29,"minCentralPressure":999.0,"maxWindSpeed":null,"source":"Bureau of Meteorology Australian Tropical Cyclone Database"}},{"type":"Feature","geometry":{"type":"LineString","coordinates":[[156.5,-12.0],[157.4,-13.3],[158.0,-13.9],[159.4,-13.9],[160.0,-13.9],[162.1,-14.7],[163.0,-15.0]]},"properties":{"stormId":"AU195657_03U","name":"unnamed","start":"1956-11-11 11:00","end":"1956-11-14 05:00","positions":7,"minCentralPressure":1002.0,"maxWindSpeed":null,"source":"Bureau of Meteorology Australian Tropical Cyclone Database"}},{"type":"Feature","geometry":{"type":"LineString","coordinates":[[134.5,-15.0],[135.5,-15.5],[136.9,-15.1],[137.0,-15.0],[137.5,-15.5],[140.0,-17.5],[140.5,-17.5],[141.0,-17.6],[140.8,-17.4],[141.2,-17.7],[141.3,-18.0],[142.5,-18.5],[146.1,-20.0]]},"properties":{"stormId":"AU195657_06U","name":"unnamed","start":"1956-12-18 05:00","end":"1956-12-21 23:00","positions":13,"minCentralPressure":982.0,"maxWindSpeed":null,"source":"Bureau of Meteorology Australian Tropical Cyclone Database"}},{"type":"Feature","geometry":{"type":"LineString","coordinates":[[153.5,-26.3],[153.5,-25.9],[153.6,-25.4],[153.3,-25.0],[153.0,-24.0],[153.5,-22.5],[155.0,-22.5],[156.0,-22.3],[163.0,-25.0]]},"properties":{"stormId":"AU195657_07U","name":"unnamed","start":"1956-12-21 20:00","end":"1956-12-23 17:00","positions":9,"minCentralPressure":998.0,"maxWindSpeed":null,"source":"Bureau of Meteorology Australian Tropical Cyclone Database"}},{"type":"Feature","geometry":{"type":"LineString","coordinates":[[155.6,-19.6],[157.5,-20.0],[161.0,-20.6],[163.5,-21.2]]},"properties":{"stormId":"AU195657_08U","name":"unnamed","start":"1957-01-04 23:00","end":"1957-01-06 05:00","positions":4,"minCentralPressure":990.0,"maxWindSpeed":null,"source":"Bureau of Meteorology Australian Tropical Cyclone Database"}},{"type":"Feature","geometry":{"type":"LineString","coordinates":[[151.0,-21.0],[154.0,-21.0],[158.0,-21.0],[163.0,-21.2],[167.0,-21.5],[167.5,-21.5]]},"properties":{"stormId":"AU195657_09U","name":"unnamed","start":"1957-01-10 17:00","end":"1957-01-12 03:00","positions":6,"minCentralPressure":994.0,"maxWindSpeed":null,"source":"Bureau of Meteorology Australian Tropical Cyclone Database"}},{"type":"Feature","geometry":{"type":"LineString","coordinates":[[161.5,-11.3],[161.5,-11.3],[162.5,-11.3],[163.0,-13.0],[162.5,-13.5],[159.3,-18.5],[158.0,-20.0],[157.5,-22.3],[157.5,-23.0],[158.0,-23.5],[160.0,-25.0],[160.6,-25.2]]},"properties":{"stormId":"AU195657_11U","name":"unnamed","start":"1957-01-15 23:00","end":"1957-01-22 23:00","positions":12,"minCentralPressure":998.0,"maxWindSpeed":null,"source":"Bureau of Meteorology Australian Tropical Cyclone Database"}},{"type":"Feature","geometry":{"type":"LineString","coordinates":[[120.7,-14.7],[118.0,-16.0],[117.0,-16.3],[114.0,-16.9],[110.0,-18.3]]},"properties":{"stormId":"AU195657_12U","name":"unnamed","start":"1957-01-19 01:00","end":"1957-01-22 01:00","positions":5,"minCentralPressure":995.0,"maxWindSpeed":null,"source":"Bureau of Meteorology Australian Tropical Cyclone Database"}},{"type":"Feature","geometry":{"type":"LineString","coordinates":[[99.0,-9.0],[98.7,-9.1],[98.4,-9.2],[98.1,-9.3],[97.5,-9.4],[97.2,-9.5],[96.9,-9.6],[96.6,-9.7],[95.9,-9.9],[95.2,-10.2],[94.8,-10.4],[94.4,-10.7],[94.0,-10.9],[93.8,-11.1],[93.6,-11.3],[93.4,-11.6],[93.2,-12.0],[93.0,-12.4],[92.8,-12.6],[92.7,-12.7],[92.6,-12.9],[92.5,-13.0],[92.3,-13.5],[92.3,-13.7],[92.2,-14.2],[92.1,-14.7],[92.0,-15.0],[92.1,-15.3],[92.3,-15.6],[92.5,-16.0],[92.6,-16.4],[93.0,-16.6],[93.2,-16.7],[93.4,-16.8],[93.6,-17.0],[93.8,-17.2],[94.0,-17.4],[94.3,-17.8],[94.5,-18.0],[95.0,-18.2],[95.5,-18.5],[96.6,-19.2],[97.0,-19.5],[97.5,-19.7],[98.0,-20.0],[99.6,-20.2],[100.8,-20.5],[101.4,-20.6],[101.7,-20.7],[102.0,-20.8],[102.5,-20.8],[103.0,-20.8],[104.5,-20.9],[106.0,-21.0],[104.5,-20.0],[103.2,-18.8],[102.0,-18.5],[101.3,-18.1],[100.7,-17.7],[100.7,-17.5],[100.7,-17.3],[100.6,-17.2],[100.6,-16.9],[100.5,-16.6],[100.5,-16.5],[100.6,-16.4],[100.7,-16.3],[100.8,-16.2],[101.0,-15.9],[101.1,-15.7],[101.2,-15.6],[101.3,-15.4],[101.5,-15.3],[101.7,-15.2],[101.9,-15.2],[102.4,-15.1],[102.6,-15.1],[102.8,-15.0],[103.0,-15.0],[103.2,-14.9],[103.6,-14.7],[103.8,-14.6],[104.4,-14.4]]},"properties":{"stormId":"AU195657_13U","name":"unnamed","start":"1957-01-26 01:00","end":"1957-02-09 01:00","positions":83,"minCentralPressure":943.0,"maxWindSpeed":null,"source":"Bureau of Meteorology Australian Tropical Cyclone Database"}},{"type":"Feature","geometry":{"type":"LineString","coordinates":[[140.2,-12.2],[140.9,-12.6],[143.8,-14.1],[144.4,-14.4],[145.3,-15.1],[146.9,-15.4],[148.6,-15.8],[149.4,-16.0],[149.7,-16.2],[149.9,-16.2],[150.3,-16.3],[151.4,-17.0],[152.0,-17.2],[151.6,-18.2],[151.0,-17.4],[150.6,-16.8],[150.3,-16.5],[150.1,-16.2],[150.1,-16.0],[150.3,-15.1],[150.4,-14.8],[150.8,-15.8],[151.5,-16.0],[152.5,-16.8],[153.2,-17.1],[153.9,-17.4],[155.2,-16.8],[157.0,-17.4],[159.2,-18.5],[160.0,-18.9],[160.6,-20.3],[160.4,-21.7],[160.0,-23.5],[159.5,-25.8],[159.3,-28.5],[157.0,-31.2],[156.0,-32.0],[155.3,-32.2],[153.0,-32.0],[152.6,-32.0],[152.0,-32.0]]},"properties":{"stormId":"AU195657_14U","name":"unnamed","start":"1957-01-31 23:00","end":"1957-02-19 05:00","positions":41,"minCentralPressure":953.0,"maxWindSpeed":null,"source":"Bureau of Meteorology Australian Tropical Cyclone Database"}},{"type":"Feature","geometry":{"type":"LineString","coordinates":[[122.3,-14.3],[123.3,-14.9],[123.0,-15.3],[122.8,-15.7],[122.5,-16.1],[122.7,-16.3],[123.0,-16.4],[123.0,-16.8],[122.4,-17.6],[122.2,-17.8],[121.1,-18.7],[120.1,-19.8],[119.5,-20.7],[116.3,-25.0],[118.8,-28.0],[120.5,-30.0],[121.3,-32.0]]},"properties":{"stormId":"AU195657_15U","name":"unnamed","start":"1957-02-11 01:00","end":"1957-02-17 22:00","positions":17,"minCentralPressure":960.0,"maxWindSpeed":null,"source":"Bureau of Meteorology Australian Tropical Cyclone Database"}},{"type":"Feature","geometry":{"type":"LineString","coordinates":[[134.0,-11.0],[133.5,-11.5],[133.2,-12.2],[129.0,-13.0],[129.5,-13.0],[128.5,-12.5],[130.0,-13.5],[129.5,-14.0],[129.0,-14.0],[129.5,-14.5],[130.8,-14.5],[131.1,-14.7],[131.5,-15.0],[132.5,-16.5],[132.5,-17.0],[132.0,-18.0],[133.5,-18.1],[134.5,-18.6],[138.0,-18.0],[140.8,-17.7]]},"properties":{"stormId":"AU195657_17U","name":"unnamed","start":"1957-03-01 23:00","end":"1957-03-10 23:00","positions":20,"minCentralPressure":993.0,"maxWindSpeed":null,"source":"Bureau of Meteorology Australian Tropical Cyclone Database"}},{"type":"Feature","geometry":{"type":"LineString","coordinates":[[110.2,-17.0],[108.8,-16.9],[108.0,-16.7],[106.0,-16.5]]},"properties":{"stormId":"AU195657_19U","name":"unnamed","start":"1957-03-25 01:00","end":"1957-03-27 01:00","positions":4,"minCentralPressure":980.0,"maxWindSpeed":null,"source":"Bureau of Meteorology Australian Tropical Cyclone Database"}},{"type":"Feature","geometry":{"type":"LineString","coordinates":[[135.0,-10.0],[135.5,-10.5],[134.5,-10.0],[136.4,-10.3],[137.0,-11.0],[138.6,-11.4],[139.5,-10.0],[140.0,-10.0],[141.0,-11.8],[140.2,-10.2],[141.0,-10.2],[141.5,-9.5]]},"properties":{"stormId":"AU195657_20U","name":"unnamed","start":"1957-04-07 05:00","end":"1957-04-11 23:00","positions":12,"minCentralPressure":994.0,"maxWindSpeed":null,"source":"Bureau of Meteorology Australian Tropical Cyclone Database"}},{"type":"Feature","geometry":{"type":"LineString","coordinates":[[119.4,-16.3],[119.2,-16.5],[119.0,-16.7],[118.8,-16.9],[118.6,-17.1],[118.4,-17.3],[118.2,-17.5],[118.0,-17.7],[118.0,-17.8],[118.0,-17.9],[118.0,-18.0],[118.0,-18.1],[118.0,-18.2],[118.0,-18.3],[118.0,-18.4],[117.9,-18.6],[117.8,-18.7],[117.8,-18.8],[117.6,-19.0],[117.5,-19.1],[117.4,-19.2],[117.3,-19.3]]},"properties":{"stormId":"AU195758_02U","name":"unnamed","start":"1957-12-16 01:00","end":"1957-12-19 01:00","positions":22,"minCentralPressure":1004.0,"maxWindSpeed":null,"source":"Bureau of Meteorology Australian Tropical Cyclone Database"}},{"type":"Feature","geometry":{"type":"LineString","coordinates":[[137.0,-11.0],[137.4,-13.0],[137.0,-15.0],[135.2,-13.6],[136.0,-13.0],[132.5,-13.0],[132.4,-14.0],[132.2,-14.0],[129.0,-14.0],[124.0,-17.0],[122.0,-15.0],[121.0,-16.0]]},"properties":{"stormId":"AU195758_04U","name":"unnamed","start":"1958-01-11 05:00","end":"1958-01-16 17:00","positions":12,"minCentralPressure":1004.0,"maxWindSpeed":null,"source":"Bureau of Meteorology Australian Tropical Cyclone Database"}},{"type":"Feature","geometry":{"type":"LineString","coordinates":[[121.5,-14.2],[120.2,-15.2],[118.6,-15.8],[117.1,-16.1],[116.3,-17.8],[116.1,-20.0],[116.3,-20.8],[116.8,-21.9],[119.5,-24.5],[121.6,-25.5]]},"properties":{"stormId":"AU195758_06U","name":"unnamed","start":"1958-01-16 01:00","end":"1958-01-22 01:00","positions":10,"minCentralPressure":990.0,"maxWindSpeed":null,"source":"Bureau of Meteorology Australian Tropical Cyclone Database"}},{"type":"Feature","geometry":{"type":"LineString","coordinates":[[101.0,-8.3],[100.9,-8.4],[100.8,-8.5],[100.7,-8.6],[100.4,-8.8],[100.3,-8.9],[100.1,-9.0],[100.0,-9.1],[99.8,-9.4],[99.7,-9.5],[99.4,-9.7],[99.1,-9.9],[99.0,-10.0],[98.5,-10.1],[97.9,-10.3],[97.3,-10.4],[96.1,-10.7],[95.0,-11.1],[94.5,-11.3],[94.3,-11.5],[94.1,-11.7],[93.9,-11.9],[93.6,-12.4],[93.5,-12.7],[93.4,-13.0],[93.2,-13.3],[93.3,-13.6],[93.4,-13.9],[93.5,-14.2],[93.8,-14.5],[94.1,-15.1],[94.3,-15.4],[93.6,-15.8],[93.2,-15.9],[92.4,-16.1],[92.0,-16.3],[91.6,-16.5],[91.2,-16.7],[90.8,-16.9],[90.4,-17.0],[90.0,-17.2],[89.2,-17.4],[88.8,-17.6],[88.0,-18.0],[87.5,-18.2]]},"properties":{"stormId":"AU195758_07U","name":"unnamed","start":"1958-02-08 01:00","end":"1958-02-15 04:00","positions":45,"minCentralPressure":997.0,"maxWindSpeed":null,"source":"Bureau of Meteorology Australian Tropical Cyclone Database"}},{"type":"Feature","geometry":{"type":"LineString","coordinates":[[139.0,-13.0],[138.6,-13.6],[139.2,-14.2],[140.5,-15.5],[140.8,-16.3],[142.0,-18.0],[142.8,-17.0],[146.2,-15.6],[147.8,-17.2],[149.0,-18.0],[150.0,-19.3],[150.0,-18.5],[153.0,-17.5],[149.6,-15.8],[149.2,-16.6],[149.5,-17.0],[148.0,-19.2],[147.5,-20.0],[147.5,-19.3],[149.5,-19.4],[150.0,-19.5],[150.0,-20.0],[151.5,-20.0],[155.0,-21.0],[157.6,-20.4],[158.6,-17.6]]},"properties":{"stormId":"AU195758_08U","name":"unnamed","start":"1958-02-12 05:00","end":"1958-02-24 23:00","positions":26,"minCentralPressure":994.0,"maxWindSpeed":null,"source":"Bureau of Meteorology Australian Tropical Cyclone Database"}},{"type":"Feature","geometry":{"type":"LineString","coordinates":[[106.5,-14.3],[105.6,-16.5],[106.1,-17.7],[107.6,-18.5]]},"properties":{"stormId":"AU195758_09U","name":"unnamed","start":"1958-02-13 07:00","end":"1958-02-16 01:00","positions":4,"minCentralPressure":993.0,"maxWindSpeed":null,"source":"Bureau of Meteorology Australian Tropical Cyclone Database"}},{"type":"Feature","geometry":{"type":"LineString","coordinates":[[117.0,-16.0],[115.0,-17.0],[114.1,-18.8],[114.0,-20.8],[115.0,-21.7],[116.5,-23.0],[119.3,-24.5],[122.0,-26.0]]},"properties":{"stormId":"AU195758_10U","name":"unnamed","start":"1958-03-01 01:00","end":"1958-03-05 07:00","positions":8,"minCentralPressure":960.0,"maxWindSpeed":null,"source":"Bureau of Meteorology Australian Tropical Cyclone Database"}},{"type":"Feature","geometry":{"type":"LineString","coordinates":[[174.5,-12.6],[175.6,-12.0],[176.0,-13.7],[177.0,-15.0],[176.0,-16.0],[176.0,-17.0],[175.0,-18.0],[173.0,-19.0],[173.4,-21.0],[174.0,-22.8],[174.3,-23.9],[172.9,-21.5],[171.0,-22.0],[171.0,-23.0],[171.5,-22.0],[155.0,-19.0],[155.5,-19.0],[155.3,-19.0],[155.0,-19.0],[155.0,-19.0],[155.4,-18.6]]},"properties":{"stormId":"AU195758_11U","name":"unnamed","start":"1958-03-11 05:00","end":"1958-03-19 23:00","positions":21,"minCentralPressure":996.0,"maxWindSpeed":null,"source":"Bureau of Meteorology Australian Tropical Cyclone Database"}},{"type":"Feature","geometry":{"type":"LineString","coordinates":[[115.0,-19.0],[114.2,-20.0],[114.1,-20.3],[114.7,-21.7],[114.9,-21.8],[117.1,-23.0],[119.6,-24.3]]},"properties":{"stormId":"AU195758_12U","name":"unnamed","start":"1958-03-14 01:00","end":"1958-03-16 13:00","positions":7,"minCentralPressure":950.0,"maxWindSpeed":null,"source":"Bureau of Meteorology Australian Tropical Cyclone Database"}},{"type":"Feature","geometry":{"type":"LineString","coordinates":[[150.8,-17.4],[150.8,-17.4],[150.0,-18.6],[148.6,-19.9],[148.2,-19.9],[148.1,-19.9],[147.9,-20.0],[146.6,-20.4],[146.0,-20.3]]},"properties":{"stormId":"AU195758_13U","name":"unnamed","start":"1958-03-31 05:00","end":"1958-04-02 05:00","positions":9,"minCentralPressure":968.0,"maxWindSpeed":null,"source":"Bureau of Meteorology Australian Tropical Cyclone Database"}},{"type":"Feature","geometry":{"type":"LineString","coordinates":[[159.0,-10.0],[156.2,-10.1],[155.5,-10.1],[156.0,-12.0],[156.9,-12.2],[160.0,-13.0],[161.0,-13.0],[162.1,-13.0],[162.5,-13.0],[165.0,-13.0]]},"properties":{"stormId":"AU195758_14U","name":"unnamed","start":"1958-04-02 05:00","end":"1958-04-07 13:00","positions":10,"minCentralPressure":998.0,"maxWindSpeed":null,"source":"Bureau of Meteorology Australian Tropical Cyclone Database"}},{"type":"Feature","geometry":{"type":"LineString","coordinates":[[153.0,-12.5],[153.0,-13.0],[152.4,-13.5],[152.0,-14.0]]},"properties":{"stormId":"AU195758_15U","name":"unnamed","start":"1958-04-09 05:00","end":"1958-04-09 23:00","positions":4,"minCentralPressure":1000.0,"maxWindSpeed":null,"source":"Bureau of Meteorology Australian Tropical Cyclone Database"}},{"type":"Feature","geometry":{"type":"LineString","coordinates":[[139.0,-10.3],[139.0,-10.3],[137.2,-13.0],[136.8,-13.9],[135.9,-14.8],[135.7,-15.0],[135.5,-15.0],[135.4,-14.6]]},"properties":{"stormId":"AU195758_16U","name":"unnamed","start":"1958-04-11 23:30","end":"1958-04-15 23:30","positions":8,"minCentralPressure":990.0,"maxWindSpeed":null,"source":"Bureau of Meteorology Australian Tropical Cyclone Database"}},{"type":"Feature","geometry":{"type":"LineString","coordinates":[[161.0,-12.0],[159.2,-13.7],[157.5,-15.4],[154.6,-16.8],[154.0,-17.0],[154.7,-19.1],[155.5,-20.0],[158.0,-21.1],[159.3,-21.7]]},"properties":{"stormId":"AU195758_17U","name":"unnamed","start":"1958-04-17 23:00","end":"1958-04-23 23:00","positions":9,"minCentralPressure":998.0,"maxWindSpeed":null,"source":"Bureau of Meteorology Australian Tropical Cyclone Database"}},{"type":"Feature","geometry":{"type":"LineString","coordinates":[[161.5,-11.0],[160.0,-10.5],[160.1,-10.4],[160.2,-9.0],[159.6,-9.6],[159.8,-9.6],[159.9,-10.0],[159.5,-10.5],[157.0,-13.2],[157.0,-14.1],[157.1,-15.0],[158.3,-19.2],[159.0,-20.5],[159.5,-21.6],[160.5,-22.5],[160.6,-23.3],[160.8,-25.1],[160.4,-26.3],[159.9,-27.9],[161.0,-28.2],[162.0,-28.3],[162.9,-28.8],[163.6,-29.4]]},"properties":{"stormId":"AU195758_18U","name":"unnamed","start":"1958-06-04 05:00","end":"1958-06-12 17:00","positions":23,"minCentralPressure":986.0,"maxWindSpeed":null,"source":"Bureau of Meteorology Australian Tropical Cyclone Database"}},{"type":"Feature","geometry":{"type":"LineString","coordinates":[[155.0,-28.2],[155.0,-28.2],[155.0,-27.0],[155.0,-29.0],[155.2,-29.2],[156.2,-29.8],[156.2,-30.2],[156.2,-31.0],[161.0,-30.0],[162.0,-30.5],[164.0,-33.0],[167.0,-32.5]]},"properties":{"stormId":"AU195758_19U","name":"unnamed","start":"1958-06-18 23:00","end":"1958-06-22 11:00","positions":12,"minCentralPressure":1006.0,"maxWindSpeed":null,"source":"Bureau of Meteorology Australian Tropical Cyclone Database"}},{"type":"Feature","geometry":{"type":"LineString","coordinates":[[93.4,-8.0],[93.2,-8.0],[92.8,-8.0],[92.3,-8.0],[91.8,-8.1],[91.4,-8.2],[91.0,-8.4],[90.6,-8.8],[90.1,-9.2],[89.7,-9.6],[89.2,-10.2],[88.7,-11.2],[88.2,-12.5],[87.9,-14.0],[88.0,-15.3],[88.3,-15.9],[88.7,-16.2],[89.0,-16.4],[89.5,-16.6],[90.3,-16.9],[91.2,-17.2],[92.0,-17.4],[92.9,-17.4]]},"properties":{"stormId":"AU195758_20U","name":"unnamed","start":"1958-02-07 18:00","end":"1958-02-13 06:00","positions":23,"minCentralPressure":null,"maxWindSpeed":null,"source":"Bureau of Meteorology Australian Tropical Cyclone Database"}},{"type":"Feature","geometry":{"type":"LineString","coordinates":[[94.9,-8.2],[94.6,-9.0],[94.5,-9.8],[94.6,-10.5],[94.9,-11.3],[95.3,-12.0],[95.7,-12.8],[96.2,-13.5],[96.7,-14.2]]},"properties":{"stormId":"AU195758_21U","name":"unnamed","start":"1958-03-29 06:00","end":"1958-03-31 06:00","positions":9,"minCentralPressure":null,"maxWindSpeed":null,"source":"Bureau of Meteorology Australian Tropical Cyclone Database"}},{"type":"Feature","geometry":{"type":"LineString","coordinates":[[99.0,-9.0],[98.8,-9.1],[98.6,-9.3],[98.4,-9.4],[97.7,-10.2],[97.5,-10.5],[97.3,-10.7],[97.1,-10.8],[96.9,-10.9],[96.6,-11.2],[96.4,-11.5],[96.2,-11.8],[96.0,-12.0],[95.4,-12.5],[94.8,-13.0],[94.2,-13.5],[93.0,-14.5],[92.4,-15.0],[91.7,-15.5],[91.0,-16.0],[90.9,-16.2],[90.7,-16.5],[90.6,-16.7],[90.4,-17.2],[90.1,-18.2],[90.5,-18.7],[90.9,-19.0],[91.6,-20.2],[92.0,-20.7],[92.8,-21.7]]},"properties":{"stormId":"AU195859_01U","name":"unnamed","start":"1958-11-17 01:00","end":"1958-11-22 22:00","positions":30,"minCentralPressure":992.0,"maxWindSpeed":null,"source":"Bureau of Meteorology Australian Tropical Cyclone Database"}},{"type":"Feature","geometry":{"type":"LineString","coordinates":[[107.5,-12.9],[106.6,-14.0],[105.3,-13.0]]},"properties":{"stormId":"AU195859_03U","name":"unnamed","start":"1958-12-30 01:00","end":"1958-12-31 01:00","positions":3,"minCentralPressure":1000.0,"maxWindSpeed":null,"source":"Bureau of Meteorology Australian Tropical Cyclone Database"}},{"type":"Feature","geometry":{"type":"LineString","coordinates":[[123.8,-13.9],[125.0,-15.0],[125.3,-15.0],[125.5,-15.0],[127.5,-16.1],[128.0,-17.1],[128.1,-17.5],[126.0,-16.0],[126.1,-15.9],[126.6,-15.8],[128.0,-15.5],[129.0,-14.8],[129.5,-14.8],[135.5,-17.1],[139.8,-18.0],[141.6,-18.7],[142.0,-19.5],[139.9,-18.8],[139.3,-18.1],[140.0,-17.9],[139.9,-16.5],[137.3,-15.5],[137.1,-14.3],[138.1,-15.0],[140.9,-16.5],[141.2,-16.3],[142.0,-16.1],[142.6,-16.5],[144.9,-16.0],[145.3,-16.3],[146.0,-16.9],[149.2,-16.9],[150.3,-17.0],[152.5,-17.5],[154.5,-17.9],[159.3,-17.1],[161.7,-19.0],[161.0,-21.0],[159.5,-22.2],[159.0,-21.4]]},"properties":{"stormId":"AU195859_04U","name":"BERTHA","start":"1959-01-04 01:00","end":"1959-01-22 23:00","positions":40,"minCentralPressure":980.0,"maxWindSpeed":null,"source":"Bureau of Meteorology Australian Tropical Cyclone Database"}},{"type":"Feature","geometry":{"type":"LineString","coordinates":[[165.0,-14.0],[164.5,-17.8],[165.4,-19.7],[164.7,-20.2],[164.6,-20.3],[165.0,-20.6],[165.9,-21.6],[166.4,-22.3],[166.0,-23.0],[165.0,-23.3],[163.2,-23.9],[161.3,-25.2],[157.5,-26.5],[153.6,-28.6],[149.6,-28.5]]},"properties":{"stormId":"AU195859_05U","name":"BEATRICE","start":"1959-01-16 05:00","end":"1959-01-21 23:00","positions":15,"minCentralPressure":976.0,"maxWindSpeed":null,"source":"Bureau of Meteorology Australian Tropical Cyclone Database"}},{"type":"Feature","geometry":{"type":"LineString","coordinates":[[96.0,-10.0],[96.0,-10.3],[96.1,-10.6],[96.2,-10.9],[96.3,-11.6],[96.3,-11.8],[96.4,-12.0],[96.4,-12.2],[96.3,-12.6],[96.1,-13.0],[96.0,-13.3],[95.8,-13.7],[95.4,-14.5],[95.3,-14.9],[97.0,-14.0],[98.6,-13.0],[99.7,-12.1],[99.7,-12.3],[99.2,-12.4],[98.8,-12.5],[98.3,-12.7],[97.9,-12.9],[96.5,-13.2],[95.6,-13.6],[95.2,-13.8]]},"properties":{"stormId":"AU195859_07U","name":"unnamed","start":"1959-02-08 01:00","end":"1959-02-12 01:00","positions":25,"minCentralPressure":1001.0,"maxWindSpeed":null,"source":"Bureau of Meteorology Australian Tropical Cyclone Database"}},{"type":"Feature","geometry":{"type":"LineString","coordinates":[[157.2,-17.2],[155.4,-16.2],[154.3,-16.3],[152.3,-15.3],[151.2,-15.5],[152.2,-15.9],[151.7,-16.3],[152.0,-17.0],[150.6,-17.2],[149.7,-17.5],[148.9,-17.8],[147.4,-19.1],[147.5,-19.5],[148.0,-19.8],[147.8,-20.3],[148.4,-21.3],[149.0,-22.8],[148.9,-24.4]]},"properties":{"stormId":"AU195859_08U","name":"CONNIE","start":"1959-02-11 11:00","end":"1959-02-17 05:00","positions":18,"minCentralPressure":948.0,"maxWindSpeed":null,"source":"Bureau of Meteorology Australian Tropical Cyclone Database"}},{"type":"Feature","geometry":{"type":"LineString","coordinates":[[108.0,-13.0],[107.1,-14.3],[106.7,-15.3],[106.0,-17.0],[105.3,-17.8],[104.3,-18.2],[102.8,-19.0],[102.0,-19.2],[101.2,-19.1],[101.0,-20.7],[101.0,-22.0],[108.8,-31.0]]},"properties":{"stormId":"AU195859_09U","name":"unnamed","start":"1959-03-05 01:00","end":"1959-03-11 01:00","positions":12,"minCentralPressure":990.0,"maxWindSpeed":null,"source":"Bureau of Meteorology Australian Tropical Cyclone Database"}},{"type":"Feature","geometry":{"type":"LineString","coordinates":[[164.5,-11.5],[163.9,-12.1],[163.0,-12.5],[161.2,-11.2],[160.0,-11.0],[159.4,-11.9],[158.1,-14.0],[156.8,-14.8],[155.3,-15.9],[157.0,-17.0],[159.0,-18.0],[159.6,-18.4],[159.9,-18.5],[163.7,-19.2],[164.5,-19.5]]},"properties":{"stormId":"AU195859_10U","name":"unnamed","start":"1959-03-06 17:00","end":"1959-03-12 23:00","positions":15,"minCentralPressure":988.0,"maxWindSpeed":null,"source":"Bureau of Meteorology Australian Tropical Cyclone Database"}},{"type":"Feature","geometry":{"type":"LineString","coordinates":[[107.0,-14.0],[105.0,-14.0],[109.0,-17.5],[112.0,-18.0],[115.0,-15.5],[113.2,-12.3],[110.8,-13.0],[110.0,-18.0],[109.5,-19.8],[109.5,-20.5],[106.7,-22.0],[104.2,-23.0]]},"properties":{"stormId":"AU195859_11U","name":"unnamed","start":"1959-03-16 01:00","end":"1959-03-22 01:00","positions":12,"minCentralPressure":980.0,"maxWindSpeed":null,"source":"Bureau of Meteorology Australian Tropical Cyclone Database"}},{"type":"Feature","geometry":{"type":"LineString","coordinates":[[135.0,-10.0],[132.0,-10.0],[130.0,-11.0],[129.8,-13.7],[129.7,-14.3],[129.5,-14.7],[128.3,-14.5],[128.2,-14.9],[126.5,-16.1],[124.5,-15.4],[122.6,-15.0],[119.5,-15.5],[117.0,-18.0],[116.0,-20.0]]},"properties":{"stormId":"AU195859_12U","name":"unnamed","start":"1959-04-01 23:30","end":"1959-04-11 01:00","positions":14,"minCentralPressure":990.0,"maxWindSpeed":null,"source":"Bureau of Meteorology Australian Tropical Cyclone Database"}},{"type":"Feature","geometry":{"type":"LineString","coordinates":[[99.0,-8.3],[96.7,-8.5],[94.9,-8.6],[93.6,-8.7],[92.4,-8.8],[91.1,-9.0],[90.0,-9.4],[90.2,-10.6],[91.4,-12.0],[92.5,-12.8],[93.5,-13.6],[94.4,-14.7],[95.1,-16.0],[95.6,-17.4],[95.9,-19.0]]},"properties":{"stormId":"AU195859_13U","name":"unnamed","start":"1959-02-06 18:00","end":"1959-02-10 06:00","positions":15,"minCentralPressure":null,"maxWindSpeed":null,"source":"Bureau of Meteorology Australian Tropical Cyclone Database"}},{"type":"Feature","geometry":{"type":"LineString","coordinates":[[156.5,-6.0],[156.3,-7.0],[156.0,-7.3],[155.7,-7.7],[155.5,-8.3],[155.4,-8.6],[155.7,-9.2],[156.3,-10.0],[157.0,-11.0],[157.5,-11.5],[158.1,-11.9],[159.3,-12.7],[160.3,-13.2],[161.2,-13.8],[161.9,-14.0],[162.6,-14.7],[163.2,-15.3],[163.9,-16.3],[164.3,-17.3],[165.3,-18.2]]},"properties":{"stormId":"AU195960_01U","name":"unnamed","start":"1959-12-19 23:00","end":"1959-12-27 23:00","positions":20,"minCentralPressure":988.0,"maxWindSpeed":null,"source":"Bureau of Meteorology Australian Tropical Cyclone Database"}},{"type":"Feature","geometry":{"type":"LineString","coordinates":[[132.5,-12.2],[133.2,-12.5],[134.5,-12.5],[135.7,-12.3],[136.8,-12.8],[137.6,-12.5],[138.8,-13.2],[140.1,-13.9],[141.2,-15.0],[141.5,-15.3],[141.8,-15.6],[142.7,-15.8],[143.2,-15.6],[143.9,-15.5],[144.0,-15.8],[145.0,-16.1],[145.3,-16.1],[145.7,-16.3],[146.0,-16.6],[146.6,-16.8],[147.0,-17.8],[147.5,-18.9],[148.6,-18.7],[149.5,-18.5],[150.0,-18.5],[151.2,-18.7],[152.6,-18.7],[153.9,-18.7],[154.9,-18.6],[156.5,-18.2],[158.0,-18.0],[159.5,-17.9],[161.0,-17.8],[162.6,-17.7],[164.0,-17.5]]},"properties":{"stormId":"AU195960_02U","name":"unnamed","start":"1959-12-24 21:00","end":"1959-12-31 23:00","positions":35,"minCentralPressure":985.0,"maxWindSpeed":null,"source":"Bureau of Meteorology Australian Tropical Cyclone Database"}},{"type":"Feature","geometry":{"type":"LineString","coordinates":[[124.0,-14.5],[123.7,-14.0],[124.3,-13.3],[124.5,-13.5],[124.0,-15.0],[123.1,-15.8],[122.7,-16.0],[121.0,-17.0],[118.0,-18.0],[114.0,-18.6],[113.5,-18.6],[113.5,-18.6]]},"properties":{"stormId":"AU195960_03U","name":"unnamed","start":"1960-01-22 01:00","end":"1960-01-28 01:00","positions":12,"minCentralPressure":980.0,"maxWindSpeed":null,"source":"Bureau of Meteorology Australian Tropical Cyclone Database"}},{"type":"Feature","geometry":{"type":"LineString","coordinates":[[155.3,-16.7],[155.5,-18.0],[155.3,-19.5],[156.0,-20.7],[156.5,-21.5],[157.0,-23.1],[157.5,-25.0],[158.0,-26.5],[158.1,-27.5],[157.9,-28.5],[158.3,-28.7]]},"properties":{"stormId":"AU195960_04U","name":"unnamed","start":"1960-02-27 23:00","end":"1960-03-03 23:00","positions":11,"minCentralPressure":964.0,"maxWindSpeed":null,"source":"Bureau of Meteorology Australian Tropical Cyclone Database"}},{"type":"Feature","geometry":{"type":"LineString","coordinates":[[154.5,-13.5],[154.5,-13.8],[154.5,-14.0],[154.3,-14.7],[153.8,-15.2],[153.5,-15.4],[153.2,-15.6],[152.7,-15.7],[152.3,-15.8],[151.8,-15.9],[151.0,-15.9],[150.4,-16.0],[150.1,-16.0],[149.9,-16.1],[149.9,-16.2],[149.6,-16.9],[149.2,-17.5],[148.6,-18.0],[148.0,-18.4],[147.6,-18.6],[147.1,-18.6],[147.2,-18.5],[147.5,-18.5],[147.4,-18.6],[147.2,-18.7],[146.5,-18.7]]},"properties":{"stormId":"AU195960_05U","name":"unnamed","start":"1960-03-03 11:00","end":"1960-03-09 11:00","positions":26,"minCentralPressure":1000.0,"maxWindSpeed":null,"source":"Bureau of Meteorology Australian Tropical Cyclone Database"}},{"type":"Feature","geometry":{"type":"LineString","coordinates":[[149.0,-12.4],[147.9,-12.5],[147.2,-12.5],[146.7,-12.5],[146.2,-12.5],[145.7,-12.5],[145.3,-12.5],[145.0,-12.5],[144.3,-12.5],[144.0,-12.5],[143.5,-12.5],[143.2,-12.5],[142.8,-12.4],[141.8,-12.5],[141.6,-12.6],[140.2,-13.0],[138.6,-13.3],[137.2,-13.3],[136.6,-13.2],[135.9,-13.2],[134.2,-13.2],[132.2,-13.1],[130.8,-13.0],[130.2,-12.9],[130.0,-12.9],[128.0,-12.9],[126.0,-13.3],[121.5,-15.0],[119.5,-15.8],[116.5,-17.7],[115.2,-19.0],[114.0,-21.0],[113.5,-22.5],[113.3,-24.0],[113.5,-24.7],[113.9,-26.0],[114.0,-26.5],[114.3,-27.7],[114.9,-29.4],[115.1,-30.6],[115.3,-32.2]]},"properties":{"stormId":"AU195960_06U","name":"unnamed","start":"1960-03-14 23:00","end":"1960-03-27 07:00","positions":41,"minCentralPressure":965.0,"maxWindSpeed":null,"source":"Bureau of Meteorology Australian Tropical Cyclone Database"}},{"type":"Feature","geometry":{"type":"LineString","coordinates":[[155.2,-13.7],[157.4,-15.8],[159.6,-17.7],[161.3,-18.8],[163.1,-19.5],[165.0,-19.8]]},"properties":{"stormId":"AU195960_07U","name":"unnamed","start":"1960-04-01 23:00","end":"1960-04-06 17:00","positions":6,"minCentralPressure":994.0,"maxWindSpeed":null,"source":"Bureau of Meteorology Australian Tropical Cyclone Database"}},{"type":"Feature","geometry":{"type":"LineString","coordinates":[[129.0,-9.0],[127.0,-11.0],[126.0,-12.0],[124.1,-12.9],[123.1,-13.0],[123.1,-13.0],[123.1,-13.0]]},"properties":{"stormId":"AU195960_08U","name":"unnamed","start":"1960-04-20 23:30","end":"1960-04-27 01:00","positions":7,"minCentralPressure":980.0,"maxWindSpeed":null,"source":"Bureau of Meteorology Australian Tropical Cyclone Database"}},{"type":"Feature","geometry":{"type":"LineString","coordinates":[[130.9,-8.1],[129.8,-9.1],[128.8,-10.1],[128.8,-10.1],[128.8,-10.1],[127.8,-11.2],[124.0,-13.0],[120.8,-14.1],[121.3,-15.3],[122.8,-16.1],[123.6,-16.2],[128.5,-17.0]]},"properties":{"stormId":"AU196061_01U","name":"unnamed","start":"1960-12-14 23:30","end":"1960-12-24 01:00","positions":12,"minCentralPressure":969.0,"maxWindSpeed":null,"source":"Bureau of Meteorology Australian Tropical Cyclone Database"}},{"type":"Feature","geometry":{"type":"LineString","coordinates":[[96.0,-7.0],[95.8,-7.3],[95.5,-7.6],[95.2,-8.0],[94.7,-8.8],[94.5,-9.2],[94.2,-9.6],[94.0,-10.0],[94.0,-10.2],[94.0,-10.5],[94.0,-10.7],[94.0,-11.2],[94.0,-11.5],[94.0,-11.8],[94.0,-12.0],[94.1,-12.1],[94.3,-12.3],[94.4,-12.4],[94.8,-12.8],[94.9,-12.9],[95.0,-13.0],[95.1,-13.2],[95.3,-13.5],[95.4,-13.7],[95.9,-14.8],[96.0,-15.0],[96.2,-15.2],[96.5,-15.5],[96.7,-15.7],[97.2,-16.2],[97.5,-16.5],[97.8,-16.8],[98.0,-17.0]]},"properties":{"stormId":"AU196061_02U","name":"unnamed","start":"1960-12-29 01:00","end":"1961-01-03 01:00","positions":33,"minCentralPressure":1000.0,"maxWindSpeed":null,"source":"Bureau of Meteorology Australian Tropical Cyclone Database"}},{"type":"Feature","geometry":{"type":"LineString","coordinates":[[146.5,-18.6],[148.0,-19.2],[149.0,-19.1],[150.0,-19.2],[151.0,-20.0],[152.0,-21.7],[153.5,-22.5],[154.0,-22.0],[153.7,-21.5],[152.4,-20.0],[152.0,-19.5],[151.0,-19.2],[150.6,-18.2]]},"properties":{"stormId":"AU196061_03U","name":"unnamed","start":"1961-01-02 23:00","end":"1961-01-06 23:00","positions":13,"minCentralPressure":993.0,"maxWindSpeed":null,"source":"Bureau of Meteorology Australian Tropical Cyclone Database"}},{"type":"Feature","geometry":{"type":"LineString","coordinates":[[135.0,-10.0],[134.0,-10.0],[130.0,-10.0],[126.9,-11.1],[125.9,-11.9],[124.4,-12.7],[121.5,-15.3],[120.0,-16.5],[117.0,-18.0],[116.0,-18.5],[115.2,-19.2],[114.9,-21.7],[115.2,-23.0],[116.0,-25.0],[117.3,-27.7],[125.2,-31.8]]},"properties":{"stormId":"AU196061_05U","name":"unnamed","start":"1961-01-14 23:30","end":"1961-01-27 01:00","positions":16,"minCentralPressure":920.0,"maxWindSpeed":null,"source":"Bureau of Meteorology Australian Tropical Cyclone Database"}},{"type":"Feature","geometry":{"type":"LineString","coordinates":[[161.2,-14.3],[159.9,-15.4],[158.5,-17.1],[157.6,-20.0],[157.7,-24.0],[157.9,-25.0],[158.7,-27.0],[160.7,-30.6],[162.0,-31.7]]},"properties":{"stormId":"AU196061_06U","name":"unnamed","start":"1961-01-26 23:00","end":"1961-02-01 23:00","positions":9,"minCentralPressure":998.0,"maxWindSpeed":null,"source":"Bureau of Meteorology Australian Tropical Cyclone Database"}},{"type":"Feature","geometry":{"type":"LineString","coordinates":[[117.0,-15.0],[112.0,-15.5],[110.3,-16.5],[110.3,-18.2],[112.0,-21.0],[113.7,-23.7],[113.8,-23.9],[115.0,-24.5]]},"properties":{"stormId":"AU196061_08U","name":"unnamed","start":"1961-02-09 01:00","end":"1961-02-13 01:00","positions":8,"minCentralPressure":985.0,"maxWindSpeed":null,"source":"Bureau of Meteorology Australian Tropical Cyclone Database"}},{"type":"Feature","geometry":{"type":"LineString","coordinates":[[99.0,-9.0],[98.8,-9.2],[98.5,-9.5],[98.2,-9.7],[97.7,-10.2],[97.5,-10.5],[97.2,-10.8],[97.0,-11.0],[97.0,-11.3],[97.0,-11.6],[97.0,-12.0],[97.0,-13.2],[97.0,-13.6],[97.0,-14.0],[97.0,-14.2],[97.0,-14.5],[97.0,-14.7],[97.0,-14.8],[97.0,-14.8],[97.0,-14.9],[97.0,-16.0],[97.1,-16.2],[97.3,-16.5],[97.4,-16.7],[97.5,-17.2],[97.8,-17.8],[98.0,-18.0],[98.1,-18.1],[98.3,-18.3],[98.4,-18.4],[98.8,-18.8],[98.9,-18.9],[99.0,-19.0]]},"properties":{"stormId":"AU196061_09U","name":"unnamed","start":"1961-02-12 01:00","end":"1961-02-17 01:00","positions":33,"minCentralPressure":990.0,"maxWindSpeed":null,"source":"Bureau of Meteorology Australian Tropical Cyclone Database"}},{"type":"Feature","geometry":{"type":"LineString","coordinates":[[116.0,-12.2],[116.0,-12.2],[114.1,-14.1],[113.8,-15.0],[112.0,-15.7],[109.0,-15.1],[108.0,-16.0],[107.9,-18.1],[108.0,-21.0],[108.0,-23.1],[108.0,-27.2],[108.0,-28.0],[109.0,-31.1]]},"properties":{"stormId":"AU196061_10U","name":"unnamed","start":"1961-02-20 01:00","end":"1961-03-02 01:00","positions":13,"minCentralPressure":970.0,"maxWindSpeed":null,"source":"Bureau of Meteorology Australian Tropical Cyclone Database"}},{"type":"Feature","geometry":{"type":"LineString","coordinates":[[95.0,-13.0],[95.1,-13.1],[95.1,-13.3],[95.4,-13.4],[95.7,-13.7],[95.8,-13.8],[95.9,-13.9],[96.0,-14.0],[96.0,-14.0],[96.0,-14.0],[96.0,-14.0],[96.0,-14.0],[96.0,-14.0],[96.0,-14.0],[96.0,-14.0],[96.0,-14.0],[96.0,-14.0],[96.0,-14.0],[96.0,-14.0],[96.0,-14.0],[96.0,-14.0],[96.0,-14.0],[96.2,-14.0],[96.5,-13.9],[96.8,-13.9],[97.0,-13.8],[97.3,-13.8],[97.5,-13.7],[97.7,-13.7],[98.0,-13.6],[98.3,-13.6],[98.6,-13.5],[98.8,-13.5],[99.0,-13.4],[99.2,-13.4],[99.4,-13.3],[99.6,-13.3],[99.8,-13.2],[100.0,-13.2],[100.2,-13.2],[100.4,-13.1],[100.7,-13.1],[101.0,-13.0],[101.3,-12.9],[101.6,-12.8],[102.0,-12.7],[102.8,-12.4],[103.2,-12.3],[103.6,-12.1],[104.0,-12.0],[104.1,-12.0],[104.3,-12.0],[104.4,-12.0],[104.7,-12.0],[105.0,-12.0],[105.0,-12.0],[105.0,-12.0],[105.0,-12.0],[105.0,-12.0],[105.0,-12.0]]},"properties":{"stormId":"AU196061_11U","name":"unnamed","start":"1961-02-21 01:00","end":"1961-03-01 22:00","positions":60,"minCentralPressure":990.0,"maxWindSpeed":null,"source":"Bureau of Meteorology Australian Tropical Cyclone Database"}},{"type":"Feature","geometry":{"type":"LineString","coordinates":[[129.2,-11.2],[128.0,-11.7],[124.3,-13.5],[122.6,-16.0],[121.3,-17.2],[119.7,-18.2],[118.9,-19.8],[118.7,-19.9],[118.5,-19.9],[118.2,-20.0],[117.1,-20.3],[116.5,-20.8],[115.7,-21.7],[114.9,-22.3],[114.0,-23.3],[113.8,-25.2],[113.8,-26.0],[113.7,-26.8],[113.7,-27.3],[114.0,-32.0]]},"properties":{"stormId":"AU196061_12U","name":"unnamed","start":"1961-02-24 01:00","end":"1961-03-03 18:30","positions":20,"minCentralPressure":950.0,"maxWindSpeed":null,"source":"Bureau of Meteorology Australian Tropical Cyclone Database"}},{"type":"Feature","geometry":{"type":"LineString","coordinates":[[136.5,-11.0],[138.7,-11.7],[141.0,-12.6],[141.6,-12.8],[142.5,-13.1],[143.7,-13.8],[147.5,-16.3],[150.0,-18.0],[152.0,-19.7],[153.6,-19.6],[154.7,-18.2],[156.9,-17.7],[159.2,-17.2],[161.3,-16.3],[161.3,-15.3],[159.0,-13.0],[159.3,-12.3],[160.0,-12.5],[159.7,-13.3]]},"properties":{"stormId":"AU196061_13U","name":"unnamed","start":"1961-03-02 02:30","end":"1961-03-08 17:00","positions":19,"minCentralPressure":988.0,"maxWindSpeed":null,"source":"Bureau of Meteorology Australian Tropical Cyclone Database"}},{"type":"Feature","geometry":{"type":"LineString","coordinates":[[162.0,-14.0],[162.9,-13.2],[163.3,-12.8],[164.7,-14.0],[165.3,-15.0],[165.3,-16.4],[164.0,-19.0],[162.9,-20.0],[160.2,-21.6],[159.5,-24.0],[159.4,-26.5],[159.2,-28.8],[158.8,-30.9],[159.0,-31.6]]},"properties":{"stormId":"AU196061_14U","name":"unnamed","start":"1961-03-15 06:00","end":"1961-03-21 08:00","positions":14,"minCentralPressure":984.0,"maxWindSpeed":null,"source":"Bureau of Meteorology Australian Tropical Cyclone Database"}},{"type":"Feature","geometry":{"type":"LineString","coordinates":[[98.0,-5.0],[97.5,-5.5],[97.0,-6.0],[96.4,-6.6],[95.8,-7.2],[95.1,-7.8],[94.5,-8.5],[93.9,-9.3],[93.4,-10.2],[92.9,-11.2],[92.5,-12.5],[92.5,-14.8],[93.0,-17.3],[93.5,-19.1],[94.5,-21.0],[96.1,-23.4],[97.8,-25.8],[99.3,-28.0],[101.0,-30.0],[103.1,-31.6],[105.3,-33.0],[107.4,-34.3],[109.5,-35.5],[111.4,-36.5],[113.0,-37.4]]},"properties":{"stormId":"AU196061_15U","name":"unnamed","start":"1960-07-15 00:00","end":"1960-07-21 00:00","positions":25,"minCentralPressure":995.0,"maxWindSpeed":null,"source":"Bureau of Meteorology Australian Tropical Cyclone Database"}},{"type":"Feature","geometry":{"type":"LineString","coordinates":[[156.5,-11.3],[158.0,-13.3],[159.7,-15.5],[161.7,-17.7],[163.2,-19.5],[165.3,-22.5]]},"properties":{"stormId":"AU196162_01U","name":"unnamed","start":"1961-11-28 23:00","end":"1961-12-02 23:00","positions":6,"minCentralPressure":978.0,"maxWindSpeed":null,"source":"Bureau of Meteorology Australian Tropical Cyclone Database"}},{"type":"Feature","geometry":{"type":"LineString","coordinates":[[148.7,-16.7],[148.8,-17.3],[149.7,-18.7],[151.7,-20.3],[152.2,-21.0],[154.2,-22.5],[156.3,-23.7],[159.7,-25.3]]},"properties":{"stormId":"AU196162_02U","name":"unnamed","start":"1961-12-22 17:00","end":"1961-12-25 11:00","positions":8,"minCentralPressure":1000.0,"maxWindSpeed":null,"source":"Bureau of Meteorology Australian Tropical Cyclone Database"}},{"type":"Feature","geometry":{"type":"LineString","coordinates":[[118.0,-15.0],[118.0,-16.0],[119.8,-17.7],[121.1,-18.7],[121.5,-18.8],[122.0,-19.0],[124.3,-19.2],[126.0,-20.0]]},"properties":{"stormId":"AU196162_03U","name":"unnamed","start":"1962-01-08 01:00","end":"1962-01-13 01:00","positions":8,"minCentralPressure":994.0,"maxWindSpeed":null,"source":"Bureau of Meteorology Australian Tropical Cyclone Database"}},{"type":"Feature","geometry":{"type":"LineString","coordinates":[[122.6,-12.0],[120.6,-13.2],[118.8,-14.1],[116.8,-15.0],[114.8,-16.0],[112.8,-18.0],[112.0,-19.0],[109.8,-21.0],[108.7,-23.0],[107.9,-24.0],[107.5,-25.0],[103.6,-25.9]]},"properties":{"stormId":"AU196162_04U","name":"unnamed","start":"1962-01-20 01:00","end":"1962-01-31 01:00","positions":12,"minCentralPressure":980.0,"maxWindSpeed":null,"source":"Bureau of Meteorology Australian Tropical Cyclone Database"}},{"type":"Feature","geometry":{"type":"LineString","coordinates":[[129.7,-13.3],[129.0,-14.0],[129.2,-14.8],[129.4,-15.5],[128.5,-16.8],[127.2,-16.9],[125.0,-15.0],[123.7,-15.2],[122.6,-16.1],[119.0,-17.8],[115.0,-18.9],[113.5,-19.0],[111.9,-19.0],[111.7,-19.0],[109.3,-18.1],[107.2,-18.1],[106.0,-18.7],[104.3,-20.2],[103.0,-22.0],[102.9,-23.8],[103.2,-24.3],[105.0,-25.0]]},"properties":{"stormId":"AU196162_05U","name":"unnamed","start":"1962-01-27 23:30","end":"1962-02-11 01:00","positions":22,"minCentralPressure":985.0,"maxWindSpeed":null,"source":"Bureau of Meteorology Australian Tropical Cyclone Database"}},{"type":"Feature","geometry":{"type":"LineString","coordinates":[[118.7,-19.1],[118.4,-19.1],[117.0,-19.2],[113.9,-20.0],[112.7,-20.0],[111.7,-19.6],[110.6,-19.0],[108.8,-18.1],[107.0,-17.8],[105.3,-17.8],[105.1,-18.0],[106.6,-19.0],[107.1,-20.1],[106.0,-19.3],[105.0,-20.0]]},"properties":{"stormId":"AU196162_06U","name":"unnamed","start":"1962-02-14 01:00","end":"1962-02-22 01:00","positions":15,"minCentralPressure":993.0,"maxWindSpeed":null,"source":"Bureau of Meteorology Australian Tropical Cyclone Database"}},{"type":"Feature","geometry":{"type":"LineString","coordinates":[[136.9,-12.9],[137.8,-13.0],[138.3,-13.6],[139.3,-14.1],[140.1,-14.2],[140.3,-14.2],[141.3,-14.1],[141.5,-14.1],[142.5,-14.1]]},"properties":{"stormId":"AU196162_07U","name":"unnamed","start":"1962-02-16 05:30","end":"1962-02-19 11:00","positions":9,"minCentralPressure":997.0,"maxWindSpeed":null,"source":"Bureau of Meteorology Australian Tropical Cyclone Database"}},{"type":"Feature","geometry":{"type":"LineString","coordinates":[[101.0,-15.0],[100.8,-15.1],[100.5,-15.3],[100.2,-15.4],[99.7,-15.7],[99.5,-15.8],[99.2,-15.9],[99.0,-16.0],[98.9,-16.0],[98.8,-16.0],[98.7,-16.0],[98.4,-16.0],[98.1,-16.0],[98.0,-16.0],[97.8,-16.0],[97.5,-16.0],[97.2,-16.0],[96.0,-16.0],[95.3,-16.0],[95.0,-16.0],[94.8,-16.0],[94.5,-16.0],[94.2,-16.0],[93.7,-16.0],[93.5,-16.0],[93.2,-16.0],[93.0,-16.0]]},"properties":{"stormId":"AU196162_08U","name":"unnamed","start":"1962-03-02 01:00","end":"1962-03-06 01:00","positions":27,"minCentralPressure":1001.0,"maxWindSpeed":null,"source":"Bureau of Meteorology Australian Tropical Cyclone Database"}},{"type":"Feature","geometry":{"type":"LineString","coordinates":[[150.5,-16.5],[150.8,-16.7],[151.8,-16.5],[152.3,-17.1],[153.0,-17.6],[153.6,-17.9],[154.4,-18.1],[155.0,-18.2],[155.6,-18.3],[156.2,-18.3],[156.8,-18.3],[157.4,-18.3],[158.3,-18.3]]},"properties":{"stormId":"AU196263_03U","name":"unnamed","start":"1962-12-24 02:00","end":"1962-12-26 23:00","positions":13,"minCentralPressure":995.0,"maxWindSpeed":null,"source":"Bureau of Meteorology Australian Tropical Cyclone Database"}},{"type":"Feature","geometry":{"type":"LineString","coordinates":[[150.8,-17.7],[152.6,-18.7],[154.5,-21.2],[154.7,-23.0],[153.9,-25.2],[153.0,-26.0],[151.7,-26.0]]},"properties":{"stormId":"AU196263_04U","name":"ANNIE","start":"1962-12-29 23:00","end":"1962-12-31 23:00","positions":7,"minCentralPressure":978.0,"maxWindSpeed":null,"source":"Bureau of Meteorology Australian Tropical Cyclone Database"}},{"type":"Feature","geometry":{"type":"LineString","coordinates":[[117.0,-12.0],[113.0,-13.3],[111.0,-14.5],[109.0,-16.3],[108.7,-17.5],[109.0,-18.2],[111.0,-21.0],[111.3,-21.7],[111.4,-22.5],[111.0,-24.0],[110.5,-24.7],[109.0,-25.0]]},"properties":{"stormId":"AU196263_08U","name":"unnamed","start":"1963-01-07 01:00","end":"1963-01-14 01:00","positions":12,"minCentralPressure":980.0,"maxWindSpeed":null,"source":"Bureau of Meteorology Australian Tropical Cyclone Database"}},{"type":"Feature","geometry":{"type":"LineString","coordinates":[[149.0,-13.3],[148.2,-14.5],[148.0,-16.0],[148.6,-17.0],[149.3,-17.8],[149.6,-18.3],[149.8,-18.7],[150.0,-19.0],[150.0,-19.3],[149.9,-19.5]]},"properties":{"stormId":"AU196263_10U","name":"unnamed","start":"1963-01-12 17:00","end":"1963-01-14 23:00","positions":10,"minCentralPressure":1000.0,"maxWindSpeed":null,"source":"Bureau of Meteorology Australian Tropical Cyclone Database"}},{"type":"Feature","geometry":{"type":"LineString","coordinates":[[124.0,-13.0],[123.3,-13.3],[122.7,-14.6],[121.4,-15.5],[120.0,-16.5],[119.2,-17.9],[119.0,-18.0],[118.5,-18.1],[118.0,-18.3],[117.5,-18.4],[116.5,-18.7],[116.0,-18.8],[115.5,-18.9],[115.0,-19.0],[114.6,-19.3],[114.2,-19.6],[113.8,-20.0],[113.0,-20.8],[112.6,-21.2],[112.3,-21.6],[112.0,-22.0],[111.9,-22.1],[111.8,-22.3],[111.7,-22.4],[111.7,-22.6],[111.4,-22.7],[111.3,-22.8],[111.1,-22.9],[111.0,-23.0],[111.1,-23.2],[111.3,-23.5],[111.4,-23.7],[111.7,-24.2],[111.8,-24.5],[111.9,-24.8],[112.0,-25.0],[112.0,-26.0],[112.0,-26.5],[112.0,-28.0],[112.0,-28.5],[112.0,-29.0],[112.0,-29.0],[112.0,-29.0],[112.0,-29.0],[112.0,-29.0],[112.0,-29.0],[112.0,-29.0]]},"properties":{"stormId":"AU196263_11U","name":"unnamed","start":"1963-01-19 01:00","end":"1963-01-30 01:00","positions":47,"minCentralPressure":987.0,"maxWindSpeed":null,"source":"Bureau of Meteorology Australian Tropical Cyclone Database"}},{"type":"Feature","geometry":{"type":"LineString","coordinates":[[154.3,-15.5],[155.7,-16.6],[156.5,-17.8],[156.8,-18.2],[157.5,-19.5],[158.5,-20.5],[159.6,-21.4],[160.6,-22.5],[161.2,-23.2]]},"properties":{"stormId":"AU196263_12U","name":"unnamed","start":"1963-01-21 23:00","end":"1963-01-23 23:00","positions":9,"minCentralPressure":1000.0,"maxWindSpeed":null,"source":"Bureau of Meteorology Australian Tropical Cyclone Database"}},{"type":"Feature","geometry":{"type":"LineString","coordinates":[[101.0,-11.0],[101.0,-11.3],[101.0,-11.6],[101.0,-12.0],[101.0,-12.8],[101.0,-13.2],[101.0,-13.6],[101.0,-14.0],[101.1,-14.1],[101.3,-14.3],[101.4,-14.4],[101.7,-14.7],[101.8,-14.8],[101.9,-14.9],[102.0,-15.0],[102.3,-15.1],[102.6,-15.3],[103.0,-15.4],[103.8,-15.7],[104.2,-15.8],[104.6,-15.9],[105.0,-16.0],[105.4,-16.2],[105.8,-16.4],[106.6,-16.8],[107.0,-17.0]]},"properties":{"stormId":"AU196263_14U","name":"unnamed","start":"1963-01-21 01:00","end":"1963-01-24 19:00","positions":26,"minCentralPressure":1000.0,"maxWindSpeed":null,"source":"Bureau of Meteorology Australian Tropical Cyclone Database"}},{"type":"Feature","geometry":{"type":"LineString","coordinates":[[149.0,-18.9],[150.0,-19.2],[151.7,-20.8]]},"properties":{"stormId":"AU196263_16U","name":"unnamed","start":"1963-01-25 23:00","end":"1963-01-26 23:00","positions":3,"minCentralPressure":1005.0,"maxWindSpeed":null,"source":"Bureau of Meteorology Australian Tropical Cyclone Database"}},{"type":"Feature","geometry":{"type":"LineString","coordinates":[[89.0,-9.0],[89.5,-9.5],[90.0,-10.0],[90.5,-10.5],[91.0,-11.0],[91.0,-11.5],[91.0,-12.0],[90.5,-13.5],[90.0,-15.0],[87.0,-16.0]]},"properties":{"stormId":"AU196263_17U","name":"unnamed","start":"1963-01-29 01:00","end":"1963-02-02 12:00","positions":10,"minCentralPressure":996.0,"maxWindSpeed":null,"source":"Bureau of Meteorology Australian Tropical Cyclone Database"}},{"type":"Feature","geometry":{"type":"LineString","coordinates":[[151.5,-16.0],[151.5,-17.0],[152.2,-18.0],[153.0,-18.4],[154.0,-21.0],[155.9,-24.0],[156.9,-28.7],[157.2,-30.1],[158.3,-31.0],[160.0,-31.2],[161.3,-32.0]]},"properties":{"stormId":"AU196263_18U","name":"unnamed","start":"1963-02-03 17:00","end":"1963-02-06 23:00","positions":11,"minCentralPressure":994.0,"maxWindSpeed":null,"source":"Bureau of Meteorology Australian Tropical Cyclone Database"}},{"type":"Feature","geometry":{"type":"LineString","coordinates":[[119.0,-18.0],[115.7,-20.3],[114.9,-20.7],[114.2,-20.7],[114.0,-20.3],[114.0,-20.1],[114.2,-19.9],[114.5,-20.0],[114.8,-20.3],[115.3,-21.5],[116.0,-23.0],[119.8,-27.0],[127.3,-30.5]]},"properties":{"stormId":"AU196263_19U","name":"unnamed","start":"1963-02-04 01:00","end":"1963-02-10 01:00","positions":13,"minCentralPressure":940.0,"maxWindSpeed":null,"source":"Bureau of Meteorology Australian Tropical Cyclone Database"}},{"type":"Feature","geometry":{"type":"LineString","coordinates":[[123.1,-18.0],[122.1,-17.5],[121.7,-17.2],[119.0,-16.0],[117.0,-15.7],[115.0,-16.0],[113.0,-17.3],[110.0,-20.0],[109.2,-20.6],[107.0,-23.0],[106.0,-26.0]]},"properties":{"stormId":"AU196263_20U","name":"unnamed","start":"1963-02-12 01:00","end":"1963-02-17 01:00","positions":11,"minCentralPressure":990.0,"maxWindSpeed":null,"source":"Bureau of Meteorology Australian Tropical Cyclone Database"}},{"type":"Feature","geometry":{"type":"LineString","coordinates":[[159.0,-15.0],[158.6,-16.0],[157.3,-17.1],[155.7,-19.0],[155.6,-20.0],[155.9,-21.0],[157.2,-22.5],[160.8,-25.0],[163.4,-28.7],[167.0,-31.8]]},"properties":{"stormId":"AU196263_21U","name":"unnamed","start":"1963-02-15 23:00","end":"1963-02-19 23:00","positions":10,"minCentralPressure":960.0,"maxWindSpeed":null,"source":"Bureau of Meteorology Australian Tropical Cyclone Database"}},{"type":"Feature","geometry":{"type":"LineString","coordinates":[[127.5,-13.1],[122.0,-15.3],[117.3,-18.0],[114.2,-20.5],[113.0,-23.0],[113.0,-25.0],[113.3,-26.2]]},"properties":{"stormId":"AU196263_22U","name":"unnamed","start":"1963-02-15 23:30","end":"1963-02-19 07:00","positions":7,"minCentralPressure":995.0,"maxWindSpeed":null,"source":"Bureau of Meteorology Australian Tropical Cyclone Database"}},{"type":"Feature","geometry":{"type":"LineString","coordinates":[[159.0,-14.2],[161.9,-15.9],[163.7,-17.0],[166.4,-19.8]]},"properties":{"stormId":"AU196263_23U","name":"unnamed","start":"1963-03-01 06:00","end":"1963-03-02 23:00","positions":4,"minCentralPressure":998.0,"maxWindSpeed":null,"source":"Bureau of Meteorology Australian Tropical Cyclone Database"}},{"type":"Feature","geometry":{"type":"LineString","coordinates":[[153.7,-25.3],[152.9,-24.6],[153.3,-24.1],[153.5,-23.2],[153.2,-22.7],[153.7,-25.7],[151.7,-22.8]]},"properties":{"stormId":"AU196263_24U","name":"unnamed","start":"1963-03-14 17:00","end":"1963-03-16 05:00","positions":7,"minCentralPressure":1002.0,"maxWindSpeed":null,"source":"Bureau of Meteorology Australian Tropical Cyclone Database"}},{"type":"Feature","geometry":{"type":"LineString","coordinates":[[101.0,-10.0],[100.9,-10.1],[100.8,-10.3],[100.7,-10.4],[100.4,-10.7],[100.3,-10.8],[100.1,-10.9],[100.0,-11.0],[99.8,-11.2],[99.5,-11.5],[99.2,-11.7],[98.7,-12.2],[98.5,-12.5],[98.2,-12.8],[98.0,-13.0],[97.8,-13.1],[97.5,-13.3],[97.2,-13.4],[96.7,-13.7],[96.5,-13.8],[96.2,-13.9],[96.0,-14.0],[95.6,-14.3],[95.2,-14.6],[94.8,-15.0],[94.0,-15.8],[93.6,-16.2],[93.3,-16.6],[93.0,-17.0],[92.9,-17.2],[92.8,-17.5],[92.7,-17.8],[92.4,-18.3],[92.0,-19.3],[92.0,-19.7],[92.3,-20.5],[92.7,-21.2],[92.8,-21.5],[92.9,-21.8],[93.0,-22.0],[93.6,-22.1],[94.2,-22.3],[95.0,-22.4],[96.2,-22.7],[96.8,-22.8],[97.4,-22.9],[98.0,-23.0],[98.0,-23.0],[98.0,-23.0],[98.0,-23.0],[98.0,-23.0],[98.0,-23.0],[98.0,-23.0],[98.0,-23.0]]},"properties":{"stormId":"AU196263_25U","name":"unnamed","start":"1963-03-15 01:00","end":"1963-03-24 01:00","positions":54,"minCentralPressure":990.0,"maxWindSpeed":null,"source":"Bureau of Meteorology Australian Tropical Cyclone Database"}},{"type":"Feature","geometry":{"type":"LineString","coordinates":[[153.5,-15.0],[151.4,-14.7],[149.6,-15.0],[148.4,-15.0],[147.9,-15.3],[147.8,-15.5],[147.7,-15.8],[147.7,-16.0],[147.7,-16.6],[147.7,-17.2],[147.6,-18.0],[147.0,-18.8],[146.6,-19.6]]},"properties":{"stormId":"AU196263_26U","name":"unnamed","start":"1963-03-22 05:00","end":"1963-03-25 05:00","positions":13,"minCentralPressure":1002.0,"maxWindSpeed":null,"source":"Bureau of Meteorology Australian Tropical Cyclone Database"}},{"type":"Feature","geometry":{"type":"LineString","coordinates":[[139.0,-12.0],[139.5,-12.8],[139.8,-13.9],[140.6,-15.0],[141.7,-15.8],[142.0,-17.0]]},"properties":{"stormId":"AU196263_27U","name":"unnamed","start":"1963-03-25 05:00","end":"1963-03-26 11:00","positions":6,"minCentralPressure":996.0,"maxWindSpeed":null,"source":"Bureau of Meteorology Australian Tropical Cyclone Database"}},{"type":"Feature","geometry":{"type":"LineString","coordinates":[[137.8,-10.7],[138.6,-11.7],[139.6,-12.6],[140.8,-13.4],[141.8,-14.6],[142.0,-15.6],[142.1,-16.5],[142.3,-17.4],[142.8,-18.2],[143.0,-18.8],[143.2,-19.4],[143.4,-19.8],[143.2,-20.5],[143.0,-21.3],[143.1,-21.9],[143.8,-22.5],[144.9,-22.4]]},"properties":{"stormId":"AU196263_28U","name":"unnamed","start":"1963-03-26 17:00","end":"1963-03-30 17:00","positions":17,"minCentralPressure":998.0,"maxWindSpeed":null,"source":"Bureau of Meteorology Australian Tropical Cyclone Database"}},{"type":"Feature","geometry":{"type":"LineString","coordinates":[[153.0,-22.3],[154.3,-23.3],[155.0,-23.7],[156.5,-24.3],[160.4,-24.8],[163.2,-24.7],[165.0,-24.3]]},"properties":{"stormId":"AU196263_29U","name":"unnamed","start":"1963-03-30 23:00","end":"1963-04-02 05:00","positions":7,"minCentralPressure":996.0,"maxWindSpeed":null,"source":"Bureau of Meteorology Australian Tropical Cyclone Database"}},{"type":"Feature","geometry":{"type":"LineString","coordinates":[[137.3,-11.0],[137.0,-12.0],[136.9,-12.2],[136.7,-12.3],[136.5,-12.2],[136.3,-12.1],[136.0,-12.0],[135.7,-12.1],[135.5,-12.1],[134.9,-12.2],[134.3,-12.3],[134.1,-13.5],[133.8,-14.0],[132.8,-14.2],[132.0,-14.5],[132.7,-14.6]]},"properties":{"stormId":"AU196263_30U","name":"unnamed","start":"1963-04-10 05:30","end":"1963-04-14 17:00","positions":16,"minCentralPressure":984.0,"maxWindSpeed":null,"source":"Bureau of Meteorology Australian Tropical Cyclone Database"}},{"type":"Feature","geometry":{"type":"LineString","coordinates":[[153.8,-12.0],[155.8,-12.2],[158.0,-12.4],[160.3,-13.5],[161.7,-15.2],[162.3,-18.0],[162.0,-20.0],[161.7,-20.8],[160.5,-23.1],[159.5,-25.0],[158.8,-26.2],[159.2,-27.2]]},"properties":{"stormId":"AU196263_31U","name":"unnamed","start":"1963-04-20 23:00","end":"1963-04-25 23:00","positions":12,"minCentralPressure":996.0,"maxWindSpeed":null,"source":"Bureau of Meteorology Australian Tropical Cyclone Database"}},{"type":"Feature","geometry":{"type":"LineString","coordinates":[[162.9,-13.0],[161.4,-13.1],[160.1,-13.1],[158.5,-13.1],[157.0,-13.1],[155.3,-13.2],[153.7,-13.7],[152.9,-17.0],[152.7,-19.1],[154.2,-21.8],[156.3,-25.0],[156.6,-25.7],[156.9,-26.3],[156.6,-28.8],[156.4,-30.2]]},"properties":{"stormId":"AU196263_32U","name":"unnamed","start":"1963-05-02 23:00","end":"1963-05-08 23:00","positions":15,"minCentralPressure":1000.0,"maxWindSpeed":null,"source":"Bureau of Meteorology Australian Tropical Cyclone Database"}},{"type":"Feature","geometry":{"type":"LineString","coordinates":[[152.5,-25.8],[152.4,-26.8],[152.8,-27.8],[153.0,-29.0],[152.5,-30.0],[152.3,-30.6],[152.3,-30.9],[152.2,-31.2],[152.1,-31.7]]},"properties":{"stormId":"AU196263_33U","name":"unnamed","start":"1963-05-05 23:00","end":"1963-05-07 23:00","positions":9,"minCentralPressure":1009.0,"maxWindSpeed":null,"source":"Bureau of Meteorology Australian Tropical Cyclone Database"}},{"type":"Feature","geometry":{"type":"LineString","coordinates":[[153.4,-25.2],[153.3,-27.2],[153.3,-27.8],[153.3,-29.0],[153.3,-29.3],[152.7,-30.9]]},"properties":{"stormId":"AU196263_34U","name":"unnamed","start":"1963-05-07 05:00","end":"1963-05-08 05:00","positions":6,"minCentralPressure":1000.0,"maxWindSpeed":null,"source":"Bureau of Meteorology Australian Tropical Cyclone Database"}},{"type":"Feature","geometry":{"type":"LineString","coordinates":[[158.0,-24.0],[159.3,-23.2],[160.6,-22.7],[161.0,-22.2],[161.2,-22.0],[161.7,-21.3],[163.6,-20.1],[164.9,-19.0],[165.5,-17.0],[164.8,-15.0],[162.7,-13.6],[160.9,-12.9]]},"properties":{"stormId":"AU196263_35U","name":"unnamed","start":"1963-05-08 11:00","end":"1963-05-13 23:00","positions":12,"minCentralPressure":1000.0,"maxWindSpeed":null,"source":"Bureau of Meteorology Australian Tropical Cyclone Database"}},{"type":"Feature","geometry":{"type":"LineString","coordinates":[[154.4,-15.4],[155.4,-16.2],[156.5,-17.1],[158.4,-17.9],[159.3,-19.0],[161.2,-20.2],[163.7,-21.8],[164.8,-22.8],[166.0,-23.6],[167.5,-24.0],[168.6,-24.1],[170.0,-24.2]]},"properties":{"stormId":"AU196263_37U","name":"unnamed","start":"1963-06-22 05:00","end":"1963-06-24 23:00","positions":12,"minCentralPressure":1001.0,"maxWindSpeed":null,"source":"Bureau of Meteorology Australian Tropical Cyclone Database"}},{"type":"Feature","geometry":{"type":"LineString","coordinates":[[159.3,-19.0],[159.0,-20.2],[158.6,-20.8],[158.4,-21.3],[158.4,-21.6],[158.4,-22.0],[158.4,-22.4],[158.4,-22.8],[158.6,-23.5],[159.4,-24.3],[160.6,-24.8],[162.0,-25.1],[163.4,-25.8],[163.4,-26.8],[163.0,-27.4],[162.8,-27.8],[163.0,-28.5],[163.6,-29.4],[164.0,-30.0],[164.0,-30.6],[163.8,-30.9],[163.2,-31.1],[162.8,-31.0],[162.3,-30.8],[161.8,-30.5],[161.4,-29.8],[161.4,-29.1],[161.4,-28.7],[161.7,-28.5],[162.0,-28.4],[163.0,-28.7],[164.0,-29.1],[167.2,-30.8],[167.4,-31.6],[167.6,-32.5],[167.8,-33.5],[168.1,-34.4],[168.4,-35.2],[168.7,-36.0],[169.1,-36.7]]},"properties":{"stormId":"AU196263_38U","name":"unnamed","start":"1963-06-23 05:00","end":"1963-07-03 23:00","positions":40,"minCentralPressure":986.0,"maxWindSpeed":null,"source":"Bureau of Meteorology Australian Tropical Cyclone Database"}},{"type":"Feature","geometry":{"type":"LineString","coordinates":[[123.3,-15.0],[121.8,-16.2],[121.4,-17.0],[121.3,-17.9],[121.7,-18.8],[121.7,-19.5],[122.8,-20.0],[123.8,-20.7],[124.7,-21.0],[127.7,-20.3]]},"properties":{"stormId":"AU196364_02U","name":"BESSIE","start":"1964-01-06 07:00","end":"1964-01-13 01:00","positions":10,"minCentralPressure":950.0,"maxWindSpeed":null,"source":"Bureau of Meteorology Australian Tropical Cyclone Database"}},{"type":"Feature","geometry":{"type":"LineString","coordinates":[[141.5,-10.2],[142.2,-10.5],[142.2,-10.9],[142.0,-11.2],[141.7,-11.6],[141.5,-11.9],[141.3,-12.4],[141.2,-13.3],[141.0,-14.2],[140.5,-15.2],[139.6,-16.3],[139.0,-16.9],[138.3,-17.2],[137.3,-18.6],[136.5,-19.7],[136.4,-20.3],[138.5,-22.0],[139.7,-23.0],[141.3,-24.7],[142.7,-25.5],[143.9,-26.5],[145.6,-27.2],[149.1,-28.3],[151.3,-29.7],[153.1,-30.2],[156.1,-31.7]]},"properties":{"stormId":"AU196364_03U","name":"AUDREY","start":"1964-01-06 23:00","end":"1964-01-14 08:00","positions":26,"minCentralPressure":983.0,"maxWindSpeed":null,"source":"Bureau of Meteorology Australian Tropical Cyclone Database"}},{"type":"Feature","geometry":{"type":"LineString","coordinates":[[151.3,-14.0],[152.3,-14.3],[153.2,-14.6],[154.0,-14.8],[155.0,-15.0],[156.7,-15.8],[158.4,-16.5],[159.7,-17.3],[160.6,-18.1],[161.3,-18.8],[161.8,-19.8],[162.0,-20.7],[162.2,-22.5],[162.2,-24.7]]},"properties":{"stormId":"AU196364_04U","name":"BERTHE","start":"1964-01-26 23:00","end":"1964-02-01 23:00","positions":14,"minCentralPressure":992.0,"maxWindSpeed":null,"source":"Bureau of Meteorology Australian Tropical Cyclone Database"}},{"type":"Feature","geometry":{"type":"LineString","coordinates":[[131.0,-9.2],[132.2,-9.7],[133.2,-10.0],[134.5,-10.6],[135.7,-11.0],[136.9,-11.4],[137.5,-11.7],[137.9,-12.5],[138.5,-13.1],[139.2,-13.7],[139.7,-14.0],[140.6,-14.3],[141.4,-14.7],[141.6,-15.0],[141.8,-15.2],[141.7,-15.6],[141.6,-16.3],[141.6,-17.1],[141.7,-18.0],[141.7,-18.8],[141.2,-19.5],[140.2,-19.3],[139.8,-18.9],[139.4,-18.3],[139.7,-18.0]]},"properties":{"stormId":"AU196364_05U","name":"DORA","start":"1964-01-27 23:30","end":"1964-02-07 23:00","positions":25,"minCentralPressure":974.0,"maxWindSpeed":null,"source":"Bureau of Meteorology Australian Tropical Cyclone Database"}},{"type":"Feature","geometry":{"type":"LineString","coordinates":[[100.0,-5.0],[98.2,-5.2],[97.6,-5.5],[96.3,-5.7],[95.6,-6.2],[95.0,-6.5],[94.6,-6.8],[94.0,-7.0],[93.2,-7.7],[92.5,-8.5],[91.7,-9.2],[90.2,-10.7],[89.5,-11.5],[88.8,-12.2],[88.0,-13.0],[88.5,-13.7],[89.0,-14.5],[89.5,-15.2],[90.5,-16.7],[91.0,-17.5],[91.5,-18.2],[92.0,-19.0],[92.5,-19.7],[93.0,-20.4],[93.5,-21.0],[94.5,-22.2],[95.0,-22.8],[95.5,-23.4],[96.0,-24.0],[96.1,-24.7],[96.3,-25.5],[96.4,-26.2],[96.7,-27.7],[96.8,-28.5],[96.9,-29.2],[97.0,-30.0],[98.3,-30.7],[99.5,-31.4],[103.3,-33.2],[104.5,-33.8],[105.8,-34.4],[107.0,-35.0]]},"properties":{"stormId":"AU196364_06U","name":"EVA","start":"1964-02-25 01:00","end":"1964-03-02 01:00","positions":42,"minCentralPressure":990.0,"maxWindSpeed":null,"source":"Bureau of Meteorology Australian Tropical Cyclone Database"}},{"type":"Feature","geometry":{"type":"LineString","coordinates":[[137.1,-11.0],[135.7,-10.4],[134.1,-10.0],[132.0,-10.8],[130.5,-12.0],[130.0,-12.9],[129.5,-13.9],[129.5,-14.0],[129.7,-14.3],[130.0,-15.0]]},"properties":{"stormId":"AU196364_07U","name":"CARMEN","start":"1964-03-06 23:30","end":"1964-03-10 23:30","positions":10,"minCentralPressure":996.0,"maxWindSpeed":null,"source":"Bureau of Meteorology Australian Tropical Cyclone Database"}},{"type":"Feature","geometry":{"type":"LineString","coordinates":[[106.0,-14.0],[105.6,-13.9],[105.2,-13.8],[104.8,-13.7],[104.0,-13.4],[103.6,-13.3],[103.3,-13.1],[103.0,-13.0],[102.5,-13.0],[100.7,-13.0],[100.1,-13.0],[99.5,-13.0],[98.7,-13.0],[98.0,-13.0],[97.6,-13.0],[97.2,-13.0],[96.8,-13.0],[96.0,-13.0],[95.6,-13.0],[95.3,-13.0],[95.0,-13.0],[94.8,-13.2],[94.7,-13.5],[94.6,-13.7],[94.4,-14.2],[94.1,-14.8],[94.0,-15.0],[93.9,-15.3],[93.8,-15.6],[93.7,-16.0],[93.4,-16.8],[93.3,-17.2],[93.1,-17.6],[93.0,-18.0],[93.0,-18.1],[93.0,-18.3],[93.0,-18.4],[93.0,-18.7],[93.0,-18.8],[93.0,-18.9],[92.9,-19.1],[92.8,-19.3],[92.4,-19.7],[92.0,-20.0],[91.9,-20.2],[91.8,-20.5],[91.7,-20.8],[91.4,-21.3],[91.3,-21.5],[91.1,-21.8],[91.0,-22.0],[91.0,-23.0],[91.0,-24.5],[91.0,-25.5],[91.5,-26.5],[92.0,-27.0],[92.5,-27.5],[93.5,-28.5],[94.0,-29.0],[94.5,-29.5],[95.0,-30.0]]},"properties":{"stormId":"AU196364_08U","name":"HAZEL","start":"1964-03-07 01:00","end":"1964-03-17 01:00","positions":61,"minCentralPressure":980.0,"maxWindSpeed":null,"source":"Bureau of Meteorology Australian Tropical Cyclone Database"}},{"type":"Feature","geometry":{"type":"LineString","coordinates":[[149.7,-16.3],[149.6,-16.9],[149.6,-17.8],[149.7,-18.3],[150.0,-18.8],[151.2,-19.9],[152.6,-20.3],[153.5,-20.4],[154.5,-20.6],[155.6,-20.4]]},"properties":{"stormId":"AU196364_09U","name":"GERTIE","start":"1964-03-14 05:00","end":"1964-03-17 23:00","positions":10,"minCentralPressure":999.0,"maxWindSpeed":null,"source":"Bureau of Meteorology Australian Tropical Cyclone Database"}},{"type":"Feature","geometry":{"type":"LineString","coordinates":[[129.0,-13.0],[125.5,-13.2],[119.0,-15.0],[115.0,-17.0],[114.0,-18.0],[113.8,-19.0],[113.8,-19.3],[114.0,-21.3],[114.0,-21.8],[114.0,-22.3],[113.7,-24.0],[113.4,-24.3],[112.9,-25.0],[112.0,-27.0],[113.8,-29.1],[115.0,-29.8],[118.0,-31.4]]},"properties":{"stormId":"AU196364_10U","name":"KATIE","start":"1964-03-23 23:30","end":"1964-04-01 16:00","positions":17,"minCentralPressure":960.0,"maxWindSpeed":null,"source":"Bureau of Meteorology Australian Tropical Cyclone Database"}},{"type":"Feature","geometry":{"type":"LineString","coordinates":[[164.1,-16.2],[163.1,-16.6],[162.0,-16.8],[160.9,-17.0],[159.6,-17.9],[159.2,-19.3],[159.7,-21.5],[161.0,-23.9],[161.1,-24.2],[161.7,-25.2],[162.3,-26.5],[165.0,-27.0]]},"properties":{"stormId":"AU196364_11U","name":"HENRIETTA","start":"1964-03-31 23:00","end":"1964-04-04 23:00","positions":12,"minCentralPressure":960.0,"maxWindSpeed":null,"source":"Bureau of Meteorology Australian Tropical Cyclone Database"}},{"type":"Feature","geometry":{"type":"LineString","coordinates":[[104.8,-9.0],[105.5,-9.4],[106.7,-10.0],[108.0,-10.0],[109.3,-10.5],[110.0,-11.0],[111.0,-11.9],[111.9,-12.1],[113.0,-12.9],[113.9,-13.9],[114.2,-14.7],[114.6,-15.0],[115.4,-15.0],[116.1,-15.0],[116.7,-15.0],[117.3,-15.0],[117.9,-15.0]]},"properties":{"stormId":"AU196465_01U","name":"RITA","start":"1964-11-02 01:00","end":"1964-11-10 01:00","positions":17,"minCentralPressure":996.0,"maxWindSpeed":null,"source":"Bureau of Meteorology Australian Tropical Cyclone Database"}},{"type":"Feature","geometry":{"type":"LineString","coordinates":[[134.5,-10.7],[134.1,-10.8],[134.0,-11.0],[133.8,-11.1],[133.6,-11.2],[133.1,-11.3],[133.1,-11.3],[132.9,-11.4],[132.7,-11.5],[132.5,-11.6],[132.2,-11.8],[132.1,-12.0],[132.0,-12.1],[131.8,-12.2],[131.8,-12.4],[131.6,-12.5],[131.6,-12.8],[131.6,-13.1],[131.8,-13.2],[132.3,-13.5],[132.5,-13.6],[132.7,-13.7],[133.0,-13.8],[133.2,-13.8],[133.8,-13.8],[134.3,-13.8],[134.8,-14.0],[135.0,-14.3],[135.6,-14.6],[136.7,-15.2],[138.6,-15.9],[141.2,-16.5],[141.4,-16.5],[141.8,-16.7],[141.9,-17.0],[142.3,-17.2],[142.7,-17.6],[143.5,-17.7],[143.8,-17.5],[145.0,-17.5],[146.1,-17.8],[147.9,-18.5],[149.2,-19.0],[150.1,-19.2],[151.6,-19.7],[152.8,-20.0]]},"properties":{"stormId":"AU196465_02U","name":"FLORA","start":"1964-11-30 23:30","end":"1964-12-08 23:00","positions":46,"minCentralPressure":992.0,"maxWindSpeed":null,"source":"Bureau of Meteorology Australian Tropical Cyclone Database"}},{"type":"Feature","geometry":{"type":"LineString","coordinates":[[110.3,-12.8],[108.7,-12.8],[106.1,-12.8]]},"properties":{"stormId":"AU196465_04U","name":"UNA","start":"1965-01-04 01:00","end":"1965-01-05 01:00","positions":3,"minCentralPressure":1000.0,"maxWindSpeed":null,"source":"Bureau of Meteorology Australian Tropical Cyclone Database"}},{"type":"Feature","geometry":{"type":"LineString","coordinates":[[138.3,-10.7],[138.9,-10.9],[140.3,-11.0],[141.2,-11.0],[141.7,-11.1],[142.0,-11.1],[142.2,-11.2],[142.9,-11.3],[143.0,-11.4],[144.0,-12.0],[145.0,-12.5],[145.8,-12.8],[146.6,-13.1],[147.3,-13.2],[148.1,-13.1],[149.0,-13.0],[150.0,-13.3],[151.0,-13.7],[151.8,-14.5],[152.7,-15.6],[154.1,-16.3],[155.9,-16.9]]},"properties":{"stormId":"AU196465_05U","name":"UNNAMED","start":"1965-01-12 05:30","end":"1965-01-20 23:00","positions":22,"minCentralPressure":996.0,"maxWindSpeed":null,"source":"Bureau of Meteorology Australian Tropical Cyclone Database"}},{"type":"Feature","geometry":{"type":"LineString","coordinates":[[133.0,-11.6],[133.2,-13.0],[134.0,-13.6],[136.1,-12.7],[136.7,-12.7],[137.2,-13.0],[138.0,-13.5],[138.5,-13.8],[139.3,-14.5],[140.8,-15.5],[141.3,-16.1],[142.0,-16.7],[142.1,-17.1],[143.3,-18.0],[145.1,-17.7],[146.1,-17.3],[148.2,-17.1],[151.6,-17.2],[154.9,-18.9],[158.2,-20.7],[160.9,-22.5],[161.0,-23.2],[159.9,-24.9],[158.7,-26.3],[157.5,-27.8],[157.0,-29.0],[157.4,-29.8],[158.3,-30.0],[161.3,-30.8],[163.2,-31.2],[164.5,-31.5]]},"properties":{"stormId":"AU196465_07U","name":"JUDY","start":"1965-01-25 23:30","end":"1965-02-05 17:00","positions":31,"minCentralPressure":986.0,"maxWindSpeed":null,"source":"Bureau of Meteorology Australian Tropical Cyclone Database"}},{"type":"Feature","geometry":{"type":"LineString","coordinates":[[137.0,-11.8],[136.7,-11.7],[137.1,-11.2],[137.7,-11.2],[137.1,-11.5],[136.7,-11.0],[136.2,-11.0],[136.1,-11.5],[135.8,-11.5],[135.3,-11.9],[134.8,-11.5],[134.2,-11.3],[133.3,-11.3],[132.7,-11.4],[132.3,-11.5],[131.5,-12.2],[130.7,-13.3],[130.3,-15.7]]},"properties":{"stormId":"AU196465_09U","name":"MARIE","start":"1965-02-21 23:30","end":"1965-03-01 11:30","positions":18,"minCentralPressure":994.0,"maxWindSpeed":null,"source":"Bureau of Meteorology Australian Tropical Cyclone Database"}},{"type":"Feature","geometry":{"type":"LineString","coordinates":[[110.0,-15.0],[108.0,-16.0],[107.3,-16.3],[106.8,-16.6],[105.3,-17.2],[103.5,-18.3],[104.0,-19.7],[105.0,-20.5],[105.5,-21.0],[106.6,-22.0],[107.6,-22.9],[107.7,-23.7],[107.0,-24.5],[106.2,-25.1]]},"properties":{"stormId":"AU196465_10U","name":"DOLLY","start":"1965-02-25 12:00","end":"1965-03-03 01:00","positions":14,"minCentralPressure":972.0,"maxWindSpeed":null,"source":"Bureau of Meteorology Australian Tropical Cyclone Database"}},{"type":"Feature","geometry":{"type":"LineString","coordinates":[[122.0,-16.4],[118.4,-16.9],[116.3,-18.3],[115.2,-18.8],[114.2,-19.5],[114.2,-19.8],[115.0,-20.3],[116.3,-20.8],[115.9,-21.3],[117.5,-22.6],[119.7,-23.5]]},"properties":{"stormId":"AU196465_12U","name":"JOAN","start":"1965-03-07 01:00","end":"1965-03-12 01:00","positions":11,"minCentralPressure":965.0,"maxWindSpeed":null,"source":"Bureau of Meteorology Australian Tropical Cyclone Database"}},{"type":"Feature","geometry":{"type":"LineString","coordinates":[[118.0,-14.0],[116.9,-15.9],[116.3,-16.9],[115.7,-17.7],[114.3,-19.3],[113.1,-20.5],[110.3,-22.9],[108.3,-25.1],[108.4,-27.0],[109.1,-28.7],[111.7,-32.0]]},"properties":{"stormId":"AU196465_13U","name":"MAVIS","start":"1965-03-21 01:00","end":"1965-03-25 12:00","positions":11,"minCentralPressure":986.0,"maxWindSpeed":null,"source":"Bureau of Meteorology Australian Tropical Cyclone Database"}},{"type":"Feature","geometry":{"type":"LineString","coordinates":[[130.0,-10.0],[128.7,-10.7],[127.0,-11.7],[126.1,-12.2],[124.8,-13.4],[124.8,-15.3],[124.8,-15.6],[124.0,-15.9],[123.3,-16.5],[122.3,-16.9],[122.1,-17.0],[116.5,-17.5],[110.0,-17.8],[105.0,-17.8]]},"properties":{"stormId":"AU196465_14U","name":"RUTH","start":"1965-03-23 23:30","end":"1965-04-01 01:00","positions":14,"minCentralPressure":972.0,"maxWindSpeed":null,"source":"Bureau of Meteorology Australian Tropical Cyclone Database"}},{"type":"Feature","geometry":{"type":"LineString","coordinates":[[134.0,-10.0],[135.0,-10.0],[134.3,-11.0],[136.0,-11.0],[136.9,-11.0],[138.5,-10.5],[138.0,-10.5],[138.3,-10.2],[139.0,-11.0],[138.8,-11.0],[139.0,-11.3],[139.0,-11.0],[138.5,-11.0],[138.2,-11.3],[138.1,-11.7],[137.7,-12.0],[137.8,-11.5],[137.4,-11.3],[137.0,-11.0],[136.8,-10.7],[137.4,-10.0],[138.0,-10.2],[138.0,-10.5],[137.5,-10.2],[137.0,-10.3],[135.8,-11.0],[135.3,-11.0],[135.8,-11.0],[135.0,-11.0],[135.3,-10.7],[134.8,-11.3],[134.3,-11.8],[134.1,-11.8],[134.0,-11.5],[133.4,-11.2],[132.7,-11.2],[132.3,-11.6],[132.2,-11.7],[132.0,-12.2],[131.8,-12.3],[131.2,-12.8],[131.0,-13.0],[130.5,-13.4],[129.8,-13.7],[130.0,-13.8],[129.4,-14.2],[129.0,-14.7],[128.6,-14.8],[128.2,-15.3],[127.0,-15.0],[124.7,-15.3],[124.3,-15.7],[123.0,-16.7],[122.2,-17.3],[121.1,-18.4],[120.7,-19.7],[120.4,-21.2],[120.0,-24.7]]},"properties":{"stormId":"AU196566_02U","name":"AMANDA","start":"1965-12-20 23:30","end":"1966-01-02 01:00","positions":58,"minCentralPressure":990.0,"maxWindSpeed":null,"source":"Bureau of Meteorology Australian Tropical Cyclone Database"}},{"type":"Feature","geometry":{"type":"LineString","coordinates":[[100.0,-9.0],[99.5,-9.1],[99.2,-9.2],[98.9,-9.3],[98.6,-9.5],[98.3,-9.6],[98.0,-9.8],[96.8,-10.5],[95.6,-11.4],[95.1,-11.7],[94.6,-11.9],[94.4,-12.1],[93.9,-12.6],[93.7,-12.8],[93.5,-13.0],[93.3,-13.2],[92.8,-11.3],[91.8,-11.5],[91.4,-11.8],[90.9,-12.0],[90.4,-12.2],[89.9,-12.5],[89.4,-12.7],[88.5,-13.0],[88.0,-13.3],[87.2,-13.9]]},"properties":{"stormId":"AU196566_04U","name":"CAROL-DAISY","start":"1965-12-25 10:00","end":"1966-01-01 01:00","positions":26,"minCentralPressure":997.0,"maxWindSpeed":null,"source":"Bureau of Meteorology Australian Tropical Cyclone Database"}},{"type":"Feature","geometry":{"type":"LineString","coordinates":[[128.8,-14.2],[128.1,-14.9],[127.3,-15.4],[126.2,-16.1],[126.8,-16.8],[127.3,-18.2]]},"properties":{"stormId":"AU196566_07U","name":"JOY","start":"1966-01-15 23:30","end":"1966-01-20 01:00","positions":6,"minCentralPressure":995.0,"maxWindSpeed":null,"source":"Bureau of Meteorology Australian Tropical Cyclone Database"}},{"type":"Feature","geometry":{"type":"LineString","coordinates":[[113.0,-15.0],[113.1,-15.8],[114.3,-17.2],[115.6,-18.0],[116.9,-18.8],[116.2,-20.0]]},"properties":{"stormId":"AU196566_08U","name":"LISA","start":"1966-02-05 01:00","end":"1966-02-10 01:00","positions":6,"minCentralPressure":990.0,"maxWindSpeed":null,"source":"Bureau of Meteorology Australian Tropical Cyclone Database"}},{"type":"Feature","geometry":{"type":"LineString","coordinates":[[135.0,-11.0],[134.0,-11.5],[133.5,-12.0],[132.0,-13.5],[131.2,-13.5],[130.5,-13.5],[130.5,-13.5],[130.0,-13.5],[129.6,-13.3],[129.1,-14.1],[129.3,-14.0],[129.3,-14.3],[129.0,-14.5],[128.7,-14.8],[129.0,-14.8],[128.1,-15.0],[127.9,-15.3],[124.0,-17.6]]},"properties":{"stormId":"AU196566_10U","name":"BETTY","start":"1966-02-09 00:00","end":"1966-02-13 01:00","positions":18,"minCentralPressure":993.0,"maxWindSpeed":null,"source":"Bureau of Meteorology Australian Tropical Cyclone Database"}},{"type":"Feature","geometry":{"type":"LineString","coordinates":[[149.0,-13.8],[151.0,-13.8],[153.1,-13.9],[154.3,-14.3],[155.3,-14.6],[155.5,-14.7],[156.0,-14.9],[156.7,-15.3],[158.0,-16.0],[158.3,-16.3],[159.0,-17.0],[160.0,-18.5],[161.1,-20.0],[162.2,-21.2],[163.5,-22.7],[164.7,-24.1]]},"properties":{"stormId":"AU196566_11U","name":"CONNIE","start":"1966-02-23 23:00","end":"1966-03-01 23:00","positions":16,"minCentralPressure":990.0,"maxWindSpeed":null,"source":"Bureau of Meteorology Australian Tropical Cyclone Database"}},{"type":"Feature","geometry":{"type":"LineString","coordinates":[[99.0,-11.0],[98.4,-11.4],[97.8,-11.9],[97.2,-12.3],[96.7,-12.8],[96.6,-13.2],[96.5,-13.5],[96.4,-13.8],[96.3,-14.2],[96.1,-14.8],[95.6,-15.1],[94.6,-15.9],[94.2,-16.3],[93.9,-16.2],[93.6,-16.2],[93.3,-16.1],[93.0,-16.1],[92.6,-16.0],[92.3,-16.0],[92.0,-15.9],[91.8,-15.9],[91.2,-16.0],[91.0,-16.0],[90.7,-16.1],[90.5,-16.1],[90.2,-16.2],[90.3,-16.7],[90.3,-17.1],[90.4,-17.5],[90.5,-18.0],[90.6,-18.4],[90.7,-19.3],[91.0,-19.2],[91.4,-19.0],[91.7,-18.8],[92.1,-18.6],[92.6,-18.4],[93.0,-18.2],[93.3,-18.0],[93.0,-18.0],[92.6,-17.9],[92.3,-17.9],[92.0,-17.9],[91.6,-17.8],[91.3,-17.8],[91.0,-17.7],[89.7,-17.9],[88.4,-18.1],[83.2,-18.9],[80.2,-20.1],[79.0,-20.7],[77.0,-21.0],[75.8,-21.0],[75.2,-21.0],[74.6,-21.1],[73.3,-21.3],[72.6,-21.4],[71.2,-21.6],[70.5,-21.7],[69.7,-21.8],[69.0,-22.0],[68.4,-22.3],[67.8,-22.7],[66.6,-23.5],[66.0,-23.9],[65.4,-24.3],[64.8,-24.7]]},"properties":{"stormId":"AU196566_12U","name":"MARTHA","start":"1966-02-24 01:00","end":"1966-03-08 01:00","positions":67,"minCentralPressure":992.0,"maxWindSpeed":null,"source":"Bureau of Meteorology Australian Tropical Cyclone Database"}},{"type":"Feature","geometry":{"type":"LineString","coordinates":[[101.0,-13.0],[100.0,-12.5],[99.0,-12.0],[98.1,-11.6],[96.9,-10.9],[94.0,-11.0],[93.0,-11.2],[92.0,-11.5],[90.0,-11.8],[89.0,-11.7],[88.0,-11.6],[87.0,-11.5],[86.0,-11.3],[85.0,-11.0],[84.7,-10.8],[84.1,-10.6],[83.8,-10.5],[83.5,-10.4],[83.2,-10.4],[82.1,-10.2],[81.0,-10.1],[80.0,-10.0],[79.0,-10.0],[78.0,-10.0],[77.0,-10.0],[76.0,-10.0],[75.4,-10.1],[74.8,-10.2],[74.0,-10.4],[72.6,-10.6],[71.8,-10.8],[71.0,-11.0],[70.2,-11.2],[69.7,-11.4],[69.2,-11.6],[68.8,-11.9],[68.3,-12.2],[67.8,-12.5],[67.3,-12.8],[66.8,-13.0],[66.0,-13.1],[65.1,-13.2],[64.2,-13.3],[63.3,-13.4],[62.4,-13.5],[61.5,-13.7],[60.8,-13.9],[60.6,-14.1],[60.6,-14.2],[60.5,-14.3],[60.5,-14.4],[60.5,-14.5],[60.5,-14.6],[60.5,-14.7],[60.5,-14.8],[60.5,-14.9],[60.5,-15.0],[60.4,-15.5],[60.3,-16.0],[60.2,-16.5],[60.1,-17.0],[60.0,-17.2],[60.0,-17.5],[60.0,-17.8],[60.0,-18.1],[60.0,-18.4],[60.0,-18.7],[60.0,-19.0]]},"properties":{"stormId":"AU196566_13U","name":"NANCY","start":"1966-03-14 01:00","end":"1966-03-24 01:00","positions":68,"minCentralPressure":988.0,"maxWindSpeed":null,"source":"Bureau of Meteorology Australian Tropical Cyclone Database"}},{"type":"Feature","geometry":{"type":"LineString","coordinates":[[97.0,-10.0],[96.0,-10.2],[95.1,-10.5],[94.1,-10.7],[93.1,-11.0],[92.8,-11.4],[92.4,-11.8],[92.0,-12.2],[91.6,-12.9],[90.8,-13.2],[90.5,-13.2],[90.1,-13.8],[90.0,-14.0],[89.9,-14.3],[89.8,-14.6],[89.8,-15.1],[89.8,-15.4],[90.0,-15.7],[90.0,-15.9],[90.1,-16.2],[90.3,-16.5],[90.5,-16.9],[90.6,-17.6],[90.8,-18.0],[91.0,-18.4],[91.1,-18.8],[91.4,-19.0],[91.6,-19.2],[91.8,-19.5],[92.4,-20.1],[92.6,-20.4],[92.8,-20.7],[93.0,-21.0],[93.7,-21.5],[94.5,-22.0],[95.2,-22.5],[96.7,-23.5],[97.5,-24.0],[98.2,-24.5],[99.0,-25.0],[99.5,-26.0],[99.7,-26.5],[100.2,-27.5],[100.5,-28.0],[100.7,-28.5],[101.0,-29.0]]},"properties":{"stormId":"AU196566_14U","name":"NELLIE","start":"1966-03-21 10:00","end":"1966-03-28 01:00","positions":46,"minCentralPressure":987.0,"maxWindSpeed":null,"source":"Bureau of Meteorology Australian Tropical Cyclone Database"}},{"type":"Feature","geometry":{"type":"LineString","coordinates":[[107.0,-16.0],[107.0,-14.6],[106.8,-14.2],[107.0,-13.2]]},"properties":{"stormId":"AU196566_15U","name":"SANDRA","start":"1966-03-22 01:00","end":"1966-03-24 01:00","positions":4,"minCentralPressure":1001.0,"maxWindSpeed":null,"source":"Bureau of Meteorology Australian Tropical Cyclone Database"}},{"type":"Feature","geometry":{"type":"LineString","coordinates":[[119.0,-12.9],[117.0,-14.0],[116.6,-15.7],[116.6,-16.5],[116.6,-16.9],[116.7,-19.3],[116.8,-19.7],[116.6,-20.6],[116.3,-20.8],[116.0,-21.3],[115.3,-23.0],[115.0,-25.3],[115.0,-27.3]]},"properties":{"stormId":"AU196566_16U","name":"SHIRLEY","start":"1966-03-29 01:00","end":"1966-04-04 01:00","positions":13,"minCentralPressure":965.0,"maxWindSpeed":null,"source":"Bureau of Meteorology Australian Tropical Cyclone Database"}},{"type":"Feature","geometry":{"type":"LineString","coordinates":[[161.1,-8.6],[160.8,-9.0],[160.2,-10.3],[159.3,-11.0],[158.9,-10.8],[159.2,-10.2],[159.7,-10.3],[159.7,-11.2],[158.7,-11.8],[157.5,-12.3],[157.3,-13.2],[157.7,-13.7],[158.3,-14.2],[159.1,-14.6],[160.7,-15.0]]},"properties":{"stormId":"AU196667_01U","name":"ANGELA","start":"1966-11-13 23:00","end":"1966-11-18 23:00","positions":15,"minCentralPressure":998.0,"maxWindSpeed":null,"source":"Bureau of Meteorology Australian Tropical Cyclone Database"}},{"type":"Feature","geometry":{"type":"LineString","coordinates":[[100.0,-11.0],[99.9,-11.1],[99.8,-11.3],[99.7,-11.4],[99.4,-11.7],[99.3,-11.8],[99.1,-11.9],[99.0,-12.0],[98.9,-12.1],[98.8,-12.3],[98.7,-12.4],[98.4,-12.7],[98.3,-12.8],[98.1,-12.9],[98.0,-13.0],[97.5,-13.2],[97.0,-13.5],[96.5,-13.7],[95.5,-14.2],[95.0,-14.5],[94.5,-14.8],[94.0,-15.0],[93.8,-15.6],[93.5,-16.2],[93.2,-16.8],[92.4,-18.0],[92.0,-18.6],[91.7,-19.0],[91.4,-19.5],[91.0,-20.0],[91.0,-20.3],[91.0,-20.6],[91.0,-21.1],[91.0,-21.7],[91.0,-22.0]]},"properties":{"stormId":"AU196667_04U","name":"DELILAH","start":"1966-12-26 01:00","end":"1966-12-31 01:00","positions":35,"minCentralPressure":995.0,"maxWindSpeed":null,"source":"Bureau of Meteorology Australian Tropical Cyclone Database"}},{"type":"Feature","geometry":{"type":"LineString","coordinates":[[114.0,-15.0],[113.0,-16.0],[112.0,-16.0],[110.8,-15.3],[110.8,-14.9],[111.7,-14.3],[112.7,-14.6],[112.7,-15.3],[111.9,-16.3],[109.1,-17.0],[107.3,-17.7],[106.7,-18.6],[107.1,-19.2],[108.0,-19.2],[108.4,-18.3],[108.2,-17.8],[106.7,-17.8],[105.2,-18.0]]},"properties":{"stormId":"AU196667_05U","name":"EDITH","start":"1967-01-06 01:00","end":"1967-01-09 01:00","positions":18,"minCentralPressure":965.0,"maxWindSpeed":null,"source":"Bureau of Meteorology Australian Tropical Cyclone Database"}},{"type":"Feature","geometry":{"type":"LineString","coordinates":[[123.0,-14.7],[119.2,-15.7],[117.0,-16.5],[116.2,-16.8],[114.5,-17.5],[113.2,-18.0],[112.3,-19.0],[112.2,-20.0],[112.5,-21.0],[113.3,-22.4],[113.7,-23.0],[114.7,-24.1],[116.0,-26.3],[117.2,-27.4],[121.1,-28.8]]},"properties":{"stormId":"AU196667_06U","name":"ELSIE","start":"1967-01-16 01:00","end":"1967-01-23 01:00","positions":15,"minCentralPressure":965.0,"maxWindSpeed":null,"source":"Bureau of Meteorology Australian Tropical Cyclone Database"}},{"type":"Feature","geometry":{"type":"LineString","coordinates":[[163.5,-12.5],[162.8,-12.8],[162.2,-13.1],[161.6,-13.5],[161.0,-13.8],[160.2,-14.2],[159.6,-14.5],[158.9,-15.0],[158.1,-15.5],[157.5,-16.0],[156.9,-16.3],[156.3,-16.8],[155.8,-17.2],[155.2,-17.7],[154.8,-18.2],[154.4,-18.7],[154.0,-19.2],[153.6,-19.6],[153.3,-20.1],[153.1,-20.7],[153.0,-21.3],[152.8,-21.7],[152.7,-22.2],[152.7,-22.8],[152.8,-23.5],[153.1,-24.5],[153.6,-25.4],[154.4,-26.3],[155.3,-27.3],[156.6,-28.5],[157.9,-29.7],[158.5,-30.6],[158.8,-31.4],[159.5,-32.5],[160.1,-33.5],[160.8,-34.5],[161.6,-35.3],[163.0,-35.5],[163.9,-35.5],[165.0,-35.0],[167.2,-33.8],[171.1,-35.0],[175.3,-36.0],[178.3,-38.7]]},"properties":{"stormId":"AU196667_07U","name":"DINAH","start":"1967-01-23 00:00","end":"1967-02-02 18:00","positions":44,"minCentralPressure":945.0,"maxWindSpeed":46.3,"source":"Bureau of Meteorology Australian Tropical Cyclone Database"}},{"type":"Feature","geometry":{"type":"LineString","coordinates":[[163.7,-12.9],[163.2,-13.7],[162.7,-14.9],[162.0,-16.1],[161.3,-17.5],[160.6,-19.0],[159.9,-20.5],[158.8,-22.8],[157.7,-25.2],[157.3,-25.9],[156.2,-27.2],[154.8,-28.3],[153.8,-28.5],[153.6,-28.6],[152.6,-28.8]]},"properties":{"stormId":"AU196667_08U","name":"BARBARA","start":"1967-02-17 02:00","end":"1967-02-21 23:00","positions":15,"minCentralPressure":987.0,"maxWindSpeed":null,"source":"Bureau of Meteorology Australian Tropical Cyclone Database"}},{"type":"Feature","geometry":{"type":"LineString","coordinates":[[121.6,-17.0],[121.7,-17.4],[121.8,-18.6],[122.5,-19.7],[124.0,-20.8]]},"properties":{"stormId":"AU196667_09U","name":"GWEN","start":"1967-03-04 01:00","end":"1967-03-06 01:00","positions":5,"minCentralPressure":992.0,"maxWindSpeed":null,"source":"Bureau of Meteorology Australian Tropical Cyclone Database"}},{"type":"Feature","geometry":{"type":"LineString","coordinates":[[149.3,-14.7],[149.0,-15.3],[147.9,-16.3],[147.3,-16.7],[146.7,-16.6],[146.9,-16.1],[147.5,-15.9],[148.3,-16.3],[149.2,-17.3],[149.9,-17.0],[150.5,-17.2],[152.7,-19.3],[155.0,-23.3],[155.4,-24.6],[156.0,-25.7],[157.0,-28.0],[157.8,-30.0],[158.6,-31.3],[160.4,-31.9],[164.0,-32.0]]},"properties":{"stormId":"AU196667_10U","name":"ELAINE","start":"1967-03-13 05:00","end":"1967-03-19 17:00","positions":20,"minCentralPressure":996.0,"maxWindSpeed":null,"source":"Bureau of Meteorology Australian Tropical Cyclone Database"}},{"type":"Feature","geometry":{"type":"LineString","coordinates":[[137.9,-14.9],[137.5,-14.5],[136.9,-14.1],[136.3,-13.4],[136.2,-13.2],[136.0,-12.4],[136.7,-12.1],[136.9,-12.1],[137.8,-12.3],[138.0,-12.8],[137.3,-13.7],[137.1,-13.5],[137.3,-13.0],[137.7,-13.0],[138.4,-13.1],[138.9,-13.9],[138.6,-14.7],[137.7,-15.3],[137.1,-15.9]]},"properties":{"stormId":"AU196667_11U","name":"CYNTHIA","start":"1967-03-13 23:30","end":"1967-03-19 10:00","positions":19,"minCentralPressure":993.0,"maxWindSpeed":null,"source":"Bureau of Meteorology Australian Tropical Cyclone Database"}},{"type":"Feature","geometry":{"type":"LineString","coordinates":[[156.5,-15.0],[155.7,-15.3],[155.2,-15.8],[154.8,-16.3],[154.5,-16.9],[154.3,-17.6],[154.2,-18.0],[154.2,-18.3],[154.4,-18.6],[154.6,-18.8],[154.7,-19.2],[155.0,-19.4],[155.2,-19.6],[155.3,-19.8],[155.6,-20.0],[155.8,-20.2],[156.1,-20.4],[156.3,-20.7],[156.5,-20.8],[156.8,-21.1],[156.9,-21.3],[157.1,-21.5],[157.3,-21.8],[157.5,-22.0],[157.7,-22.3],[158.2,-22.7],[158.2,-23.2],[159.3,-23.7],[159.7,-24.2],[160.3,-24.8],[160.8,-25.4],[161.5,-26.0],[162.0,-26.7],[162.3,-27.3],[163.0,-28.0]]},"properties":{"stormId":"AU196667_12U","name":"DULCIE","start":"1967-03-13 02:00","end":"1967-03-17 08:00","positions":35,"minCentralPressure":996.0,"maxWindSpeed":null,"source":"Bureau of Meteorology Australian Tropical Cyclone Database"}},{"type":"Feature","geometry":{"type":"LineString","coordinates":[[155.3,-12.5],[155.7,-12.2],[156.1,-11.4],[157.0,-10.7],[158.3,-10.3],[159.8,-10.8],[160.2,-11.0],[160.3,-11.3],[160.8,-12.1],[160.6,-13.9],[160.0,-16.0],[159.0,-18.2],[158.4,-20.0],[158.4,-20.7],[158.6,-21.5],[158.7,-21.8],[158.9,-22.2],[159.3,-22.8],[159.7,-23.3],[160.0,-24.0],[159.9,-25.1],[159.1,-26.3],[158.2,-27.7],[158.5,-29.6],[159.3,-31.7]]},"properties":{"stormId":"AU196667_13U","name":"GLENDA","start":"1967-03-26 05:00","end":"1967-04-05 11:00","positions":25,"minCentralPressure":982.0,"maxWindSpeed":null,"source":"Bureau of Meteorology Australian Tropical Cyclone Database"}},{"type":"Feature","geometry":{"type":"LineString","coordinates":[[96.0,-10.0],[95.6,-10.1],[94.8,-10.4],[93.7,-10.8],[93.4,-10.9],[93.0,-11.0],[92.6,-11.1],[92.2,-11.3],[91.8,-11.4],[91.0,-11.7],[90.3,-11.9],[90.0,-12.0],[89.6,-12.2],[89.2,-12.5],[88.8,-12.7],[88.1,-13.2],[87.7,-13.5],[87.3,-13.8],[87.0,-14.0],[86.8,-14.2],[86.5,-14.5],[86.2,-14.7],[85.7,-15.2],[85.5,-15.5],[85.2,-15.8],[85.0,-16.0],[85.0,-16.3],[85.0,-16.6],[85.0,-17.0],[85.0,-18.2],[85.0,-18.6],[85.3,-19.3],[86.8,-20.8],[87.2,-21.2],[87.6,-21.6],[88.0,-22.0],[89.2,-22.7],[90.4,-23.5],[91.8,-24.2],[94.1,-25.7],[95.3,-26.5],[96.6,-27.2],[98.0,-28.0],[99.2,-28.6],[100.4,-29.3],[101.5,-30.0],[103.7,-31.2],[104.8,-31.8],[105.9,-32.4],[107.0,-33.0],[108.5,-33.7],[110.0,-34.4],[111.5,-35.0],[114.5,-36.2],[116.0,-36.8],[117.5,-37.4],[119.0,-38.0]]},"properties":{"stormId":"AU196667_14U","name":"LAURA","start":"1967-04-06 01:00","end":"1967-04-15 01:00","positions":57,"minCentralPressure":970.0,"maxWindSpeed":null,"source":"Bureau of Meteorology Australian Tropical Cyclone Database"}},{"type":"Feature","geometry":{"type":"LineString","coordinates":[[165.0,-5.9],[162.9,-6.0],[160.3,-6.3],[158.0,-7.0],[155.6,-8.0],[152.7,-10.0],[152.2,-10.5],[151.3,-11.5],[151.1,-11.8],[150.2,-13.8],[150.3,-14.3],[151.2,-15.3],[153.8,-16.1],[157.2,-17.0],[160.6,-18.0],[164.6,-19.1],[167.0,-20.7]]},"properties":{"stormId":"AU196768_01U","name":"ANNIE","start":"1967-11-10 02:00","end":"1967-11-16 05:00","positions":17,"minCentralPressure":980.0,"maxWindSpeed":null,"source":"Bureau of Meteorology Australian Tropical Cyclone Database"}},{"type":"Feature","geometry":{"type":"LineString","coordinates":[[151.6,-15.5],[151.0,-15.7],[150.4,-15.8],[149.7,-16.0],[149.3,-16.2],[149.2,-16.5],[149.3,-16.9],[149.8,-16.8],[150.3,-16.4],[150.6,-16.4],[150.7,-16.5],[150.8,-17.0],[151.1,-17.5],[151.6,-18.2],[152.2,-18.9],[152.8,-19.7],[153.4,-20.6],[153.9,-21.7],[154.7,-22.9],[155.4,-24.3],[156.4,-25.3],[156.9,-25.7],[157.4,-26.2],[157.8,-26.6],[158.2,-27.0],[158.6,-27.5],[159.2,-27.8],[160.0,-28.4],[160.8,-28.6],[161.8,-28.7],[163.0,-29.0],[164.0,-29.3],[164.6,-29.4],[164.9,-28.9],[164.5,-28.4],[164.1,-28.1],[163.7,-27.7],[163.3,-27.4]]},"properties":{"stormId":"AU196768_02U","name":"UNNAMED","start":"1967-12-06 05:00","end":"1967-12-10 20:00","positions":38,"minCentralPressure":996.0,"maxWindSpeed":null,"source":"Bureau of Meteorology Australian Tropical Cyclone Database"}},{"type":"Feature","geometry":{"type":"LineString","coordinates":[[154.5,-24.9],[155.2,-25.4],[155.8,-26.0],[156.0,-26.2],[156.3,-26.4],[156.4,-26.6],[156.6,-26.8],[156.8,-27.1],[157.0,-27.3],[157.3,-27.4],[157.6,-27.5],[157.8,-27.5],[158.1,-27.4],[158.5,-27.3],[158.8,-26.7],[158.9,-26.2],[158.8,-25.4],[158.3,-24.4],[157.6,-23.4],[156.8,-22.7],[156.4,-21.9]]},"properties":{"stormId":"AU196768_03U","name":"UNNAMED","start":"1967-12-09 17:00","end":"1967-12-12 05:00","positions":21,"minCentralPressure":997.0,"maxWindSpeed":null,"source":"Bureau of Meteorology Australian Tropical Cyclone Database"}},{"type":"Feature","geometry":{"type":"LineString","coordinates":[[120.3,-11.0],[119.3,-11.0],[118.9,-11.0],[118.3,-11.0],[116.2,-11.2],[112.9,-12.7],[110.8,-14.0],[108.9,-15.0]]},"properties":{"stormId":"AU196768_05U","name":"BETSY","start":"1968-01-11 01:00","end":"1968-01-17 01:00","positions":8,"minCentralPressure":998.0,"maxWindSpeed":null,"source":"Bureau of Meteorology Australian Tropical Cyclone Database"}},{"type":"Feature","geometry":{"type":"LineString","coordinates":[[165.6,-12.9],[164.2,-13.4],[163.0,-14.0],[161.8,-14.3],[160.7,-14.8],[159.8,-15.3],[159.2,-16.1],[159.1,-16.5],[159.2,-17.2],[160.8,-18.7],[163.7,-19.5],[165.2,-20.3],[167.0,-21.5]]},"properties":{"stormId":"AU196768_06U","name":"BRENDA","start":"1968-01-13 23:00","end":"1968-01-18 23:00","positions":13,"minCentralPressure":990.0,"maxWindSpeed":null,"source":"Bureau of Meteorology Australian Tropical Cyclone Database"}},{"type":"Feature","geometry":{"type":"LineString","coordinates":[[131.8,-12.2],[132.3,-12.0],[131.2,-12.2],[130.5,-12.7],[130.0,-13.2],[129.2,-13.4],[129.5,-14.0],[128.0,-14.6],[127.7,-14.7],[122.0,-16.0],[118.3,-17.3],[114.7,-17.6],[112.2,-20.0],[111.0,-24.6]]},"properties":{"stormId":"AU196768_07U","name":"BERTHA","start":"1968-01-19 00:00","end":"1968-01-26 01:00","positions":14,"minCentralPressure":988.0,"maxWindSpeed":null,"source":"Bureau of Meteorology Australian Tropical Cyclone Database"}},{"type":"Feature","geometry":{"type":"LineString","coordinates":[[97.0,-7.0],[97.0,-7.2],[97.0,-7.7],[97.0,-8.0],[97.0,-8.2],[97.0,-8.5],[97.0,-8.7],[97.0,-9.0],[97.0,-9.3],[97.0,-10.0],[97.0,-10.4],[97.0,-10.8],[97.0,-11.2],[97.0,-11.6],[97.0,-12.0],[96.8,-12.3],[96.6,-13.0],[96.5,-13.4],[96.4,-13.8],[96.3,-14.2],[96.2,-14.6],[96.0,-15.0],[95.7,-15.3],[95.2,-15.8],[95.0,-16.0],[94.7,-16.3],[94.5,-16.5],[94.2,-16.8],[94.0,-17.0],[93.7,-17.3],[93.1,-18.0],[92.3,-18.7],[92.0,-19.0]]},"properties":{"stormId":"AU196768_08U","name":"DOREEN","start":"1968-01-19 07:00","end":"1968-01-24 01:00","positions":33,"minCentralPressure":970.0,"maxWindSpeed":null,"source":"Bureau of Meteorology Australian Tropical Cyclone Database"}},{"type":"Feature","geometry":{"type":"LineString","coordinates":[[138.5,-14.3],[138.7,-15.2],[139.1,-15.7],[139.3,-15.9],[139.7,-16.5],[140.0,-17.5],[139.7,-17.6],[139.3,-17.9]]},"properties":{"stormId":"AU196768_10U","name":"DIXIE","start":"1968-01-25 23:00","end":"1968-01-27 23:00","positions":8,"minCentralPressure":986.0,"maxWindSpeed":null,"source":"Bureau of Meteorology Australian Tropical Cyclone Database"}},{"type":"Feature","geometry":{"type":"LineString","coordinates":[[139.7,-14.5],[139.7,-14.5],[139.6,-14.5],[139.5,-14.6],[139.4,-14.6],[139.3,-14.6],[139.2,-14.7],[139.1,-14.7],[139.0,-14.7],[138.7,-14.7],[138.4,-14.7],[137.9,-14.7],[137.4,-14.7],[136.8,-14.7],[136.3,-14.7],[135.6,-15.0],[135.2,-15.2],[134.9,-15.5],[134.9,-16.0]]},"properties":{"stormId":"AU196768_11U","name":"UNNAMED","start":"1968-02-02 23:00","end":"1968-02-05 05:00","positions":19,"minCentralPressure":1002.0,"maxWindSpeed":null,"source":"Bureau of Meteorology Australian Tropical Cyclone Database"}},{"type":"Feature","geometry":{"type":"LineString","coordinates":[[118.2,-19.1],[116.8,-19.5],[115.5,-19.8],[113.3,-21.1],[112.3,-22.9],[112.2,-25.0]]},"properties":{"stormId":"AU196768_12U","name":"ELLA","start":"1968-02-05 01:00","end":"1968-02-07 01:00","positions":6,"minCentralPressure":1001.0,"maxWindSpeed":null,"source":"Bureau of Meteorology Australian Tropical Cyclone Database"}},{"type":"Feature","geometry":{"type":"LineString","coordinates":[[138.5,-16.7],[138.6,-16.7],[138.6,-16.6],[138.8,-16.5],[139.0,-16.4],[139.2,-16.3],[139.4,-16.3],[139.6,-16.2],[139.8,-16.2],[140.2,-16.3],[140.4,-16.4],[140.6,-16.6],[140.9,-16.8],[141.1,-17.1],[141.4,-17.4],[141.7,-17.7],[142.0,-18.2],[142.3,-18.5],[142.6,-19.0],[142.8,-19.5],[142.9,-20.1],[142.7,-20.7],[142.4,-21.2],[142.0,-21.5],[141.7,-21.6],[141.4,-21.8],[141.2,-21.9],[140.9,-22.0],[140.7,-22.1],[140.4,-22.2],[140.3,-22.2],[139.8,-22.3]]},"properties":{"stormId":"AU196768_13U","name":"UNNAMED","start":"1968-02-12 23:00","end":"1968-02-16 20:00","positions":32,"minCentralPressure":996.0,"maxWindSpeed":null,"source":"Bureau of Meteorology Australian Tropical Cyclone Database"}},{"type":"Feature","geometry":{"type":"LineString","coordinates":[[122.1,-15.0],[116.8,-15.2],[114.3,-15.3],[113.5,-15.3],[111.3,-15.4],[106.7,-16.0],[99.9,-16.1],[99.9,-16.4],[99.8,-16.7],[99.8,-16.9],[99.4,-17.1],[98.5,-17.5],[97.3,-18.0],[96.1,-18.4],[95.0,-18.7],[94.1,-18.9],[93.2,-19.1],[92.5,-19.2],[91.7,-19.2],[90.4,-19.0],[89.0,-18.7],[87.4,-18.5],[86.0,-18.2],[85.2,-18.1],[84.5,-18.1],[83.7,-18.1],[82.9,-18.2],[81.4,-18.7],[79.6,-19.5],[78.1,-20.4],[76.9,-21.2],[76.2,-21.9],[75.6,-22.5],[75.0,-23.3],[74.4,-24.2],[73.8,-25.3],[73.2,-26.5],[72.7,-27.9],[72.9,-29.3],[73.9,-30.3],[75.0,-31.0],[76.0,-31.7],[76.9,-32.2]]},"properties":{"stormId":"AU196768_14U","name":"GINA","start":"1968-02-13 01:00","end":"1968-02-26 06:00","positions":43,"minCentralPressure":995.0,"maxWindSpeed":null,"source":"Bureau of Meteorology Australian Tropical Cyclone Database"}},{"type":"Feature","geometry":{"type":"LineString","coordinates":[[139.0,-13.0],[137.0,-13.3],[136.1,-13.3],[136.0,-13.3],[135.0,-13.5],[133.5,-13.8],[132.0,-14.1],[131.5,-14.2],[130.8,-14.5],[130.5,-14.7],[130.0,-14.8],[129.4,-15.1],[129.0,-15.5],[128.5,-16.2],[128.0,-17.0]]},"properties":{"stormId":"AU196768_15U","name":"BONNIE","start":"1968-02-19 23:00","end":"1968-02-27 01:00","positions":15,"minCentralPressure":997.0,"maxWindSpeed":null,"source":"Bureau of Meteorology Australian Tropical Cyclone Database"}},{"type":"Feature","geometry":{"type":"LineString","coordinates":[[147.5,-13.4],[148.1,-13.7],[148.6,-13.9],[149.2,-14.0],[149.5,-14.1],[150.1,-14.2],[150.6,-14.3],[151.1,-14.3],[151.7,-14.3],[152.3,-14.1],[153.0,-14.0],[153.6,-13.9],[154.2,-13.8],[154.8,-13.8],[155.5,-13.8],[156.0,-13.8]]},"properties":{"stormId":"AU196768_17U","name":"UNNAMED","start":"1968-02-25 05:00","end":"1968-02-28 23:00","positions":16,"minCentralPressure":1005.0,"maxWindSpeed":null,"source":"Bureau of Meteorology Australian Tropical Cyclone Database"}},{"type":"Feature","geometry":{"type":"LineString","coordinates":[[156.3,-8.1],[157.7,-7.6],[159.0,-7.7],[160.1,-8.4],[160.9,-9.8],[161.3,-12.3],[161.3,-15.0],[161.8,-17.7],[162.5,-20.0],[163.2,-21.1],[163.7,-21.8]]},"properties":{"stormId":"AU196768_18U","name":"GISELE","start":"1968-04-02 23:00","end":"1968-04-07 08:00","positions":11,"minCentralPressure":980.0,"maxWindSpeed":null,"source":"Bureau of Meteorology Australian Tropical Cyclone Database"}},{"type":"Feature","geometry":{"type":"LineString","coordinates":[[153.1,-9.2],[152.2,-10.3],[151.2,-11.7],[151.3,-12.9],[151.9,-13.8],[152.7,-14.7],[153.5,-15.5],[153.8,-16.5],[154.0,-17.7],[154.0,-18.7],[154.0,-19.7],[154.0,-20.0]]},"properties":{"stormId":"AU196869_01U","name":"ADELE","start":"1968-11-22 23:00","end":"1968-11-28 23:00","positions":12,"minCentralPressure":998.0,"maxWindSpeed":null,"source":"Bureau of Meteorology Australian Tropical Cyclone Database"}},{"type":"Feature","geometry":{"type":"LineString","coordinates":[[90.0,-12.0],[90.3,-12.1],[90.7,-12.3],[90.0,-12.4],[89.5,-12.5],[89.0,-12.7],[88.0,-12.8],[87.0,-14.5],[87.0,-16.5],[88.5,-18.5],[88.8,-19.0],[88.2,-19.0],[87.8,-19.0],[87.2,-19.0],[84.3,-19.0]]},"properties":{"stormId":"AU196869_03U","name":"AMBER","start":"1968-12-16 04:00","end":"1968-12-22 22:00","positions":15,"minCentralPressure":975.0,"maxWindSpeed":null,"source":"Bureau of Meteorology Australian Tropical Cyclone Database"}},{"type":"Feature","geometry":{"type":"LineString","coordinates":[[108.0,-13.0],[108.0,-13.0],[108.0,-13.0],[108.0,-13.0],[107.1,-13.0],[106.2,-13.0]]},"properties":{"stormId":"AU196869_04U","name":"BEATIE","start":"1968-12-19 01:00","end":"1968-12-24 01:00","positions":6,"minCentralPressure":1001.0,"maxWindSpeed":null,"source":"Bureau of Meteorology Australian Tropical Cyclone Database"}},{"type":"Feature","geometry":{"type":"LineString","coordinates":[[112.7,-11.3],[111.6,-12.0],[111.6,-12.0],[107.5,-14.0]]},"properties":{"stormId":"AU196869_05U","name":"CHERI","start":"1968-12-27 01:00","end":"1968-12-30 01:00","positions":4,"minCentralPressure":995.0,"maxWindSpeed":null,"source":"Bureau of Meteorology Australian Tropical Cyclone Database"}},{"type":"Feature","geometry":{"type":"LineString","coordinates":[[148.0,-13.0],[147.6,-14.1],[147.5,-15.0],[147.5,-15.9],[147.4,-16.7],[147.2,-17.3],[147.0,-18.0]]},"properties":{"stormId":"AU196869_07U","name":"BRIDGET","start":"1969-01-23 23:00","end":"1969-01-26 23:00","positions":7,"minCentralPressure":1002.0,"maxWindSpeed":null,"source":"Bureau of Meteorology Australian Tropical Cyclone Database"}},{"type":"Feature","geometry":{"type":"LineString","coordinates":[[161.3,-7.5],[160.0,-7.5],[157.4,-7.9],[155.7,-8.7],[155.1,-9.3],[155.2,-10.0],[156.1,-11.0],[156.7,-11.5],[157.0,-11.6],[157.3,-11.8],[158.0,-12.0],[158.8,-12.4],[160.0,-12.8],[160.3,-13.0],[161.7,-14.0],[162.2,-14.5],[163.2,-15.3],[164.6,-17.2],[165.5,-18.9],[166.3,-20.7],[166.3,-21.6],[166.3,-22.1],[167.0,-23.7],[167.6,-24.7],[167.6,-25.6],[167.2,-27.7],[166.6,-28.4],[166.2,-29.0],[164.8,-30.0],[163.7,-31.2],[163.7,-32.0]]},"properties":{"stormId":"AU196869_08U","name":"COLLEEN","start":"1969-01-27 05:00","end":"1969-02-04 23:00","positions":31,"minCentralPressure":963.0,"maxWindSpeed":null,"source":"Bureau of Meteorology Australian Tropical Cyclone Database"}},{"type":"Feature","geometry":{"type":"LineString","coordinates":[[123.0,-19.2],[121.4,-19.1],[119.0,-19.3],[116.0,-19.2],[115.3,-19.3],[114.8,-19.5],[113.8,-19.7],[113.0,-20.7],[113.0,-20.7]]},"properties":{"stormId":"AU196869_10U","name":"GLADYS","start":"1969-02-15 01:00","end":"1969-02-20 01:00","positions":9,"minCentralPressure":987.0,"maxWindSpeed":null,"source":"Bureau of Meteorology Australian Tropical Cyclone Database"}},{"type":"Feature","geometry":{"type":"LineString","coordinates":[[166.3,-19.6],[165.0,-20.0],[164.7,-20.2],[164.0,-20.3],[162.8,-20.2],[161.5,-19.9],[159.7,-19.7],[157.7,-19.3],[155.7,-18.7],[154.3,-17.9],[153.7,-17.6],[153.5,-17.0]]},"properties":{"stormId":"AU196869_11U","name":"IRENE","start":"1969-02-18 23:00","end":"1969-02-23 23:00","positions":12,"minCentralPressure":988.0,"maxWindSpeed":null,"source":"Bureau of Meteorology Australian Tropical Cyclone Database"}},{"type":"Feature","geometry":{"type":"LineString","coordinates":[[136.0,-12.6],[136.0,-12.4],[136.0,-12.4],[136.1,-12.0],[136.3,-11.8],[136.5,-11.9],[136.7,-12.0],[136.2,-12.2],[136.6,-12.2],[136.1,-11.9],[135.9,-11.5],[135.7,-11.3],[135.6,-11.2],[135.5,-11.3],[135.4,-11.4],[135.3,-11.4],[135.2,-11.5],[135.2,-11.7],[135.1,-11.9],[134.9,-12.0],[134.7,-12.0],[134.4,-12.0],[134.2,-12.1],[133.9,-12.1],[133.4,-12.2],[133.0,-12.3],[132.6,-12.5],[132.1,-12.7],[131.2,-13.1],[130.7,-13.3],[130.3,-13.6],[129.8,-13.8],[129.5,-14.0],[129.2,-14.1],[128.3,-14.7],[128.1,-14.8],[127.9,-15.0],[126.9,-15.3],[125.3,-15.6],[124.5,-16.0],[124.2,-16.2],[124.0,-16.3],[123.8,-17.3],[123.2,-18.2],[123.0,-18.8],[123.1,-20.0],[124.6,-20.7],[126.2,-21.0]]},"properties":{"stormId":"AU196869_12U","name":"AUDREY","start":"1969-03-01 00:00","end":"1969-03-09 01:00","positions":48,"minCentralPressure":975.0,"maxWindSpeed":null,"source":"Bureau of Meteorology Australian Tropical Cyclone Database"}},{"type":"Feature","geometry":{"type":"LineString","coordinates":[[97.0,-10.0],[98.5,-12.0],[98.7,-13.0],[98.7,-13.2],[98.1,-14.3],[97.8,-15.0],[98.1,-16.2],[98.5,-17.0],[99.0,-17.8],[99.0,-20.0],[99.2,-21.5],[99.2,-21.5],[99.2,-21.5],[99.6,-24.1],[100.6,-26.0],[105.0,-29.0],[109.6,-30.0],[112.3,-32.0],[114.0,-33.0],[120.0,-36.0]]},"properties":{"stormId":"AU196869_14","name":"Leonie","start":"1969-03-29 01:00","end":"1969-04-07 01:00","positions":20,"minCentralPressure":990.0,"maxWindSpeed":null,"source":"Bureau of Meteorology Australian Tropical Cyclone Database"}},{"type":"Feature","geometry":{"type":"LineString","coordinates":[[105.0,-29.0],[109.6,-30.0],[112.3,-32.0]]},"properties":{"stormId":"AU196869_14U","name":"LEONIE","start":"1969-04-05 13:00","end":"1969-04-06 10:00","positions":3,"minCentralPressure":995.0,"maxWindSpeed":null,"source":"Bureau of Meteorology Australian Tropical Cyclone Database"}},{"type":"Feature","geometry":{"type":"LineString","coordinates":[[156.0,-11.3],[155.8,-11.2],[155.7,-11.1],[155.7,-11.1],[155.6,-11.0],[155.5,-11.0],[155.4,-11.0],[155.3,-10.9],[155.3,-10.9],[155.2,-10.9],[155.0,-10.9],[154.9,-10.9],[154.8,-10.9],[154.7,-11.0],[154.6,-11.1],[154.5,-11.2],[154.4,-11.2],[154.3,-11.3],[154.2,-11.5],[154.1,-11.6],[154.0,-11.7],[154.0,-11.8],[153.9,-11.8],[153.8,-11.9],[153.7,-12.0],[153.6,-12.1],[153.6,-12.2],[153.5,-12.3],[153.4,-12.4],[153.2,-12.6],[153.1,-12.7],[152.8,-12.9],[152.7,-13.0],[152.5,-13.2],[152.3,-13.4],[152.3,-13.6],[152.2,-13.9],[152.2,-14.1],[152.2,-14.3],[152.3,-14.5],[152.3,-14.7],[152.3,-15.0],[152.3,-15.2],[152.4,-15.5],[152.4,-15.8],[152.4,-16.0],[152.5,-16.2],[152.6,-16.4],[152.6,-16.6],[152.9,-17.0],[153.2,-17.4],[153.9,-18.0],[154.6,-18.5],[155.6,-19.3],[156.7,-20.1],[157.1,-20.5],[157.5,-21.0],[157.8,-21.5],[158.0,-22.1]]},"properties":{"stormId":"AU196869_15U","name":"UNNAMED","start":"1969-04-08 11:00","end":"1969-04-15 23:00","positions":59,"minCentralPressure":996.0,"maxWindSpeed":null,"source":"Bureau of Meteorology Australian Tropical Cyclone Database"}},{"type":"Feature","geometry":{"type":"LineString","coordinates":[[164.9,-10.6],[164.7,-10.9],[164.5,-11.2],[164.2,-11.5],[164.0,-11.8],[163.9,-12.0],[163.7,-12.2],[163.6,-12.3],[163.5,-12.5],[163.4,-12.7],[163.2,-13.0],[163.1,-13.2],[163.0,-13.4],[162.7,-13.8],[162.5,-14.2],[162.3,-14.5],[162.1,-14.9],[161.9,-15.3],[161.7,-15.7],[161.3,-16.2],[161.0,-16.7],[160.5,-17.2],[160.1,-17.6],[159.7,-18.2],[159.2,-18.8],[158.8,-19.5],[158.4,-20.3],[157.7,-21.6],[157.1,-23.0],[156.9,-23.5],[156.8,-24.0],[156.6,-24.6],[156.4,-25.3],[156.5,-26.3],[156.5,-27.3],[156.6,-28.0],[156.8,-28.6],[157.4,-29.3],[158.0,-30.0],[158.7,-30.5],[159.3,-31.0],[159.6,-31.3],[160.0,-31.5]]},"properties":{"stormId":"AU196869_16U","name":"UNNAMED","start":"1969-04-11 11:00","end":"1969-04-16 17:00","positions":43,"minCentralPressure":996.0,"maxWindSpeed":null,"source":"Bureau of Meteorology Australian Tropical Cyclone Database"}},{"type":"Feature","geometry":{"type":"LineString","coordinates":[[152.7,-8.7],[152.3,-9.9],[152.0,-11.0],[151.2,-12.0],[150.0,-12.3],[149.2,-12.1],[149.3,-11.7],[150.0,-11.6],[150.6,-11.7],[152.1,-12.0],[154.5,-12.3],[156.1,-12.7],[157.0,-13.0],[159.6,-14.5],[162.0,-15.6],[163.3,-16.2],[164.4,-16.7],[165.5,-17.5]]},"properties":{"stormId":"AU196869_17U","name":"ESTHER","start":"1969-04-25 23:00","end":"1969-05-02 11:00","positions":18,"minCentralPressure":992.0,"maxWindSpeed":null,"source":"Bureau of Meteorology Australian Tropical Cyclone Database"}},{"type":"Feature","geometry":{"type":"LineString","coordinates":[[154.0,-20.1],[153.4,-20.5],[153.2,-20.9],[153.1,-21.5],[153.1,-22.0],[153.2,-22.7],[153.7,-23.3],[154.0,-24.0],[154.3,-24.9],[154.7,-25.7],[154.9,-26.7],[154.9,-28.2],[154.1,-29.8],[152.5,-32.4],[152.5,-33.8]]},"properties":{"stormId":"AU196970_01U","name":"UNNAMED","start":"1969-11-14 02:00","end":"1969-11-15 23:00","positions":15,"minCentralPressure":1004.0,"maxWindSpeed":null,"source":"Bureau of Meteorology Australian Tropical Cyclone Database"}},{"type":"Feature","geometry":{"type":"LineString","coordinates":[[165.1,-15.8],[163.5,-16.1],[162.1,-16.4],[160.6,-16.8],[159.2,-17.0],[158.0,-17.0],[156.6,-16.7],[156.2,-16.4],[155.9,-16.0],[155.9,-15.5],[156.0,-15.0],[156.1,-14.8],[156.4,-14.2],[156.7,-13.9],[157.7,-13.0],[158.6,-12.4],[159.7,-12.0],[160.7,-11.6],[161.8,-11.4],[162.9,-11.7],[163.3,-12.0],[163.4,-12.4],[163.1,-13.5],[162.4,-14.3],[161.4,-15.2],[160.2,-15.9],[158.0,-17.2],[155.8,-18.2],[154.2,-18.8],[153.5,-18.9],[152.8,-19.1],[151.0,-19.6],[149.3,-19.9],[149.1,-20.0],[149.0,-20.1],[148.9,-20.2],[148.7,-20.5],[148.5,-20.8],[148.5,-21.0],[148.5,-21.1]]},"properties":{"stormId":"AU196970_02U","name":"ADA","start":"1970-01-02 23:00","end":"1970-01-18 11:00","positions":40,"minCentralPressure":962.0,"maxWindSpeed":null,"source":"Bureau of Meteorology Australian Tropical Cyclone Database"}},{"type":"Feature","geometry":{"type":"LineString","coordinates":[[129.8,-12.1],[127.7,-12.7],[126.5,-13.1],[125.2,-13.3],[124.0,-13.2],[121.9,-13.1],[119.7,-13.8],[118.5,-14.3],[117.7,-15.1],[116.7,-16.3],[116.2,-17.3],[115.7,-18.9],[114.5,-20.5],[112.9,-22.1],[111.7,-23.6],[111.2,-25.7],[111.1,-26.0],[111.1,-27.0],[111.7,-28.4],[112.7,-30.0],[113.4,-31.0]]},"properties":{"stormId":"AU196970_03U","name":"GLYNIS","start":"1970-01-26 23:30","end":"1970-02-06 01:00","positions":21,"minCentralPressure":970.0,"maxWindSpeed":null,"source":"Bureau of Meteorology Australian Tropical Cyclone Database"}},{"type":"Feature","geometry":{"type":"LineString","coordinates":[[123.3,-16.0],[122.2,-14.0],[121.0,-14.0],[119.4,-14.7],[118.1,-15.2],[116.6,-15.8],[115.2,-16.7],[113.2,-18.0],[112.1,-19.8],[111.7,-21.0],[111.7,-22.0],[113.3,-24.7],[113.5,-24.9],[114.8,-26.7],[116.0,-28.3],[118.9,-29.7],[123.9,-31.2]]},"properties":{"stormId":"AU196970_04U","name":"INGRID","start":"1970-02-09 16:00","end":"1970-02-17 01:00","positions":17,"minCentralPressure":970.0,"maxWindSpeed":null,"source":"Bureau of Meteorology Australian Tropical Cyclone Database"}},{"type":"Feature","geometry":{"type":"LineString","coordinates":[[138.5,-13.9],[139.5,-13.1],[141.8,-12.0],[143.0,-11.7],[143.6,-11.5],[144.2,-11.4],[144.6,-11.5],[146.7,-12.0],[147.9,-13.0],[149.1,-14.0],[149.9,-14.2],[151.1,-14.2],[153.4,-13.6],[154.4,-13.5],[155.4,-13.5],[157.4,-13.6],[158.9,-13.9],[159.2,-14.1],[160.6,-15.0],[161.6,-16.0],[161.8,-16.4],[162.0,-17.7],[161.8,-19.5],[161.2,-21.2],[160.0,-22.9],[158.8,-24.3],[158.0,-25.0]]},"properties":{"stormId":"AU196970_05U","name":"DAWN","start":"1970-02-10 05:00","end":"1970-02-19 05:00","positions":27,"minCentralPressure":990.0,"maxWindSpeed":null,"source":"Bureau of Meteorology Australian Tropical Cyclone Database"}},{"type":"Feature","geometry":{"type":"LineString","coordinates":[[154.5,-14.1],[154.8,-14.8],[154.9,-14.9],[155.6,-15.2],[156.1,-15.3],[158.0,-15.5],[161.0,-15.7]]},"properties":{"stormId":"AU196970_06U","name":"FLORENCE","start":"1970-02-10 23:00","end":"1970-02-12 20:00","positions":7,"minCentralPressure":990.0,"maxWindSpeed":null,"source":"Bureau of Meteorology Australian Tropical Cyclone Database"}},{"type":"Feature","geometry":{"type":"LineString","coordinates":[[147.0,-13.6],[147.0,-13.8],[147.0,-14.0],[147.0,-14.2],[147.1,-14.4],[147.1,-14.5],[147.2,-14.6],[147.2,-14.7],[148.2,-15.6],[147.3,-14.9],[147.3,-15.1],[147.4,-15.3],[147.5,-15.4],[147.6,-15.5],[147.8,-15.6],[148.2,-15.6],[148.4,-15.6],[148.7,-15.6],[149.0,-15.6],[149.2,-15.6],[149.6,-15.6],[149.8,-15.6],[150.1,-15.7],[150.4,-15.8],[150.7,-15.8],[151.0,-15.9],[151.3,-16.0],[151.7,-16.1],[151.9,-16.2],[152.3,-16.3],[152.7,-16.5],[153.1,-16.7]]},"properties":{"stormId":"AU196970_07U","name":"UNNAMED","start":"1970-03-01 05:00","end":"1970-03-04 23:00","positions":32,"minCentralPressure":1000.0,"maxWindSpeed":null,"source":"Bureau of Meteorology Australian Tropical Cyclone Database"}},{"type":"Feature","geometry":{"type":"LineString","coordinates":[[139.9,-13.7],[138.6,-13.8],[137.4,-14.1],[136.9,-14.3],[136.3,-14.6],[136.0,-14.7],[135.5,-14.9],[135.0,-15.1],[135.1,-15.3],[135.5,-15.6],[136.0,-15.8],[136.2,-15.8],[136.3,-15.6],[136.4,-15.4],[136.9,-15.3],[137.7,-15.2],[137.8,-15.2],[138.7,-15.8],[140.2,-16.6]]},"properties":{"stormId":"AU196970_08U","name":"CINDY","start":"1970-03-15 23:00","end":"1970-03-20 23:00","positions":19,"minCentralPressure":995.0,"maxWindSpeed":null,"source":"Bureau of Meteorology Australian Tropical Cyclone Database"}},{"type":"Feature","geometry":{"type":"LineString","coordinates":[[164.0,-9.6],[162.6,-9.8],[161.2,-10.0],[160.7,-9.0],[160.1,-8.2],[158.8,-7.9],[157.5,-7.8],[156.6,-8.0],[155.7,-8.2],[154.3,-8.8],[154.0,-9.0],[154.5,-9.5]]},"properties":{"stormId":"AU196970_09U","name":"ISA","start":"1970-04-13 23:00","end":"1970-04-18 23:00","positions":12,"minCentralPressure":998.0,"maxWindSpeed":null,"source":"Bureau of Meteorology Australian Tropical Cyclone Database"}},{"type":"Feature","geometry":{"type":"LineString","coordinates":[[107.9,-17.8],[111.6,-18.3],[114.7,-18.5],[116.3,-18.8],[117.3,-19.6],[117.7,-20.0],[117.8,-20.7]]},"properties":{"stormId":"AU196970_10U","name":"LULU","start":"1970-05-04 01:00","end":"1970-05-09 01:00","positions":7,"minCentralPressure":996.0,"maxWindSpeed":null,"source":"Bureau of Meteorology Australian Tropical Cyclone Database"}},{"type":"Feature","geometry":{"type":"LineString","coordinates":[[97.0,-7.0],[95.0,-8.0],[96.6,-7.0],[96.4,-7.6],[96.3,-8.3],[96.2,-9.1],[96.1,-9.8],[96.0,-10.3],[95.9,-10.9],[95.6,-11.6],[95.1,-12.3],[95.1,-13.0],[94.9,-13.8],[93.3,-14.7],[91.4,-15.5],[90.2,-16.0],[89.0,-16.4],[88.0,-16.8],[87.0,-17.2],[85.4,-17.6],[83.9,-18.0],[82.9,-18.4],[82.0,-18.8],[81.0,-19.1],[79.9,-19.5],[78.7,-19.9],[77.5,-20.3],[76.3,-20.7],[75.1,-21.1],[74.5,-21.3],[74.4,-21.4],[74.0,-21.7],[73.6,-21.9],[73.2,-22.0],[72.8,-22.1],[72.6,-22.2],[72.4,-22.4],[71.8,-22.7],[71.2,-23.0],[70.7,-23.2],[70.1,-23.5],[69.2,-23.7],[68.3,-24.0],[67.4,-24.4],[66.5,-24.8],[65.7,-25.1],[64.9,-25.5],[64.0,-26.1],[63.0,-26.8],[62.6,-27.1],[62.3,-27.5],[61.5,-28.1],[60.3,-28.8]]},"properties":{"stormId":"AU196970_11U","name":"DIANE","start":"1970-01-03 00:00","end":"1970-01-17 00:00","positions":53,"minCentralPressure":996.0,"maxWindSpeed":null,"source":"Bureau of Meteorology Australian Tropical Cyclone Database"}},{"type":"Feature","geometry":{"type":"LineString","coordinates":[[101.0,-13.0],[98.6,-13.3],[97.8,-13.4],[97.0,-13.5],[96.3,-13.6],[95.7,-13.7],[95.3,-13.9],[94.7,-14.2],[93.5,-14.4],[92.3,-14.7],[91.1,-14.9],[89.9,-15.0],[89.4,-15.1],[89.2,-15.2],[88.6,-15.3],[88.0,-15.3],[87.7,-15.4],[87.5,-15.5],[87.3,-15.7],[87.2,-16.0],[87.2,-16.2],[87.4,-16.4],[87.7,-16.7],[87.9,-16.9],[88.1,-16.7],[88.3,-16.5],[88.5,-16.4],[88.8,-16.2],[89.0,-16.0],[89.2,-15.8],[89.4,-15.6],[89.5,-15.7],[89.6,-15.9],[89.6,-16.2],[89.6,-16.4],[89.5,-16.7],[89.1,-17.4],[88.7,-18.5],[88.3,-19.2],[88.0,-20.0],[88.1,-21.8],[89.0,-24.0],[87.0,-27.0],[93.0,-30.0],[98.0,-31.0],[101.0,-29.0]]},"properties":{"stormId":"AU196970_12U","name":"JUDY","start":"1970-02-09 01:00","end":"1970-02-24 01:00","positions":46,"minCentralPressure":960.0,"maxWindSpeed":null,"source":"Bureau of Meteorology Australian Tropical Cyclone Database"}},{"type":"Feature","geometry":{"type":"LineString","coordinates":[[98.0,-11.0],[96.0,-8.0],[93.0,-8.0],[95.0,-10.0],[90.6,-12.9],[90.3,-13.1],[89.7,-13.2],[89.0,-13.3],[88.2,-13.4],[87.4,-13.6],[86.6,-13.9],[85.8,-14.2],[85.0,-14.5],[83.9,-14.8],[82.7,-15.1],[81.6,-15.4],[80.7,-15.7],[80.1,-16.0],[79.5,-16.4],[78.9,-16.7],[78.2,-17.1],[77.4,-17.5],[76.6,-18.0],[76.0,-18.4],[75.4,-18.8],[74.7,-19.2],[73.9,-19.6],[73.2,-20.0],[72.5,-20.5],[71.9,-20.9],[71.3,-21.4],[70.7,-21.9],[70.1,-22.5],[69.4,-23.2],[68.6,-24.0]]},"properties":{"stormId":"AU196970_13U","name":"KATHY","start":"1970-03-19 00:00","end":"1970-03-30 12:00","positions":35,"minCentralPressure":990.0,"maxWindSpeed":null,"source":"Bureau of Meteorology Australian Tropical Cyclone Database"}},{"type":"Feature","geometry":{"type":"LineString","coordinates":[[87.0,-9.0],[87.1,-9.0],[87.2,-9.1],[87.3,-9.1],[87.4,-9.2],[87.5,-9.3],[87.7,-9.3],[87.9,-9.4],[88.0,-9.5],[88.2,-9.6],[88.4,-9.7],[88.6,-9.8],[88.9,-10.0],[89.0,-10.1],[89.2,-10.2],[89.4,-10.3],[89.5,-10.5],[89.5,-10.7],[89.5,-10.9],[89.6,-11.0],[89.6,-11.1],[89.7,-11.2],[89.8,-11.3],[89.8,-11.4],[89.8,-11.5],[89.8,-11.6],[89.8,-11.7],[89.8,-11.9],[89.8,-12.0],[89.8,-12.1],[89.8,-12.3],[89.8,-12.4],[89.8,-12.6],[89.7,-12.8],[89.6,-13.1],[89.4,-13.4],[89.3,-13.6],[89.1,-13.8],[89.0,-14.0],[88.9,-14.2],[88.7,-14.3],[89.1,-14.4],[89.6,-14.5],[90.0,-14.6],[91.0,-14.8],[91.0,-15.0],[91.0,-15.2],[91.7,-15.4],[92.5,-15.5],[92.4,-15.6],[92.3,-15.7],[92.2,-15.8],[92.0,-16.0],[91.9,-16.1],[91.7,-16.2],[91.6,-16.3],[91.5,-16.5],[91.2,-16.7],[91.0,-16.9],[90.8,-17.2],[90.6,-17.4],[90.4,-17.6],[90.0,-17.7],[89.9,-17.8],[89.8,-18.0],[89.4,-18.3],[89.0,-18.6],[88.6,-19.0],[88.2,-19.3],[88.0,-19.6],[87.6,-19.7],[87.2,-19.9],[87.0,-20.0],[86.5,-19.9],[86.0,-19.8],[85.0,-19.7],[84.0,-19.6],[83.0,-19.5],[82.5,-19.4],[82.0,-19.3],[81.0,-19.3],[80.0,-18.9],[79.0,-18.4]]},"properties":{"stormId":"AU197071_01U","name":"ANDREA","start":"1970-10-31 00:00","end":"1970-11-10 06:00","positions":83,"minCentralPressure":970.0,"maxWindSpeed":null,"source":"Bureau of Meteorology Australian Tropical Cyclone Database"}},{"type":"Feature","geometry":{"type":"LineString","coordinates":[[92.0,-8.0],[91.7,-8.5],[91.4,-9.0],[91.1,-9.5],[90.8,-10.0],[90.6,-10.5],[90.4,-11.0],[90.2,-11.5],[90.0,-12.0],[90.0,-12.2],[90.1,-12.5],[90.2,-12.7],[90.3,-13.0],[90.4,-13.3],[90.5,-13.5],[90.6,-13.7],[90.8,-13.9],[90.9,-14.2],[91.0,-14.5],[91.1,-14.8],[91.1,-15.0],[91.2,-15.2],[91.2,-15.4],[91.2,-15.6],[91.2,-15.8],[91.1,-16.1],[91.0,-16.4],[90.9,-16.7],[90.8,-16.9],[90.7,-17.1],[90.5,-17.2],[90.3,-17.4],[90.1,-17.5],[89.7,-17.7],[89.1,-17.9],[88.6,-18.1],[88.0,-18.3],[87.6,-18.4],[87.1,-18.5],[86.6,-18.6],[86.1,-18.6],[85.6,-18.6],[85.1,-18.6],[84.6,-18.5],[84.0,-18.5],[83.3,-18.4],[82.5,-18.3],[81.3,-18.2],[81.0,-18.0]]},"properties":{"stormId":"AU197071_02U","name":"CARMEN","start":"1970-11-20 00:00","end":"1970-11-26 00:00","positions":49,"minCentralPressure":990.0,"maxWindSpeed":null,"source":"Bureau of Meteorology Australian Tropical Cyclone Database"}},{"type":"Feature","geometry":{"type":"LineString","coordinates":[[138.0,-9.0],[137.0,-9.0],[136.0,-9.3],[134.6,-10.5],[134.8,-11.0],[134.9,-11.7],[135.1,-12.0],[135.1,-12.2],[129.0,-11.1],[126.3,-12.2],[125.5,-12.9],[123.2,-14.3],[121.3,-15.4],[121.3,-15.9],[122.0,-16.7],[122.3,-16.9],[123.0,-17.1],[123.9,-17.7],[125.9,-19.1],[127.2,-17.6]]},"properties":{"stormId":"AU197071_03U","name":"BEVERLEY-EVA","start":"1970-11-26 06:00","end":"1970-12-07 01:00","positions":20,"minCentralPressure":970.0,"maxWindSpeed":null,"source":"Bureau of Meteorology Australian Tropical Cyclone Database"}},{"type":"Feature","geometry":{"type":"LineString","coordinates":[[97.0,-8.0],[97.2,-8.1],[97.3,-8.3],[97.4,-8.4],[97.5,-8.5],[97.7,-8.7],[97.8,-8.8],[97.9,-8.9],[98.0,-9.0],[98.2,-9.3],[98.5,-9.7],[98.7,-10.1],[99.0,-10.5],[99.2,-10.8],[99.5,-11.2],[99.7,-11.6],[100.0,-12.0],[100.3,-12.6],[100.6,-13.5],[101.0,-14.6],[101.3,-16.2],[101.1,-17.1],[100.7,-17.7],[100.3,-18.1],[100.0,-18.4],[99.7,-18.7],[99.5,-18.9],[99.3,-19.2],[99.0,-19.4],[98.7,-19.6],[98.5,-19.8],[98.3,-20.1],[98.0,-20.3],[97.5,-20.5],[97.1,-20.6],[96.7,-20.8],[96.2,-20.9],[95.6,-20.9],[95.0,-20.9],[94.4,-20.9],[93.9,-20.8],[93.0,-20.8],[92.1,-20.7],[91.2,-20.6],[90.2,-20.4]]},"properties":{"stormId":"AU197071_05U","name":"JANET","start":"1970-12-19 00:00","end":"1970-12-24 12:00","positions":45,"minCentralPressure":980.0,"maxWindSpeed":null,"source":"Bureau of Meteorology Australian Tropical Cyclone Database"}},{"type":"Feature","geometry":{"type":"LineString","coordinates":[[110.3,-10.2],[113.7,-13.3],[118.1,-15.0],[119.5,-15.3],[120.6,-16.0],[121.0,-17.7],[121.0,-19.7],[121.0,-20.1],[121.0,-22.5]]},"properties":{"stormId":"AU197071_06U","name":"LORIS","start":"1970-12-26 01:00","end":"1970-12-31 01:00","positions":9,"minCentralPressure":980.0,"maxWindSpeed":null,"source":"Bureau of Meteorology Australian Tropical Cyclone Database"}},{"type":"Feature","geometry":{"type":"LineString","coordinates":[[99.5,-12.0],[98.9,-12.2],[98.3,-12.4],[97.7,-12.6],[97.2,-12.8],[96.6,-13.0],[96.1,-13.2],[95.6,-13.4],[95.0,-13.6],[94.2,-13.8],[93.5,-14.0],[92.7,-14.3],[92.0,-14.5],[91.2,-14.7],[90.5,-14.8],[89.7,-14.9],[89.0,-15.0],[88.3,-15.0],[87.5,-15.0],[86.7,-15.0],[86.0,-15.0],[85.2,-15.0],[84.5,-15.0],[83.7,-15.0],[83.0,-15.0],[82.4,-15.0],[81.7,-15.0],[81.1,-15.0],[80.5,-15.0],[79.9,-15.0],[79.2,-15.0],[78.6,-15.0],[78.0,-15.0]]},"properties":{"stormId":"AU197071_07U","name":"MYRTLE","start":"1971-01-15 00:00","end":"1971-01-19 00:00","positions":33,"minCentralPressure":970.0,"maxWindSpeed":null,"source":"Bureau of Meteorology Australian Tropical Cyclone Database"}},{"type":"Feature","geometry":{"type":"LineString","coordinates":[[93.5,-11.0],[93.3,-11.0],[93.1,-11.0],[92.9,-11.0],[92.7,-11.0],[92.6,-11.0],[92.4,-11.0],[92.2,-11.0],[92.0,-11.0],[91.8,-11.0],[91.6,-11.0],[91.4,-11.0],[91.2,-11.0],[91.0,-11.0],[90.8,-11.0],[90.7,-11.0],[90.5,-11.0],[90.0,-11.0],[89.0,-11.0],[88.0,-11.0],[87.5,-11.1],[87.0,-11.2],[86.5,-11.3],[86.0,-11.5],[85.5,-11.8],[85.6,-12.0],[85.7,-12.3],[85.8,-12.6],[85.8,-13.0],[85.8,-13.4],[85.8,-13.9],[85.8,-14.3],[85.8,-14.8],[85.8,-15.2],[85.8,-15.7],[85.8,-16.3],[85.9,-16.9],[85.9,-17.5],[86.0,-18.1],[86.0,-18.7],[86.1,-19.3],[86.2,-19.9],[86.3,-20.5],[86.4,-21.2],[86.5,-21.8],[86.6,-22.4],[86.8,-22.8],[87.0,-23.0],[87.2,-23.2],[87.3,-23.4],[87.4,-23.7],[87.5,-24.0],[87.6,-24.3],[87.7,-24.6],[87.8,-24.9],[87.9,-25.2],[88.0,-25.5],[88.2,-25.8],[88.4,-26.1],[88.6,-26.4],[88.8,-26.6],[89.0,-26.8],[89.5,-26.7],[89.7,-26.6],[90.0,-26.5],[90.1,-26.4],[90.2,-26.2],[90.2,-25.8],[90.1,-25.6],[90.1,-25.4],[90.0,-25.2],[90.0,-25.0]]},"properties":{"stormId":"AU197071_08U","name":"POLLY","start":"1971-01-20 00:00","end":"1971-01-29 00:00","positions":72,"minCentralPressure":980.0,"maxWindSpeed":null,"source":"Bureau of Meteorology Australian Tropical Cyclone Database"}},{"type":"Feature","geometry":{"type":"LineString","coordinates":[[117.9,-14.1],[116.6,-17.0],[114.6,-20.1],[114.3,-20.3],[113.8,-21.5],[113.8,-21.6],[114.3,-22.5],[114.1,-22.9],[113.7,-23.0],[113.3,-23.0],[113.0,-21.3],[112.1,-24.6],[110.2,-26.3],[109.7,-29.3]]},"properties":{"stormId":"AU197071_09U","name":"RITA","start":"1971-01-22 01:00","end":"1971-01-30 01:00","positions":14,"minCentralPressure":980.0,"maxWindSpeed":null,"source":"Bureau of Meteorology Australian Tropical Cyclone Database"}},{"type":"Feature","geometry":{"type":"LineString","coordinates":[[121.2,-14.0],[120.7,-14.3],[120.3,-14.6],[119.7,-14.5],[119.1,-14.6],[118.9,-14.6],[118.0,-14.7],[117.0,-15.1],[116.8,-16.0],[116.8,-16.6],[117.0,-18.1],[117.0,-18.3],[117.0,-18.8],[117.1,-19.3],[117.3,-20.4],[117.3,-20.7],[117.5,-21.0],[117.4,-21.7],[118.2,-24.0]]},"properties":{"stormId":"AU197071_10U","name":"SHEILA","start":"1971-01-29 01:00","end":"1971-02-04 01:00","positions":19,"minCentralPressure":925.0,"maxWindSpeed":null,"source":"Bureau of Meteorology Australian Tropical Cyclone Database"}},{"type":"Feature","geometry":{"type":"LineString","coordinates":[[136.9,-15.1],[138.0,-15.2],[138.5,-15.5],[138.8,-15.9],[138.6,-16.4],[137.8,-16.1],[137.5,-15.8],[137.2,-15.7],[137.0,-15.7],[136.8,-15.6],[136.6,-15.6],[135.7,-15.6],[133.1,-15.7]]},"properties":{"stormId":"AU197071_11U","name":"AGGIE","start":"1971-01-31 23:30","end":"1971-02-03 23:30","positions":13,"minCentralPressure":984.0,"maxWindSpeed":null,"source":"Bureau of Meteorology Australian Tropical Cyclone Database"}},{"type":"Feature","geometry":{"type":"LineString","coordinates":[[152.7,-19.5],[153.0,-20.3],[153.5,-20.5],[155.6,-21.1],[158.4,-22.8],[159.2,-24.0],[159.2,-24.7],[159.2,-25.3],[159.4,-25.6],[161.1,-26.7],[161.4,-27.0],[161.6,-27.5],[161.4,-27.7],[161.2,-27.6],[160.6,-27.4],[159.8,-27.1],[158.9,-27.4],[157.5,-27.8],[157.0,-27.8],[156.3,-28.0],[155.5,-28.0],[155.3,-28.0],[153.2,-27.0],[152.7,-26.6],[151.9,-25.7]]},"properties":{"stormId":"AU197071_12U","name":"DORA","start":"1971-02-10 11:00","end":"1971-02-17 17:00","positions":25,"minCentralPressure":990.0,"maxWindSpeed":null,"source":"Bureau of Meteorology Australian Tropical Cyclone Database"}},{"type":"Feature","geometry":{"type":"LineString","coordinates":[[149.5,-16.9],[150.5,-17.4],[152.1,-18.3],[153.4,-19.1],[153.6,-20.0],[153.3,-20.5],[152.9,-20.8],[152.2,-21.0],[151.8,-21.0],[150.7,-21.0],[149.7,-20.6],[148.0,-19.3],[147.4,-18.9],[146.0,-18.1],[145.6,-18.1],[144.2,-17.3]]},"properties":{"stormId":"AU197071_13U","name":"GERTIE","start":"1971-02-10 23:00","end":"1971-02-16 08:00","positions":16,"minCentralPressure":983.0,"maxWindSpeed":null,"source":"Bureau of Meteorology Australian Tropical Cyclone Database"}},{"type":"Feature","geometry":{"type":"LineString","coordinates":[[155.2,-17.0],[155.7,-17.4],[157.1,-16.7],[157.3,-17.4],[156.9,-17.5],[156.5,-17.3],[156.5,-16.7],[157.2,-16.7],[157.7,-17.6],[158.1,-18.3],[158.6,-18.0],[159.2,-18.3],[159.6,-19.0],[160.9,-20.6],[161.7,-21.6],[162.3,-22.4],[162.6,-22.8],[163.3,-23.6],[164.0,-24.4],[165.0,-25.0]]},"properties":{"stormId":"AU197071_15U","name":"IDA","start":"1971-02-15 23:00","end":"1971-02-20 23:00","positions":20,"minCentralPressure":980.0,"maxWindSpeed":null,"source":"Bureau of Meteorology Australian Tropical Cyclone Database"}},{"type":"Feature","geometry":{"type":"LineString","coordinates":[[141.4,-16.0],[140.8,-16.0],[139.5,-16.0],[138.1,-15.6],[137.5,-15.0],[137.5,-14.0],[138.5,-13.5],[139.7,-14.0],[141.6,-16.1],[142.0,-16.8],[142.3,-17.1],[143.1,-18.3],[146.3,-20.3],[149.0,-22.1],[149.3,-22.6],[150.9,-23.1],[151.1,-23.3],[152.1,-24.4],[152.8,-24.4],[153.2,-24.3],[154.5,-23.8],[155.2,-24.0],[155.8,-24.1],[157.0,-23.5],[158.6,-22.7],[159.8,-22.3],[160.5,-22.0],[161.3,-21.6],[161.9,-21.4],[162.5,-21.2],[163.0,-20.8],[163.1,-20.5],[163.0,-20.4],[162.6,-20.3],[161.8,-20.8]]},"properties":{"stormId":"AU197071_16U","name":"FIONA","start":"1971-02-16 20:00","end":"1971-02-28 11:00","positions":35,"minCentralPressure":960.0,"maxWindSpeed":null,"source":"Bureau of Meteorology Australian Tropical Cyclone Database"}},{"type":"Feature","geometry":{"type":"LineString","coordinates":[[93.0,-13.0],[93.1,-13.0],[93.2,-13.1],[93.3,-13.1],[93.4,-13.2],[93.5,-13.2],[93.6,-13.3],[93.8,-13.4],[92.0,-13.5],[91.9,-13.5],[91.8,-13.6],[91.7,-13.6],[91.6,-13.7],[91.5,-13.7],[91.4,-13.8],[91.2,-13.9],[91.0,-14.0],[90.7,-14.3],[90.1,-14.7],[89.3,-15.5],[88.5,-16.3],[87.9,-16.9],[87.3,-17.3],[86.6,-17.7],[86.0,-18.0],[85.4,-18.3],[84.8,-18.6],[84.2,-18.8],[83.6,-19.0],[83.0,-19.2],[82.4,-19.4],[81.8,-19.6],[81.5,-19.8],[81.1,-19.8],[80.5,-19.8],[79.9,-19.7],[79.1,-19.6],[78.3,-19.5],[77.5,-19.4],[76.8,-19.2],[76.5,-19.0]]},"properties":{"stormId":"AU197071_17U","name":"YVONNE","start":"1971-02-19 00:00","end":"1971-02-24 00:00","positions":41,"minCentralPressure":975.0,"maxWindSpeed":null,"source":"Bureau of Meteorology Australian Tropical Cyclone Database"}},{"type":"Feature","geometry":{"type":"LineString","coordinates":[[91.0,-10.0],[90.7,-10.1],[90.4,-10.2],[90.1,-10.4],[89.8,-10.5],[89.6,-10.6],[89.4,-10.8],[89.2,-10.9],[89.0,-11.0],[88.7,-11.2],[88.4,-11.3],[88.1,-11.4],[87.8,-11.5],[87.5,-11.6],[87.2,-11.8],[87.1,-11.9],[87.0,-12.0],[86.9,-12.1],[86.8,-12.2],[86.7,-12.3],[86.6,-12.5],[86.5,-12.6],[86.4,-12.7],[86.2,-12.8],[86.0,-13.0],[85.9,-13.0],[85.8,-13.0],[85.7,-13.0],[85.6,-13.0],[85.5,-13.0],[85.4,-13.0],[85.2,-13.0],[85.0,-13.0],[84.9,-13.0],[84.8,-13.0],[84.7,-13.0],[84.6,-13.0],[84.5,-13.0],[84.2,-13.0],[84.1,-13.0],[84.0,-13.0],[83.5,-13.4],[83.0,-13.8],[82.5,-14.2],[82.0,-14.6],[81.5,-15.0],[81.0,-15.4],[80.5,-15.8],[80.0,-16.0],[79.4,-16.3],[79.2,-16.6],[79.0,-16.9],[78.6,-17.2],[78.4,-17.5],[78.2,-17.8],[78.0,-18.1],[77.6,-18.4],[77.2,-18.7],[77.0,-18.8],[76.6,-19.2],[76.2,-19.5],[75.8,-19.8],[75.4,-20.1],[75.0,-20.4],[74.6,-20.7],[74.2,-21.0],[73.8,-21.2],[73.4,-21.5],[73.0,-21.8],[72.8,-21.9],[72.5,-22.0],[72.3,-22.0],[72.0,-22.0],[72.5,-22.3],[73.0,-22.6],[73.5,-22.9],[74.0,-23.2],[74.5,-23.5],[75.0,-23.8],[75.5,-24.0],[76.0,-25.0],[76.0,-26.0],[76.0,-27.0],[76.5,-28.0],[77.0,-29.0],[77.5,-30.0],[78.0,-31.0],[79.0,-33.0],[81.0,-35.0],[94.0,-36.0],[100.0,-40.0]]},"properties":{"stormId":"AU197071_18U","name":"MAGGIE-MURIEL","start":"1971-03-07 00:00","end":"1971-03-20 00:00","positions":91,"minCentralPressure":950.0,"maxWindSpeed":null,"source":"Bureau of Meteorology Australian Tropical Cyclone Database"}},{"type":"Feature","geometry":{"type":"LineString","coordinates":[[154.8,-12.4],[155.3,-13.1],[155.8,-13.6],[156.1,-14.2],[156.4,-14.6],[156.7,-15.2],[156.8,-15.8],[156.8,-16.4],[156.8,-17.0],[156.8,-17.6],[156.7,-18.2],[156.4,-18.7],[156.2,-19.2],[155.8,-19.7],[155.4,-20.1],[155.1,-20.5],[154.8,-20.9],[154.6,-21.4],[154.4,-21.5],[154.4,-21.7],[154.2,-22.0],[154.1,-22.3],[154.1,-22.4],[154.2,-22.6],[154.2,-22.9],[154.3,-23.3],[154.5,-23.7],[154.8,-23.9],[155.0,-24.0],[155.1,-23.9],[155.2,-23.8],[155.3,-23.7],[155.4,-23.6],[155.6,-23.4],[155.8,-23.2],[156.1,-23.1],[156.3,-22.9],[156.6,-22.7],[157.0,-22.6],[157.4,-22.4],[157.9,-22.2],[158.4,-22.0],[158.9,-21.8],[159.4,-21.7],[159.9,-21.5],[160.4,-21.4],[160.8,-21.4],[161.2,-21.5],[161.6,-21.6],[162.0,-21.6],[162.5,-21.7],[163.0,-21.8],[163.6,-22.1],[164.4,-22.3],[165.4,-22.9],[166.6,-23.4],[167.8,-24.0]]},"properties":{"stormId":"AU197071_19U","name":"LENA","start":"1971-03-13 05:00","end":"1971-03-19 23:00","positions":57,"minCentralPressure":980.0,"maxWindSpeed":null,"source":"Bureau of Meteorology Australian Tropical Cyclone Database"}},{"type":"Feature","geometry":{"type":"LineString","coordinates":[[121.3,-17.0],[120.5,-17.0],[120.0,-17.0],[119.5,-17.0],[119.0,-17.0],[118.5,-17.0],[118.0,-17.0],[117.5,-17.0],[117.1,-17.0],[116.7,-17.1],[116.2,-17.2],[115.7,-17.3],[115.2,-17.4],[114.8,-17.5],[114.4,-17.6],[114.2,-17.8],[114.0,-18.0],[113.8,-18.2],[113.5,-18.5],[112.9,-18.9],[112.5,-19.2],[111.0,-19.5],[110.3,-19.6],[109.5,-19.8],[108.9,-20.0],[108.5,-20.2],[107.9,-20.5],[107.3,-20.8],[106.6,-21.1],[106.0,-21.4],[105.5,-21.7],[105.0,-22.0],[105.3,-22.5],[106.7,-23.3],[107.8,-23.9],[108.5,-24.1],[110.0,-24.5],[111.0,-24.9],[112.0,-25.4],[113.3,-26.2],[114.1,-26.6],[116.0,-27.5],[118.2,-29.1],[120.0,-29.5],[122.0,-30.0],[124.0,-30.5],[126.0,-31.0],[128.0,-31.5],[130.0,-31.3]]},"properties":{"stormId":"AU197071_20U","name":"MAVIS","start":"1971-03-23 00:00","end":"1971-03-29 00:00","positions":49,"minCentralPressure":975.0,"maxWindSpeed":null,"source":"Bureau of Meteorology Australian Tropical Cyclone Database"}},{"type":"Feature","geometry":{"type":"LineString","coordinates":[[139.0,-9.0],[138.6,-9.2],[138.2,-9.4],[137.8,-9.6],[137.5,-9.8],[137.2,-10.0],[136.8,-10.1],[136.4,-10.3],[136.0,-10.3],[135.8,-10.3],[135.6,-10.3],[135.4,-10.3],[135.2,-10.3],[134.9,-10.3],[134.7,-10.3],[134.5,-10.3],[134.2,-10.4],[133.8,-10.4],[133.4,-10.4],[133.0,-10.4],[132.5,-10.4],[132.3,-10.5],[132.0,-10.6],[131.7,-10.8],[131.7,-10.8],[131.5,-11.0],[131.1,-11.3],[130.7,-11.6],[130.5,-11.7],[130.4,-12.0]]},"properties":{"stormId":"AU197172_02U","name":"KITTY","start":"1971-12-02 00:00","end":"1971-12-05 09:00","positions":30,"minCentralPressure":1000.0,"maxWindSpeed":null,"source":"Bureau of Meteorology Australian Tropical Cyclone Database"}},{"type":"Feature","geometry":{"type":"LineString","coordinates":[[124.8,-7.0],[123.8,-9.0],[122.6,-9.9],[121.6,-10.9],[121.3,-11.5],[121.0,-12.0],[120.0,-12.5],[118.9,-13.0],[118.3,-14.2],[118.9,-15.7],[119.8,-16.9],[121.0,-18.1],[121.8,-18.6],[122.1,-18.7],[122.3,-18.7],[122.5,-18.7],[123.0,-18.7]]},"properties":{"stormId":"AU197172_04U","name":"SALLY","start":"1971-12-03 01:00","end":"1971-12-11 01:00","positions":17,"minCentralPressure":950.0,"maxWindSpeed":null,"source":"Bureau of Meteorology Australian Tropical Cyclone Database"}},{"type":"Feature","geometry":{"type":"LineString","coordinates":[[159.0,-10.9],[158.8,-11.1],[158.6,-11.4],[158.4,-11.6],[158.3,-11.9],[158.1,-12.1],[157.9,-12.4],[157.7,-12.7],[157.5,-13.0],[157.3,-13.3],[157.0,-13.5],[156.7,-13.8],[156.5,-14.1],[156.2,-14.4],[155.8,-14.7],[155.4,-15.1],[155.0,-15.4],[154.5,-15.7],[154.0,-16.0],[153.4,-16.3],[152.8,-16.6],[152.2,-16.8],[151.6,-16.9],[151.1,-17.0],[150.5,-17.1],[150.0,-17.4],[149.6,-17.7],[149.0,-17.9],[148.7,-17.9],[148.0,-18.2],[147.5,-18.3],[147.0,-18.6],[146.4,-19.0],[145.9,-19.4],[145.4,-19.9],[145.2,-20.2],[145.0,-20.3],[144.5,-20.4],[144.0,-20.4],[143.4,-20.4],[143.0,-20.6],[142.8,-20.9],[142.7,-21.1],[142.7,-21.5],[142.7,-21.9],[142.8,-22.4],[142.8,-22.9],[143.2,-23.5],[143.6,-24.1],[144.0,-24.6],[145.0,-24.9],[145.6,-25.2],[146.2,-25.4],[146.8,-25.5],[147.3,-25.7],[147.8,-25.8],[148.6,-25.8],[149.4,-25.7],[150.6,-25.7],[151.8,-25.7],[152.7,-25.7],[153.0,-25.7],[153.5,-25.7],[153.9,-25.6],[154.3,-25.5],[154.5,-25.3],[155.0,-25.2],[155.6,-25.1],[156.3,-25.0],[157.1,-25.0],[158.0,-25.1],[158.9,-25.3],[159.9,-25.5],[160.9,-26.0],[161.9,-26.6],[162.7,-27.5],[163.5,-28.4],[164.0,-29.5],[164.3,-30.7],[164.7,-31.9],[164.7,-33.3],[164.7,-34.8]]},"properties":{"stormId":"AU197172_05U","name":"ALTHEA","start":"1971-12-19 23:00","end":"1971-12-29 23:00","positions":82,"minCentralPressure":952.0,"maxWindSpeed":46.3,"source":"Bureau of Meteorology Australian Tropical Cyclone Database"}},{"type":"Feature","geometry":{"type":"LineString","coordinates":[[138.7,-16.2],[138.7,-16.0],[138.8,-15.8],[138.8,-15.6],[138.8,-15.4],[138.8,-15.1],[138.9,-14.8],[139.0,-14.5],[139.0,-14.2],[139.0,-13.9],[139.1,-13.5],[139.2,-13.1],[139.3,-12.6],[139.4,-12.1],[139.5,-11.6],[139.8,-11.3],[140.0,-11.3],[140.1,-11.3],[140.2,-11.3],[140.3,-11.3],[140.4,-11.4],[140.5,-11.4],[140.6,-11.4],[140.7,-11.5],[140.8,-11.5],[141.0,-11.5],[141.2,-11.6],[141.4,-11.6],[141.6,-11.7],[141.6,-11.7],[141.7,-11.7],[141.8,-11.8],[141.9,-11.8],[141.5,-13.7],[141.7,-13.9],[141.8,-13.7],[141.8,-15.2],[142.4,-15.9],[142.1,-16.0],[142.3,-16.3],[142.5,-16.6],[142.7,-16.9],[142.8,-17.2],[142.9,-17.8],[142.9,-18.1],[143.0,-18.3],[143.0,-18.5],[142.9,-18.8],[142.8,-19.0],[142.6,-19.2],[142.3,-19.4],[142.0,-19.6],[141.7,-19.8],[141.5,-20.1],[141.3,-20.3],[141.1,-20.5],[140.9,-20.7],[140.7,-21.0],[140.7,-21.3],[140.8,-21.6],[140.8,-21.9],[140.9,-22.2],[140.9,-22.5],[141.0,-22.8],[141.2,-23.1],[141.4,-23.4],[141.7,-23.8],[142.0,-24.2],[142.3,-24.6],[142.6,-25.1]]},"properties":{"stormId":"AU197172_06U","name":"BRONWYN","start":"1972-01-02 23:00","end":"1972-01-11 23:00","positions":70,"minCentralPressure":993.0,"maxWindSpeed":null,"source":"Bureau of Meteorology Australian Tropical Cyclone Database"}},{"type":"Feature","geometry":{"type":"LineString","coordinates":[[151.8,-9.5],[152.2,-10.0],[152.4,-10.5],[152.5,-11.0],[152.6,-11.5],[152.7,-12.0],[152.8,-12.6],[152.8,-13.1],[152.6,-13.7],[152.5,-14.2],[152.8,-14.8],[153.2,-15.2],[153.8,-15.5],[154.4,-15.7],[154.9,-15.9],[155.5,-16.0],[155.9,-15.9],[156.3,-15.8],[156.6,-15.7],[157.1,-15.5],[157.4,-15.3],[157.6,-15.2],[158.0,-15.0],[158.2,-14.8],[158.4,-14.6],[158.5,-14.4],[158.6,-14.2],[158.7,-14.0],[158.8,-13.8],[158.9,-13.6],[159.0,-13.4],[159.1,-13.2],[159.2,-13.0],[159.2,-12.8],[159.3,-12.5],[159.3,-12.3],[159.3,-12.1],[159.3,-11.9],[159.1,-11.7],[159.0,-11.5],[158.8,-11.5],[158.6,-11.2],[158.5,-11.0],[158.4,-10.9],[158.3,-10.7],[158.1,-10.6],[157.4,-10.5],[157.7,-10.3],[157.6,-10.1],[157.7,-9.8],[158.0,-9.7],[158.3,-9.6],[158.8,-9.6],[159.3,-9.8],[159.4,-9.9],[159.7,-10.0],[160.1,-10.2],[160.4,-10.4],[160.8,-10.6],[161.1,-10.8],[161.3,-10.9],[161.6,-11.1],[162.2,-11.4],[162.8,-11.8],[163.3,-12.2],[163.7,-12.7],[164.1,-13.2],[164.4,-13.8],[164.7,-14.4],[164.8,-15.1],[164.8,-15.1],[164.9,-15.6],[164.9,-16.3],[164.9,-17.0],[164.8,-17.5],[164.6,-18.2],[164.4,-18.6],[164.1,-19.0],[163.9,-19.3],[163.6,-19.6],[163.4,-19.8],[163.3,-20.0],[163.1,-20.2],[163.0,-20.3],[162.9,-20.3],[162.8,-20.4],[162.7,-20.5],[162.5,-20.6],[162.4,-20.7],[162.3,-20.8],[162.1,-20.9],[161.8,-20.9],[161.4,-21.0],[160.9,-20.7],[160.7,-20.3],[160.7,-19.9],[160.9,-19.5],[160.9,-19.5],[161.7,-18.9],[162.1,-18.7],[162.8,-18.4],[163.5,-18.1],[164.3,-17.9],[165.1,-18.0],[165.8,-18.1],[166.5,-18.3],[167.1,-18.5],[167.7,-18.6],[168.3,-18.7],[168.6,-19.0],[169.0,-19.3],[169.3,-19.7],[169.7,-20.1],[170.0,-20.5],[170.2,-21.0],[170.4,-21.4],[170.6,-21.7],[170.7,-22.0],[170.9,-22.3],[171.0,-22.7],[171.2,-23.0],[171.4,-23.3],[171.5,-23.6],[171.7,-24.0],[171.8,-24.2],[172.0,-24.5],[172.2,-24.9],[172.3,-25.2],[172.5,-25.5],[172.6,-25.8],[172.7,-26.1],[172.8,-26.5],[173.0,-27.0],[173.2,-27.4],[173.3,-27.9],[173.4,-28.3],[173.5,-28.8],[173.5,-29.3]]},"properties":{"stormId":"AU197172_07U","name":"CARLOTTA","start":"1972-01-04 23:00","end":"1972-01-21 20:00","positions":138,"minCentralPressure":940.0,"maxWindSpeed":null,"source":"Bureau of Meteorology Australian Tropical Cyclone Database"}},{"type":"Feature","geometry":{"type":"LineString","coordinates":[[165.0,-16.3],[164.8,-16.6],[164.3,-18.3],[163.3,-19.6],[161.6,-21.0],[160.4,-21.8],[160.0,-22.2],[159.6,-22.8],[159.5,-23.5],[160.5,-24.4],[160.5,-24.8],[160.2,-25.5],[160.0,-25.7],[159.7,-25.9],[158.9,-26.2],[157.5,-26.1],[157.0,-26.1],[156.0,-25.8]]},"properties":{"stormId":"AU197172_08U","name":"WENDY","start":"1972-02-04 08:00","end":"1972-02-09 17:00","positions":18,"minCentralPressure":942.0,"maxWindSpeed":null,"source":"Bureau of Meteorology Australian Tropical Cyclone Database"}},{"type":"Feature","geometry":{"type":"LineString","coordinates":[[150.0,-14.9],[150.0,-14.9],[150.0,-15.0],[150.0,-15.1],[150.0,-15.2],[149.9,-15.3],[149.8,-15.3],[150.1,-15.2],[150.2,-15.0],[150.1,-14.9],[150.4,-15.2],[150.9,-15.7],[151.3,-15.8],[151.6,-16.1],[151.9,-16.3],[152.0,-16.4],[152.3,-16.7],[152.7,-16.9],[153.1,-17.2],[153.5,-17.5],[153.9,-18.0],[154.3,-18.4],[154.6,-18.6],[155.2,-18.8],[155.5,-19.0],[155.9,-19.3],[156.3,-20.0],[156.3,-20.8],[156.1,-21.6],[155.7,-21.8],[155.4,-22.1],[155.4,-22.3],[155.4,-22.7],[155.3,-23.0],[155.2,-23.3],[155.0,-23.4],[154.7,-23.6],[154.4,-23.6],[154.2,-23.6],[153.9,-23.9],[153.7,-24.3],[153.3,-24.7],[153.2,-25.2],[153.3,-25.5],[153.2,-25.8],[153.2,-25.9],[153.2,-26.1],[153.1,-26.1],[153.1,-26.2],[153.1,-26.6],[153.5,-27.1],[153.6,-27.3],[153.8,-27.3],[154.0,-27.2],[154.3,-27.2],[154.6,-27.2],[155.0,-27.3],[155.3,-27.4],[155.7,-27.5],[156.1,-27.5],[156.5,-27.6],[156.8,-27.6],[157.1,-27.6],[157.5,-27.6],[157.8,-27.5],[158.1,-27.4]]},"properties":{"stormId":"AU197172_09U","name":"DAISY","start":"1972-02-05 23:00","end":"1972-02-13 23:00","positions":66,"minCentralPressure":959.0,"maxWindSpeed":null,"source":"Bureau of Meteorology Australian Tropical Cyclone Database"}},{"type":"Feature","geometry":{"type":"LineString","coordinates":[[115.1,-11.8],[114.3,-12.1],[113.5,-12.4],[112.7,-12.7],[111.9,-13.0],[111.1,-13.3],[110.4,-13.6],[109.8,-13.8],[109.0,-14.0],[108.4,-14.2],[107.9,-14.5],[107.5,-14.7],[107.1,-14.9],[106.7,-15.1],[106.3,-15.3],[105.9,-15.5],[105.6,-15.7],[104.7,-16.0],[103.9,-16.3],[103.0,-16.6],[102.2,-16.9],[101.0,-17.1],[99.8,-17.3],[98.6,-17.5],[97.3,-17.7],[96.3,-17.9],[95.4,-18.1],[94.5,-18.2],[93.6,-18.4],[92.7,-18.6],[91.8,-18.8],[90.9,-19.0],[90.0,-19.2],[89.7,-19.7],[89.5,-20.8],[89.3,-20.7],[89.1,-21.2],[88.9,-21.7],[88.7,-22.2],[88.5,-22.7],[88.3,-23.2],[87.7,-23.6],[87.1,-23.9],[86.5,-24.1],[85.9,-24.2],[85.4,-24.3],[84.9,-24.4],[84.9,-24.5],[84.0,-24.6],[83.5,-24.7],[83.0,-24.8],[82.4,-25.0],[81.8,-25.2],[81.1,-25.4],[80.4,-25.6],[79.7,-25.8],[79.0,-26.0]]},"properties":{"stormId":"AU197172_10U","name":"TESSIE","start":"1972-02-20 00:00","end":"1972-02-27 00:00","positions":57,"minCentralPressure":950.0,"maxWindSpeed":null,"source":"Bureau of Meteorology Australian Tropical Cyclone Database"}},{"type":"Feature","geometry":{"type":"LineString","coordinates":[[122.0,-11.0],[121.4,-11.3],[120.8,-11.6],[120.2,-11.9],[119.7,-12.2],[119.1,-12.6],[118.7,-12.9],[118.1,-13.2],[117.3,-13.5],[116.9,-13.5],[116.2,-13.4],[115.5,-13.3],[114.8,-13.1],[114.1,-13.0],[113.4,-13.0],[112.7,-13.0],[112.0,-13.0],[111.5,-13.0],[111.0,-13.0],[110.5,-13.0],[110.0,-13.0],[109.5,-13.2],[109.0,-13.4],[108.5,-13.7],[108.0,-13.9],[108.0,-13.9],[108.0,-14.0],[108.0,-14.1],[108.0,-14.2],[108.0,-14.3],[108.0,-14.4],[108.0,-14.4],[108.1,-14.5],[108.1,-14.5],[108.3,-14.6],[108.5,-14.6],[108.8,-14.7],[109.1,-14.7],[109.4,-14.8],[109.7,-14.9],[110.0,-15.0],[111.0,-15.0],[111.8,-15.0],[112.6,-15.1],[113.3,-15.2],[114.1,-15.3],[114.9,-15.4],[115.7,-15.5],[116.2,-15.5],[116.9,-15.6],[117.3,-15.7],[117.7,-15.7],[118.1,-15.8],[118.5,-15.8],[118.9,-15.9],[119.2,-15.9],[119.5,-16.0],[119.9,-16.0],[120.7,-16.0],[121.0,-16.0],[121.4,-16.0],[121.8,-16.0],[122.2,-16.0],[122.5,-16.0],[122.9,-16.1],[122.3,-16.2],[123.7,-16.2],[124.1,-16.3],[124.5,-16.8],[124.9,-16.9],[125.3,-16.9],[125.7,-16.9]]},"properties":{"stormId":"AU197172_11U","name":"VICKY","start":"1972-02-24 01:00","end":"1972-03-04 01:00","positions":72,"minCentralPressure":960.0,"maxWindSpeed":null,"source":"Bureau of Meteorology Australian Tropical Cyclone Database"}},{"type":"Feature","geometry":{"type":"LineString","coordinates":[[97.0,-8.0],[97.4,-8.4],[97.7,-8.7],[98.1,-9.1],[98.5,-9.5],[98.9,-9.9],[99.3,-10.3],[99.6,-10.6],[100.0,-11.0],[100.6,-11.3],[101.3,-11.5],[101.9,-11.7],[102.5,-12.0],[103.1,-12.3],[103.7,-12.5],[104.4,-12.7],[104.9,-12.9],[105.6,-13.0],[106.2,-13.0],[106.8,-13.1],[107.4,-13.1],[108.0,-13.2],[108.7,-13.2],[109.3,-13.3],[109.8,-13.3]]},"properties":{"stormId":"AU197172_12U","name":"ANGELA","start":"1972-02-29 00:00","end":"1972-03-03 00:00","positions":25,"minCentralPressure":994.0,"maxWindSpeed":null,"source":"Bureau of Meteorology Australian Tropical Cyclone Database"}},{"type":"Feature","geometry":{"type":"LineString","coordinates":[[105.0,-10.0],[104.7,-10.3],[104.4,-10.6],[104.1,-10.9],[103.8,-11.2],[103.5,-11.4],[103.3,-11.6],[103.1,-11.7],[102.9,-11.8],[102.7,-12.2],[102.6,-12.6],[102.5,-13.0],[102.4,-13.4],[102.3,-13.7],[102.2,-13.8],[102.1,-13.9],[102.0,-14.0],[101.5,-14.1],[101.0,-14.2],[100.5,-14.3],[100.0,-14.4],[99.5,-14.5],[99.0,-14.6],[98.8,-14.8],[98.5,-15.0],[98.2,-15.3],[97.9,-15.6],[97.7,-15.8],[97.4,-16.0],[97.1,-16.2],[96.8,-16.4],[96.5,-16.6],[96.1,-16.8],[95.7,-17.0],[95.2,-17.3],[94.7,-17.6],[94.2,-17.9],[93.7,-18.2],[93.2,-18.5],[92.8,-18.8],[92.5,-19.0],[92.2,-19.1],[91.9,-19.2],[91.6,-19.3],[91.3,-19.4],[90.5,-19.8],[90.5,-19.9],[90.5,-20.1],[90.5,-20.3],[90.6,-20.5],[90.7,-20.7],[90.8,-20.8],[90.9,-20.9],[91.0,-21.0],[91.0,-21.4],[91.0,-21.5],[91.0,-21.6],[91.0,-21.7],[91.0,-21.8],[90.2,-22.7],[90.1,-22.9],[90.0,-23.0],[89.9,-23.2],[89.8,-23.3]]},"properties":{"stormId":"AU197172_13U","name":"BELINDA","start":"1972-03-20 00:00","end":"1972-03-29 06:00","positions":64,"minCentralPressure":980.0,"maxWindSpeed":null,"source":"Bureau of Meteorology Australian Tropical Cyclone Database"}},{"type":"Feature","geometry":{"type":"LineString","coordinates":[[157.5,-11.0],[157.8,-11.3],[158.0,-11.6],[158.2,-11.9],[158.5,-12.1],[158.7,-12.2],[158.8,-12.3],[158.9,-12.4],[159.0,-12.5],[159.1,-12.6],[159.2,-12.9],[159.2,-12.9],[159.2,-13.0],[159.2,-13.1],[159.2,-13.2],[159.2,-13.3],[159.2,-13.5],[159.1,-13.8],[159.0,-14.2],[158.8,-14.6],[158.6,-15.0],[158.5,-15.4],[158.3,-15.7],[158.2,-16.1],[158.0,-16.5],[157.5,-16.8],[157.1,-17.3],[156.6,-17.8],[156.1,-18.3],[155.7,-18.7],[155.2,-19.2],[154.7,-19.7],[154.2,-20.1],[153.8,-20.7],[153.5,-21.0],[153.2,-21.4],[152.8,-21.8],[152.6,-22.1],[152.3,-22.5],[152.0,-22.8],[151.7,-23.3],[151.3,-24.0],[151.1,-24.5],[151.1,-24.8],[151.2,-25.2],[151.3,-25.3]]},"properties":{"stormId":"AU197172_15U","name":"EMILY","start":"1972-03-27 23:00","end":"1972-04-02 14:00","positions":46,"minCentralPressure":942.0,"maxWindSpeed":null,"source":"Bureau of Meteorology Australian Tropical Cyclone Database"}},{"type":"Feature","geometry":{"type":"LineString","coordinates":[[84.0,-13.0],[83.9,-13.0],[83.8,-13.0],[83.7,-13.0],[83.6,-13.0],[83.5,-13.0],[83.4,-13.0],[83.3,-13.0],[83.2,-13.0],[83.0,-13.2],[82.8,-13.3],[82.6,-13.4],[82.4,-13.5],[82.3,-13.6],[82.2,-13.7],[82.1,-13.8],[82.0,-14.0],[81.8,-14.2],[81.6,-14.5],[81.5,-14.8],[81.4,-15.1],[81.3,-15.3],[81.2,-15.5],[81.1,-15.7],[81.0,-16.0],[81.0,-16.1],[81.1,-16.2],[81.2,-16.3],[81.3,-16.4],[81.4,-16.5],[81.5,-16.6],[81.6,-16.8],[81.7,-17.0],[81.9,-17.3],[82.2,-17.6],[82.5,-17.9],[82.8,-18.2],[83.1,-18.4],[83.4,-18.6],[85.3,-20.5],[85.6,-20.9],[85.9,-21.3],[86.2,-21.7],[86.5,-22.0],[86.6,-22.2],[86.8,-22.3],[87.0,-22.4],[87.2,-22.5],[87.4,-22.6],[87.6,-22.7],[87.8,-22.8],[88.0,-23.0],[88.7,-23.3],[89.4,-23.6],[90.1,-24.0],[90.8,-24.4],[91.6,-24.8],[92.4,-25.2],[93.2,-25.6],[94.0,-26.0]]},"properties":{"stormId":"AU197172_16U","name":"CAROL","start":"1972-04-06 00:00","end":"1972-04-14 00:00","positions":60,"minCentralPressure":965.0,"maxWindSpeed":null,"source":"Bureau of Meteorology Australian Tropical Cyclone Database"}},{"type":"Feature","geometry":{"type":"LineString","coordinates":[[139.5,-11.0],[139.6,-10.9],[139.7,-10.9],[139.8,-10.9],[139.9,-11.0],[140.0,-11.0],[140.0,-11.1],[140.1,-11.1],[140.1,-11.2],[140.2,-11.3],[140.3,-11.5],[140.4,-11.6],[140.5,-11.7],[140.6,-11.9],[140.7,-12.1],[140.9,-12.2],[141.1,-12.3],[141.2,-12.5],[141.3,-12.7],[141.5,-12.8],[141.7,-12.9],[141.8,-13.0],[142.0,-13.0],[142.3,-13.0],[142.8,-13.0],[143.3,-13.0],[143.7,-13.0],[144.1,-13.0],[144.5,-13.1],[144.4,-13.2],[145.3,-13.3],[145.7,-13.4],[146.1,-13.5],[147.6,-13.6],[147.2,-13.7],[147.7,-13.8],[148.2,-13.9],[148.6,-14.0],[149.0,-14.1],[149.3,-14.1],[149.6,-14.1],[149.8,-14.2],[150.0,-14.2],[150.2,-14.2],[150.4,-14.2],[150.6,-14.1],[150.8,-14.1],[151.0,-14.0],[151.2,-13.9],[151.4,-13.7],[151.6,-13.4],[151.8,-13.1],[151.9,-12.8],[152.0,-12.5],[152.3,-12.2],[152.1,-12.0],[152.1,-11.8],[152.0,-11.7],[151.9,-11.6],[151.7,-11.5],[151.5,-11.5],[151.3,-11.4],[151.0,-11.4],[150.7,-11.5],[150.5,-11.5],[150.3,-11.5],[150.1,-11.5],[149.9,-11.5],[149.7,-11.6],[149.5,-11.6],[149.3,-11.6],[149.1,-11.6],[148.9,-11.6],[148.7,-11.7],[148.5,-11.7],[148.3,-11.7],[148.1,-11.7],[147.9,-11.7],[147.7,-11.7],[147.5,-11.7],[147.3,-11.7],[147.2,-11.7],[147.0,-11.7],[146.7,-11.6],[146.4,-11.4],[146.1,-11.2],[145.8,-11.0],[145.5,-10.8],[145.2,-10.6],[144.9,-10.4],[144.6,-10.2],[144.3,-10.0],[144.0,-9.8],[143.7,-9.7],[143.4,-9.7],[143.1,-9.7],[142.6,-9.6],[142.7,-9.6],[142.5,-9.6],[142.2,-9.6],[141.9,-9.6],[141.6,-9.6],[141.3,-9.6],[141.0,-9.6],[140.7,-9.6],[140.4,-9.6],[140.1,-9.6],[139.8,-9.6],[139.5,-9.6]]},"properties":{"stormId":"AU197172_17U","name":"FAITH","start":"1972-04-10 17:00","end":"1972-04-24 05:00","positions":109,"minCentralPressure":990.0,"maxWindSpeed":null,"source":"Bureau of Meteorology Australian Tropical Cyclone Database"}},{"type":"Feature","geometry":{"type":"LineString","coordinates":[[154.2,-12.8],[154.1,-12.9],[154.1,-13.0],[154.1,-12.9],[154.0,-13.1],[154.0,-13.1],[154.0,-13.3],[154.0,-13.4],[154.1,-13.5],[154.1,-13.6],[154.2,-13.7],[154.3,-13.8],[154.3,-13.8],[154.4,-13.9],[154.5,-13.9],[154.6,-14.0],[154.9,-14.1],[155.2,-14.3],[155.5,-14.4],[155.9,-14.5],[155.9,-14.4],[156.0,-14.5],[156.2,-14.6],[156.5,-15.0],[156.9,-15.4],[157.3,-15.7],[157.6,-16.1],[158.0,-16.4],[158.4,-16.7],[158.8,-16.8],[159.2,-16.9],[159.2,-17.0],[160.3,-17.2],[160.8,-17.3],[161.3,-17.4],[161.7,-17.4],[162.2,-17.5],[162.6,-17.5],[162.6,-17.5],[163.2,-17.5],[163.6,-17.6],[164.2,-17.6],[164.7,-17.6],[165.1,-17.6],[165.5,-17.5],[165.9,-17.5],[166.3,-17.5],[166.7,-17.4],[167.1,-17.3],[167.5,-17.3],[167.9,-17.3],[168.4,-17.4],[168.8,-17.5],[169.3,-17.6],[169.7,-17.3],[169.9,-17.2],[170.0,-16.9],[170.1,-16.5],[170.0,-16.3]]},"properties":{"stormId":"AU197172_18U","name":"GAIL","start":"1972-04-11 02:00","end":"1972-04-17 23:00","positions":59,"minCentralPressure":945.0,"maxWindSpeed":null,"source":"Bureau of Meteorology Australian Tropical Cyclone Database"}},{"type":"Feature","geometry":{"type":"LineString","coordinates":[[155.5,-5.7],[155.2,-6.1],[154.8,-6.4],[154.4,-6.6],[153.9,-6.8],[153.5,-7.1],[153.1,-7.3],[152.6,-7.4],[152.1,-7.4],[151.6,-7.3],[151.2,-7.2],[150.7,-7.1],[150.3,-6.8],[149.9,-6.7],[149.6,-6.5],[149.5,-6.4],[149.3,-6.5],[149.3,-7.2],[149.2,-7.9],[149.2,-9.1],[150.0,-10.0],[150.4,-10.2]]},"properties":{"stormId":"AU197172_19U","name":"HANNAH","start":"1972-05-07 23:00","end":"1972-05-11 14:00","positions":22,"minCentralPressure":970.0,"maxWindSpeed":null,"source":"Bureau of Meteorology Australian Tropical Cyclone Database"}},{"type":"Feature","geometry":{"type":"LineString","coordinates":[[156.4,-5.0],[156.5,-5.5],[156.6,-6.0],[156.8,-6.1],[156.9,-6.3],[157.0,-6.7],[157.1,-6.8],[157.2,-6.9],[157.5,-7.0],[157.9,-7.2],[158.2,-7.3],[158.5,-7.6],[158.9,-7.8],[159.2,-7.9],[159.5,-8.1],[159.8,-8.3],[160.0,-8.5],[160.2,-8.9],[160.6,-9.5],[160.8,-10.0],[160.9,-10.8],[161.1,-11.4],[161.2,-12.3],[161.3,-13.1],[161.5,-14.0],[161.8,-14.8],[162.1,-15.7],[162.7,-16.6],[163.2,-17.4],[163.8,-18.1],[164.5,-19.0],[165.2,-19.8],[166.0,-20.6],[167.2,-21.3],[168.0,-22.0]]},"properties":{"stormId":"AU197172_20U","name":"IDA","start":"1972-05-29 23:00","end":"1972-06-03 05:00","positions":35,"minCentralPressure":970.0,"maxWindSpeed":null,"source":"Bureau of Meteorology Australian Tropical Cyclone Database"}},{"type":"Feature","geometry":{"type":"LineString","coordinates":[[115.0,-12.0],[115.0,-12.2],[115.0,-12.5],[115.0,-12.9],[115.0,-13.1],[115.0,-13.3],[115.0,-13.6],[115.0,-14.0],[115.0,-14.4],[114.8,-15.0],[114.6,-15.6],[114.5,-16.0],[114.4,-16.4],[114.3,-16.9],[114.0,-17.2],[113.7,-17.7],[113.0,-17.8],[112.7,-17.8],[112.5,-17.8],[112.0,-17.8],[111.5,-17.9],[111.0,-18.0],[110.0,-18.1],[109.0,-18.6],[108.0,-19.0],[107.8,-19.3],[107.3,-19.5],[107.0,-19.7],[106.7,-19.9],[106.3,-20.0],[106.0,-20.2],[105.5,-20.5],[105.0,-21.0],[104.6,-21.1],[104.2,-21.2],[103.8,-21.5],[103.4,-21.8],[102.9,-22.1],[102.4,-22.5],[102.0,-22.9],[101.5,-23.1],[100.8,-23.4],[100.4,-23.8],[100.0,-24.0],[100.0,-24.5],[99.9,-25.0],[99.7,-25.4],[99.4,-25.6],[99.0,-25.6],[98.8,-25.5],[98.7,-25.4],[98.6,-25.2],[98.6,-25.1],[98.6,-25.0],[98.5,-24.8],[98.5,-24.6],[98.5,-24.5]]},"properties":{"stormId":"AU197273_02U","name":"JEAN","start":"1973-01-10 01:00","end":"1973-01-17 01:00","positions":57,"minCentralPressure":964.0,"maxWindSpeed":41.2,"source":"Bureau of Meteorology Australian Tropical Cyclone Database"}},{"type":"Feature","geometry":{"type":"LineString","coordinates":[[120.0,-14.7],[119.7,-14.1],[119.5,-14.8],[119.3,-14.8],[119.5,-14.9],[119.0,-15.0],[118.7,-15.2],[118.5,-15.5],[118.3,-15.9],[118.2,-16.2],[118.1,-16.6],[118.0,-16.9],[117.9,-17.2],[117.8,-17.5],[117.5,-17.8],[117.3,-18.0],[117.2,-18.2],[117.0,-18.1],[116.8,-18.8],[116.7,-19.2],[116.9,-19.5],[117.2,-20.0],[117.4,-20.4],[117.6,-20.8],[117.8,-21.1],[118.0,-21.5],[118.2,-21.9],[118.4,-22.3],[118.6,-22.6],[118.9,-23.0],[119.0,-23.2],[119.3,-23.5],[119.6,-23.8],[120.0,-24.2],[120.3,-24.5],[120.5,-24.8],[120.5,-25.0],[120.6,-25.3],[120.5,-25.7],[120.4,-26.0],[120.4,-26.3],[120.4,-26.6]]},"properties":{"stormId":"AU197273_03U","name":"KERRY","start":"1973-01-19 01:00","end":"1973-01-24 04:00","positions":42,"minCentralPressure":960.0,"maxWindSpeed":46.3,"source":"Bureau of Meteorology Australian Tropical Cyclone Database"}},{"type":"Feature","geometry":{"type":"LineString","coordinates":[[138.3,-13.7],[138.1,-14.0],[138.0,-14.2],[138.0,-14.4],[137.9,-14.6],[137.9,-14.7],[137.8,-14.9],[137.9,-14.9],[137.8,-15.0],[137.8,-15.2],[137.7,-15.4],[137.7,-15.5],[137.6,-15.7],[137.6,-15.8],[137.6,-15.9],[137.6,-16.1],[137.5,-16.1],[137.5,-16.2],[137.5,-16.2],[137.3,-16.6],[137.1,-17.1],[136.6,-17.8],[136.1,-18.5]]},"properties":{"stormId":"AU197273_05U","name":"ADELINE","start":"1973-01-27 00:00","end":"1973-01-30 00:00","positions":23,"minCentralPressure":970.0,"maxWindSpeed":36.0,"source":"Bureau of Meteorology Australian Tropical Cyclone Database"}},{"type":"Feature","geometry":{"type":"LineString","coordinates":[[123.0,-15.5],[122.7,-15.7],[122.4,-15.9],[122.2,-16.3],[122.1,-16.6],[122.0,-17.0],[121.7,-17.3],[121.5,-17.6],[121.3,-17.7],[121.0,-17.8],[120.8,-17.9],[120.7,-18.0],[120.7,-18.0],[120.7,-18.0],[120.6,-18.0],[120.5,-18.0],[120.5,-18.0],[120.4,-18.0],[120.3,-18.0],[120.2,-18.0],[120.1,-18.0],[120.1,-18.0],[120.1,-18.0],[120.1,-18.0],[120.1,-18.0]]},"properties":{"stormId":"AU197273_06U","name":"MAUD","start":"1973-01-28 01:00","end":"1973-01-31 01:00","positions":25,"minCentralPressure":990.0,"maxWindSpeed":23.2,"source":"Bureau of Meteorology Australian Tropical Cyclone Database"}},{"type":"Feature","geometry":{"type":"LineString","coordinates":[[157.5,-14.5],[157.4,-14.6],[157.3,-14.8],[157.3,-15.1],[157.2,-15.3],[157.1,-15.8],[157.0,-16.1],[156.9,-16.4],[156.7,-16.7],[156.5,-17.1],[156.2,-17.5],[155.8,-17.9],[155.6,-18.2],[155.4,-18.5],[155.2,-19.2],[155.0,-19.6],[154.9,-20.2],[154.9,-21.1],[155.1,-21.9],[155.3,-22.7],[155.5,-23.7],[155.7,-24.6],[155.9,-25.6],[156.1,-26.5],[156.3,-27.4],[156.5,-28.2],[156.8,-28.9],[157.0,-29.7],[157.2,-30.2],[157.7,-30.8],[158.1,-31.2],[158.7,-31.8],[159.2,-32.2],[159.8,-32.8],[160.2,-33.3],[160.6,-34.3]]},"properties":{"stormId":"AU197273_07U","name":"KIRSTY","start":"1973-02-24 20:00","end":"1973-03-01 05:00","positions":36,"minCentralPressure":975.0,"maxWindSpeed":33.4,"source":"Bureau of Meteorology Australian Tropical Cyclone Database"}},{"type":"Feature","geometry":{"type":"LineString","coordinates":[[139.3,-11.1],[139.3,-11.3],[139.3,-11.5],[139.2,-11.7],[139.1,-11.9],[139.1,-11.9],[139.1,-12.0],[139.1,-12.1],[139.0,-12.1],[138.8,-12.3],[138.8,-12.3],[138.7,-12.3],[138.1,-13.0],[137.4,-13.3],[137.1,-13.5],[137.1,-13.5],[136.6,-13.9],[136.6,-13.9],[136.0,-14.0],[135.5,-14.0],[135.1,-14.0],[129.0,-13.5],[125.2,-13.2],[124.3,-13.6],[123.3,-14.0],[122.5,-14.3],[121.7,-14.3],[121.0,-14.3],[120.1,-14.1],[119.1,-14.0],[117.7,-14.0],[116.1,-14.0],[114.5,-14.5],[113.0,-14.8],[112.1,-15.0],[111.2,-15.2],[110.5,-15.4],[109.6,-15.8],[109.0,-16.2],[108.6,-16.4],[108.2,-16.8],[107.8,-17.2],[107.8,-17.5],[107.2,-17.8],[106.6,-18.0],[106.0,-18.3],[105.5,-18.5],[104.9,-18.7],[104.1,-18.8],[103.5,-19.0],[103.0,-19.0],[102.5,-19.1],[102.0,-19.3],[101.5,-19.4],[101.0,-19.5],[100.7,-19.6],[100.4,-19.9],[100.3,-20.0],[100.1,-20.3],[100.0,-20.5],[99.5,-20.7],[99.2,-20.8],[99.1,-20.9],[99.0,-21.0],[98.7,-21.2],[98.4,-21.5],[98.2,-21.6],[98.0,-21.8],[97.8,-21.9],[97.7,-22.0],[97.6,-22.0],[97.5,-22.0],[97.5,-22.0],[97.5,-22.0],[97.5,-22.0],[97.5,-22.0],[97.4,-22.0],[97.2,-22.0],[96.9,-22.0],[96.3,-22.0],[95.5,-22.0],[94.7,-22.0],[94.1,-21.9],[93.3,-21.4],[91.5,-20.9],[89.9,-20.3]]},"properties":{"stormId":"AU197273_08U","name":"LEAH","start":"1973-02-27 00:00","end":"1973-03-11 01:00","positions":86,"minCentralPressure":973.0,"maxWindSpeed":33.4,"source":"Bureau of Meteorology Australian Tropical Cyclone Database"}},{"type":"Feature","geometry":{"type":"LineString","coordinates":[[160.8,-8.1],[160.4,-8.2],[159.9,-8.4],[158.6,-9.3],[157.8,-9.5],[155.5,-9.7],[155.0,-10.0],[153.2,-11.9],[152.1,-12.6],[150.9,-13.0],[148.5,-13.8],[146.1,-14.6],[145.2,-14.8],[142.6,-14.9],[141.6,-14.9],[139.4,-14.9],[138.2,-14.8],[137.6,-14.5],[137.2,-14.3],[136.1,-14.1],[136.0,-13.9],[135.6,-13.7],[135.1,-13.6],[133.1,-13.7],[131.0,-14.1],[129.7,-14.8],[128.8,-15.1],[128.4,-15.3],[127.9,-15.3],[127.6,-15.4],[127.4,-15.4],[126.8,-15.5],[126.5,-15.6],[126.2,-16.0],[126.0,-16.1],[125.7,-16.4],[125.5,-16.6],[125.3,-16.8],[125.1,-17.0],[124.9,-17.1],[124.5,-17.2],[124.5,-17.2],[124.2,-17.2],[123.9,-17.1],[123.7,-17.0],[123.5,-17.0],[123.3,-17.0],[123.0,-16.9],[122.5,-16.9],[122.3,-17.0],[122.0,-17.1],[121.2,-17.3],[120.5,-17.5],[120.2,-17.8],[119.6,-18.0],[119.0,-18.0],[119.0,-18.0],[118.6,-17.9],[118.0,-17.9],[117.4,-18.1],[116.7,-18.3],[116.2,-18.5],[115.1,-18.6],[114.4,-18.7],[113.5,-18.7],[112.7,-18.8],[112.0,-18.8],[111.2,-18.8],[110.3,-18.8],[109.5,-18.8],[109.1,-18.8],[108.3,-18.9],[107.6,-18.8],[106.8,-18.8],[106.1,-18.9],[105.4,-19.3],[105.1,-19.5],[104.9,-19.9],[104.5,-20.1],[104.2,-20.3],[103.8,-20.5],[103.4,-20.5],[103.1,-20.6],[102.7,-20.6],[102.1,-20.7],[101.4,-20.7],[100.8,-20.7],[100.1,-20.7],[99.2,-20.6],[98.4,-20.6],[97.4,-20.4],[96.5,-20.3],[95.6,-20.1],[94.7,-19.9],[93.9,-19.7],[93.2,-19.6],[93.5,-19.6],[92.4,-19.6],[92.1,-19.6],[92.0,-19.6],[91.8,-19.7],[91.6,-19.7],[91.4,-19.7],[91.2,-19.8],[91.1,-19.8],[90.9,-19.9],[90.8,-20.0],[90.7,-20.0],[90.5,-20.1],[90.2,-20.1],[90.1,-20.2],[89.5,-20.2],[88.8,-20.2],[87.8,-20.2],[86.8,-20.1]]},"properties":{"stormId":"AU197273_09U","name":"MADGE","start":"1973-02-28 17:00","end":"1973-03-18 01:00","positions":115,"minCentralPressure":952.0,"maxWindSpeed":46.3,"source":"Bureau of Meteorology Australian Tropical Cyclone Database"}},{"type":"Feature","geometry":{"type":"LineString","coordinates":[[127.0,-12.0],[126.6,-12.2],[126.0,-12.4],[125.4,-12.6],[124.7,-12.8],[124.1,-13.2],[123.4,-13.6],[122.8,-13.9],[122.1,-14.0],[121.4,-14.0],[120.6,-14.1],[119.7,-14.3],[118.9,-14.6],[118.1,-14.9],[117.3,-15.3],[116.6,-15.7],[115.6,-16.0],[114.9,-16.3],[114.1,-16.5],[113.3,-16.8],[112.6,-17.1],[112.0,-17.3],[111.6,-17.4],[111.2,-17.5],[110.9,-17.5],[110.6,-17.5],[110.4,-17.6],[110.2,-17.6],[110.0,-17.6],[109.8,-17.6],[109.7,-17.6],[109.5,-17.5],[109.4,-17.5],[109.3,-17.5],[109.2,-17.4],[109.1,-17.4],[109.0,-17.3],[108.9,-17.3],[108.7,-17.2],[108.6,-17.1],[108.4,-17.0],[108.2,-16.9],[108.1,-16.7],[107.8,-16.5],[107.5,-16.4],[107.2,-16.3],[106.8,-16.2],[106.5,-16.1],[106.0,-16.0],[105.5,-16.0],[105.1,-16.0],[104.7,-16.0],[104.1,-16.1],[103.8,-16.2],[103.3,-16.4],[102.9,-16.6],[102.4,-17.0],[102.1,-17.3],[101.7,-17.6],[101.4,-17.9],[101.1,-18.2],[100.8,-18.6],[100.5,-19.0],[100.2,-19.3],[99.6,-19.7],[99.3,-19.9],[98.7,-20.0],[98.1,-20.0],[97.5,-19.9],[97.2,-19.7],[96.8,-19.6],[96.4,-19.6],[96.0,-19.6],[95.7,-19.7],[95.4,-19.8],[95.2,-19.9],[95.0,-20.0],[94.9,-20.1],[94.7,-20.2],[94.5,-20.3],[94.4,-20.4]]},"properties":{"stormId":"AU197273_10U","name":"NELLIE","start":"1973-03-13 01:00","end":"1973-03-23 01:00","positions":81,"minCentralPressure":964.0,"maxWindSpeed":41.2,"source":"Bureau of Meteorology Australian Tropical Cyclone Database"}},{"type":"Feature","geometry":{"type":"LineString","coordinates":[[130.9,-8.9],[132.0,-9.2],[133.0,-9.6],[133.9,-9.9],[134.7,-10.3],[135.0,-10.4],[135.4,-10.6],[135.8,-10.8],[136.0,-11.0],[136.5,-11.4],[136.7,-11.4],[136.8,-11.5],[136.9,-11.6],[136.9,-11.8],[137.0,-11.8],[137.1,-11.9],[137.3,-12.1],[137.3,-12.4],[137.2,-12.7],[137.1,-13.0],[137.1,-13.1],[137.1,-13.3],[136.8,-13.6],[136.7,-13.8],[136.6,-13.9],[136.6,-14.0],[136.5,-14.1],[136.5,-14.3],[136.5,-14.6],[136.4,-15.5],[136.2,-16.4]]},"properties":{"stormId":"AU197273_11U","name":"BELLA","start":"1973-03-19 23:30","end":"1973-03-25 19:00","positions":31,"minCentralPressure":998.0,"maxWindSpeed":20.6,"source":"Bureau of Meteorology Australian Tropical Cyclone Database"}},{"type":"Feature","geometry":{"type":"LineString","coordinates":[[103.5,-8.6],[103.1,-8.7],[102.8,-8.8],[102.4,-8.9],[102.0,-9.0],[101.6,-9.2],[101.2,-9.4],[100.8,-9.6],[100.4,-9.9],[100.1,-10.0],[99.9,-10.2],[99.6,-10.4],[99.3,-10.6],[98.9,-10.8],[98.5,-11.0],[98.2,-11.2],[97.8,-11.4],[97.6,-11.6],[97.2,-11.9],[96.9,-12.1],[96.6,-12.3],[96.3,-12.5],[95.9,-12.8],[95.5,-13.0],[95.2,-13.3],[94.9,-13.5],[94.7,-13.7],[94.5,-13.9],[94.3,-14.1],[94.0,-14.3],[93.6,-14.6],[93.3,-14.9],[93.0,-15.1],[92.7,-15.3],[92.4,-15.4],[92.1,-15.6],[91.8,-15.8],[91.4,-15.9],[91.0,-16.0],[90.6,-16.0],[90.2,-16.0],[89.8,-16.0],[89.4,-15.9],[88.9,-15.7],[88.5,-15.5],[88.0,-15.3],[87.5,-15.0],[87.0,-14.5],[86.5,-14.0]]},"properties":{"stormId":"AU197273_12U","name":"PAULA","start":"1973-03-26 00:00","end":"1973-04-01 00:00","positions":49,"minCentralPressure":997.0,"maxWindSpeed":18.0,"source":"Bureau of Meteorology Australian Tropical Cyclone Database"}},{"type":"Feature","geometry":{"type":"LineString","coordinates":[[87.2,-8.8],[86.9,-8.8],[86.5,-8.8],[86.2,-8.8],[85.8,-8.8],[85.4,-8.8],[85.0,-8.8],[84.6,-8.8],[84.2,-8.8],[83.8,-8.8],[83.5,-8.8],[83.1,-8.8],[82.8,-8.8],[82.4,-8.8],[82.1,-8.8],[81.7,-8.8],[81.4,-8.8],[81.1,-8.9],[80.8,-8.9],[80.5,-8.9],[80.2,-9.1],[79.9,-9.3],[79.6,-9.5],[79.3,-9.7],[79.0,-10.0],[79.0,-10.2],[79.1,-10.4],[79.1,-10.6],[79.1,-10.8],[79.2,-11.0],[79.2,-11.2],[79.3,-11.4],[79.3,-11.7],[79.5,-12.4],[79.6,-13.0],[79.8,-13.7],[79.9,-14.3],[80.1,-15.0],[80.2,-15.6],[80.4,-16.3],[80.6,-17.0],[80.8,-17.8],[81.1,-18.5],[81.3,-19.3],[81.5,-20.0],[81.8,-20.8],[82.0,-21.5],[82.2,-22.3],[82.4,-23.0],[82.7,-23.7],[83.0,-24.4],[83.4,-25.1],[83.8,-25.8],[84.2,-26.4],[84.6,-27.1],[85.0,-27.7],[85.4,-28.4],[87.0,-29.6],[88.4,-30.8],[90.0,-31.4],[91.8,-32.0],[93.6,-32.4],[95.6,-32.7],[97.9,-33.0],[100.4,-32.3],[102.5,-32.5],[104.6,-32.7],[106.7,-32.9],[108.8,-33.1],[110.8,-33.3],[112.8,-33.5],[114.8,-33.7],[117.4,-33.8],[118.4,-34.3],[119.4,-34.7],[121.0,-35.7],[122.8,-37.4],[124.1,-39.8],[125.5,-42.2],[126.9,-44.6],[128.3,-46.9]]},"properties":{"stormId":"AU197273_14U","name":"MARCELLE","start":"1973-04-29 00:00","end":"1973-05-09 00:00","positions":81,"minCentralPressure":972.0,"maxWindSpeed":36.0,"source":"Bureau of Meteorology Australian Tropical Cyclone Database"}},{"type":"Feature","geometry":{"type":"LineString","coordinates":[[131.0,-5.0],[128.0,-5.8],[126.0,-6.0],[125.2,-6.2],[124.2,-6.3],[122.8,-6.5],[121.7,-7.1],[121.4,-7.8],[121.4,-8.3],[121.0,-8.6]]},"properties":{"stormId":"AU197273_15U","name":"UNNAMED","start":"1973-04-26 00:00","end":"1973-04-30 06:00","positions":10,"minCentralPressure":950.0,"maxWindSpeed":41.2,"source":"Bureau of Meteorology Australian Tropical Cyclone Database"}},{"type":"Feature","geometry":{"type":"LineString","coordinates":[[134.8,-11.5],[134.5,-11.5],[134.0,-11.5],[133.6,-11.4],[133.6,-11.2],[133.2,-11.0],[133.1,-10.9],[132.9,-10.8],[132.8,-10.8],[132.5,-10.8],[132.3,-10.9],[132.0,-10.9],[131.8,-10.9],[131.6,-10.9],[131.3,-10.9],[131.0,-10.9],[130.8,-10.9],[130.5,-11.0],[130.1,-11.1],[129.9,-11.1],[129.5,-11.2],[129.2,-11.3],[129.0,-11.3],[128.7,-11.4],[128.5,-11.5],[128.2,-11.7],[127.9,-11.8],[127.5,-12.0],[127.3,-12.2],[126.8,-12.5],[126.6,-12.7],[126.4,-12.9],[126.2,-13.2],[126.1,-13.4],[126.1,-13.7],[126.0,-13.9],[125.9,-14.2],[125.8,-14.5],[125.4,-15.0],[125.3,-15.3],[125.3,-15.6],[125.4,-15.9],[125.4,-16.2],[125.4,-16.5],[125.4,-16.7],[125.4,-17.0],[125.4,-17.3],[125.4,-17.6],[125.4,-17.8],[125.4,-18.0],[125.4,-18.2],[125.4,-18.3],[125.4,-18.4],[125.4,-18.4],[125.4,-18.5],[125.4,-18.6],[126.7,-19.0],[127.5,-19.4],[128.6,-19.8],[129.5,-19.8]]},"properties":{"stormId":"AU197374_01U","name":"INES","start":"1973-11-17 00:00","end":"1973-11-24 07:00","positions":60,"minCentralPressure":970.0,"maxWindSpeed":41.2,"source":"Bureau of Meteorology Australian Tropical Cyclone Database"}},{"type":"Feature","geometry":{"type":"LineString","coordinates":[[91.0,-9.0],[91.2,-9.3],[91.4,-9.6],[91.5,-9.8],[91.6,-10.0],[91.7,-10.2],[91.8,-10.4],[91.9,-10.6],[92.1,-10.8],[92.3,-10.9],[92.6,-11.0],[92.8,-11.0],[93.1,-11.1],[93.4,-11.1],[93.7,-11.1],[94.0,-11.1],[94.2,-11.1],[94.4,-11.1],[94.6,-11.1],[94.8,-11.1],[95.0,-11.2],[95.2,-11.2],[95.4,-11.3],[95.6,-11.4],[95.7,-11.5],[95.8,-11.5],[96.0,-11.6],[96.2,-11.6],[96.3,-11.7],[96.4,-11.8],[96.5,-11.9],[96.6,-12.0],[96.7,-12.1],[96.8,-12.2],[96.9,-12.2],[97.0,-12.3],[97.1,-12.4],[97.2,-12.5],[97.3,-12.6],[97.4,-12.7],[97.5,-12.7],[97.7,-12.8],[97.9,-12.7],[98.1,-12.6],[98.3,-12.5],[98.5,-12.4],[98.7,-12.3],[98.9,-12.2],[99.1,-12.0],[99.3,-11.9],[99.5,-11.8],[99.7,-11.7],[100.0,-11.6],[100.3,-11.5],[100.6,-11.4],[100.9,-11.4],[101.3,-11.5],[101.6,-11.7],[101.8,-12.0],[101.9,-12.3],[102.0,-12.7],[102.0,-13.0],[102.0,-13.4],[102.0,-13.7],[102.0,-14.0],[102.1,-14.3],[102.1,-14.5],[102.2,-14.7],[102.2,-14.9],[102.3,-15.0],[102.4,-15.1],[102.4,-15.2],[102.5,-15.3],[102.7,-15.4],[102.9,-15.6],[103.1,-15.8],[103.4,-15.9],[103.7,-15.8],[103.9,-15.7],[104.1,-15.6],[104.2,-15.5],[104.2,-15.4],[104.1,-15.2],[103.9,-15.0],[103.7,-14.9],[103.5,-14.9],[103.3,-14.9],[103.1,-15.0],[102.9,-15.0],[102.6,-15.1],[102.3,-15.1],[102.0,-15.2],[101.7,-15.3],[101.4,-15.4],[101.0,-15.5],[100.6,-15.6],[100.2,-15.8],[99.9,-15.9],[99.6,-16.0],[99.3,-16.0],[98.9,-16.1],[98.6,-16.1],[98.3,-16.1],[97.9,-16.2],[97.5,-16.2],[97.0,-16.2],[96.4,-16.2],[95.8,-16.2],[95.0,-16.2],[94.1,-16.2],[93.2,-16.2],[92.3,-16.2],[91.4,-16.2],[90.5,-16.2],[89.7,-16.2],[89.1,-16.2],[88.5,-16.3],[88.0,-16.4],[87.6,-16.5],[87.3,-16.6],[87.0,-16.7],[86.8,-16.8],[86.7,-17.0],[86.6,-17.1],[86.5,-17.2],[86.5,-17.3],[86.4,-17.4],[86.4,-17.5],[86.3,-17.7],[86.2,-17.9],[86.0,-18.1],[85.9,-18.3],[85.8,-18.5],[85.6,-18.7],[85.4,-18.8],[85.2,-18.9],[85.0,-19.0]]},"properties":{"stormId":"AU197374_02U","name":"ANNIE","start":"1973-11-21 00:00","end":"1973-12-08 00:00","positions":137,"minCentralPressure":981.0,"maxWindSpeed":28.3,"source":"Bureau of Meteorology Australian Tropical Cyclone Database"}},{"type":"Feature","geometry":{"type":"LineString","coordinates":[[116.4,-10.1],[116.4,-10.1],[116.5,-10.2],[116.6,-10.2],[116.7,-10.2],[116.7,-10.3],[116.8,-10.3],[116.7,-10.3],[116.9,-10.4],[117.0,-10.4],[117.0,-10.5],[117.1,-10.5],[117.1,-10.6],[117.2,-10.6],[117.2,-10.7],[117.3,-10.7],[117.2,-10.8],[117.4,-10.8],[117.5,-10.9],[117.6,-10.9],[117.7,-10.8],[117.8,-10.8],[117.9,-10.8],[118.0,-10.7],[118.1,-10.7],[118.1,-10.7],[118.3,-10.8],[118.1,-10.8],[118.4,-10.8],[118.4,-10.9],[118.5,-10.9],[118.5,-11.0],[118.4,-11.1],[118.2,-11.3],[118.0,-11.6],[117.9,-11.9],[117.5,-12.2],[117.2,-12.5],[116.9,-12.8],[116.6,-13.2],[116.3,-13.5],[116.0,-13.8],[115.7,-14.2],[115.4,-14.6],[115.1,-15.0],[114.8,-15.4],[114.5,-15.8],[114.1,-16.2],[114.0,-16.6],[114.0,-17.0],[114.0,-17.4],[114.0,-17.8],[114.0,-18.3],[114.0,-18.8],[114.0,-19.3],[114.0,-19.8],[114.0,-20.3],[113.9,-20.8],[113.9,-21.4],[113.8,-21.9],[113.7,-22.2],[113.7,-22.4],[113.7,-22.9],[113.9,-23.3],[114.1,-23.5]]},"properties":{"stormId":"AU197374_03U","name":"BERYL","start":"1973-11-26 01:00","end":"1973-12-04 01:00","positions":65,"minCentralPressure":973.0,"maxWindSpeed":36.0,"source":"Bureau of Meteorology Australian Tropical Cyclone Database"}},{"type":"Feature","geometry":{"type":"LineString","coordinates":[[161.0,-15.0],[160.0,-15.2],[159.1,-15.6],[158.4,-16.4],[158.0,-17.5]]},"properties":{"stormId":"AU197374_04U","name":"NATALIE","start":"1973-11-30 23:00","end":"1973-12-01 23:00","positions":5,"minCentralPressure":995.0,"maxWindSpeed":18.0,"source":"Bureau of Meteorology Australian Tropical Cyclone Database"}},{"type":"Feature","geometry":{"type":"LineString","coordinates":[[100.1,-9.9],[100.0,-10.0],[100.0,-10.1],[99.9,-10.2],[99.8,-10.3],[99.7,-10.4],[99.6,-10.5],[99.5,-10.6],[99.5,-10.6],[99.4,-10.7],[99.4,-10.9],[99.5,-11.0],[99.5,-11.2],[99.6,-11.3],[99.6,-11.4],[99.7,-11.5],[99.8,-11.6],[99.7,-11.7],[99.5,-11.9],[99.3,-12.2],[99.0,-12.5],[98.6,-12.9],[98.1,-13.4],[97.6,-14.0],[97.0,-14.6],[96.5,-15.0],[96.1,-15.3],[95.8,-15.7],[95.5,-16.1],[95.2,-16.5],[95.0,-16.9],[94.8,-17.3],[94.7,-17.7],[94.6,-18.0],[94.4,-18.4],[94.2,-18.7],[94.0,-19.1],[93.9,-19.5],[93.8,-19.9],[93.7,-20.3],[93.7,-20.8],[93.7,-21.2],[93.9,-21.7],[94.1,-22.1],[94.4,-22.6],[94.7,-23.0],[94.9,-23.5],[95.1,-23.9],[95.3,-24.4],[95.4,-24.8],[95.5,-25.1],[95.5,-25.3],[95.5,-25.5],[95.5,-25.7],[95.5,-25.9],[95.5,-26.1],[95.5,-26.4],[95.4,-26.8],[95.2,-27.2],[94.9,-27.6],[94.6,-28.0],[94.0,-28.3],[93.2,-28.5],[92.4,-28.7],[91.5,-28.8]]},"properties":{"stormId":"AU197374_05U","name":"CECILY","start":"1973-12-11 00:01","end":"1973-12-19 00:01","positions":65,"minCentralPressure":973.0,"maxWindSpeed":36.0,"source":"Bureau of Meteorology Australian Tropical Cyclone Database"}},{"type":"Feature","geometry":{"type":"LineString","coordinates":[[156.8,-13.9],[156.5,-14.0],[156.2,-14.1],[155.9,-14.2],[155.6,-14.2],[155.3,-14.2],[155.0,-14.3],[154.7,-14.3],[154.5,-14.3],[154.3,-14.4],[154.0,-14.4],[153.7,-14.5],[153.5,-14.5],[153.3,-14.5],[153.0,-14.5],[152.7,-14.5],[152.5,-14.5],[152.2,-14.5],[151.8,-14.5],[151.3,-14.6],[150.4,-14.8],[149.8,-15.2],[149.3,-15.5],[148.9,-16.2],[148.4,-16.9],[148.0,-17.8],[147.7,-18.1],[147.4,-18.5],[147.2,-18.7],[147.1,-19.1],[147.2,-19.6],[147.2,-20.3],[147.2,-20.9],[147.2,-21.5],[147.2,-21.9],[147.2,-22.2],[147.3,-22.5],[147.4,-22.7],[147.6,-23.0],[147.9,-23.3],[148.3,-23.7],[148.7,-24.1]]},"properties":{"stormId":"AU197374_06U","name":"UNA","start":"1973-12-14 23:00","end":"1973-12-20 02:00","positions":42,"minCentralPressure":985.0,"maxWindSpeed":28.3,"source":"Bureau of Meteorology Australian Tropical Cyclone Database"}},{"type":"Feature","geometry":{"type":"LineString","coordinates":[[98.0,-10.0],[98.0,-10.2],[97.9,-10.5],[97.8,-10.8],[97.7,-11.1],[97.6,-11.4],[97.5,-11.6],[97.4,-11.7],[97.3,-11.8],[97.2,-11.8],[97.0,-11.9],[96.9,-11.9],[96.7,-12.0],[96.5,-12.0],[96.4,-12.0],[96.3,-11.9],[96.1,-11.9],[95.9,-11.8],[95.7,-11.8],[95.4,-11.7],[95.0,-11.7],[94.6,-11.6],[93.9,-11.8],[93.2,-12.0],[92.5,-12.2],[92.0,-12.4],[91.5,-12.5],[91.0,-12.7],[90.5,-12.8],[90.0,-13.0],[89.5,-13.1],[89.0,-13.3],[88.4,-13.4],[87.9,-13.6],[87.4,-13.7],[86.8,-13.9],[86.2,-14.0],[85.6,-14.2],[85.0,-14.4],[84.4,-14.6],[83.8,-14.8],[83.2,-14.9],[82.6,-15.1],[82.0,-15.3],[81.5,-15.5],[81.0,-15.6],[80.5,-15.7],[80.0,-15.8],[79.5,-15.8]]},"properties":{"stormId":"AU197374_07U","name":"DEIDRE","start":"1973-12-20 00:01","end":"1973-12-26 00:01","positions":49,"minCentralPressure":964.0,"maxWindSpeed":41.2,"source":"Bureau of Meteorology Australian Tropical Cyclone Database"}},{"type":"Feature","geometry":{"type":"LineString","coordinates":[[118.7,-17.9],[118.3,-17.7],[118.3,-17.6],[118.6,-17.5],[118.7,-17.5],[118.8,-17.5],[118.9,-17.6],[119.2,-17.4],[119.0,-17.3],[119.0,-17.7],[118.9,-17.9],[118.9,-18.0],[118.7,-18.2],[118.6,-18.3],[118.3,-18.5],[118.0,-18.8],[118.0,-19.0],[118.0,-19.2],[117.8,-19.2],[117.1,-20.0],[116.3,-20.5],[115.4,-21.3],[115.17,-21.6],[114.7,-22.2],[114.0,-22.8],[113.7,-23.0],[113.4,-23.1],[113.1,-23.2],[112.8,-23.3],[112.3,-23.4],[111.8,-23.4],[111.2,-23.4],[110.6,-23.4],[110.0,-23.2],[109.4,-23.0],[108.8,-22.7],[108.2,-22.4],[107.6,-22.2],[106.9,-22.0],[106.2,-21.8],[105.6,-21.4],[105.6,-21.4],[104.5,-21.0],[104.0,-20.8],[103.4,-20.5],[102.9,-20.3],[102.3,-20.0],[101.8,-19.7],[101.3,-19.5],[100.7,-19.2],[100.0,-19.0],[99.3,-18.8],[98.7,-18.6],[98.0,-18.4],[97.4,-18.2],[96.7,-18.1],[96.0,-18.0]]},"properties":{"stormId":"AU197374_08U","name":"ERICA","start":"1973-12-29 01:00","end":"1974-01-05 01:00","positions":57,"minCentralPressure":977.0,"maxWindSpeed":25.7,"source":"Bureau of Meteorology Australian Tropical Cyclone Database"}},{"type":"Feature","geometry":{"type":"LineString","coordinates":[[125.3,-14.5],[125.0,-14.5],[124.6,-14.5],[124.3,-14.5],[124.0,-14.5],[123.7,-14.6],[123.4,-14.7],[123.2,-14.8],[123.1,-14.9],[123.0,-15.0],[122.9,-15.1],[122.9,-15.2],[122.9,-15.3],[122.9,-15.4],[122.9,-15.6],[123.0,-15.7],[123.0,-15.9],[123.0,-16.1],[123.0,-16.3],[123.0,-16.5],[123.0,-16.7],[123.1,-16.9],[123.1,-17.1],[123.2,-17.3],[123.2,-17.5],[123.1,-17.8],[122.8,-18.0],[122.5,-18.2],[122.2,-18.2],[121.6,-18.3],[121.0,-18.3],[120.4,-18.3],[119.8,-18.3],[119.4,-18.2],[118.9,-18.3],[118.4,-18.3],[117.9,-18.4],[117.4,-18.5],[116.8,-18.7],[116.1,-19.1],[115.7,-19.2],[115.1,-19.2],[114.5,-19.2],[114.0,-19.3],[113.5,-19.3],[113.0,-19.3],[112.5,-19.2],[111.9,-19.1],[111.3,-18.9],[110.5,-18.7],[109.8,-18.5],[109.1,-18.3],[108.3,-18.1],[107.6,-17.8],[106.8,-17.5],[106.1,-17.3],[105.5,-17.1]]},"properties":{"stormId":"AU197374_09U","name":"FIONA-GWENDA","start":"1974-01-06 01:00","end":"1974-01-13 01:00","positions":57,"minCentralPressure":982.0,"maxWindSpeed":28.3,"source":"Bureau of Meteorology Australian Tropical Cyclone Database"}},{"type":"Feature","geometry":{"type":"LineString","coordinates":[[149.4,-20.2],[148.7,-19.6],[148.0,-19.4],[147.8,-18.9],[147.8,-18.8],[148.0,-18.6],[148.6,-18.5],[148.9,-18.3],[148.9,-17.7],[149.2,-17.0],[150.0,-16.8],[151.0,-16.8],[152.7,-18.4],[153.6,-18.6],[155.1,-19.2],[157.0,-20.2],[158.7,-21.2],[160.5,-22.4],[161.5,-22.8],[162.5,-23.0],[164.6,-23.7]]},"properties":{"stormId":"AU197374_10U","name":"VERA","start":"1974-01-17 23:00","end":"1974-01-21 11:00","positions":21,"minCentralPressure":986.0,"maxWindSpeed":25.7,"source":"Bureau of Meteorology Australian Tropical Cyclone Database"}},{"type":"Feature","geometry":{"type":"LineString","coordinates":[[148.8,-17.7],[149.3,-18.0],[149.7,-18.2],[150.0,-18.3],[150.2,-18.4],[150.4,-18.4],[150.6,-18.5],[150.8,-18.6],[151.2,-18.6],[151.7,-18.6],[152.3,-18.6],[152.7,-18.6],[152.9,-18.6],[153.0,-18.6],[153.1,-18.7],[153.2,-18.8],[153.3,-19.0],[153.5,-19.2],[153.9,-19.5],[154.3,-19.9],[154.5,-20.3],[154.5,-20.7],[154.4,-21.1],[154.2,-21.5],[154.0,-22.1],[153.8,-22.6],[153.7,-23.1],[153.6,-23.8],[153.5,-24.6],[153.4,-25.2],[153.1,-25.5],[152.8,-25.8],[152.5,-26.1],[152.2,-26.3],[151.9,-26.6],[151.4,-26.9],[151.0,-27.0],[150.5,-27.2],[149.9,-27.3]]},"properties":{"stormId":"AU197374_11U","name":"WANDA","start":"1974-01-20 14:00","end":"1974-01-25 08:00","positions":39,"minCentralPressure":997.0,"maxWindSpeed":25.7,"source":"Bureau of Meteorology Australian Tropical Cyclone Database"}},{"type":"Feature","geometry":{"type":"LineString","coordinates":[[163.1,-19.9],[162.0,-20.8],[161.2,-21.6],[160.3,-21.8],[159.5,-24.0],[158.5,-26.1],[157.9,-28.2],[157.8,-29.9],[157.7,-31.4],[157.9,-32.2],[158.1,-33.0],[158.9,-35.0],[160.7,-37.0]]},"properties":{"stormId":"AU197374_12U","name":"PAM","start":"1974-02-03 23:00","end":"1974-02-07 11:00","positions":13,"minCentralPressure":925.0,"maxWindSpeed":54.0,"source":"Bureau of Meteorology Australian Tropical Cyclone Database"}},{"type":"Feature","geometry":{"type":"LineString","coordinates":[[152.6,-18.3],[150.6,-18.6],[150.1,-18.7],[148.4,-18.6],[147.8,-18.5],[146.1,-17.9],[144.0,-17.7],[142.0,-17.5],[140.9,-17.3],[140.3,-17.1],[140.0,-16.9],[139.8,-16.6],[139.7,-16.3],[139.5,-15.8],[139.3,-15.6],[138.9,-15.4],[138.5,-15.3],[138.0,-15.5],[137.5,-15.8],[137.2,-16.4],[137.0,-16.0]]},"properties":{"stormId":"AU197374_13U","name":"YVONNE","start":"1974-02-08 11:00","end":"1974-02-14 02:00","positions":21,"minCentralPressure":990.0,"maxWindSpeed":28.3,"source":"Bureau of Meteorology Australian Tropical Cyclone Database"}},{"type":"Feature","geometry":{"type":"LineString","coordinates":[[122.2,-17.2],[121.6,-17.4],[121.0,-17.6],[120.4,-17.8],[119.8,-18.0],[119.3,-18.2],[118.8,-18.4],[118.4,-18.6],[118.0,-18.8],[117.7,-19.0],[117.3,-19.1],[117.0,-19.2],[116.6,-19.4],[116.3,-19.5],[115.9,-19.7],[115.6,-19.9],[115.2,-20.0],[114.8,-20.1],[114.4,-20.2],[114.0,-20.3],[113.4,-20.4],[112.7,-20.2],[112.0,-19.8],[111.3,-19.5],[110.7,-19.3],[110.2,-19.3],[109.8,-19.3],[109.4,-19.4],[109.0,-19.4],[108.5,-19.5],[108.0,-19.7],[107.5,-19.7],[107.0,-20.0],[106.3,-20.2],[105.4,-20.4],[104.5,-20.7],[103.6,-21.0],[102.8,-21.2],[102.2,-21.4],[101.6,-21.6],[101.2,-21.7],[100.9,-21.7],[100.7,-21.8],[100.6,-21.8],[100.5,-21.8],[100.4,-21.8],[100.3,-21.8],[100.1,-21.8],[99.9,-21.8],[99.5,-21.8],[99.0,-21.7],[98.5,-21.6],[97.9,-21.5],[97.3,-21.4],[96.7,-21.3],[96.1,-21.3],[95.6,-21.2],[95.1,-21.2],[94.7,-21.1],[94.6,-21.1],[93.9,-21.0],[93.5,-21.0],[93.1,-21.0],[92.6,-21.0],[92.1,-21.0]]},"properties":{"stormId":"AU197374_14U","name":"HELEN","start":"1974-02-28 01:00","end":"1974-03-08 01:00","positions":65,"minCentralPressure":973.0,"maxWindSpeed":36.0,"source":"Bureau of Meteorology Australian Tropical Cyclone Database"}},{"type":"Feature","geometry":{"type":"LineString","coordinates":[[154.5,-18.9],[154.7,-19.0],[155.7,-19.8],[156.4,-20.8],[156.5,-21.0],[156.4,-21.2],[156.3,-21.4],[156.1,-21.5],[155.9,-21.6],[155.6,-21.7],[155.0,-22.0],[154.6,-22.4],[154.4,-22.8],[154.4,-24.3],[154.4,-24.8],[154.2,-25.3],[153.5,-26.1],[153.4,-26.4],[153.4,-26.7],[153.7,-27.2],[153.8,-27.6],[153.5,-28.1],[153.4,-28.8],[153.5,-28.9],[154.8,-30.2],[155.9,-31.1],[157.4,-31.6],[158.8,-32.0]]},"properties":{"stormId":"AU197374_15U","name":"ZOE","start":"1974-03-06 08:00","end":"1974-03-14 05:00","positions":28,"minCentralPressure":968.0,"maxWindSpeed":38.6,"source":"Bureau of Meteorology Australian Tropical Cyclone Database"}},{"type":"Feature","geometry":{"type":"LineString","coordinates":[[111.6,-12.3],[111.5,-12.3],[111.4,-12.4],[111.2,-12.5],[111.0,-12.6],[110.8,-12.6],[110.6,-12.7],[110.5,-12.8],[110.3,-13.0],[110.2,-13.2],[110.1,-13.3],[109.9,-13.3],[109.7,-13.4],[109.6,-13.5],[109.5,-13.6],[109.4,-13.6],[109.3,-13.8],[109.3,-13.9],[109.2,-14.0],[109.1,-14.2],[108.9,-14.3],[108.8,-14.4],[108.7,-14.6],[108.6,-14.7],[108.6,-14.8],[108.5,-15.2],[108.4,-15.6],[108.3,-16.1],[108.2,-16.5],[108.1,-16.8],[107.9,-17.3],[107.7,-17.6],[107.6,-18.1],[107.4,-18.6],[107.2,-19.2],[106.9,-19.6],[106.6,-20.2],[106.2,-20.4],[105.7,-20.7],[105.4,-21.0],[104.9,-21.3],[104.4,-21.6],[103.7,-21.8],[103.3,-22.2],[102.6,-22.5],[102.0,-22.8],[101.3,-23.1],[100.7,-23.4],[100.1,-23.6],[99.5,-23.7],[98.7,-23.7],[98.1,-23.6],[97.4,-23.4],[96.8,-23.2],[96.1,-23.0],[95.5,-22.8],[94.9,-22.6],[94.6,-22.5],[94.3,-22.3],[93.8,-22.0],[93.3,-21.9],[92.9,-21.8],[92.5,-21.7],[92.1,-21.5],[91.7,-21.4]]},"properties":{"stormId":"AU197374_16U","name":"ISOBEL","start":"1974-03-09 01:00","end":"1974-03-17 01:00","positions":65,"minCentralPressure":973.0,"maxWindSpeed":36.0,"source":"Bureau of Meteorology Australian Tropical Cyclone Database"}},{"type":"Feature","geometry":{"type":"LineString","coordinates":[[121.2,-12.4],[121.3,-12.5],[121.4,-12.5],[121.5,-12.6],[121.6,-12.6],[121.8,-12.6],[122.0,-12.5],[122.2,-12.4],[122.3,-12.4],[122.4,-12.4],[122.3,-12.6],[122.2,-12.7],[122.0,-12.8],[121.7,-12.9],[121.5,-13.0],[121.4,-13.0],[121.1,-13.1],[120.7,-13.2],[120.4,-13.3],[120.0,-13.4],[119.6,-13.5],[119.4,-13.5],[119.0,-13.6],[118.6,-13.7],[118.3,-13.7],[117.7,-14.0],[117.1,-14.2],[116.4,-14.5],[115.6,-14.6],[114.9,-14.9],[114.0,-15.0],[113.3,-15.2],[112.3,-15.2],[111.6,-15.2],[111.0,-15.3],[110.3,-15.2],[109.6,-15.1],[109.1,-15.1],[108.4,-15.0],[107.8,-15.1],[107.1,-15.1],[106.7,-15.1],[106.4,-15.2],[106.1,-15.3],[105.6,-15.4],[105.2,-15.5],[104.8,-15.6],[104.5,-15.6],[104.1,-15.9],[103.5,-16.2],[102.9,-16.4],[102.3,-16.7],[101.6,-17.1],[101.0,-17.5],[100.5,-17.5],[99.8,-18.2],[99.0,-18.5],[98.6,-18.9],[98.0,-19.2],[97.5,-19.6],[97.0,-20.0],[96.6,-20.4],[96.2,-20.9],[95.7,-21.4],[95.4,-21.9],[95.2,-22.5],[94.9,-23.0],[94.7,-23.6],[94.6,-24.4],[94.8,-25.1],[94.5,-25.8],[94.5,-26.6],[94.6,-27.5]]},"properties":{"stormId":"AU197374_17U","name":"JESSIE","start":"1974-03-16 01:00","end":"1974-03-25 01:00","positions":73,"minCentralPressure":964.0,"maxWindSpeed":41.2,"source":"Bureau of Meteorology Australian Tropical Cyclone Database"}},{"type":"Feature","geometry":{"type":"LineString","coordinates":[[137.9,-13.0],[137.6,-12.9],[137.2,-12.8],[137.0,-12.7],[136.9,-12.7],[136.8,-12.7],[136.6,-12.7],[135.4,-12.8],[132.0,-12.9],[129.4,-13.5],[129.0,-13.3],[128.9,-13.3],[128.8,-13.2],[128.7,-13.2],[128.5,-13.1],[128.7,-13.1],[128.3,-13.1],[128.2,-13.0],[128.0,-13.0],[127.9,-13.0],[127.8,-12.9],[127.7,-12.9],[127.6,-12.9],[127.4,-12.9],[127.3,-12.8],[127.2,-12.8],[127.0,-12.8],[126.9,-12.8],[126.8,-12.8],[126.7,-12.7],[126.6,-12.7],[126.4,-12.7],[126.3,-12.7],[126.2,-12.6],[126.0,-12.6],[124.8,-12.6],[123.7,-12.6],[123.0,-13.0],[122.1,-12.6],[121.2,-13.9],[120.3,-13.8],[119.4,-13.7],[118.4,-13.5],[117.4,-13.4],[116.6,-13.3],[115.7,-13.3],[114.9,-13.4],[114.3,-13.6],[113.6,-13.9],[112.9,-14.4],[112.2,-14.7],[111.5,-15.0],[110.5,-15.5],[110.1,-15.6],[109.6,-15.9],[109.1,-16.1],[108.5,-16.3],[108.1,-16.4],[107.5,-16.6],[106.9,-16.6],[106.4,-17.0],[106.3,-17.1],[106.1,-17.4],[106.0,-17.6],[106.0,-17.8],[106.0,-18.1],[106.0,-18.4],[106.1,-18.6],[106.2,-18.7],[106.3,-19.0],[106.4,-19.3],[106.5,-19.5],[106.6,-19.6],[106.7,-19.9],[106.9,-20.1],[107.0,-20.3],[107.3,-20.5],[107.4,-20.6],[107.5,-20.7],[107.6,-20.8],[107.6,-20.9],[107.8,-21.0],[107.9,-21.1],[108.0,-21.3],[108.1,-21.4],[108.2,-21.6],[108.3,-21.7],[108.4,-21.8],[108.5,-22.0],[108.6,-22.1],[108.8,-22.3],[109.0,-22.5],[109.1,-22.6]]},"properties":{"stormId":"AU197374_18U","name":"JENNY","start":"1974-03-17 00:00","end":"1974-03-31 01:00","positions":93,"minCentralPressure":988.0,"maxWindSpeed":25.7,"source":"Bureau of Meteorology Australian Tropical Cyclone Database"}},{"type":"Feature","geometry":{"type":"LineString","coordinates":[[153.2,-21.3],[154.1,-22.6],[154.9,-23.8],[156.4,-25.4],[158.6,-27.6],[160.9,-29.7]]},"properties":{"stormId":"AU197374_19U","name":"ALICE","start":"1974-03-21 06:00","end":"1974-03-22 23:00","positions":6,"minCentralPressure":995.0,"maxWindSpeed":20.6,"source":"Bureau of Meteorology Australian Tropical Cyclone Database"}},{"type":"Feature","geometry":{"type":"LineString","coordinates":[[88.8,-8.8],[89.0,-8.8],[89.1,-8.8],[89.2,-8.8],[89.3,-8.8],[89.4,-8.8],[89.6,-8.8],[89.7,-8.9],[89.8,-8.9],[90.1,-9.0],[90.3,-9.2],[90.6,-9.4],[90.9,-9.6],[91.2,-9.8],[91.3,-9.9],[91.6,-10.1],[91.9,-10.4],[92.0,-10.5],[92.2,-10.5],[92.4,-10.7],[92.5,-10.9],[92.6,-11.1],[92.7,-11.3],[92.8,-11.4],[93.0,-11.5],[93.1,-11.6],[93.2,-11.7],[93.3,-11.9],[93.5,-12.0],[93.5,-12.2],[93.6,-12.4],[93.7,-12.5],[93.8,-12.6],[94.0,-12.8],[94.4,-13.2],[94.6,-13.5],[94.7,-13.7],[95.0,-14.1],[95.3,-14.4],[95.4,-14.7],[95.5,-15.2],[95.4,-15.4],[95.1,-15.6],[94.7,-15.7],[94.4,-15.8],[94.0,-15.9],[93.5,-15.9],[93.2,-15.9],[92.7,-16.0],[92.4,-16.0],[92.0,-16.0],[91.6,-16.1],[91.2,-16.3],[90.6,-16.4],[90.4,-16.5],[89.9,-16.6],[89.4,-16.8],[89.0,-17.0],[88.6,-17.0],[88.3,-17.1],[87.7,-17.0],[87.4,-17.0],[87.0,-17.0],[86.5,-17.0],[86.0,-17.0]]},"properties":{"stormId":"AU197475_01U","name":"MARCIA","start":"1974-10-17 00:00","end":"1974-10-25 00:00","positions":65,"minCentralPressure":988.0,"maxWindSpeed":25.7,"source":"Bureau of Meteorology Australian Tropical Cyclone Database"}},{"type":"Feature","geometry":{"type":"LineString","coordinates":[[105.1,-8.0],[104.8,-7.9],[104.6,-7.9],[104.3,-7.8],[104.1,-7.7],[103.8,-7.7],[103.5,-7.6],[103.4,-7.6],[103.2,-7.6],[102.6,-7.6],[102.1,-7.6],[101.5,-7.8],[101.1,-8.0],[100.5,-8.5],[100.1,-9.0],[99.6,-9.4],[99.0,-9.8],[98.6,-9.8],[98.1,-9.9],[97.6,-10.0],[97.1,-10.2],[96.6,-10.4],[96.1,-10.6],[95.5,-10.8],[95.0,-11.2],[94.6,-11.4],[94.3,-11.4],[93.9,-11.7],[93.4,-12.0],[93.0,-12.2],[92.5,-12.3],[92.2,-12.4],[91.6,-12.5],[91.4,-12.6],[90.8,-12.6],[90.4,-12.7],[89.8,-12.8],[89.4,-12.9],[88.7,-13.0],[88.2,-13.0],[87.6,-13.1],[87.0,-13.1],[86.4,-13.2],[85.6,-13.2],[85.0,-13.2],[84.3,-13.1],[83.7,-13.0],[83.0,-12.9],[82.4,-12.7],[81.7,-12.6],[81.2,-12.4],[80.4,-12.2],[79.6,-12.0],[78.9,-11.7],[78.3,-11.5],[77.5,-11.4],[76.6,-11.3]]},"properties":{"stormId":"AU197475_02U","name":"NORAH","start":"1974-10-28 00:00","end":"1974-11-04 00:00","positions":57,"minCentralPressure":981.0,"maxWindSpeed":30.9,"source":"Bureau of Meteorology Australian Tropical Cyclone Database"}},{"type":"Feature","geometry":{"type":"LineString","coordinates":[[96.9,-5.9],[96.7,-6.0],[96.6,-6.3],[96.4,-6.6],[96.4,-6.5],[96.3,-6.6],[96.3,-6.7],[96.2,-6.8],[96.1,-6.9],[96.0,-7.2],[95.9,-7.3],[95.7,-7.5],[95.7,-7.7],[95.6,-7.8],[95.6,-7.9],[95.6,-8.1],[95.5,-8.3],[95.5,-8.4],[95.4,-8.5],[95.3,-8.6],[95.2,-8.7],[95.1,-8.8],[95.0,-8.9],[94.8,-9.1],[94.7,-9.2],[94.6,-9.4],[94.5,-9.5],[94.4,-9.6],[94.1,-9.8],[93.8,-10.0],[93.6,-10.2],[93.3,-10.4],[92.9,-10.6],[92.5,-10.7],[92.2,-10.9],[91.7,-11.0],[91.5,-11.2],[91.3,-11.3],[90.9,-11.4],[90.5,-11.6],[90.2,-11.7],[89.9,-11.9],[89.6,-12.1],[89.2,-12.5],[89.1,-12.5],[89.0,-12.5],[88.8,-12.5],[88.7,-12.6],[88.6,-12.6],[88.5,-12.7],[88.4,-12.7],[88.3,-12.8],[88.0,-13.0],[87.7,-13.1],[87.4,-13.3],[86.9,-13.4],[86.4,-13.5],[85.8,-13.5],[85.3,-13.5],[84.6,-13.4],[84.4,-13.4],[84.1,-13.3],[83.8,-13.2],[83.5,-13.1],[83.3,-13.0],[83.0,-12.9],[82.7,-12.8],[82.3,-12.7],[82.0,-12.7],[81.7,-12.6],[81.5,-12.6],[81.3,-12.6],[81.0,-12.6],[80.7,-12.6],[80.3,-12.6],[80.0,-12.6]]},"properties":{"stormId":"AU197475_03U","name":"PENNY","start":"1974-11-06 15:00","end":"1974-11-16 00:00","positions":76,"minCentralPressure":981.0,"maxWindSpeed":30.9,"source":"Bureau of Meteorology Australian Tropical Cyclone Database"}},{"type":"Feature","geometry":{"type":"LineString","coordinates":[[127.0,-9.0],[127.0,-10.0],[127.0,-10.0],[127.0,-10.3],[127.0,-10.6],[127.0,-10.8],[127.0,-11.0],[127.1,-11.2],[127.2,-11.3],[127.2,-11.4],[127.3,-11.5],[127.3,-11.6],[127.4,-11.8],[127.5,-11.9],[127.5,-12.0],[127.7,-12.0],[127.8,-12.0],[128.0,-12.0],[128.5,-12.0],[129.0,-12.0],[129.5,-12.0],[129.8,-12.2],[130.2,-12.1],[129.8,-11.8],[129.8,-11.6],[129.8,-11.4],[129.8,-11.3],[129.7,-11.4],[129.5,-11.4],[129.3,-11.5],[129.1,-11.6],[128.8,-11.7],[128.5,-11.8],[128.1,-11.9],[127.9,-12.1],[127.7,-12.2],[127.5,-12.3],[127.3,-12.3],[127.0,-12.4],[126.3,-12.3],[125.7,-12.1],[124.6,-11.7],[124.0,-11.6],[123.5,-11.6],[122.9,-11.5],[122.4,-11.5],[121.9,-11.4],[121.4,-11.4],[120.7,-11.4],[120.3,-11.4],[119.7,-11.5],[119.4,-11.5],[118.8,-11.6],[118.3,-11.7],[117.7,-11.8],[117.2,-11.9],[116.6,-12.0],[115.9,-12.2],[115.4,-12.3],[114.7,-12.3],[114.2,-12.3],[113.4,-12.3],[113.2,-12.3],[112.8,-12.3],[112.5,-12.2],[112.3,-12.2],[111.9,-12.1],[111.6,-12.0],[111.3,-12.0],[111.0,-11.9]]},"properties":{"stormId":"AU197475_04U","name":"SELMA","start":"1974-11-29 00:00","end":"1974-12-09 00:00","positions":70,"minCentralPressure":980.0,"maxWindSpeed":36.0,"source":"Bureau of Meteorology Australian Tropical Cyclone Database"}},{"type":"Feature","geometry":{"type":"LineString","coordinates":[[135.0,-8.1],[134.5,-8.3],[134.0,-8.6],[133.5,-8.8],[133.0,-9.0],[132.5,-9.1],[132.1,-9.2],[131.5,-9.6],[131.2,-9.9],[130.9,-10.5],[130.6,-10.8],[130.5,-11.1],[130.4,-11.1],[130.3,-11.2],[130.1,-11.4],[129.9,-11.6],[129.9,-11.8],[129.9,-11.9],[130.1,-12.0],[130.2,-12.2],[130.3,-12.2],[130.5,-12.2],[130.6,-12.3],[130.8,-12.4],[130.84,-12.41],[131.3,-12.5],[131.6,-12.6],[132.0,-12.8],[132.7,-13.2],[133.4,-13.6],[134.1,-14.0]]},"properties":{"stormId":"AU197475_05U","name":"TRACY","start":"1974-12-20 00:00","end":"1974-12-26 00:00","positions":31,"minCentralPressure":950.0,"maxWindSpeed":48.9,"source":"Bureau of Meteorology Australian Tropical Cyclone Database"}},{"type":"Feature","geometry":{"type":"LineString","coordinates":[[160.0,-14.1],[159.5,-14.8],[159.1,-15.4],[158.7,-15.7],[158.7,-16.3],[158.9,-16.4],[159.2,-16.5],[159.5,-16.5],[160.4,-16.7],[161.1,-16.8],[161.9,-17.0],[162.8,-17.2],[164.1,-17.7],[165.0,-18.0]]},"properties":{"stormId":"AU197475_06U","name":"FLORA","start":"1975-01-12 23:00","end":"1975-01-15 20:00","positions":14,"minCentralPressure":988.0,"maxWindSpeed":25.7,"source":"Bureau of Meteorology Australian Tropical Cyclone Database"}},{"type":"Feature","geometry":{"type":"LineString","coordinates":[[91.1,-11.2],[91.2,-11.3],[91.4,-11.5],[91.5,-11.7],[91.6,-12.0],[91.7,-12.3],[91.8,-12.6],[91.9,-12.8],[92.0,-13.2],[92.1,-13.5],[92.0,-13.9],[91.8,-14.2],[91.6,-14.6],[91.3,-14.9],[91.0,-15.2],[90.6,-15.5],[90.3,-15.8],[90.0,-16.0],[89.6,-16.2],[89.1,-16.3],[88.7,-16.4],[88.3,-16.6],[87.8,-16.7],[87.6,-16.6],[87.2,-16.8],[86.6,-17.0],[86.0,-17.2],[85.3,-17.4],[84.7,-17.6],[84.0,-17.8],[83.3,-18.0],[82.5,-18.1],[81.8,-18.3],[81.2,-18.4],[80.5,-18.5],[79.9,-18.6],[79.2,-18.7],[78.5,-18.9],[77.8,-19.0],[77.1,-19.1],[76.4,-19.3]]},"properties":{"stormId":"AU197475_07U","name":"ROBYN","start":"1975-01-14 00:00","end":"1975-01-19 00:00","positions":41,"minCentralPressure":964.0,"maxWindSpeed":41.2,"source":"Bureau of Meteorology Australian Tropical Cyclone Database"}},{"type":"Feature","geometry":{"type":"LineString","coordinates":[[146.0,-15.8],[146.5,-16.2],[148.0,-17.5],[148.5,-17.5],[149.9,-18.0],[151.8,-19.4],[152.5,-19.5],[153.7,-20.2],[154.9,-21.3],[157.3,-23.2],[158.6,-23.7],[160.0,-24.5],[161.5,-25.3],[163.5,-25.9],[165.0,-26.0]]},"properties":{"stormId":"AU197475_08U","name":"GLORIA","start":"1975-01-15 18:00","end":"1975-01-19 23:00","positions":15,"minCentralPressure":982.0,"maxWindSpeed":28.3,"source":"Bureau of Meteorology Australian Tropical Cyclone Database"}},{"type":"Feature","geometry":{"type":"LineString","coordinates":[[105.0,-11.0],[105.0,-11.2],[105.0,-11.3],[105.0,-11.4],[105.0,-11.5],[105.0,-11.6],[105.0,-11.7],[105.0,-11.8],[105.0,-12.0],[105.0,-12.2],[105.0,-12.3],[105.0,-12.4],[105.0,-12.5],[105.0,-12.6],[105.0,-12.8],[105.0,-12.9],[105.0,-13.0],[104.9,-13.2],[104.8,-13.5],[104.7,-13.7],[104.6,-14.0],[104.5,-14.2],[104.4,-14.5],[104.3,-14.7],[104.2,-15.0],[104.0,-15.3],[103.9,-15.5],[103.7,-15.8],[103.5,-16.0],[103.3,-16.3],[103.2,-16.6],[103.0,-16.9],[102.8,-17.3],[102.8,-17.4],[102.7,-17.6],[102.6,-17.7],[102.5,-17.9],[102.4,-18.0],[102.3,-18.2],[102.2,-18.3],[102.2,-18.5],[102.0,-18.6],[101.8,-18.7],[101.5,-18.9],[101.3,-19.1],[101.1,-19.2],[100.9,-19.4],[100.7,-19.6],[100.5,-19.8],[100.1,-20.0],[99.7,-20.1],[99.3,-20.3],[99.0,-20.5],[98.6,-20.6],[98.1,-20.8],[97.7,-20.9],[97.2,-21.0],[96.9,-21.2],[96.6,-21.3],[96.2,-21.4],[95.8,-21.5],[95.4,-21.5],[95.0,-21.6],[94.6,-21.6],[94.1,-21.7],[93.9,-21.7],[93.6,-21.7],[93.4,-21.8],[93.1,-21.8],[92.9,-21.8],[92.6,-21.9],[92.4,-21.9],[92.1,-21.9]]},"properties":{"stormId":"AU197475_09U","name":"SHIRLEY","start":"1975-02-03 00:00","end":"1975-02-12 00:00","positions":73,"minCentralPressure":981.0,"maxWindSpeed":28.3,"source":"Bureau of Meteorology Australian Tropical Cyclone Database"}},{"type":"Feature","geometry":{"type":"LineString","coordinates":[[123.6,-16.7],[123.4,-16.7],[123.2,-16.7],[123.0,-16.6],[122.8,-16.6],[122.7,-16.6],[122.6,-16.7],[122.4,-16.7],[122.2,-16.7],[122.0,-16.8],[121.8,-16.9],[121.6,-17.0],[121.5,-17.1],[121.4,-17.2],[121.3,-17.3],[121.2,-17.4],[121.1,-17.6],[120.9,-17.8],[120.7,-18.0],[120.5,-18.3],[120.4,-18.6],[120.1,-18.8],[119.7,-19.0],[119.3,-19.2],[118.8,-19.4],[118.4,-19.6],[118.0,-19.8],[117.6,-20.0],[117.2,-20.2],[116.9,-20.4],[116.5,-20.6],[116.2,-20.8],[115.9,-21.0],[115.5,-21.2],[115.5,-21.4],[115.4,-21.5],[115.2,-21.8],[115.0,-22.0],[115.0,-22.0],[114.9,-22.1],[114.9,-22.3],[114.8,-22.5],[114.7,-22.9],[114.7,-23.3],[114.7,-23.7],[114.7,-24.1],[114.6,-24.4],[114.5,-24.7],[114.5,-25.0],[114.6,-25.3],[114.7,-25.7],[114.9,-26.0],[115.2,-26.2],[115.5,-26.3],[115.9,-26.4],[116.3,-26.5],[116.7,-26.6],[117.1,-26.7],[117.5,-26.8],[117.9,-26.9],[118.3,-27.0]]},"properties":{"stormId":"AU197475_10U","name":"TRIXIE","start":"1975-02-15 00:00","end":"1975-02-22 00:00","positions":61,"minCentralPressure":925.0,"maxWindSpeed":59.2,"source":"Bureau of Meteorology Australian Tropical Cyclone Database"}},{"type":"Feature","geometry":{"type":"LineString","coordinates":[[134.5,-10.5],[134.0,-10.5],[133.5,-10.5],[133.3,-10.5],[133.0,-10.5],[132.7,-10.5],[132.5,-10.5],[132.3,-10.5],[132.0,-10.5],[131.8,-10.6],[131.5,-10.7],[131.3,-10.8],[131.0,-10.8],[130.8,-10.9],[130.5,-11.0],[130.3,-11.1],[130.0,-11.3],[129.7,-11.5],[129.6,-11.8],[129.5,-12.1],[129.2,-12.2],[129.0,-12.4],[128.8,-12.6],[128.6,-13.0],[128.5,-13.3],[128.4,-13.4],[128.2,-13.7],[128.1,-14.0],[128.1,-14.6],[128.0,-14.8],[128.0,-15.2],[128.3,-16.5],[129.7,-19.8]]},"properties":{"stormId":"AU197475_12U","name":"WILMA","start":"1975-03-10 18:00","end":"1975-03-16 00:00","positions":33,"minCentralPressure":980.0,"maxWindSpeed":30.9,"source":"Bureau of Meteorology Australian Tropical Cyclone Database"}},{"type":"Feature","geometry":{"type":"LineString","coordinates":[[95.4,-14.2],[96.0,-14.2],[96.9,-14.2],[97.9,-14.2],[98.7,-13.9],[99.6,-13.4],[100.8,-13.3],[101.9,-13.4],[102.6,-13.7],[103.6,-14.2],[104.6,-14.7],[105.4,-15.3],[106.2,-16.0],[106.8,-16.8],[107.5,-17.7],[108.1,-18.9],[108.7,-20.1],[109.3,-21.5],[109.8,-23.0],[110.0,-24.5],[110.2,-26.0],[110.5,-27.5],[110.9,-29.0],[111.5,-30.5],[112.2,-31.9],[113.2,-33.3],[114.3,-34.6],[115.6,-35.8],[117.0,-36.8]]},"properties":{"stormId":"AU197475_13U","name":"VIDA","start":"1975-03-16 00:00","end":"1975-03-20 12:00","positions":29,"minCentralPressure":982.0,"maxWindSpeed":25.7,"source":"Bureau of Meteorology Australian Tropical Cyclone Database"}},{"type":"Feature","geometry":{"type":"LineString","coordinates":[[115.9,-12.7],[115.9,-12.7],[116.0,-12.8],[116.0,-12.8],[116.0,-12.9],[116.0,-13.0],[116.0,-13.1],[116.0,-13.1],[116.0,-13.2],[116.0,-13.2],[116.0,-13.3],[116.0,-13.4],[116.0,-13.5],[116.0,-13.6],[116.0,-13.8],[116.0,-14.0],[116.0,-14.1],[116.0,-14.3],[116.0,-14.6],[116.0,-14.8],[116.0,-15.0],[116.0,-15.2],[116.0,-15.5],[115.9,-15.7],[115.9,-16.0],[115.9,-16.2],[115.9,-16.4],[115.8,-16.6],[115.8,-16.7],[115.8,-16.9],[115.7,-17.0],[115.7,-17.2],[115.6,-17.3],[115.5,-17.5],[115.4,-17.6],[115.3,-17.5],[115.1,-18.0],[114.8,-18.0],[114.6,-18.1],[114.3,-18.2],[114.0,-18.2],[113.8,-18.3],[113.7,-18.4],[113.5,-18.5],[113.4,-18.6],[113.2,-18.6],[112.9,-18.6],[112.7,-18.5],[112.6,-18.4],[112.4,-18.3],[112.2,-18.3],[111.9,-18.4],[111.7,-18.6],[111.4,-18.6],[111.2,-18.5],[111.0,-18.4],[110.6,-18.3],[110.6,-18.5],[110.7,-18.6],[110.8,-18.7],[111.0,-18.9],[111.2,-19.0],[111.3,-19.1],[111.4,-19.2],[111.5,-19.3],[111.8,-19.6],[112.3,-20.0],[112.6,-20.3],[112.8,-20.6],[113.2,-21.1],[113.5,-21.5],[113.8,-22.0],[113.87,-22.47],[113.9,-22.7],[114.1,-23.4],[114.3,-24.0],[114.6,-24.8],[114.8,-25.8],[114.7,-27.0],[115.0,-27.8],[115.4,-28.4],[115.9,-29.1],[116.6,-30.5],[117.5,-31.5],[117.9,-32.1],[118.1,-32.8],[118.3,-33.6],[118.7,-34.2],[119.2,-34.9],[120.3,-35.7],[121.3,-36.2],[122.1,-36.6],[123.0,-37.1],[123.8,-37.6],[124.7,-38.3],[125.6,-39.0],[126.7,-40.0],[128.0,-41.0]]},"properties":{"stormId":"AU197475_14U","name":"BEVERLEY","start":"1975-03-22 01:00","end":"1975-04-03 01:00","positions":98,"minCentralPressure":929.0,"maxWindSpeed":56.6,"source":"Bureau of Meteorology Australian Tropical Cyclone Database"}},{"type":"Feature","geometry":{"type":"LineString","coordinates":[[137.0,-10.3],[136.3,-10.5],[135.4,-10.9],[134.5,-11.2],[133.5,-11.9],[133.4,-12.0],[133.0,-12.8]]},"properties":{"stormId":"AU197475_15U","name":"AMELIA","start":"1975-04-06 12:00","end":"1975-04-09 00:00","positions":7,"minCentralPressure":990.0,"maxWindSpeed":20.6,"source":"Bureau of Meteorology Australian Tropical Cyclone Database"}},{"type":"Feature","geometry":{"type":"LineString","coordinates":[[100.6,-9.0],[100.6,-9.4],[100.6,-9.7],[100.7,-10.3],[100.8,-10.6],[101.0,-11.0],[101.2,-11.3],[101.4,-11.7],[101.5,-12.1],[101.7,-12.5],[102.2,-12.7],[102.5,-13.2],[102.9,-13.6],[103.3,-14.0],[103.6,-14.4],[103.8,-14.8],[104.6,-15.2],[104.8,-15.6],[105.0,-16.0],[105.1,-16.4],[105.2,-16.8],[105.3,-17.1],[105.4,-17.3],[105.3,-17.6],[105.5,-18.1],[105.7,-18.6],[105.9,-19.2],[106.0,-19.8],[106.3,-20.3],[106.6,-20.7],[106.7,-21.3],[106.8,-21.8],[106.9,-21.7],[107.1,-22.2],[107.3,-22.6],[107.4,-23.0],[107.5,-23.4],[107.7,-23.9],[107.6,-24.3],[108.1,-24.6],[108.3,-25.0],[108.6,-25.4],[109.0,-25.9],[109.4,-26.2],[109.8,-26.4],[110.3,-26.7],[110.7,-27.0],[111.1,-27.3],[111.5,-27.5]]},"properties":{"stormId":"AU197475_16U","name":"CLARA","start":"1975-04-20 01:00","end":"1975-04-26 01:00","positions":49,"minCentralPressure":985.0,"maxWindSpeed":25.7,"source":"Bureau of Meteorology Australian Tropical Cyclone Database"}},{"type":"Feature","geometry":{"type":"LineString","coordinates":[[106.2,-12.0],[107.4,-11.0],[107.2,-11.1],[107.0,-11.3],[107.0,-11.3],[106.8,-11.5],[106.6,-11.7],[106.4,-11.8],[106.2,-12.0],[106.2,-12.0],[106.0,-12.1],[105.8,-12.2],[105.6,-12.3],[105.4,-12.4],[105.4,-12.4],[105.2,-12.5],[105.0,-12.5],[104.8,-12.6],[104.6,-12.6],[104.6,-12.6],[104.3,-12.6],[104.0,-12.6],[103.6,-12.6],[103.2,-12.6],[102.8,-12.5],[102.4,-12.5],[102.0,-12.4],[101.6,-12.4],[101.2,-12.3],[100.8,-12.3],[100.3,-12.3],[99.8,-12.4],[99.8,-12.4],[98.8,-12.4],[98.2,-12.4],[97.6,-12.5],[97.1,-12.5],[96.6,-12.5],[96.2,-12.5],[95.9,-12.5],[95.6,-12.6],[95.3,-12.6],[95.0,-12.6],[94.7,-12.6],[94.4,-12.7],[94.0,-12.7],[93.6,-12.8],[93.2,-12.8],[92.8,-12.9],[92.4,-13.0],[91.9,-13.1],[91.4,-13.3],[90.9,-13.5],[90.4,-13.7]]},"properties":{"stormId":"AU197475_17U","name":"DENISE","start":"1975-05-18 18:00","end":"1975-05-25 00:00","positions":54,"minCentralPressure":992.0,"maxWindSpeed":23.2,"source":"Bureau of Meteorology Australian Tropical Cyclone Database"}},{"type":"Feature","geometry":{"type":"LineString","coordinates":[[102.2,-7.0],[101.8,-7.1],[101.5,-7.2],[101.0,-7.4],[100.6,-7.5],[99.9,-7.9],[99.7,-8.0],[99.4,-8.1],[99.2,-8.2],[99.0,-8.3],[98.9,-8.4],[98.7,-8.5],[98.5,-8.6],[98.3,-8.7],[98.1,-8.8],[98.0,-9.0],[97.9,-9.1],[97.7,-9.2],[97.6,-9.3],[97.4,-9.4],[97.3,-9.5],[97.1,-9.6],[97.0,-9.7],[96.8,-9.8],[96.7,-9.8],[96.5,-9.9],[96.3,-10.0],[96.0,-10.1],[95.7,-10.2],[95.3,-10.2],[95.0,-10.2],[94.7,-10.2],[94.6,-10.3],[94.3,-10.5],[94.1,-10.7],[94.0,-10.9],[93.8,-11.0],[93.6,-11.2],[93.5,-11.6],[93.4,-11.8],[93.2,-12.1],[93.1,-12.4],[92.8,-12.7],[92.4,-13.0],[91.9,-13.5],[91.4,-14.0],[90.9,-14.5],[90.5,-15.1],[90.2,-15.5],[90.0,-16.0],[89.5,-16.5],[89.0,-17.0],[88.7,-17.6],[88.5,-18.2],[88.3,-18.9],[88.0,-19.4],[88.2,-20.1],[88.6,-20.8],[89.0,-21.2],[89.8,-21.9],[90.1,-22.2],[90.8,-22.8],[91.4,-23.2],[92.0,-23.7]]},"properties":{"stormId":"AU197576_01U","name":"RAY","start":"1975-11-17 00:00","end":"1975-11-25 00:00","positions":64,"minCentralPressure":973.0,"maxWindSpeed":36.0,"source":"Bureau of Meteorology Australian Tropical Cyclone Database"}},{"type":"Feature","geometry":{"type":"LineString","coordinates":[[128.4,-11.1],[128.4,-11.1],[128.4,-11.2],[128.3,-11.2],[128.2,-11.2],[128.2,-11.3],[128.2,-11.4],[128.2,-11.5],[128.2,-11.6],[128.1,-11.7],[128.1,-11.8],[128.0,-11.9],[128.0,-12.1],[127.9,-12.2],[127.9,-12.3],[127.8,-12.4],[127.8,-12.5],[127.7,-12.6],[127.6,-12.7],[127.5,-12.8],[127.4,-13.0],[127.2,-13.1],[127.0,-13.3],[126.8,-13.4],[126.6,-13.5],[126.4,-13.5],[126.2,-13.6],[126.0,-13.6],[125.8,-13.7],[125.4,-13.8],[124.9,-14.0],[124.4,-14.1],[123.8,-14.3],[123.4,-14.4],[123.1,-14.5],[122.8,-14.6],[122.6,-14.8],[122.3,-15.1],[121.9,-15.4],[121.5,-15.7],[121.1,-16.0],[120.8,-16.0],[120.5,-16.1],[120.2,-16.1],[120.0,-16.2],[119.7,-16.2],[119.4,-16.3],[119.1,-16.3],[118.8,-16.4],[118.6,-16.4],[118.4,-16.5],[118.2,-16.5],[118.0,-16.6],[118.0,-16.8],[117.9,-17.0],[117.9,-17.3],[117.9,-17.6],[117.9,-17.9],[118.0,-18.3],[118.0,-18.7],[118.0,-19.1],[118.0,-19.5],[118.1,-19.9],[118.1,-20.4],[118.1,-20.5],[118.1,-20.8],[118.0,-21.1],[117.9,-21.4],[117.8,-21.7],[117.7,-22.0],[117.6,-22.3],[117.4,-22.7],[117.2,-23.1],[117.2,-23.4],[117.0,-23.9],[116.9,-24.3],[116.9,-24.6],[116.9,-24.9],[117.0,-25.4],[117.1,-25.9],[117.3,-26.4],[117.5,-26.9]]},"properties":{"stormId":"AU197576_02U","name":"JOAN","start":"1975-11-30 01:00","end":"1975-12-10 01:00","positions":82,"minCentralPressure":915.0,"maxWindSpeed":59.2,"source":"Bureau of Meteorology Australian Tropical Cyclone Database"}},{"type":"Feature","geometry":{"type":"LineString","coordinates":[[136.9,-11.1],[136.9,-11.6],[136.8,-12.4],[136.4,-12.6],[136.0,-12.5],[135.7,-12.4],[135.4,-12.3],[134.2,-12.4],[133.0,-13.3],[136.2,-13.5],[136.7,-13.0],[137.3,-12.7],[138.0,-12.4],[138.7,-12.3],[139.3,-12.2],[139.7,-12.2],[140.0,-12.5],[140.4,-12.9],[141.0,-13.5],[141.5,-14.2],[142.0,-14.8],[142.5,-15.9]]},"properties":{"stormId":"AU197576_03U","name":"KIM","start":"1975-12-02 00:00","end":"1975-12-10 12:00","positions":22,"minCentralPressure":990.0,"maxWindSpeed":23.2,"source":"Bureau of Meteorology Australian Tropical Cyclone Database"}},{"type":"Feature","geometry":{"type":"LineString","coordinates":[[100.5,-9.3],[100.9,-9.4],[101.2,-9.4],[101.5,-9.5],[101.8,-9.7],[102.2,-9.9],[102.5,-10.0],[102.8,-10.1],[103.0,-10.2],[103.3,-10.3],[103.5,-10.4],[103.8,-10.5],[104.0,-10.6],[104.3,-10.7],[104.5,-10.8],[104.7,-10.9],[105.0,-11.0],[105.6,-11.2],[106.3,-11.4],[106.9,-11.4],[107.5,-11.4],[108.2,-11.3],[108.6,-11.2],[109.3,-11.0],[110.0,-10.9],[110.8,-10.5],[111.7,-10.3],[112.6,-10.2],[113.6,-10.2],[114.6,-10.3],[114.8,-10.4],[115.6,-10.8],[116.8,-11.3],[118.0,-11.5]]},"properties":{"stormId":"AU197576_04U","name":"SUE","start":"1975-12-12 00:00","end":"1975-12-16 00:00","positions":34,"minCentralPressure":994.0,"maxWindSpeed":20.6,"source":"Bureau of Meteorology Australian Tropical Cyclone Database"}},{"type":"Feature","geometry":{"type":"LineString","coordinates":[[167.4,-15.4],[167.2,-15.6],[166.8,-16.0],[166.5,-16.3],[166.0,-17.0],[165.5,-17.4],[165.0,-17.6],[164.4,-18.1],[163.7,-18.3],[163.1,-18.4],[162.5,-18.5],[161.8,-18.8],[161.0,-19.2],[160.3,-19.5],[159.6,-19.7],[158.9,-19.9],[158.3,-20.2],[156.9,-20.4],[155.5,-20.7],[154.2,-20.9],[153.0,-21.5],[151.8,-21.8],[150.4,-22.0],[149.8,-22.0],[149.0,-22.2],[147.0,-23.0],[145.3,-24.0],[144.5,-24.5],[143.4,-25.0],[142.5,-25.3],[142.2,-25.7],[142.1,-25.9],[142.5,-26.6],[143.2,-27.9]]},"properties":{"stormId":"AU197576_06U","name":"DAVID","start":"1976-01-13 23:00","end":"1976-01-21 23:00","positions":34,"minCentralPressure":961.0,"maxWindSpeed":43.7,"source":"Bureau of Meteorology Australian Tropical Cyclone Database"}},{"type":"Feature","geometry":{"type":"LineString","coordinates":[[121.9,-17.8],[121.3,-17.9],[120.8,-18.1],[120.2,-18.3],[119.6,-18.3],[119.2,-18.2],[118.9,-18.2],[118.6,-18.2],[118.2,-18.1],[118.0,-18.1],[117.8,-18.0],[117.6,-18.0],[117.4,-18.0],[117.3,-18.1],[117.2,-18.1],[117.1,-18.2],[117.0,-18.2],[116.7,-18.0],[116.5,-17.8],[116.3,-17.7],[116.0,-17.6],[115.6,-17.7],[115.1,-17.8],[114.7,-17.9],[114.3,-17.9],[114.0,-17.7],[113.6,-17.6],[113.5,-17.3],[113.4,-17.0],[113.4,-16.8],[113.4,-16.6],[113.4,-16.4],[113.4,-16.2],[113.5,-16.0],[113.0,-15.8],[112.9,-15.7],[112.6,-15.6],[112.3,-15.5],[112.1,-15.4],[111.8,-15.3],[111.7,-15.2],[111.6,-15.1],[111.5,-15.0],[111.4,-15.0],[111.4,-14.9],[111.3,-14.8],[111.2,-14.8],[111.1,-14.7],[111.0,-14.6],[110.9,-14.4],[110.8,-14.1],[110.7,-13.9],[110.5,-13.8],[110.5,-14.2],[110.6,-14.2],[110.7,-14.9],[111.0,-15.3],[111.2,-15.3],[111.4,-15.2],[111.6,-15.2],[111.8,-15.2],[112.1,-15.4],[112.6,-16.0],[113.1,-16.4],[113.7,-16.7],[113.9,-16.7],[114.2,-16.8],[114.5,-16.9],[114.7,-17.0],[114.5,-17.3],[114.2,-17.6],[113.9,-17.9],[113.9,-18.1],[113.8,-18.2],[113.8,-18.3],[113.8,-18.4],[113.8,-18.6],[113.8,-19.1],[113.7,-19.3],[113.7,-19.4],[113.6,-19.9],[113.5,-20.3],[113.4,-20.7],[113.1,-21.2],[112.9,-21.6],[112.7,-21.9],[112.3,-22.3],[111.8,-22.6],[111.3,-22.9],[111.0,-23.2],[110.9,-23.5],[110.8,-24.0],[110.7,-24.4],[110.6,-24.8],[110.4,-25.3],[110.2,-25.8],[110.1,-26.4],[110.0,-26.9],[110.2,-27.4],[110.3,-27.7],[110.4,-28.0],[110.5,-28.4],[110.4,-29.2],[110.4,-30.0],[110.4,-30.9],[110.4,-31.8]]},"properties":{"stormId":"AU197576_07U","name":"VANESSA","start":"1976-01-15 01:00","end":"1976-01-28 01:00","positions":106,"minCentralPressure":950.0,"maxWindSpeed":46.3,"source":"Bureau of Meteorology Australian Tropical Cyclone Database"}},{"type":"Feature","geometry":{"type":"LineString","coordinates":[[162.0,-12.5],[161.0,-12.5],[160.0,-12.7],[158.5,-12.9],[157.0,-13.1],[154.8,-14.3],[152.3,-15.2],[150.0,-15.6],[148.0,-15.8],[146.6,-15.8],[145.3,-15.6],[144.7,-15.4],[143.6,-15.7],[142.0,-17.0],[140.9,-17.6],[140.3,-17.9],[138.9,-18.3],[137.2,-18.7],[136.6,-18.9],[136.2,-19.1],[136.0,-19.3],[135.7,-19.3],[135.3,-19.3],[134.9,-19.3],[134.4,-19.3],[133.8,-19.3],[133.6,-19.4],[133.6,-19.6],[133.7,-20.0],[133.9,-20.1],[134.2,-20.2],[134.4,-20.3],[134.5,-20.5],[134.3,-21.0],[134.1,-21.4],[134.2,-21.7],[134.3,-22.1],[134.8,-23.0],[135.0,-23.9],[135.1,-24.4],[134.7,-24.9],[134.7,-25.0],[134.8,-25.0],[135.2,-25.2],[135.7,-25.3],[137.1,-25.6],[138.9,-25.9]]},"properties":{"stormId":"AU197576_08U","name":"ALAN","start":"1976-01-29 23:00","end":"1976-02-09 11:00","positions":47,"minCentralPressure":989.0,"maxWindSpeed":18.0,"source":"Bureau of Meteorology Australian Tropical Cyclone Database"}},{"type":"Feature","geometry":{"type":"LineString","coordinates":[[149.9,-16.5],[150.3,-16.0],[150.0,-15.9],[149.6,-16.1],[150.0,-16.1],[150.1,-15.8],[149.9,-15.5],[149.5,-15.2],[149.1,-15.0],[148.5,-14.6],[148.3,-14.0],[148.7,-13.7],[149.3,-14.0],[150.0,-14.3],[150.5,-14.6],[151.3,-14.8],[153.0,-15.0],[155.0,-15.5],[156.9,-16.1],[158.8,-16.7],[160.0,-17.4],[160.0,-18.4],[159.7,-19.2],[159.5,-19.7],[159.4,-20.3],[158.9,-20.8],[158.7,-21.6],[157.6,-23.1],[156.7,-23.2],[155.9,-23.3],[155.0,-23.5],[154.3,-23.7],[153.8,-23.8],[153.3,-23.9],[152.9,-24.2],[152.6,-24.5],[152.31,-24.72],[152.2,-24.8],[151.3,-24.9]]},"properties":{"stormId":"AU197576_09U","name":"BETH","start":"1976-02-13 17:00","end":"1976-02-22 05:00","positions":39,"minCentralPressure":972.0,"maxWindSpeed":36.0,"source":"Bureau of Meteorology Australian Tropical Cyclone Database"}},{"type":"Feature","geometry":{"type":"LineString","coordinates":[[125.0,-16.3],[124.5,-16.4],[123.6,-16.4],[122.8,-16.3],[122.7,-16.5],[122.2,-16.9],[121.8,-16.9],[121.4,-16.8],[121.0,-16.7],[120.5,-16.7],[120.0,-16.8],[119.4,-17.1],[118.9,-17.3],[118.3,-17.5],[117.8,-17.7],[117.2,-18.0],[116.6,-18.2],[116.0,-18.5],[115.5,-18.7],[115.0,-19.0],[114.4,-19.3],[114.0,-19.7],[113.7,-20.2],[113.5,-20.7],[113.5,-21.2],[112.9,-21.7],[112.6,-22.2],[112.3,-22.8],[112.4,-23.3],[112.5,-23.8],[112.6,-24.4],[112.7,-24.8],[112.7,-25.2],[112.7,-25.3],[112.8,-25.8],[113.0,-26.4],[113.5,-26.9],[113.6,-27.9],[114.0,-28.7],[115.1,-29.5],[116.0,-30.1],[116.6,-30.5]]},"properties":{"stormId":"AU197576_10U","name":"WALLY","start":"1976-02-22 16:00","end":"1976-02-27 16:00","positions":42,"minCentralPressure":973.0,"maxWindSpeed":38.6,"source":"Bureau of Meteorology Australian Tropical Cyclone Database"}},{"type":"Feature","geometry":{"type":"LineString","coordinates":[[155.5,-10.3],[156.4,-10.4],[156.5,-11.4],[155.9,-11.6],[155.4,-11.4],[155.0,-10.7],[154.5,-11.0],[154.4,-11.4],[154.4,-11.7],[154.5,-11.9],[154.5,-12.2],[154.6,-12.8],[154.6,-13.4],[154.7,-14.2],[155.0,-15.2],[155.4,-16.5],[155.7,-17.8],[156.0,-19.0],[156.2,-20.2],[156.4,-21.5],[156.1,-22.5],[155.9,-23.0],[155.7,-23.3],[155.6,-23.7],[155.6,-24.1],[155.7,-25.0],[155.9,-25.9],[156.1,-26.8],[156.4,-27.5],[156.8,-28.3],[157.3,-29.2],[157.8,-30.3],[158.1,-30.9],[158.4,-31.5],[158.6,-32.2],[158.7,-32.8],[158.9,-33.8],[155.0,-35.9]]},"properties":{"stormId":"AU197576_11U","name":"COLIN","start":"1976-02-25 17:00","end":"1976-03-05 00:00","positions":38,"minCentralPressure":954.0,"maxWindSpeed":46.3,"source":"Bureau of Meteorology Australian Tropical Cyclone Database"}},{"type":"Feature","geometry":{"type":"LineString","coordinates":[[115.4,-15.0],[115.4,-15.0],[115.4,-14.9],[115.2,-14.9],[114.8,-14.9],[114.3,-14.8],[113.5,-14.8],[112.8,-14.7],[112.1,-14.7],[111.7,-14.7],[111.3,-14.6],[110.9,-14.6],[110.5,-14.6],[110.1,-14.6],[109.7,-14.6],[109.3,-14.5],[109.0,-14.5],[108.9,-14.5],[108.7,-14.5],[108.6,-14.5],[108.5,-14.5],[108.4,-14.5],[108.4,-14.5],[108.4,-14.4],[108.3,-14.4],[107.9,-14.5],[107.5,-14.5],[107.1,-14.5],[106.8,-14.5],[106.5,-14.6],[106.3,-14.6],[106.1,-14.7],[105.9,-14.7],[105.7,-14.8],[105.6,-15.0],[105.5,-15.1],[105.4,-15.3],[105.3,-15.5],[105.2,-15.7],[105.1,-15.9],[105.0,-16.0],[104.7,-16.3],[104.3,-16.7],[104.0,-17.0],[103.8,-17.2],[103.5,-17.2],[103.3,-17.2],[103.1,-17.3],[102.9,-17.3],[102.7,-17.3],[102.4,-17.3],[102.1,-17.3],[101.9,-17.3],[101.5,-17.3],[101.1,-17.2],[100.7,-17.1],[100.3,-17.0],[99.7,-16.9],[99.0,-16.8],[98.5,-16.5],[97.9,-16.4],[97.6,-16.2],[97.3,-16.0],[97.0,-15.8],[96.7,-15.7],[96.4,-15.4],[96.1,-15.1],[95.8,-14.8],[95.5,-14.5],[94.7,-14.2],[93.9,-14.0],[93.0,-13.9],[92.1,-13.9],[91.7,-13.9],[91.4,-13.9],[91.0,-13.9],[90.6,-13.9],[90.0,-14.0],[89.3,-14.0],[88.7,-14.0],[88.0,-14.0],[87.4,-13.9],[86.8,-13.9],[86.2,-13.8],[85.6,-13.8],[84.9,-13.7],[84.3,-13.7],[83.6,-13.6],[83.0,-13.5]]},"properties":{"stormId":"AU197576_12U","name":"ALICE","start":"1976-03-02 01:00","end":"1976-03-13 01:00","positions":89,"minCentralPressure":988.0,"maxWindSpeed":25.7,"source":"Bureau of Meteorology Australian Tropical Cyclone Database"}},{"type":"Feature","geometry":{"type":"LineString","coordinates":[[145.9,-17.0],[145.6,-17.4],[145.5,-17.8],[145.6,-18.3],[147.9,-19.9],[149.0,-21.2],[150.4,-22.4],[151.8,-23.7],[153.3,-25.0],[154.1,-26.6],[155.0,-28.4],[155.7,-30.4]]},"properties":{"stormId":"AU197576_13U","name":"DAWN","start":"1976-03-03 20:00","end":"1976-03-06 11:00","positions":12,"minCentralPressure":988.0,"maxWindSpeed":25.7,"source":"Bureau of Meteorology Australian Tropical Cyclone Database"}},{"type":"Feature","geometry":{"type":"LineString","coordinates":[[155.0,-8.2],[152.6,-9.5],[152.0,-10.7],[151.4,-11.7],[150.6,-12.6],[149.9,-13.1],[149.1,-14.0],[148.4,-14.9],[148.0,-15.2],[147.8,-15.6],[147.6,-15.9],[147.8,-16.3],[148.2,-16.9],[148.6,-17.5],[149.8,-19.2],[151.2,-20.9],[152.9,-22.5],[155.1,-24.5],[158.9,-27.1],[164.0,-32.0]]},"properties":{"stormId":"AU197576_15U","name":"WATOREA","start":"1976-04-25 00:00","end":"1976-04-29 12:00","positions":20,"minCentralPressure":970.0,"maxWindSpeed":46.3,"source":"Bureau of Meteorology Australian Tropical Cyclone Database"}},{"type":"Feature","geometry":{"type":"LineString","coordinates":[[92.0,-7.3],[92.0,-7.6],[92.0,-7.8],[92.0,-8.1],[92.0,-8.4],[92.0,-8.7],[91.9,-9.0],[91.8,-9.3],[91.7,-9.5],[91.6,-9.8],[91.5,-10.1],[91.4,-10.3],[91.1,-10.4],[90.8,-10.6],[90.6,-10.7],[90.4,-11.0],[90.1,-11.2],[89.9,-11.4],[89.8,-11.6],[89.7,-12.1],[89.7,-12.5],[89.7,-12.8],[89.7,-13.2],[89.7,-13.5],[89.8,-13.8],[89.8,-14.1],[89.8,-14.4],[89.9,-14.6],[89.9,-14.8],[89.9,-15.1],[90.0,-15.4],[90.0,-15.6],[90.0,-15.7],[90.0,-16.0],[90.0,-16.3],[90.0,-16.6],[90.0,-16.8],[90.0,-17.0],[90.0,-17.2],[90.0,-17.4],[90.0,-17.7],[89.9,-18.2],[89.6,-18.5],[89.2,-18.6],[88.7,-18.4],[88.7,-18.4],[88.0,-18.0],[87.5,-18.0]]},"properties":{"stormId":"AU197576_16U","name":"CAROL","start":"1976-05-03 00:00","end":"1976-05-09 00:00","positions":48,"minCentralPressure":991.0,"maxWindSpeed":23.2,"source":"Bureau of Meteorology Australian Tropical Cyclone Database"}},{"type":"Feature","geometry":{"type":"LineString","coordinates":[[165.3,-20.0],[164.5,-21.1],[163.5,-22.0],[162.8,-23.8],[162.0,-25.0],[160.7,-25.3],[159.4,-25.3],[157.9,-25.4],[157.1,-25.6],[156.8,-25.8],[156.5,-25.9],[156.4,-25.9],[156.0,-26.0],[155.8,-26.9],[156.1,-28.2],[156.4,-29.8],[157.0,-31.0],[157.4,-31.2],[157.8,-31.1],[158.1,-31.1],[158.5,-31.1],[159.1,-31.1],[159.7,-31.1],[160.4,-31.3],[161.0,-31.8],[161.1,-32.5],[160.8,-33.2],[160.4,-33.8],[159.9,-34.2],[159.7,-34.3],[159.4,-34.4],[159.2,-34.5],[159.0,-34.5]]},"properties":{"stormId":"AU197576_17U","name":"HOPE","start":"1976-03-11 00:00","end":"1976-03-19 00:00","positions":33,"minCentralPressure":996.0,"maxWindSpeed":0.0,"source":"Bureau of Meteorology Australian Tropical Cyclone Database"}},{"type":"Feature","geometry":{"type":"LineString","coordinates":[[118.0,-11.1],[118.4,-11.2],[118.8,-11.3],[119.4,-11.4],[120.0,-11.5],[120.6,-11.7],[121.5,-11.8],[122.3,-12.0],[123.0,-12.2],[124.1,-12.3],[125.6,-12.4],[126.9,-12.6],[128.6,-12.8],[130.6,-13.3]]},"properties":{"stormId":"AU197576_18U","name":"LINDA","start":"1976-03-14 00:00","end":"1976-03-17 06:00","positions":14,"minCentralPressure":995.0,"maxWindSpeed":20.6,"source":"Bureau of Meteorology Australian Tropical Cyclone Database"}},{"type":"Feature","geometry":{"type":"LineString","coordinates":[[103.0,-8.4],[102.6,-8.4],[102.2,-8.5],[101.3,-8.5],[101.4,-8.6],[101.0,-8.6],[100.8,-8.7],[100.6,-8.7],[100.3,-8.8],[100.0,-8.8],[99.6,-8.9],[99.3,-8.9],[99.0,-9.0],[98.8,-9.1],[98.4,-9.3],[97.8,-9.4],[97.2,-9.5],[96.9,-9.6],[96.6,-9.7],[96.3,-9.8],[96.0,-10.0],[95.8,-10.2],[95.7,-10.5],[95.5,-10.8],[95.2,-11.0],[95.0,-11.5],[94.8,-12.0],[94.4,-12.5],[94.0,-13.0],[93.2,-13.1],[92.4,-13.2],[91.6,-13.2],[90.8,-13.3],[90.4,-13.4],[90.1,-13.5],[88.8,-13.7],[88.5,-13.8],[87.8,-13.9],[87.2,-14.0],[86.5,-14.2],[85.9,-14.5],[85.0,-14.8],[84.4,-15.1],[83.7,-15.4],[83.1,-15.7],[82.5,-16.0],[81.9,-16.3],[81.2,-16.6],[80.4,-17.0]]},"properties":{"stormId":"AU197677_01U","name":"HARRY","start":"1976-12-15 00:00","end":"1976-12-21 00:00","positions":49,"minCentralPressure":985.0,"maxWindSpeed":28.3,"source":"Bureau of Meteorology Australian Tropical Cyclone Database"}},{"type":"Feature","geometry":{"type":"LineString","coordinates":[[140.5,-12.6],[140.1,-12.7],[139.7,-12.8],[139.3,-12.9],[139.0,-13.0],[138.8,-13.0],[138.6,-13.1],[138.4,-13.1],[138.1,-13.2],[137.9,-13.5],[137.7,-13.8],[137.8,-14.2],[137.9,-14.7],[138.3,-15.4],[138.7,-16.1],[139.0,-16.6],[139.2,-17.1],[139.4,-17.5],[139.7,-17.9],[140.2,-18.4],[140.6,-18.8],[140.7,-19.2],[140.8,-19.5],[140.8,-19.8],[140.8,-20.1],[140.8,-20.4],[140.8,-20.7]]},"properties":{"stormId":"AU197677_02U","name":"TED","start":"1976-12-15 23:00","end":"1976-12-20 23:00","positions":27,"minCentralPressure":945.0,"maxWindSpeed":51.4,"source":"Bureau of Meteorology Australian Tropical Cyclone Database"}},{"type":"Feature","geometry":{"type":"LineString","coordinates":[[121.0,-11.2],[121.0,-11.2],[121.0,-11.3],[121.1,-11.4],[121.1,-11.5],[121.1,-11.5],[121.2,-11.6],[121.3,-11.7],[121.4,-11.8],[121.5,-11.8],[121.6,-11.9],[121.7,-12.0],[121.8,-12.1],[122.3,-12.3],[122.8,-12.5],[123.3,-12.7],[123.9,-12.9],[124.1,-13.0],[124.2,-13.1],[124.3,-13.1],[124.4,-13.2],[124.5,-13.2],[124.7,-13.2],[124.8,-13.3],[124.9,-13.4],[124.7,-13.5],[124.5,-13.6],[124.3,-13.7],[124.2,-13.8],[123.7,-13.9],[123.2,-14.0],[122.7,-14.1],[122.2,-14.2],[121.8,-14.3],[121.4,-14.4],[121.2,-14.4],[121.0,-14.5],[120.6,-14.6],[120.2,-14.8],[119.8,-15.0],[119.4,-15.3],[119.0,-15.5],[118.7,-15.7],[118.4,-16.0],[118.0,-16.1],[117.7,-16.3],[117.4,-16.5],[117.1,-16.7],[116.5,-16.9],[116.5,-17.1],[116.1,-17.1],[115.7,-17.2],[115.3,-17.2],[115.0,-17.3],[114.4,-17.3],[113.8,-17.2],[113.2,-17.1],[112.5,-17.0]]},"properties":{"stormId":"AU197677_03U","name":"IRENE","start":"1977-01-06 00:00","end":"1977-01-13 00:00","positions":58,"minCentralPressure":970.0,"maxWindSpeed":41.2,"source":"Bureau of Meteorology Australian Tropical Cyclone Database"}},{"type":"Feature","geometry":{"type":"LineString","coordinates":[[150.2,-15.4],[150.4,-15.9],[150.5,-16.4],[150.7,-16.9],[151.1,-17.4],[152.4,-17.1],[153.0,-17.7],[153.9,-18.0],[155.6,-17.9],[157.2,-17.8],[158.9,-17.7],[160.5,-17.5]]},"properties":{"stormId":"AU197677_04U","name":"JUNE","start":"1977-01-16 23:00","end":"1977-01-19 11:00","positions":12,"minCentralPressure":994.0,"maxWindSpeed":18.0,"source":"Bureau of Meteorology Australian Tropical Cyclone Database"}},{"type":"Feature","geometry":{"type":"LineString","coordinates":[[148.4,-15.2],[148.2,-15.2],[147.5,-15.5],[147.1,-16.1],[146.5,-16.2],[146.1,-16.2],[146.2,-16.5],[146.3,-17.7],[146.5,-18.5],[146.8,-19.0],[147.2,-19.4],[147.4,-19.6]]},"properties":{"stormId":"AU197677_05U","name":"KEITH","start":"1977-01-29 20:00","end":"1977-01-31 23:00","positions":12,"minCentralPressure":992.0,"maxWindSpeed":20.6,"source":"Bureau of Meteorology Australian Tropical Cyclone Database"}},{"type":"Feature","geometry":{"type":"LineString","coordinates":[[148.0,-15.8],[148.0,-15.8],[148.0,-15.8],[148.0,-15.8],[148.1,-15.8],[148.4,-15.6],[149.6,-15.5],[150.0,-15.3],[150.0,-15.3],[150.0,-15.2],[150.0,-15.1],[150.0,-15.1],[150.0,-15.1],[150.2,-15.0]]},"properties":{"stormId":"AU197677_06U","name":"LILY","start":"1977-02-08 20:00","end":"1977-02-11 23:00","positions":14,"minCentralPressure":996.0,"maxWindSpeed":18.0,"source":"Bureau of Meteorology Australian Tropical Cyclone Database"}},{"type":"Feature","geometry":{"type":"LineString","coordinates":[[156.5,-16.6],[157.0,-16.6],[157.5,-16.6],[157.7,-16.6],[158.0,-16.6],[158.1,-16.5],[158.1,-16.5],[158.1,-16.5],[158.3,-16.5],[158.7,-16.4],[159.4,-16.4],[160.0,-16.3],[160.1,-16.1],[160.1,-15.8],[160.0,-15.3],[159.8,-15.2]]},"properties":{"stormId":"AU197677_07U","name":"MILES","start":"1977-02-09 17:00","end":"1977-02-13 08:00","positions":16,"minCentralPressure":994.0,"maxWindSpeed":20.6,"source":"Bureau of Meteorology Australian Tropical Cyclone Database"}},{"type":"Feature","geometry":{"type":"LineString","coordinates":[[147.7,-15.5],[147.6,-15.6],[147.4,-15.7],[146.8,-15.8],[145.5,-15.8],[144.6,-15.7]]},"properties":{"stormId":"AU197677_08U","name":"NANCY","start":"1977-02-12 02:00","end":"1977-02-13 05:00","positions":6,"minCentralPressure":998.0,"maxWindSpeed":20.6,"source":"Bureau of Meteorology Australian Tropical Cyclone Database"}},{"type":"Feature","geometry":{"type":"LineString","coordinates":[[99.4,-9.0],[99.1,-9.1],[98.8,-9.2],[98.5,-9.3],[98.2,-9.5],[97.9,-9.6],[97.6,-9.7],[97.3,-9.8],[97.0,-10.0],[96.8,-10.1],[96.5,-10.2],[96.2,-10.3],[96.0,-10.5],[95.7,-10.6],[95.4,-10.7],[95.2,-10.8],[95.0,-10.9],[94.8,-11.1],[94.6,-11.3],[94.4,-11.5],[94.2,-11.7],[94.0,-12.0],[93.8,-12.3],[93.6,-12.5],[93.3,-12.8],[93.0,-13.1],[92.7,-13.4],[92.4,-13.7],[92.1,-13.9],[91.4,-13.9],[90.7,-13.9],[90.0,-14.0],[89.3,-14.0],[89.0,-14.0],[88.8,-14.0],[88.6,-14.0],[88.4,-14.0],[88.2,-14.0],[88.0,-14.0],[87.7,-13.9],[87.3,-13.9],[86.8,-13.9],[86.3,-13.9],[85.7,-13.9],[85.2,-13.9],[84.7,-13.9],[84.2,-13.8],[83.7,-13.8],[83.0,-13.7],[82.6,-13.6],[82.2,-13.5],[81.8,-13.4],[81.4,-13.3],[81.0,-13.2],[80.5,-13.1],[80.0,-13.0]]},"properties":{"stormId":"AU197677_09U","name":"JACK","start":"1977-02-13 00:00","end":"1977-02-20 00:00","positions":56,"minCentralPressure":975.0,"maxWindSpeed":36.0,"source":"Bureau of Meteorology Australian Tropical Cyclone Database"}},{"type":"Feature","geometry":{"type":"LineString","coordinates":[[124.5,-14.0],[124.3,-14.0],[124.1,-14.0],[123.9,-14.0],[123.7,-13.9],[123.5,-13.9],[123.3,-13.9],[123.1,-14.0],[122.9,-14.0],[122.7,-14.1],[122.6,-14.2],[122.5,-14.3],[122.4,-14.4],[122.3,-14.5],[122.2,-14.6],[122.1,-14.7],[122.0,-14.9],[121.9,-15.0],[121.9,-15.2],[121.9,-15.4],[122.0,-15.6],[122.0,-15.8],[122.1,-16.0],[122.1,-16.1],[122.1,-16.3],[122.1,-16.6],[122.0,-16.9],[122.0,-17.1],[121.9,-17.3],[121.8,-17.5],[121.4,-17.8],[121.0,-18.0],[120.5,-18.3],[120.0,-18.6],[119.6,-18.9],[119.1,-19.2],[118.5,-19.4],[117.9,-19.6],[117.3,-19.8],[116.8,-20.3],[116.8,-20.3],[116.4,-20.5],[115.9,-20.7],[115.4,-20.9],[115.1,-21.1],[114.8,-21.3],[114.5,-21.5],[114.2,-21.7],[113.8,-22.1],[113.6,-22.4],[113.5,-22.7],[113.4,-22.9],[113.3,-23.1],[113.2,-23.3],[113.1,-23.5],[112.9,-23.7],[112.7,-23.9],[112.5,-24.1],[112.0,-24.0],[111.7,-23.5],[111.5,-23.1],[111.2,-22.7],[111.0,-22.3]]},"properties":{"stormId":"AU197677_10U","name":"KAREN","start":"1977-03-02 01:00","end":"1977-03-09 16:00","positions":63,"minCentralPressure":970.0,"maxWindSpeed":41.2,"source":"Bureau of Meteorology Australian Tropical Cyclone Database"}},{"type":"Feature","geometry":{"type":"LineString","coordinates":[[140.1,-14.0],[140.3,-13.2],[140.6,-12.9],[141.0,-12.7],[141.5,-12.8],[141.67,-12.93],[142.0,-13.2],[143.0,-14.1],[143.7,-15.0],[144.2,-15.8],[144.6,-16.0],[144.9,-16.1],[145.8,-16.3],[146.2,-16.6],[147.8,-18.5],[147.6,-18.9],[147.7,-19.3],[148.0,-19.7],[148.1,-20.2],[148.0,-21.2],[147.2,-21.8],[146.3,-22.2]]},"properties":{"stormId":"AU197677_11U","name":"OTTO","start":"1977-03-06 17:00","end":"1977-03-10 02:00","positions":22,"minCentralPressure":984.0,"maxWindSpeed":23.2,"source":"Bureau of Meteorology Australian Tropical Cyclone Database"}},{"type":"Feature","geometry":{"type":"LineString","coordinates":[[124.8,-15.6],[124.3,-15.5],[123.9,-15.5],[123.4,-15.4],[123.0,-15.5],[122.6,-15.7],[122.1,-16.0],[121.7,-16.2],[121.3,-16.5],[120.9,-16.7],[120.5,-16.9],[120.1,-17.1],[119.8,-17.3],[119.6,-17.6],[119.3,-17.8],[119.1,-18.0],[118.9,-18.2],[118.8,-18.6],[118.7,-18.9],[118.7,-19.2],[118.7,-19.6],[118.9,-19.9],[119.0,-20.1],[119.1,-20.2],[119.2,-20.3],[119.3,-20.6],[119.7,-21.1],[120.1,-21.3],[120.5,-21.4],[120.9,-21.5],[121.3,-21.6],[121.8,-21.7],[122.3,-21.7],[122.8,-21.8]]},"properties":{"stormId":"AU197677_12U","name":"LEO","start":"1977-03-24 01:00","end":"1977-03-28 01:00","positions":34,"minCentralPressure":960.0,"maxWindSpeed":46.3,"source":"Bureau of Meteorology Australian Tropical Cyclone Database"}},{"type":"Feature","geometry":{"type":"LineString","coordinates":[[134.9,-8.3],[134.5,-8.5],[133.9,-8.7],[133.4,-8.8],[132.9,-9.0],[132.3,-9.2],[131.6,-9.4],[130.7,-9.7],[129.7,-10.1],[129.2,-10.2],[128.7,-10.2],[128.3,-10.2],[128.0,-10.3],[128.4,-10.8],[128.9,-10.9],[129.3,-11.1],[129.6,-11.1],[127.8,-10.0]]},"properties":{"stormId":"AU197677_13U","name":"VERNA","start":"1977-04-28 00:00","end":"1977-05-03 00:00","positions":18,"minCentralPressure":973.0,"maxWindSpeed":36.0,"source":"Bureau of Meteorology Australian Tropical Cyclone Database"}},{"type":"Feature","geometry":{"type":"LineString","coordinates":[[154.6,-8.5],[154.0,-8.7],[153.4,-9.1],[152.8,-9.6],[152.5,-9.9],[152.5,-10.3],[152.6,-10.6],[152.9,-10.9],[153.0,-11.6],[153.4,-11.9],[153.9,-12.1],[154.6,-12.3],[155.5,-12.5],[156.5,-12.7],[157.5,-13.1],[158.6,-13.5],[159.6,-13.9],[160.0,-14.1],[160.2,-14.4],[160.3,-14.7],[160.4,-15.0],[160.4,-15.5],[160.2,-16.0],[160.0,-17.2],[159.7,-18.5]]},"properties":{"stormId":"AU197778_01U","name":"TOM","start":"1977-11-06 23:00","end":"1977-11-11 23:00","positions":25,"minCentralPressure":990.0,"maxWindSpeed":25.7,"source":"Bureau of Meteorology Australian Tropical Cyclone Database"}},{"type":"Feature","geometry":{"type":"LineString","coordinates":[[96.5,-7.6],[95.7,-7.8],[94.9,-8.0],[94.1,-8.2],[93.3,-8.4],[92.5,-8.6],[91.7,-8.9],[90.9,-9.2],[90.1,-9.5],[89.4,-9.7],[88.9,-9.8],[88.5,-9.9],[88.2,-10.0],[87.9,-10.0],[87.6,-10.1],[87.3,-10.2],[87.1,-10.3],[86.9,-10.3],[86.7,-10.4],[86.5,-10.5],[86.4,-10.6],[86.2,-10.6],[86.0,-10.7],[85.9,-10.7],[85.8,-10.8],[85.6,-11.0],[85.4,-11.2],[85.2,-11.4],[85.0,-11.6],[84.8,-11.8],[84.6,-12.0],[84.5,-12.2],[84.4,-12.4],[84.3,-12.5],[84.3,-12.6],[84.2,-12.6],[84.2,-12.7],[84.1,-12.7],[84.1,-12.8],[84.0,-12.8],[83.9,-12.9],[83.9,-12.9],[83.8,-13.0],[83.7,-13.0],[83.6,-13.1],[83.6,-13.1],[83.5,-13.2],[83.4,-13.2],[83.3,-13.3],[83.5,-13.4],[83.0,-13.6],[82.9,-13.7],[82.8,-13.9],[82.7,-14.1],[82.6,-14.3],[82.4,-14.5],[82.2,-14.7],[81.9,-14.9],[81.4,-15.0],[80.8,-15.1],[80.2,-15.1],[79.6,-15.1],[78.9,-15.0],[78.0,-15.0]]},"properties":{"stormId":"AU197778_02U","name":"SAM","start":"1977-12-13 00:00","end":"1977-12-21 00:00","positions":64,"minCentralPressure":990.0,"maxWindSpeed":25.7,"source":"Bureau of Meteorology Australian Tropical Cyclone Database"}},{"type":"Feature","geometry":{"type":"LineString","coordinates":[[129.0,-10.6],[128.0,-10.6],[127.0,-10.6],[126.0,-10.7],[125.0,-10.8],[124.1,-10.8],[123.3,-10.9],[122.5,-11.0],[121.7,-11.3],[120.6,-11.6],[119.5,-11.9],[118.3,-12.3],[117.0,-12.6],[115.9,-13.0],[114.8,-13.4],[113.7,-13.7],[112.5,-13.9],[111.4,-14.0],[110.2,-14.0],[108.2,-13.6],[107.3,-13.4],[106.5,-13.2],[105.7,-13.1],[105.0,-13.0],[104.4,-12.9],[103.8,-13.0],[103.3,-13.1],[102.8,-13.3],[102.3,-13.6],[101.8,-13.9],[101.4,-14.3],[101.0,-14.7],[100.6,-15.1],[100.2,-15.5],[99.7,-15.8],[99.1,-16.1],[98.5,-16.4],[97.9,-16.7],[97.3,-16.9],[96.7,-17.1],[96.1,-17.2],[95.5,-17.3],[94.9,-17.4],[94.3,-17.4],[93.7,-17.4],[93.1,-17.4],[92.6,-17.5],[92.1,-17.6],[91.6,-17.7],[91.1,-17.8],[90.7,-17.9],[90.3,-18.0],[89.9,-18.1],[89.5,-18.2],[89.1,-18.4],[88.7,-18.6],[88.5,-18.9],[88.2,-19.3],[88.1,-19.7],[88.0,-20.1],[88.0,-20.5],[88.0,-20.9],[88.1,-21.3],[88.1,-21.7],[88.1,-22.0],[88.2,-22.3],[88.2,-22.5],[88.3,-22.8],[88.3,-23.0],[88.4,-23.3],[88.5,-23.5],[88.6,-23.8],[88.6,-24.0],[88.7,-24.2],[88.8,-24.4],[88.9,-24.6],[88.9,-24.8],[89.0,-25.0],[89.1,-25.1],[89.2,-25.2]]},"properties":{"stormId":"AU197778_03U","name":"TRUDY","start":"1978-01-10 00:00","end":"1978-01-20 00:00","positions":80,"minCentralPressure":954.0,"maxWindSpeed":46.3,"source":"Bureau of Meteorology Australian Tropical Cyclone Database"}},{"type":"Feature","geometry":{"type":"LineString","coordinates":[[114.8,-16.0],[114.4,-16.0],[114.0,-16.0],[113.6,-16.0],[113.2,-16.0],[112.8,-15.9],[112.4,-15.8],[111.9,-15.7],[111.4,-15.6],[110.8,-15.5],[110.2,-15.4],[109.6,-15.6],[109.7,-16.4],[110.8,-16.6],[111.6,-16.4],[112.2,-16.2],[112.7,-16.1],[113.0,-16.0],[113.3,-15.9],[113.7,-15.8],[114.0,-15.8],[114.3,-15.8],[114.6,-15.7],[114.9,-15.7],[115.3,-15.7],[116.0,-15.8],[116.7,-15.9],[117.2,-16.0],[117.6,-16.2],[118.1,-16.3],[118.9,-16.5],[119.5,-16.7],[120.0,-17.0],[120.3,-17.2],[120.5,-17.5],[121.0,-17.8],[121.1,-17.9],[121.2,-18.0],[121.4,-18.2],[121.4,-18.4],[121.4,-18.6],[121.4,-18.8],[121.4,-19.2],[121.3,-19.5],[121.1,-19.7],[120.9,-19.9],[120.6,-20.2],[120.5,-20.4],[120.4,-20.6],[120.3,-20.9],[120.3,-21.3],[120.2,-21.7],[120.2,-22.1],[120.2,-22.4],[120.4,-22.7],[120.5,-23.0],[120.7,-23.3],[121.0,-23.6]]},"properties":{"stormId":"AU197778_04U","name":"VERN","start":"1978-01-27 01:00","end":"1978-02-03 01:00","positions":58,"minCentralPressure":964.0,"maxWindSpeed":41.2,"source":"Bureau of Meteorology Australian Tropical Cyclone Database"}},{"type":"Feature","geometry":{"type":"LineString","coordinates":[[136.4,-11.2],[137.1,-11.1],[136.5,-11.2],[137.0,-11.3],[138.2,-11.8],[138.9,-12.9],[139.1,-13.3],[139.4,-13.8],[140.4,-14.6],[141.6,-15.4],[142.8,-16.2],[144.0,-17.0]]},"properties":{"stormId":"AU197778_05U","name":"GWEN","start":"1978-02-25 00:00","end":"1978-02-27 11:00","positions":12,"minCentralPressure":987.0,"maxWindSpeed":25.7,"source":"Bureau of Meteorology Australian Tropical Cyclone Database"}},{"type":"Feature","geometry":{"type":"LineString","coordinates":[[83.8,-13.6],[83.8,-13.6],[83.9,-13.6],[83.9,-13.7],[84.0,-13.7],[84.1,-13.7],[84.2,-13.8],[84.3,-13.8],[84.4,-13.8],[84.4,-13.8],[84.5,-13.8],[84.6,-13.9],[84.6,-13.9],[84.7,-13.9],[84.8,-13.9],[84.9,-14.0],[85.0,-14.0],[85.1,-13.9],[85.3,-13.9],[85.5,-13.7],[85.7,-13.6],[85.9,-13.5],[86.1,-13.4],[86.0,-13.3],[86.5,-13.2],[86.8,-13.1],[87.0,-13.1],[87.4,-13.0],[87.7,-13.0],[88.0,-13.0],[88.3,-13.1],[88.6,-13.2],[88.9,-13.4],[89.1,-13.6],[89.2,-13.8],[89.4,-14.0],[89.6,-14.3],[89.8,-14.6],[90.0,-14.9],[90.2,-15.2],[90.5,-15.3],[90.8,-15.4],[91.1,-15.5],[91.4,-15.5],[91.7,-15.6],[92.1,-15.6],[92.5,-15.6],[92.9,-15.7],[93.3,-15.7],[93.8,-15.8],[94.3,-15.9],[94.8,-16.1],[95.2,-16.4],[95.9,-16.7],[95.5,-17.0],[95.2,-17.3],[94.9,-17.4],[94.8,-17.3],[94.7,-17.2],[94.7,-17.1],[94.6,-17.0],[94.7,-16.9],[94.7,-16.8],[94.8,-16.7],[94.9,-16.5],[95.1,-16.3],[95.2,-16.0],[95.1,-15.8],[94.9,-16.0],[94.6,-16.2],[94.3,-16.4],[94.0,-16.7],[93.7,-17.0],[93.5,-17.3],[93.2,-17.5],[92.9,-17.7],[92.6,-17.9],[92.3,-18.1],[92.0,-18.3],[91.7,-18.5],[91.4,-18.6],[90.9,-18.8],[90.4,-19.1],[90.0,-19.5],[89.6,-19.9],[89.4,-20.3],[89.3,-20.8],[89.2,-21.3],[89.1,-21.8],[89.0,-22.3],[88.8,-22.9],[88.6,-23.5],[88.4,-24.2],[88.2,-24.9],[87.9,-25.6],[87.6,-26.3],[87.1,-27.0],[87.2,-27.9],[87.1,-28.9],[87.3,-30.1],[87.6,-31.5],[88.0,-33.0],[88.5,-34.5],[89.1,-36.1],[89.5,-37.7]]},"properties":{"stormId":"AU197778_06U","name":"WINNIE","start":"1978-03-16 00:00","end":"1978-03-29 00:00","positions":105,"minCentralPressure":945.0,"maxWindSpeed":51.4,"source":"Bureau of Meteorology Australian Tropical Cyclone Database"}},{"type":"Feature","geometry":{"type":"LineString","coordinates":[[115.0,-13.7],[114.9,-13.8],[114.9,-13.9],[114.8,-14.0],[114.5,-14.1],[114.3,-14.2],[113.9,-14.5],[113.8,-14.6],[113.7,-14.6],[113.5,-14.7],[113.3,-14.7],[113.1,-14.8],[112.8,-14.9],[112.6,-15.0],[112.4,-15.2],[112.3,-15.4],[112.2,-15.8],[112.2,-16.0],[112.1,-16.2],[112.0,-16.5],[111.9,-16.7],[111.8,-16.9],[111.7,-17.2],[111.7,-17.4],[111.6,-17.6],[111.5,-17.8],[111.4,-18.0],[111.3,-18.2],[111.1,-18.3],[110.9,-18.4],[110.6,-18.6],[110.3,-18.7],[110.1,-18.8],[109.9,-18.9],[109.7,-19.0],[109.5,-19.1],[109.3,-19.2],[109.0,-19.3],[108.7,-19.5],[108.5,-19.7],[108.3,-19.9],[107.9,-20.1],[107.6,-20.2],[107.3,-20.4],[106.8,-20.6],[106.5,-20.7],[106.2,-21.0],[106.0,-21.2],[105.9,-21.4],[105.8,-21.5],[105.8,-21.7],[105.9,-21.8],[106.0,-22.0],[106.1,-22.2],[106.2,-22.6],[106.3,-23.1],[106.4,-23.6],[106.5,-24.1],[106.7,-24.7],[106.9,-25.4],[107.3,-26.2],[107.7,-26.8],[108.2,-27.7],[108.8,-28.7],[109.6,-29.9],[110.4,-31.0],[110.9,-31.5],[111.5,-32.1],[112.8,-33.5],[115.0,-35.2],[117.8,-36.6],[120.7,-38.2],[123.5,-40.0]]},"properties":{"stormId":"AU197778_07U","name":"ALBY","start":"1978-03-27 01:00","end":"1978-04-04 22:00","positions":73,"minCentralPressure":930.0,"maxWindSpeed":56.6,"source":"Bureau of Meteorology Australian Tropical Cyclone Database"}},{"type":"Feature","geometry":{"type":"LineString","coordinates":[[120.4,-11.0],[120.2,-11.2],[119.9,-11.4],[119.7,-11.5],[119.5,-11.5],[119.2,-11.6],[119.0,-11.6],[118.7,-11.7],[118.4,-11.7],[118.2,-11.7],[118.0,-11.8],[117.8,-11.8],[117.6,-11.8],[117.4,-11.9],[117.2,-11.9],[117.0,-12.0],[116.7,-12.0],[116.5,-12.1],[116.3,-12.1],[116.1,-12.2],[115.8,-12.3],[115.5,-12.5],[115.3,-12.6],[115.1,-12.7],[114.9,-12.8],[114.7,-12.9],[114.6,-13.0],[114.5,-13.1],[114.2,-13.3],[114.0,-13.5],[113.8,-13.7],[113.7,-13.9],[113.6,-14.2],[113.6,-14.4],[113.6,-14.5],[113.7,-14.6],[113.8,-14.7],[113.9,-14.8],[114.1,-14.8],[114.2,-14.8],[114.4,-14.8],[114.6,-14.8],[114.8,-14.9],[115.1,-15.0],[115.3,-15.2],[115.5,-15.3],[115.7,-15.4],[115.9,-15.5],[116.1,-15.6],[116.2,-15.7],[116.4,-15.8],[116.5,-15.8],[116.7,-15.8],[116.8,-15.9],[117.1,-15.9],[117.2,-15.9],[117.3,-15.9],[117.5,-16.0],[117.8,-16.2],[117.7,-16.6],[117.5,-16.7],[117.2,-16.7],[116.9,-16.7],[116.5,-16.7],[116.2,-16.8],[115.9,-17.0],[115.5,-17.2],[115.0,-17.2],[114.5,-17.3],[114.0,-17.3],[113.0,-17.4],[111.8,-17.5]]},"properties":{"stormId":"AU197778_08U","name":"BRENDA","start":"1978-04-05 01:00","end":"1978-04-14 01:00","positions":72,"minCentralPressure":990.0,"maxWindSpeed":25.7,"source":"Bureau of Meteorology Australian Tropical Cyclone Database"}},{"type":"Feature","geometry":{"type":"LineString","coordinates":[[136.5,-11.4],[136.3,-11.3],[136.7,-11.8],[136.8,-12.5],[137.3,-12.5],[137.5,-12.1],[137.8,-12.0],[138.2,-12.2],[139.0,-12.2],[139.5,-12.3],[140.0,-12.5],[140.7,-13.1],[141.4,-13.9],[142.3,-14.6],[144.0,-15.1],[146.2,-15.6],[147.3,-16.1],[147.9,-16.7],[148.1,-17.1],[148.5,-17.3],[148.3,-17.2],[148.3,-17.4],[149.4,-17.5],[150.5,-17.5],[151.3,-17.5],[151.9,-17.5],[152.5,-17.5],[153.1,-17.7],[153.7,-17.9],[154.0,-18.2],[154.0,-18.8],[153.8,-19.6],[153.8,-20.4],[154.0,-21.0]]},"properties":{"stormId":"AU197778_09U","name":"HAL","start":"1978-04-04 12:00","end":"1978-04-11 23:00","positions":34,"minCentralPressure":985.0,"maxWindSpeed":25.7,"source":"Bureau of Meteorology Australian Tropical Cyclone Database"}},{"type":"Feature","geometry":{"type":"LineString","coordinates":[[137.0,-11.8],[137.2,-12.3],[137.4,-12.7],[137.7,-12.7],[138.3,-12.9],[138.9,-13.3],[139.6,-13.7],[140.3,-14.1],[140.9,-14.4],[141.6,-14.7],[142.4,-14.9],[143.7,-15.1],[144.0,-15.1],[144.8,-15.2],[145.2,-15.2],[145.5,-15.3],[145.5,-15.5],[145.4,-15.5],[145.3,-15.4],[145.3,-15.4],[145.4,-15.5],[145.3,-15.3],[145.5,-15.1],[145.3,-15.2],[145.3,-15.3]]},"properties":{"stormId":"AU197879_01U","name":"PETER","start":"1978-12-29 06:00","end":"1979-01-03 11:00","positions":25,"minCentralPressure":980.0,"maxWindSpeed":41.2,"source":"Bureau of Meteorology Australian Tropical Cyclone Database"}},{"type":"Feature","geometry":{"type":"LineString","coordinates":[[137.2,-13.9],[137.4,-13.5],[137.8,-13.5],[138.4,-13.4],[139.2,-13.1],[140.0,-13.0],[140.9,-12.8],[141.5,-12.8],[141.8,-12.8],[142.2,-12.8],[143.2,-13.0],[143.5,-13.3],[143.7,-13.8],[144.0,-14.5],[144.5,-14.7],[144.7,-14.8],[144.8,-15.0],[144.8,-15.2],[144.5,-15.3],[144.0,-15.5],[142.3,-16.1],[141.5,-16.3],[140.0,-16.7],[139.3,-17.0],[139.3,-17.3],[140.0,-17.5],[139.8,-17.7],[139.3,-17.8],[135.0,-19.4],[132.0,-21.8],[133.2,-23.6],[133.5,-23.8]]},"properties":{"stormId":"AU197879_02U","name":"GRETA","start":"1979-01-08 11:00","end":"1979-01-16 06:00","positions":32,"minCentralPressure":986.0,"maxWindSpeed":25.7,"source":"Bureau of Meteorology Australian Tropical Cyclone Database"}},{"type":"Feature","geometry":{"type":"LineString","coordinates":[[162.6,-19.6],[160.6,-19.6],[158.8,-19.5],[157.0,-19.4],[155.4,-19.3],[154.5,-19.3],[154.4,-19.3],[154.4,-19.3],[154.4,-19.3],[154.3,-19.4],[153.3,-19.5],[152.1,-19.5],[151.6,-19.6],[151.2,-19.8],[150.8,-19.9],[150.3,-19.9],[149.9,-20.0],[149.5,-20.2],[149.0,-20.4],[148.5,-20.6]]},"properties":{"stormId":"AU197879_03U","name":"GORDON","start":"1979-01-08 17:00","end":"1979-01-11 23:00","positions":20,"minCentralPressure":988.0,"maxWindSpeed":25.7,"source":"Bureau of Meteorology Australian Tropical Cyclone Database"}},{"type":"Feature","geometry":{"type":"LineString","coordinates":[[160.9,-11.2],[157.9,-13.1],[155.9,-11.9],[153.4,-10.9],[152.1,-10.3],[149.7,-11.0],[148.1,-11.4],[146.4,-12.4],[145.2,-12.8],[143.6,-13.2],[142.8,-13.4],[141.6,-13.8],[140.4,-14.3],[138.5,-15.1],[137.5,-15.4],[137.3,-15.8],[137.8,-16.2],[138.8,-16.0],[139.6,-15.7],[140.1,-16.0],[139.9,-16.3],[139.3,-16.0],[138.6,-15.5],[137.8,-14.7],[137.7,-14.3],[138.0,-13.7],[138.3,-13.6],[138.2,-13.9],[137.6,-14.1],[137.4,-13.8],[137.4,-13.7],[137.5,-13.5],[137.8,-13.6],[138.0,-14.4],[137.9,-15.0],[137.8,-15.1],[137.6,-15.2],[137.3,-15.1],[136.7,-15.2],[136.2,-15.4],[135.9,-15.5],[134.8,-15.7],[133.7,-16.4],[132.2,-17.0],[129.6,-18.1],[127.4,-18.6],[125.2,-19.2],[124.2,-19.5],[122.5,-19.8],[120.4,-20.4],[118.6,-21.1],[114.7,-22.3],[113.8,-22.5]]},"properties":{"stormId":"AU197879_04U","name":"ROSA","start":"1979-02-11 23:00","end":"1979-03-03 16:00","positions":53,"minCentralPressure":955.0,"maxWindSpeed":43.7,"source":"Bureau of Meteorology Australian Tropical Cyclone Database"}},{"type":"Feature","geometry":{"type":"LineString","coordinates":[[170.1,-8.1],[169.1,-8.1],[168.1,-8.2],[167.0,-8.3],[166.2,-8.3],[164.2,-8.5],[163.1,-9.0],[162.3,-9.3],[162.0,-9.6],[160.9,-10.7],[160.1,-11.3],[159.4,-11.8],[158.8,-12.1],[158.0,-12.6],[157.4,-12.8],[157.3,-13.3],[157.6,-13.8],[158.0,-14.3],[158.3,-14.5],[158.6,-14.9],[158.8,-15.2],[158.7,-15.9],[158.4,-16.3],[157.9,-16.9],[157.4,-17.2],[156.9,-17.7],[156.5,-18.1],[155.9,-18.6],[155.5,-18.9],[155.1,-18.9],[154.9,-18.7],[154.3,-18.3],[154.1,-18.1],[153.9,-17.6],[154.1,-17.4],[154.3,-17.1],[154.1,-16.9],[154.6,-16.6],[155.0,-16.7],[155.6,-16.8],[155.9,-16.9],[156.1,-17.2],[156.4,-17.3],[156.6,-17.4],[156.9,-17.5],[157.1,-17.7],[157.1,-17.8],[156.5,-17.8],[156.1,-17.7],[155.5,-17.5],[155.1,-17.5],[154.4,-17.5],[154.1,-17.5],[153.3,-18.2],[153.0,-18.7],[152.6,-19.3],[152.8,-19.6],[153.0,-20.1],[152.8,-20.3],[152.4,-20.3],[152.2,-20.3],[151.3,-20.2],[150.6,-20.3],[149.5,-20.2],[148.9,-20.3],[148.57,-20.17],[148.4,-20.1],[148.1,-20.0],[148.0,-19.8],[147.8,-19.7],[147.6,-19.3],[147.4,-18.8],[147.4,-17.9],[147.4,-17.2],[147.5,-17.0],[147.5,-16.9],[147.7,-17.5],[147.9,-18.1],[148.4,-18.9],[149.1,-19.3],[150.0,-20.3],[150.7,-21.5]]},"properties":{"stormId":"AU197879_05U","name":"KERRY","start":"1979-02-12 23:00","end":"1979-03-04 23:00","positions":82,"minCentralPressure":945.0,"maxWindSpeed":51.4,"source":"Bureau of Meteorology Australian Tropical Cyclone Database"}},{"type":"Feature","geometry":{"type":"LineString","coordinates":[[123.9,-15.2],[123.0,-15.1],[122.3,-14.7],[122.0,-14.3],[121.7,-13.8],[121.2,-13.5],[120.6,-13.5],[120.1,-13.9],[119.8,-14.5],[119.8,-15.0],[119.5,-15.5],[119.2,-16.0],[118.5,-16.2],[117.8,-16.8],[117.2,-17.3],[116.4,-17.7],[115.7,-18.0],[115.2,-18.2],[114.6,-18.4],[113.8,-18.7],[113.1,-19.0],[112.6,-19.6],[112.2,-20.3],[112.0,-21.0],[112.2,-22.1],[112.3,-22.7],[112.5,-23.4],[112.8,-24.2],[113.0,-25.1],[113.6,-26.1],[114.2,-27.2],[114.5,-28.4],[115.4,-29.6],[116.0,-30.0],[116.2,-30.9],[117.7,-32.4]]},"properties":{"stormId":"AU197879_06U","name":"HAZEL","start":"1979-03-07 00:00","end":"1979-03-14 06:00","positions":36,"minCentralPressure":936.0,"maxWindSpeed":54.0,"source":"Bureau of Meteorology Australian Tropical Cyclone Database"}},{"type":"Feature","geometry":{"type":"LineString","coordinates":[[91.9,-12.6],[91.4,-13.3],[91.2,-13.8],[91.1,-14.4],[91.0,-15.0],[90.8,-15.7],[90.2,-16.5],[89.7,-17.0],[89.0,-17.3],[88.1,-17.6],[87.3,-18.2],[87.3,-18.8],[86.5,-19.6],[86.1,-20.4],[85.6,-21.1],[85.1,-21.6],[84.2,-22.2],[83.1,-22.6],[82.1,-23.0],[81.4,-23.5],[80.7,-24.1]]},"properties":{"stormId":"AU197879_07U","name":"IVAN","start":"1979-03-16 00:00","end":"1979-03-21 00:00","positions":21,"minCentralPressure":988.0,"maxWindSpeed":25.7,"source":"Bureau of Meteorology Australian Tropical Cyclone Database"}},{"type":"Feature","geometry":{"type":"LineString","coordinates":[[150.1,-11.1],[149.5,-11.1],[148.9,-11.0],[148.1,-10.9],[147.1,-10.8],[146.0,-10.8],[144.8,-10.8],[143.6,-10.8],[142.7,-10.8],[142.3,-10.8],[142.3,-10.8],[142.3,-10.8],[142.0,-10.8],[141.7,-10.8],[141.0,-10.8],[140.3,-10.7],[139.6,-10.7],[138.9,-10.7],[138.3,-10.6],[137.8,-10.5],[137.4,-10.5],[137.0,-10.5],[136.7,-10.5],[136.7,-10.5],[136.7,-10.5],[136.7,-10.5],[136.8,-10.6],[137.0,-10.6],[137.2,-10.7],[137.6,-10.8],[138.3,-10.9],[139.1,-11.1],[139.7,-11.5],[140.3,-11.9],[141.2,-12.2],[141.8,-12.3],[143.2,-12.4],[145.5,-12.4],[147.5,-12.6],[149.5,-12.8],[151.3,-13.0],[152.8,-13.2]]},"properties":{"stormId":"AU197879_08U","name":"STAN","start":"1979-04-06 05:00","end":"1979-04-15 17:00","positions":42,"minCentralPressure":995.0,"maxWindSpeed":18.0,"source":"Bureau of Meteorology Australian Tropical Cyclone Database"}},{"type":"Feature","geometry":{"type":"LineString","coordinates":[[75.2,-11.7],[74.2,-12.6],[73.3,-13.2],[72.6,-13.7],[71.9,-13.9],[71.2,-13.6],[70.4,-13.2],[70.0,-13.0],[69.6,-13.2],[69.4,-13.5],[69.2,-13.8],[69.3,-14.1],[69.4,-14.3],[69.6,-14.7],[69.7,-15.0],[70.0,-15.7],[70.4,-16.2],[71.1,-16.7],[71.7,-17.0],[72.4,-17.3],[73.2,-17.4],[74.2,-17.3],[75.3,-17.6],[76.0,-18.0],[76.7,-18.2],[77.3,-18.5],[78.0,-18.9],[79.0,-19.3],[80.3,-20.1],[82.0,-20.8],[84.0,-21.3],[85.6,-21.8],[86.9,-22.0],[88.5,-22.2],[90.4,-22.6],[92.5,-22.8],[94.9,-23.2],[97.0,-24.4],[99.0,-25.8],[100.6,-27.4],[101.8,-29.0],[102.2,-30.5],[102.3,-31.6],[102.6,-32.6],[103.0,-33.6],[103.8,-34.0],[105.9,-34.0],[107.2,-34.0],[108.3,-34.1],[111.1,-34.2],[114.2,-34.8],[117.3,-35.3],[120.4,-35.8],[123.7,-35.9],[127.0,-36.0],[129.9,-36.5],[133.0,-37.5]]},"properties":{"stormId":"AU197879_09U","name":"IDYLLE","start":"1979-04-06 00:00","end":"1979-04-20 00:00","positions":57,"minCentralPressure":945.0,"maxWindSpeed":48.9,"source":"Bureau of Meteorology Australian Tropical Cyclone Database"}},{"type":"Feature","geometry":{"type":"LineString","coordinates":[[91.2,-7.2],[91.2,-7.6],[91.1,-8.2],[91.2,-9.6],[91.8,-10.9],[92.2,-11.5],[92.6,-11.9],[93.0,-12.2],[93.4,-12.8],[93.6,-13.0],[93.8,-13.2],[94.0,-13.4],[94.2,-13.6],[94.5,-14.0],[94.9,-14.3],[95.3,-14.6],[95.7,-14.9],[96.2,-15.3],[96.9,-15.9],[97.4,-16.4],[98.0,-16.9],[98.5,-17.4],[99.0,-18.0],[99.6,-18.4],[100.3,-18.9]]},"properties":{"stormId":"AU197879_10U","name":"JANE","start":"1979-04-08 00:00","end":"1979-04-14 00:00","positions":25,"minCentralPressure":988.0,"maxWindSpeed":25.7,"source":"Bureau of Meteorology Australian Tropical Cyclone Database"}},{"type":"Feature","geometry":{"type":"LineString","coordinates":[[94.7,-4.3],[94.4,-4.5],[93.9,-4.6],[93.5,-4.6],[93.1,-4.6],[92.8,-4.6],[92.5,-4.7],[92.3,-4.7],[92.1,-4.8],[91.6,-4.9],[90.8,-5.2],[90.0,-5.3],[89.0,-5.4],[88.1,-5.7],[87.1,-6.0],[86.2,-6.2],[85.2,-6.5],[84.5,-6.8],[83.8,-7.0],[83.0,-7.1],[82.2,-7.3],[81.8,-7.6],[81.9,-8.0],[82.4,-8.1],[82.8,-8.1],[83.6,-8.0],[84.4,-8.0],[85.2,-8.0],[86.0,-8.2],[87.2,-8.5],[89.0,-8.7],[90.2,-8.8],[91.0,-9.0],[92.0,-9.3],[92.9,-9.9],[93.1,-10.4],[93.1,-11.0],[92.8,-11.2],[92.3,-11.7],[91.5,-11.9],[90.0,-12.0],[89.0,-12.0],[88.0,-12.0]]},"properties":{"stormId":"AU197879_11U","name":"KEVIN","start":"1979-05-02 00:00","end":"1979-05-12 00:00","positions":43,"minCentralPressure":986.0,"maxWindSpeed":25.7,"source":"Bureau of Meteorology Australian Tropical Cyclone Database"}},{"type":"Feature","geometry":{"type":"LineString","coordinates":[[93.0,-8.0],[92.9,-8.2],[92.9,-8.4],[92.8,-8.6],[92.8,-8.8],[92.7,-9.0],[92.6,-9.2],[92.5,-9.4],[92.4,-9.6],[92.2,-9.9],[91.8,-10.2],[91.4,-10.5],[90.9,-10.7],[90.3,-10.7],[89.8,-10.6],[89.2,-10.3],[88.6,-10.2],[88.3,-10.0],[87.9,-9.8],[87.7,-9.7],[87.3,-9.5],[87.0,-9.4],[86.8,-9.2],[86.7,-9.2],[86.5,-9.1],[86.2,-9.1],[85.9,-9.1],[85.7,-9.2],[85.4,-9.4],[85.0,-9.6],[84.6,-10.0],[84.1,-10.3],[83.5,-10.6],[82.8,-10.9],[82.0,-11.1],[81.3,-11.3],[80.4,-11.6],[79.5,-11.8],[78.4,-12.0],[77.5,-12.1],[76.4,-12.2]]},"properties":{"stormId":"AU197980_02U","name":"VIOLA","start":"1979-12-09 00:00","end":"1979-12-19 00:00","positions":41,"minCentralPressure":930.0,"maxWindSpeed":56.6,"source":"Bureau of Meteorology Australian Tropical Cyclone Database"}},{"type":"Feature","geometry":{"type":"LineString","coordinates":[[94.9,-9.8],[94.7,-10.0],[94.4,-10.2],[94.2,-10.5],[93.9,-10.7],[93.6,-10.9],[93.2,-11.0],[92.7,-11.2],[92.2,-11.4],[91.8,-11.5],[91.5,-11.6],[91.1,-11.7],[90.8,-11.9],[90.7,-12.2],[90.7,-12.6],[90.8,-13.0],[91.0,-13.4],[91.4,-13.8],[91.8,-14.2],[92.2,-14.6],[92.5,-15.1],[92.7,-15.5],[92.7,-16.0],[92.4,-16.5],[91.8,-16.5],[91.2,-16.4],[90.5,-16.3],[89.9,-16.2],[89.2,-16.2],[88.5,-16.1],[87.7,-16.0],[87.0,-16.0],[86.2,-16.0],[85.2,-16.0],[84.0,-16.0],[82.6,-15.9],[81.2,-16.0]]},"properties":{"stormId":"AU197980_03U","name":"WILF","start":"1979-12-23 00:00","end":"1980-01-01 00:00","positions":37,"minCentralPressure":973.0,"maxWindSpeed":36.0,"source":"Bureau of Meteorology Australian Tropical Cyclone Database"}},{"type":"Feature","geometry":{"type":"LineString","coordinates":[[136.6,-14.9],[137.0,-15.1],[137.5,-15.4],[137.9,-16.0],[138.1,-16.7],[138.4,-17.3],[138.7,-18.0],[139.0,-18.4],[139.4,-18.8],[140.0,-19.0],[140.7,-18.8],[141.4,-18.7],[142.1,-18.7],[142.8,-18.8],[143.7,-19.0],[145.6,-19.6],[147.5,-20.4],[149.2,-21.6],[151.3,-22.7],[153.6,-23.4],[155.6,-24.8],[157.1,-26.3],[158.5,-28.1],[159.7,-30.3],[160.2,-31.4]]},"properties":{"stormId":"AU197980_04U","name":"PAUL","start":"1980-01-02 18:00","end":"1980-01-08 18:00","positions":25,"minCentralPressure":983.0,"maxWindSpeed":25.7,"source":"Bureau of Meteorology Australian Tropical Cyclone Database"}},{"type":"Feature","geometry":{"type":"LineString","coordinates":[[120.5,-14.5],[120.1,-14.7],[119.8,-14.8],[119.8,-14.8],[119.7,-14.8],[119.7,-14.8],[119.7,-14.8],[119.5,-14.8],[119.3,-14.8],[119.1,-14.9],[118.8,-15.0],[118.5,-15.4],[118.3,-15.8],[118.3,-16.4],[118.3,-17.1],[118.3,-17.6],[118.4,-18.1],[118.5,-18.5],[118.8,-18.8],[119.3,-19.2],[119.6,-19.4],[119.8,-19.6],[119.8,-19.8],[119.73,-20.0],[119.6,-20.3],[119.2,-20.6],[118.4,-21.1],[117.9,-22.0],[117.0,-22.8],[116.8,-24.0],[116.9,-25.3],[117.0,-26.4],[117.6,-28.6],[119.0,-30.1],[121.3,-31.4]]},"properties":{"stormId":"AU197980_05U","name":"AMY","start":"1980-01-04 12:00","end":"1980-01-12 18:00","positions":35,"minCentralPressure":915.0,"maxWindSpeed":59.2,"source":"Bureau of Meteorology Australian Tropical Cyclone Database"}},{"type":"Feature","geometry":{"type":"LineString","coordinates":[[130.4,-10.1],[129.8,-11.2],[128.9,-12.2],[127.7,-12.8],[126.6,-13.2],[125.7,-13.4],[124.6,-13.4],[123.2,-13.4],[121.7,-13.8],[120.4,-14.3],[119.0,-15.2],[117.2,-15.8],[115.3,-15.8],[113.9,-16.1],[112.2,-16.3],[111.7,-16.8],[108.9,-17.1],[107.3,-17.2],[105.8,-17.3],[104.4,-17.4],[103.0,-18.0],[101.8,-18.5],[100.7,-19.3],[99.8,-20.0],[98.6,-20.9],[97.6,-21.8],[96.5,-22.7],[95.4,-23.6],[94.4,-24.6],[93.2,-25.7],[92.3,-27.5],[92.3,-29.3],[92.7,-30.4],[93.0,-31.2],[93.2,-31.7],[93.5,-32.1],[93.7,-32.4]]},"properties":{"stormId":"AU197980_06U","name":"BRIAN","start":"1980-01-18 00:00","end":"1980-01-27 00:00","positions":37,"minCentralPressure":930.0,"maxWindSpeed":51.4,"source":"Bureau of Meteorology Australian Tropical Cyclone Database"}},{"type":"Feature","geometry":{"type":"LineString","coordinates":[[89.7,-9.7],[90.1,-9.9],[90.4,-10.0],[90.8,-10.1],[91.1,-10.3],[91.8,-10.8],[92.5,-11.3],[93.5,-12.0],[94.6,-12.5],[96.3,-12.8],[97.8,-12.2],[99.4,-11.5],[101.0,-12.0],[102.0,-12.9],[102.7,-13.7],[103.4,-14.2],[104.2,-14.7],[105.7,-14.9],[107.0,-13.7],[108.6,-13.4],[110.1,-13.9],[112.1,-15.2],[113.3,-17.0],[113.2,-17.8],[112.3,-18.4],[110.7,-19.0],[109.9,-20.4],[108.6,-21.6],[107.5,-22.6],[106.4,-23.0],[105.8,-23.4],[104.8,-23.7],[104.0,-23.0],[103.1,-22.2]]},"properties":{"stormId":"AU197980_07U","name":"CLARA","start":"1980-01-21 00:00","end":"1980-01-29 00:00","positions":34,"minCentralPressure":980.0,"maxWindSpeed":30.9,"source":"Bureau of Meteorology Australian Tropical Cyclone Database"}},{"type":"Feature","geometry":{"type":"LineString","coordinates":[[129.4,-10.5],[129.2,-10.8],[129.0,-11.0],[128.8,-11.2],[128.4,-11.4],[127.6,-11.5],[126.2,-11.5],[124.6,-11.7],[123.2,-11.9],[121.1,-12.3],[120.8,-12.7],[119.9,-13.1],[119.0,-13.5],[118.0,-14.1],[117.2,-14.8],[117.0,-15.2],[117.0,-15.6],[117.1,-15.9],[117.4,-16.6],[117.9,-17.7],[118.4,-18.7],[118.9,-19.9],[118.97,-20.15],[119.3,-21.4],[119.5,-22.5],[120.1,-23.2],[120.6,-23.7],[121.0,-24.0],[121.4,-24.2],[121.8,-24.4],[122.3,-24.6],[123.1,-24.8],[124.3,-25.0],[125.7,-24.9],[126.2,-24.3]]},"properties":{"stormId":"AU197980_08U","name":"DEAN","start":"1980-01-27 00:00","end":"1980-02-04 00:00","positions":35,"minCentralPressure":930.0,"maxWindSpeed":56.6,"source":"Bureau of Meteorology Australian Tropical Cyclone Database"}},{"type":"Feature","geometry":{"type":"LineString","coordinates":[[150.4,-18.8],[151.1,-19.9],[151.3,-19.3],[152.2,-18.2],[152.7,-18.1],[154.0,-18.2],[155.3,-18.3],[156.9,-18.4],[158.6,-18.7],[159.5,-20.2],[158.3,-20.2],[158.2,-20.3],[158.3,-20.4],[158.4,-20.5],[158.3,-21.5],[157.8,-21.2],[157.7,-20.8],[157.7,-20.5],[157.7,-20.3],[157.8,-20.1],[158.1,-19.9],[158.8,-20.0],[159.4,-20.8],[159.8,-21.3],[160.0,-21.5],[160.4,-22.0],[160.1,-22.4],[159.5,-22.5],[158.3,-22.7],[157.4,-22.8],[156.8,-22.4],[155.8,-20.5]]},"properties":{"stormId":"AU197980_09U","name":"RUTH","start":"1980-02-11 00:00","end":"1980-02-18 18:00","positions":32,"minCentralPressure":980.0,"maxWindSpeed":28.3,"source":"Bureau of Meteorology Australian Tropical Cyclone Database"}},{"type":"Feature","geometry":{"type":"LineString","coordinates":[[130.9,-16.3],[130.7,-16.0],[130.3,-15.6],[129.8,-15.4],[129.2,-15.4],[128.5,-15.9],[127.8,-16.3],[127.2,-16.6],[126.3,-16.8],[125.5,-16.9],[124.5,-17.0],[123.2,-17.2],[122.1,-17.4],[121.2,-17.9],[120.6,-17.8],[120.3,-17.7],[120.4,-17.6],[120.8,-17.7],[120.6,-17.9],[120.5,-18.3],[120.4,-18.7],[120.4,-19.1],[120.4,-19.5],[120.35,-19.9],[120.3,-20.3],[120.1,-21.1],[119.9,-21.8],[119.8,-22.6]]},"properties":{"stormId":"AU197980_10U","name":"ENID","start":"1980-02-12 00:00","end":"1980-02-18 00:00","positions":28,"minCentralPressure":930.0,"maxWindSpeed":56.6,"source":"Bureau of Meteorology Australian Tropical Cyclone Database"}},{"type":"Feature","geometry":{"type":"LineString","coordinates":[[102.3,-11.6],[102.6,-11.7],[102.8,-11.9],[103.0,-12.1],[103.0,-12.4],[102.9,-12.7],[102.8,-13.0],[102.3,-13.1],[101.8,-13.2],[101.5,-13.3],[101.1,-13.4],[100.8,-13.5],[100.2,-13.6],[99.3,-13.8],[98.2,-14.0],[97.0,-14.3],[95.6,-14.7],[94.3,-15.1],[93.3,-15.6],[92.1,-16.0],[90.8,-16.6],[89.8,-17.2],[88.9,-17.9],[88.0,-18.6],[87.3,-19.6],[87.0,-20.2],[86.8,-20.8],[86.8,-21.5],[86.8,-22.1],[86.9,-22.8],[87.0,-23.6],[87.2,-24.5],[87.5,-25.6]]},"properties":{"stormId":"AU197980_11U","name":"FRED","start":"1980-02-20 00:00","end":"1980-02-28 00:00","positions":33,"minCentralPressure":930.0,"maxWindSpeed":54.0,"source":"Bureau of Meteorology Australian Tropical Cyclone Database"}},{"type":"Feature","geometry":{"type":"LineString","coordinates":[[153.8,-17.0],[153.4,-17.8],[153.1,-18.6],[152.8,-19.3],[152.3,-20.0],[152.0,-20.5],[151.4,-21.3],[151.0,-21.6],[150.9,-22.2],[150.8,-22.5],[151.0,-22.7],[151.5,-22.9],[151.8,-22.8],[151.9,-23.0],[152.3,-23.2],[152.6,-23.3],[152.7,-23.1],[152.5,-23.3],[152.8,-23.3],[153.1,-23.6],[153.2,-24.2],[153.6,-24.6],[154.1,-25.5],[155.1,-26.5],[156.3,-27.5],[157.7,-28.5],[159.1,-29.5],[160.5,-30.5]]},"properties":{"stormId":"AU197980_12U","name":"SIMON","start":"1980-02-21 18:00","end":"1980-02-28 12:00","positions":28,"minCentralPressure":950.0,"maxWindSpeed":46.3,"source":"Bureau of Meteorology Australian Tropical Cyclone Database"}},{"type":"Feature","geometry":{"type":"LineString","coordinates":[[161.0,-12.0],[161.5,-12.4],[162.0,-13.0],[161.5,-13.4],[161.0,-13.7],[160.5,-14.0],[160.0,-14.6],[159.7,-15.2],[159.4,-15.9],[159.5,-16.5],[159.5,-17.3],[159.7,-18.2],[160.2,-18.8],[161.0,-19.6],[161.8,-20.4],[162.8,-21.2],[164.1,-22.2],[165.5,-23.3],[167.5,-24.6],[169.5,-26.0]]},"properties":{"stormId":"AU197980_13U","name":"SINA","start":"1980-03-09 00:00","end":"1980-03-13 18:00","positions":20,"minCentralPressure":981.0,"maxWindSpeed":28.3,"source":"Bureau of Meteorology Australian Tropical Cyclone Database"}},{"type":"Feature","geometry":{"type":"LineString","coordinates":[[133.8,-10.0],[134.0,-9.9],[134.2,-9.8],[134.5,-9.8],[135.0,-9.8],[135.7,-10.0],[136.3,-10.3],[136.6,-10.7],[137.0,-11.1],[137.3,-11.5],[137.7,-12.0],[137.7,-12.6],[137.4,-13.1],[136.9,-13.3],[136.5,-13.4],[136.2,-13.5],[135.9,-13.6],[135.5,-13.7],[135.1,-13.7],[134.7,-13.7],[134.2,-13.6],[129.4,-13.7],[127.4,-14.1],[125.7,-14.7],[124.2,-15.3],[123.1,-15.8],[122.2,-16.2],[121.1,-16.4],[120.0,-16.6],[118.9,-16.9],[117.6,-17.1],[115.7,-17.3],[113.3,-17.2],[111.0,-17.0],[109.5,-16.9],[108.3,-17.0],[106.7,-17.2],[105.1,-17.1],[104.1,-16.9],[103.2,-16.8],[102.4,-16.8],[101.8,-17.0],[101.3,-17.1],[100.9,-17.4],[100.3,-18.0],[99.8,-18.7],[99.5,-19.4],[99.4,-20.3],[99.4,-21.4],[99.6,-22.6],[100.0,-24.0],[100.5,-25.8],[101.1,-27.7],[101.8,-29.4],[102.8,-31.2],[104.0,-32.9],[105.6,-34.6],[107.6,-36.5]]},"properties":{"stormId":"AU197980_14U","name":"DORIS-GLORIA","start":"1980-03-14 00:00","end":"1980-03-29 00:00","positions":58,"minCentralPressure":955.0,"maxWindSpeed":46.3,"source":"Bureau of Meteorology Australian Tropical Cyclone Database"}},{"type":"Feature","geometry":{"type":"LineString","coordinates":[[139.8,-14.3],[138.6,-14.0],[138.0,-13.7],[138.0,-13.4],[138.1,-13.0],[138.2,-12.7],[137.9,-12.4],[137.6,-12.0],[137.0,-11.8],[136.6,-11.5],[136.1,-11.1],[135.4,-10.8],[134.5,-10.4]]},"properties":{"stormId":"AU197980_15U","name":"UNNAMED","start":"1980-03-27 12:00","end":"1980-03-30 12:00","positions":13,"minCentralPressure":995.0,"maxWindSpeed":20.6,"source":"Bureau of Meteorology Australian Tropical Cyclone Database"}},{"type":"Feature","geometry":{"type":"LineString","coordinates":[[102.0,-4.9],[101.5,-5.3],[101.2,-5.5],[100.9,-5.7],[100.7,-5.9],[100.5,-6.1],[100.3,-6.2],[100.1,-6.4],[99.9,-6.5],[99.6,-6.8],[99.0,-7.1],[98.3,-7.5],[97.4,-7.8],[96.5,-8.1],[95.5,-8.3],[94.3,-8.6],[92.9,-8.9],[91.8,-9.4],[90.6,-9.9],[89.4,-10.4],[87.9,-10.7],[86.7,-10.8],[85.6,-11.0],[84.7,-11.2],[83.9,-11.5],[83.0,-11.8],[82.2,-12.1],[81.6,-12.5],[80.9,-12.9],[80.4,-13.3],[78.8,-13.4]]},"properties":{"stormId":"AU198081_01U","name":"ALICE","start":"1980-11-03 00:00","end":"1980-11-10 12:00","positions":31,"minCentralPressure":940.0,"maxWindSpeed":54.0,"source":"Bureau of Meteorology Australian Tropical Cyclone Database"}},{"type":"Feature","geometry":{"type":"LineString","coordinates":[[122.3,-10.8],[121.7,-10.9],[120.9,-11.1],[120.1,-11.3],[119.2,-11.8],[118.6,-12.4],[118.2,-12.9],[117.8,-13.4],[117.4,-13.7],[116.7,-13.8],[115.7,-13.7],[114.7,-13.7],[114.3,-13.8],[113.8,-14.0],[112.7,-14.3],[111.5,-14.5],[110.2,-14.6],[108.9,-14.6],[107.9,-15.1],[107.0,-15.8],[106.0,-16.5],[105.0,-16.9],[104.0,-16.9],[103.1,-16.7],[102.7,-16.6],[102.3,-16.6],[102.0,-16.7],[101.9,-16.7],[101.7,-16.8],[101.6,-17.1],[101.3,-17.4],[101.0,-17.6],[100.6,-17.7],[100.2,-17.9],[99.7,-18.1],[99.0,-18.2],[98.1,-18.1],[97.5,-17.8],[97.0,-17.5],[96.2,-16.6],[95.2,-15.7],[93.8,-14.9],[93.0,-14.8],[92.1,-15.0],[91.4,-15.4],[89.9,-16.2]]},"properties":{"stormId":"AU198081_03U","name":"CAROL","start":"1980-12-12 00:00","end":"1980-12-22 12:00","positions":46,"minCentralPressure":940.0,"maxWindSpeed":56.6,"source":"Bureau of Meteorology Australian Tropical Cyclone Database"}},{"type":"Feature","geometry":{"type":"LineString","coordinates":[[99.6,-8.6],[100.3,-8.5],[101.1,-8.4],[101.9,-8.5],[102.4,-8.8],[102.5,-9.0],[102.1,-9.7],[101.6,-10.1],[101.4,-10.5],[101.6,-10.6],[101.9,-10.6],[102.3,-10.3],[103.0,-9.9],[103.7,-9.7],[104.0,-9.8],[104.2,-10.1],[104.5,-10.9],[104.7,-11.8],[104.9,-12.3],[105.1,-13.0],[105.4,-13.6]]},"properties":{"stormId":"AU198081_04U","name":"DAN","start":"1980-12-14 00:00","end":"1980-12-18 00:00","positions":21,"minCentralPressure":985.0,"maxWindSpeed":25.7,"source":"Bureau of Meteorology Australian Tropical Cyclone Database"}},{"type":"Feature","geometry":{"type":"LineString","coordinates":[[117.4,-10.1],[116.3,-9.8],[115.5,-10.1],[115.5,-10.7],[115.3,-11.0],[114.9,-11.0],[114.4,-11.0],[114.0,-11.2],[113.4,-11.7],[112.4,-11.9],[111.0,-11.8],[110.1,-11.7],[109.0,-11.7],[107.9,-11.6],[106.9,-11.5],[105.9,-11.3],[105.0,-11.0],[104.1,-11.0],[103.4,-11.0],[102.4,-11.1],[100.9,-11.2],[99.7,-11.3],[98.5,-11.3],[97.2,-11.3],[95.9,-11.0],[95.2,-10.6],[94.5,-10.4],[93.8,-10.3],[93.0,-10.1]]},"properties":{"stormId":"AU198081_05U","name":"EDNA","start":"1980-12-20 00:00","end":"1980-12-27 00:00","positions":29,"minCentralPressure":994.0,"maxWindSpeed":20.6,"source":"Bureau of Meteorology Australian Tropical Cyclone Database"}},{"type":"Feature","geometry":{"type":"LineString","coordinates":[[127.0,-10.6],[126.0,-10.7],[125.0,-10.7],[123.9,-10.7],[122.8,-10.5],[121.7,-10.6],[120.9,-10.9],[120.1,-11.2],[119.4,-11.5],[118.5,-11.7],[117.7,-12.0],[116.8,-12.3],[116.0,-12.8],[115.1,-13.3],[114.2,-13.9],[113.2,-14.3],[112.2,-14.7],[111.1,-14.8],[110.4,-15.0],[109.4,-15.2],[108.5,-15.5],[107.6,-15.9],[106.8,-16.3],[106.0,-17.0],[105.2,-17.8],[104.9,-18.7],[104.5,-19.6],[104.3,-20.6],[104.4,-21.5],[104.9,-22.6],[105.4,-23.1],[106.0,-23.5],[106.8,-23.8],[107.6,-23.4],[108.2,-22.8],[108.3,-21.6],[109.1,-20.6]]},"properties":{"stormId":"AU198081_06U","name":"FELIX","start":"1980-12-22 00:00","end":"1980-12-31 00:00","positions":37,"minCentralPressure":940.0,"maxWindSpeed":51.4,"source":"Bureau of Meteorology Australian Tropical Cyclone Database"}},{"type":"Feature","geometry":{"type":"LineString","coordinates":[[110.1,-11.8],[111.1,-12.2],[112.3,-12.4],[113.3,-12.5],[114.1,-12.9],[114.8,-13.3],[115.6,-13.8],[116.6,-14.1],[117.4,-14.3],[117.8,-14.7],[117.9,-15.2],[117.9,-15.8],[117.8,-16.2],[117.7,-16.7],[117.5,-17.0],[117.3,-17.2],[117.2,-17.5],[117.0,-17.8],[116.8,-17.9],[116.5,-18.0],[116.2,-18.1],[116.0,-18.2],[115.7,-18.3],[115.2,-18.6],[114.8,-18.9],[114.0,-19.7],[113.3,-20.5],[112.8,-21.5],[112.4,-22.4],[112.2,-23.3],[111.9,-24.0],[111.4,-24.5],[110.8,-24.6],[110.1,-24.3],[109.6,-24.0],[108.9,-23.3],[108.2,-22.5]]},"properties":{"stormId":"AU198081_07U","name":"MABEL","start":"1981-01-12 00:00","end":"1981-01-21 00:00","positions":37,"minCentralPressure":930.0,"maxWindSpeed":56.6,"source":"Bureau of Meteorology Australian Tropical Cyclone Database"}},{"type":"Feature","geometry":{"type":"LineString","coordinates":[[153.6,-14.2],[153.1,-14.0],[152.6,-13.8],[152.1,-13.7],[151.5,-13.5],[151.0,-13.4],[150.2,-13.4],[149.5,-13.4],[148.7,-13.5],[148.0,-13.8],[147.2,-13.9],[146.5,-14.0],[145.8,-14.1],[145.0,-14.3],[144.6,-14.3],[144.4,-14.3],[143.6,-14.3],[142.8,-14.4],[141.8,-14.6],[141.6,-14.7],[141.1,-14.9],[140.4,-15.5],[139.8,-16.0],[139.0,-16.4],[138.2,-16.5],[137.9,-16.5],[137.3,-16.6],[136.6,-16.7],[135.7,-16.9],[134.9,-17.1],[134.0,-17.3],[133.0,-17.6],[132.0,-17.8],[131.3,-18.1],[130.5,-18.5],[129.8,-18.8],[129.1,-19.2],[128.5,-19.4],[128.0,-19.6],[127.3,-19.8],[126.5,-20.0],[126.0,-20.2]]},"properties":{"stormId":"AU198081_08U","name":"EDDIE","start":"1981-02-08 09:00","end":"1981-02-13 03:00","positions":42,"minCentralPressure":980.0,"maxWindSpeed":28.3,"source":"Bureau of Meteorology Australian Tropical Cyclone Database"}},{"type":"Feature","geometry":{"type":"LineString","coordinates":[[171.6,-11.1],[171.3,-11.3],[171.0,-11.5],[170.7,-11.7],[170.3,-12.0],[169.9,-12.3],[169.4,-12.6],[169.0,-12.9],[168.6,-13.2],[168.3,-13.5],[168.2,-13.8],[168.3,-14.1],[168.6,-14.4],[168.8,-14.7],[169.0,-15.1],[169.1,-15.4],[169.0,-15.7],[168.9,-16.1],[168.7,-16.4],[168.5,-16.9],[168.4,-17.2],[168.2,-17.5],[168.0,-17.8],[167.8,-18.2],[167.6,-18.6],[167.1,-19.2],[166.4,-19.9],[165.9,-20.7],[165.4,-21.2],[164.9,-21.6],[164.4,-21.9],[163.8,-22.1],[163.2,-22.5],[162.5,-23.1],[161.8,-24.0],[160.9,-24.7],[159.5,-25.2],[158.4,-25.5],[157.7,-25.7],[157.2,-25.8],[156.6,-25.8],[156.0,-25.8],[155.2,-25.7],[154.5,-25.6],[153.8,-25.4],[153.4,-25.2],[152.6,-25.1],[151.6,-25.2],[150.6,-25.1],[149.0,-25.7],[147.3,-26.1],[146.5,-26.0]]},"properties":{"stormId":"AU198081_09U","name":"CLIFF","start":"1981-02-09 00:00","end":"1981-02-15 09:00","positions":52,"minCentralPressure":975.0,"maxWindSpeed":33.4,"source":"Bureau of Meteorology Australian Tropical Cyclone Database"}},{"type":"Feature","geometry":{"type":"LineString","coordinates":[[120.2,-19.3],[119.2,-19.2],[118.2,-19.1],[117.2,-18.9],[116.2,-18.6],[115.2,-18.4],[114.5,-18.2],[114.1,-18.2],[113.0,-18.2],[112.2,-17.4],[111.9,-17.0],[111.4,-16.6],[110.9,-16.2],[110.2,-16.0],[109.7,-16.0],[108.9,-15.9],[108.2,-15.9],[107.7,-16.0],[107.0,-16.2],[106.5,-16.5],[105.9,-16.8],[105.5,-16.9],[105.1,-17.0],[104.8,-17.1],[104.5,-17.2],[104.3,-17.5],[104.3,-17.7],[104.4,-17.8],[104.5,-17.9],[104.7,-18.0],[104.9,-18.1],[105.2,-18.2],[105.7,-18.3],[106.1,-18.7],[106.8,-19.3],[107.6,-20.0],[108.7,-20.3],[110.0,-20.9],[111.3,-21.5],[113.0,-22.3],[113.7,-22.7],[115.0,-23.4],[117.7,-24.3],[119.8,-25.0],[121.3,-25.7],[124.4,-26.0],[126.4,-26.3]]},"properties":{"stormId":"AU198081_10U","name":"NEIL","start":"1981-02-24 00:00","end":"1981-03-07 00:00","positions":47,"minCentralPressure":940.0,"maxWindSpeed":54.0,"source":"Bureau of Meteorology Australian Tropical Cyclone Database"}},{"type":"Feature","geometry":{"type":"LineString","coordinates":[[140.6,-14.4],[141.2,-14.4],[141.6,-14.4],[142.2,-14.5],[142.7,-14.6],[143.0,-14.7],[143.4,-14.8],[143.8,-14.9],[144.2,-15.1],[144.6,-15.2],[145.0,-15.3],[145.6,-15.5],[146.3,-15.6],[147.0,-15.7],[147.6,-16.0],[148.1,-16.3],[148.8,-16.7],[149.4,-16.9],[150.0,-17.2],[150.6,-17.7],[151.1,-18.3],[151.8,-18.9],[152.1,-19.3],[152.6,-19.7],[152.8,-20.0],[153.1,-20.3],[153.5,-20.7],[153.8,-21.0],[154.2,-21.2],[154.8,-21.2],[155.2,-21.3],[155.5,-21.5],[155.8,-21.6],[155.9,-21.8],[156.1,-22.0],[156.2,-22.2],[156.4,-22.3],[156.7,-22.2],[157.0,-22.1],[157.2,-21.9],[157.4,-21.6],[157.5,-21.4],[157.6,-21.0],[157.7,-20.8],[157.9,-20.4],[158.1,-20.1],[158.3,-19.8],[158.6,-19.5],[158.8,-19.2],[159.0,-19.0],[159.1,-18.8],[159.4,-18.7],[159.5,-18.5],[159.6,-18.3],[159.7,-18.2],[159.8,-18.0],[159.9,-17.8],[160.2,-17.6],[160.6,-17.5],[161.0,-17.5],[161.2,-17.5],[161.4,-17.5],[161.6,-17.6],[161.8,-17.7],[161.8,-17.8],[161.9,-17.9],[161.9,-18.0],[162.0,-18.1],[162.2,-18.2],[162.4,-18.3],[162.8,-18.4],[162.9,-18.5],[163.0,-18.6],[163.1,-18.9],[163.2,-19.1],[163.4,-19.5],[163.6,-19.8],[163.8,-20.2],[164.1,-20.6],[164.3,-21.3],[164.5,-22.2],[164.9,-23.0],[165.1,-24.0]]},"properties":{"stormId":"AU198081_11U","name":"FREDA","start":"1981-02-24 18:00","end":"1981-03-07 00:00","positions":83,"minCentralPressure":962.0,"maxWindSpeed":41.2,"source":"Bureau of Meteorology Australian Tropical Cyclone Database"}},{"type":"Feature","geometry":{"type":"LineString","coordinates":[[135.1,-11.6],[135.0,-11.6],[134.8,-11.6],[134.5,-11.5],[134.3,-11.4],[134.1,-11.4],[133.7,-11.4],[133.4,-11.5],[133.2,-11.5],[133.0,-11.5],[132.8,-11.5],[132.5,-11.7],[132.2,-11.9],[131.8,-11.9],[131.5,-11.9],[131.0,-12.2],[130.8,-12.3],[130.5,-12.4],[130.2,-12.4],[129.7,-12.6],[129.3,-12.8],[128.8,-12.8],[128.3,-12.9],[127.8,-12.9],[127.6,-12.9],[127.3,-12.9],[126.9,-12.9],[125.9,-12.8],[125.5,-12.7],[125.3,-12.5],[125.3,-12.3],[125.0,-12.4],[124.5,-12.2],[124.5,-12.2],[123.4,-12.1],[122.5,-12.0],[121.4,-12.0],[120.1,-12.1],[118.9,-12.4],[118.8,-12.5],[118.1,-12.7],[117.2,-13.0],[116.4,-13.4],[115.4,-13.8],[114.5,-14.4],[113.5,-14.8],[112.5,-15.2],[111.5,-15.4],[110.4,-15.6],[109.2,-15.6],[107.7,-15.7],[106.2,-16.0],[104.4,-16.3],[102.6,-16.6],[100.7,-16.8],[98.8,-17.0]]},"properties":{"stormId":"AU198081_12U","name":"MAX","start":"1981-03-09 20:00","end":"1981-03-19 00:00","positions":56,"minCentralPressure":960.0,"maxWindSpeed":43.7,"source":"Bureau of Meteorology Australian Tropical Cyclone Database"}},{"type":"Feature","geometry":{"type":"LineString","coordinates":[[93.9,-7.6],[93.8,-7.7],[93.7,-7.8],[93.6,-7.9],[93.4,-7.9],[93.2,-8.0],[93.0,-8.1],[92.9,-8.2],[92.8,-8.3],[92.5,-8.6],[92.2,-8.9],[92.1,-9.1],[92.0,-9.3],[91.8,-9.8],[91.5,-10.2],[91.2,-10.5],[90.9,-10.8],[90.6,-11.2],[90.4,-11.6],[90.1,-12.5],[89.8,-13.2],[89.5,-13.9],[89.2,-14.4],[88.5,-15.5],[87.7,-16.7],[87.1,-17.9],[87.0,-19.2],[87.1,-20.5],[87.1,-22.0],[87.1,-23.6],[88.3,-24.9],[89.3,-25.8],[90.6,-27.7],[93.9,-28.8],[97.8,-29.0],[102.0,-30.3],[105.4,-30.6],[107.6,-30.3],[109.8,-29.5],[110.7,-28.6],[111.0,-27.6]]},"properties":{"stormId":"AU198081_13U","name":"OLGA","start":"1981-04-05 00:00","end":"1981-04-15 00:00","positions":41,"minCentralPressure":940.0,"maxWindSpeed":48.9,"source":"Bureau of Meteorology Australian Tropical Cyclone Database"}},{"type":"Feature","geometry":{"type":"LineString","coordinates":[[89.0,-6.0],[89.0,-6.5],[89.0,-7.0],[89.3,-8.5],[89.8,-9.2],[90.8,-10.5],[91.3,-11.0],[91.4,-11.3],[91.7,-11.7],[92.0,-12.2],[91.6,-12.7],[91.5,-12.8],[91.4,-12.9],[91.4,-13.2],[91.8,-13.4],[92.2,-13.6],[92.4,-13.9],[92.6,-14.2],[92.6,-14.7],[93.0,-15.3],[93.2,-15.5],[93.7,-15.8],[94.3,-16.0],[94.7,-16.2],[95.4,-16.6]]},"properties":{"stormId":"AU198081_14U","name":"PADDY","start":"1981-05-24 03:00","end":"1981-05-30 00:00","positions":25,"minCentralPressure":973.0,"maxWindSpeed":33.4,"source":"Bureau of Meteorology Australian Tropical Cyclone Database"}},{"type":"Feature","geometry":{"type":"LineString","coordinates":[[139.0,-16.0],[138.83,-15.8],[138.5,-15.4],[138.2,-15.0],[138.03,-14.87],[137.7,-14.6],[137.1,-14.5],[136.92,-14.47],[136.0,-14.3],[135.97,-14.2],[135.9,-14.0],[135.8,-13.7],[135.7,-13.53],[135.5,-13.2],[135.3,-12.9],[135.3,-12.77],[135.3,-12.5],[134.8,-12.0],[134.6,-11.93],[133.6,-11.6],[133.53,-11.57],[133.4,-11.5],[132.8,-11.2],[132.67,-11.23],[132.4,-11.3],[132.2,-11.5],[132.13,-11.6],[132.0,-11.8],[131.0,-12.0],[130.87,-11.98],[130.2,-11.9],[129.97,-11.8],[129.5,-11.6],[128.7,-11.3],[128.6,-11.3],[128.4,-11.3],[128.2,-11.3],[128.1,-11.33],[127.9,-11.4],[127.5,-11.5],[127.4,-11.57],[126.9,-11.9],[126.8,-12.0],[126.6,-12.2],[126.3,-12.3],[126.17,-12.37],[125.9,-12.5],[125.6,-12.6],[125.4,-12.7],[125.0,-12.9],[124.5,-13.2],[124.33,-13.28],[123.5,-13.7],[123.4,-13.73],[122.9,-13.9],[122.63,-13.97],[122.1,-14.1],[121.5,-14.2]]},"properties":{"stormId":"AU198182_03U","name":"AMELIA","start":"1981-11-30 23:00","end":"1981-12-06 05:00","positions":58,"minCentralPressure":996.0,"maxWindSpeed":18.0,"source":"Bureau of Meteorology Australian Tropical Cyclone Database"}},{"type":"Feature","geometry":{"type":"LineString","coordinates":[[140.3,-11.7],[140.0,-11.77],[139.4,-11.9],[138.8,-11.9],[138.63,-11.93],[138.3,-12.0],[137.9,-12.0],[137.7,-12.03],[136.7,-12.2],[136.33,-12.27],[135.6,-12.4],[134.0,-12.4],[133.7,-12.37],[133.1,-12.3],[132.0,-12.2],[131.73,-12.2],[131.2,-12.2],[130.5,-12.1],[130.37,-12.03],[130.1,-11.9],[129.5,-11.7],[129.3,-11.63],[128.9,-11.5],[128.1,-11.2],[127.8,-11.2],[127.2,-11.2],[126.4,-11.4],[126.13,-11.4],[125.6,-11.4],[125.0,-11.4],[124.81,-11.43],[123.7,-11.6],[122.6,-11.8],[121.5,-12.0],[121.0,-12.1]]},"properties":{"stormId":"AU198182_04U","name":"UNNAMED","start":"1981-12-19 23:00","end":"1981-12-23 12:00","positions":35,"minCentralPressure":988.0,"maxWindSpeed":23.2,"source":"Bureau of Meteorology Australian Tropical Cyclone Database"}},{"type":"Feature","geometry":{"type":"LineString","coordinates":[[105.1,-10.3],[105.3,-10.7],[105.4,-11.0],[105.1,-11.3],[104.7,-11.4],[103.0,-12.1],[101.6,-12.7],[100.5,-13.1],[99.4,-13.5],[98.4,-13.7],[97.2,-13.8],[95.6,-13.8],[94.4,-13.8],[93.2,-13.8],[91.8,-13.8],[91.0,-13.8],[89.4,-13.8],[88.1,-13.4],[87.0,-13.1],[86.0,-12.8],[85.1,-12.5],[84.2,-12.3],[83.1,-12.3],[82.0,-12.3],[81.2,-12.3],[80.3,-12.5]]},"properties":{"stormId":"AU198182_05U","name":"CHRIS","start":"1982-01-05 00:00","end":"1982-01-11 12:00","positions":26,"minCentralPressure":934.0,"maxWindSpeed":54.0,"source":"Bureau of Meteorology Australian Tropical Cyclone Database"}},{"type":"Feature","geometry":{"type":"LineString","coordinates":[[140.5,-11.2],[138.9,-10.8],[137.4,-10.7],[137.3,-10.7],[137.2,-10.8],[137.0,-10.8],[136.9,-10.9],[136.7,-10.9],[136.6,-11.0],[136.3,-11.0],[136.0,-11.1],[135.7,-11.2],[135.4,-11.3],[135.0,-11.5],[134.7,-11.6],[134.4,-11.7],[134.1,-11.9],[133.8,-12.1],[133.4,-12.3],[132.9,-12.5],[132.5,-12.7],[132.0,-13.0],[131.5,-13.2],[131.0,-13.4],[130.4,-13.6],[129.9,-13.8],[129.5,-14.0],[129.2,-14.2],[129.0,-14.3],[128.7,-14.4],[128.4,-14.6],[128.1,-14.8],[127.7,-15.0],[127.4,-15.2],[126.7,-15.7],[126.1,-16.1],[125.6,-16.5],[125.1,-16.8],[124.6,-17.2],[124.1,-17.5],[123.5,-17.7],[123.5,-18.01],[123.7,-18.8],[122.0,-19.4],[121.0,-20.0],[120.1,-20.1],[119.0,-20.5],[118.2,-20.5],[117.3,-20.3],[116.3,-20.3],[116.0,-20.3],[115.5,-20.2],[115.6,-19.6],[115.8,-19.4],[116.3,-19.5],[116.3,-20.3],[115.9,-20.7],[115.7,-21.0],[115.5,-21.2],[115.0,-21.5],[114.5,-21.7],[114.3,-22.2],[114.1,-22.8],[114.0,-24.2],[113.8,-25.5],[113.5,-26.7],[113.7,-28.2],[114.0,-28.8],[114.3,-29.5],[114.8,-30.4],[115.1,-30.7],[115.2,-31.1],[115.3,-31.4],[115.7,-31.8],[115.7,-32.1],[117.0,-32.2],[118.1,-33.2]]},"properties":{"stormId":"AU198182_06U","name":"BRUNO","start":"1982-01-10 23:00","end":"1982-01-22 06:00","positions":77,"minCentralPressure":980.0,"maxWindSpeed":25.7,"source":"Bureau of Meteorology Australian Tropical Cyclone Database"}},{"type":"Feature","geometry":{"type":"LineString","coordinates":[[94.0,-7.1],[94.3,-7.0],[94.5,-7.1],[94.7,-7.1],[94.9,-7.3],[95.0,-7.4],[95.1,-7.6],[95.1,-7.8],[95.2,-8.1],[95.2,-8.5],[95.2,-8.7],[95.4,-9.0],[95.7,-9.4],[96.0,-9.8],[96.2,-10.3],[96.3,-10.6],[96.3,-10.8],[96.3,-11.2],[96.7,-11.4],[97.1,-11.5],[97.5,-11.6],[97.9,-11.7],[98.5,-11.7],[99.5,-11.7],[100.5,-11.7],[101.4,-11.7],[102.2,-11.7],[102.7,-11.6],[103.3,-11.6],[104.0,-11.5],[104.7,-11.4],[105.4,-11.5],[106.1,-11.8],[106.9,-12.2],[108.0,-12.5],[108.9,-12.8],[110.8,-13.3],[112.8,-14.1],[114.8,-15.6],[117.4,-17.6],[118.3,-18.2],[119.0,-18.6],[119.7,-18.8],[120.1,-19.2],[120.2,-19.5],[120.3,-19.8],[120.4,-20.2]]},"properties":{"stormId":"AU198182_07U","name":"DAPHNE-FIFI","start":"1982-01-10 18:00","end":"1982-01-21 09:00","positions":47,"minCentralPressure":986.0,"maxWindSpeed":25.7,"source":"Bureau of Meteorology Australian Tropical Cyclone Database"}},{"type":"Feature","geometry":{"type":"LineString","coordinates":[[119.2,-11.8],[119.0,-12.2],[118.6,-12.5],[118.3,-12.8],[117.6,-12.8],[117.2,-12.8],[116.4,-12.8],[115.6,-12.7],[114.9,-12.9],[114.5,-12.9],[114.2,-12.9],[113.7,-13.1],[113.5,-13.3],[113.3,-13.5],[113.2,-13.5],[113.0,-13.6],[112.8,-13.8],[112.6,-14.2],[112.4,-14.6],[112.7,-15.0],[113.3,-15.2],[113.7,-15.4],[113.7,-15.6],[113.8,-15.8],[113.8,-16.0],[113.9,-16.3],[114.6,-16.8],[115.3,-16.8],[116.9,-16.8],[118.2,-17.4],[118.6,-17.7],[118.7,-18.6],[118.5,-19.4]]},"properties":{"stormId":"AU198182_08U","name":"ERROL","start":"1982-01-11 00:00","end":"1982-01-18 15:00","positions":33,"minCentralPressure":980.0,"maxWindSpeed":28.3,"source":"Bureau of Meteorology Australian Tropical Cyclone Database"}},{"type":"Feature","geometry":{"type":"LineString","coordinates":[[154.3,-25.7],[155.0,-25.0],[155.6,-24.0],[156.0,-23.2],[156.2,-22.3],[156.2,-21.2],[155.9,-20.0],[155.3,-19.1],[154.7,-18.3],[154.2,-17.7],[153.8,-17.2],[153.6,-16.9],[153.5,-17.0],[153.7,-17.5],[154.0,-17.9],[154.4,-18.2],[154.9,-18.8],[155.8,-19.5],[157.0,-19.8],[157.8,-19.8],[158.5,-19.8],[159.2,-20.0],[159.9,-20.5],[160.0,-21.0],[160.0,-21.4],[159.9,-21.8],[159.7,-22.0],[159.3,-21.9],[158.7,-21.4],[158.0,-20.8],[157.0,-20.0],[156.7,-19.2],[156.4,-18.7],[155.6,-18.5],[155.7,-18.3],[156.3,-18.2],[156.7,-17.8],[157.3,-17.6],[157.9,-17.5],[158.4,-17.5],[159.0,-17.3],[159.5,-17.3],[160.0,-17.3],[160.6,-17.8],[161.1,-18.4],[161.6,-19.1],[162.1,-19.9],[162.2,-20.7],[162.4,-21.5],[162.6,-22.3],[162.7,-23.0],[162.8,-24.0],[163.0,-25.0],[163.7,-25.7],[164.7,-25.9],[165.5,-26.0],[166.5,-26.2]]},"properties":{"stormId":"AU198182_09U","name":"ABIGAIL","start":"1982-01-22 00:00","end":"1982-02-05 00:00","positions":57,"minCentralPressure":947.0,"maxWindSpeed":48.9,"source":"Bureau of Meteorology Australian Tropical Cyclone Database"}},{"type":"Feature","geometry":{"type":"LineString","coordinates":[[120.0,-15.7],[120.2,-15.9],[120.5,-16.0],[120.8,-16.2],[121.0,-16.3],[121.3,-16.4],[121.6,-16.5],[122.0,-16.6],[122.3,-16.7],[122.7,-16.7],[123.0,-16.8],[123.3,-16.8],[123.5,-16.9],[123.8,-17.0],[124.1,-17.1],[124.3,-17.3],[124.6,-17.5],[124.9,-17.8],[125.1,-18.0],[125.2,-18.3],[125.3,-18.5],[125.2,-18.7],[125.1,-18.9],[124.9,-19.0],[124.6,-19.0],[124.1,-19.0],[123.5,-19.0],[123.1,-19.1],[122.7,-19.3],[122.4,-19.3],[122.1,-19.3],[121.8,-19.2],[121.6,-19.2],[121.2,-18.8],[120.7,-18.9],[120.4,-19.2],[120.0,-19.5],[119.8,-19.7],[119.5,-19.9],[119.1,-20.3],[118.6,-20.6],[118.1,-20.9],[117.7,-21.3],[117.2,-21.8],[116.9,-22.1],[116.5,-22.5],[116.0,-22.7],[115.5,-22.7],[114.8,-22.8]]},"properties":{"stormId":"AU198182_10U","name":"GRAHAM","start":"1982-01-27 00:00","end":"1982-02-02 00:00","positions":49,"minCentralPressure":980.0,"maxWindSpeed":28.3,"source":"Bureau of Meteorology Australian Tropical Cyclone Database"}},{"type":"Feature","geometry":{"type":"LineString","coordinates":[[140.5,-13.5],[140.3,-14.1],[140.0,-14.3],[139.4,-14.3],[139.1,-14.5],[138.5,-14.7],[138.1,-14.7],[137.4,-14.8],[136.5,-14.9],[136.0,-15.0],[135.5,-15.0],[134.9,-14.9],[134.4,-14.9],[133.8,-14.8],[133.4,-14.8],[132.8,-14.8]]},"properties":{"stormId":"AU198182_11U","name":"CORAL","start":"1982-02-04 05:00","end":"1982-02-06 05:00","positions":16,"minCentralPressure":996.0,"maxWindSpeed":18.0,"source":"Bureau of Meteorology Australian Tropical Cyclone Database"}},{"type":"Feature","geometry":{"type":"LineString","coordinates":[[104.2,-11.8],[104.6,-11.9],[105.1,-12.1],[105.5,-12.3],[106.0,-12.4],[106.6,-12.4],[107.2,-12.3],[107.6,-12.2],[108.0,-12.1],[108.3,-12.1],[108.7,-12.1],[109.1,-12.1],[109.7,-12.1],[110.3,-12.3],[110.9,-12.7],[111.3,-13.0],[111.6,-13.4],[111.9,-13.8],[112.0,-14.0],[111.8,-14.5],[111.2,-14.6],[110.8,-14.6],[110.4,-14.4],[110.1,-14.1],[110.1,-13.6],[110.5,-13.5],[110.7,-13.7],[110.6,-14.1],[110.2,-14.0],[110.0,-13.5],[110.0,-13.1],[109.9,-12.7],[109.3,-12.5],[108.6,-12.4],[108.0,-12.3],[107.3,-12.2],[106.3,-12.1]]},"properties":{"stormId":"AU198182_12U","name":"HARRIET","start":"1982-02-12 00:00","end":"1982-02-21 00:00","positions":37,"minCentralPressure":988.0,"maxWindSpeed":25.7,"source":"Bureau of Meteorology Australian Tropical Cyclone Database"}},{"type":"Feature","geometry":{"type":"LineString","coordinates":[[122.7,-13.2],[122.3,-13.8],[121.1,-14.3],[119.9,-15.1],[119.0,-16.2],[118.0,-16.7],[116.9,-16.8],[116.2,-16.9],[115.5,-17.0],[115.0,-17.0],[114.4,-17.0],[113.8,-17.1],[113.2,-17.3],[112.6,-18.2],[111.3,-17.7],[111.1,-17.1],[111.5,-16.8],[112.1,-16.8],[113.0,-17.0],[113.7,-17.2],[114.2,-17.2],[115.2,-17.3],[116.2,-17.3],[116.7,-17.3],[117.2,-17.4],[117.7,-17.6],[118.3,-17.7],[118.7,-17.5],[119.4,-17.1],[119.7,-16.9],[119.9,-16.6],[120.3,-16.5],[120.7,-16.4],[121.1,-16.4],[121.4,-16.4],[121.7,-16.5],[121.9,-16.6],[121.9,-16.7],[122.0,-16.8],[122.0,-16.9],[122.0,-17.2],[121.7,-17.3],[121.4,-17.4],[121.0,-17.6],[120.6,-17.8],[120.1,-18.0],[119.5,-18.3],[119.0,-18.5],[118.5,-18.5],[118.0,-18.6],[117.6,-18.8],[117.1,-19.0],[116.8,-19.3],[116.4,-19.5],[115.8,-19.7],[115.0,-19.9],[114.8,-20.1],[114.6,-20.2],[114.3,-20.4],[114.2,-20.7],[114.1,-21.0],[114.1,-21.5],[114.0,-21.9],[113.8,-22.5],[113.7,-23.2],[113.8,-23.5],[113.9,-23.7],[114.0,-23.8],[114.1,-24.0],[114.2,-24.1],[114.3,-24.2],[114.6,-24.3],[114.8,-24.3],[115.0,-24.4],[115.5,-24.5]]},"properties":{"stormId":"AU198182_13U","name":"IAN","start":"1982-02-23 03:00","end":"1982-03-07 18:00","positions":75,"minCentralPressure":964.0,"maxWindSpeed":41.2,"source":"Bureau of Meteorology Australian Tropical Cyclone Database"}},{"type":"Feature","geometry":{"type":"LineString","coordinates":[[159.5,-5.8],[159.4,-6.2],[159.3,-6.8],[159.2,-7.7],[158.9,-8.5],[158.6,-9.1],[158.4,-9.6],[158.2,-10.0],[158.1,-10.3],[158.0,-10.6],[157.8,-11.0],[157.5,-11.5],[157.3,-12.2],[157.0,-13.3],[156.6,-14.4],[156.5,-15.5],[156.4,-16.7],[156.6,-17.7],[157.2,-18.6],[157.8,-19.5],[158.5,-20.4],[159.1,-21.2],[159.9,-22.0],[160.8,-22.8],[161.9,-23.4]]},"properties":{"stormId":"AU198182_14U","name":"BERNIE","start":"1982-04-01 02:00","end":"1982-04-07 00:00","positions":25,"minCentralPressure":945.0,"maxWindSpeed":51.4,"source":"Bureau of Meteorology Australian Tropical Cyclone Database"}},{"type":"Feature","geometry":{"type":"LineString","coordinates":[[139.7,-11.4],[139.6,-11.5],[139.5,-11.6],[139.3,-11.5],[139.2,-11.3],[139.3,-11.2],[139.3,-11.4],[139.4,-11.5],[139.4,-11.7],[139.4,-11.8],[139.4,-12.1],[139.5,-12.3],[139.6,-12.6],[139.8,-12.9],[140.0,-13.0],[140.1,-13.1],[140.2,-13.3],[140.3,-13.8],[140.4,-14.1],[140.8,-14.2],[141.1,-14.3],[141.4,-14.4],[141.57,-14.43],[141.9,-14.5],[142.3,-14.6],[142.6,-14.7],[143.1,-14.7],[143.6,-14.7],[144.2,-14.6],[144.6,-14.5],[145.1,-14.7],[145.6,-15.0],[146.0,-15.1],[146.3,-15.1],[146.6,-15.0],[147.0,-15.0],[147.5,-14.9],[147.9,-14.8],[148.8,-14.6],[149.4,-14.3],[150.0,-14.0],[150.7,-13.9],[151.4,-13.9],[152.0,-14.1],[152.2,-14.3],[152.3,-14.4],[152.5,-14.6],[152.5,-14.8],[152.3,-15.0],[152.2,-15.2],[152.0,-15.5],[151.6,-16.1],[150.9,-16.9],[149.6,-17.6],[148.8,-17.3],[148.0,-16.8],[147.2,-16.4],[146.8,-16.0],[146.4,-15.8],[146.1,-15.6],[145.4,-15.1],[144.5,-15.4],[143.9,-15.9]]},"properties":{"stormId":"AU198182_15U","name":"DOMINIC","start":"1982-04-04 21:00","end":"1982-04-14 09:00","positions":63,"minCentralPressure":950.0,"maxWindSpeed":59.2,"source":"Bureau of Meteorology Australian Tropical Cyclone Database"}},{"type":"Feature","geometry":{"type":"LineString","coordinates":[[156.4,-13.9],[157.0,-14.1],[157.6,-14.2],[158.2,-14.2],[158.7,-14.1],[159.0,-13.9],[159.6,-13.7],[160.5,-13.3],[161.4,-12.7],[162.5,-12.2]]},"properties":{"stormId":"AU198182_17U","name":"CLAUDIA","start":"1982-05-14 18:00","end":"1982-05-17 00:00","positions":10,"minCentralPressure":992.0,"maxWindSpeed":20.6,"source":"Bureau of Meteorology Australian Tropical Cyclone Database"}},{"type":"Feature","geometry":{"type":"LineString","coordinates":[[111.5,-10.8],[112.6,-11.4],[114.1,-12.0],[114.9,-12.5],[115.0,-13.2],[115.1,-13.4],[115.1,-13.7],[115.2,-14.1],[115.4,-14.5],[115.4,-14.8],[115.1,-15.0],[114.9,-14.8],[115.0,-14.5],[115.5,-14.4],[116.0,-14.0],[116.9,-13.7],[117.7,-13.5],[118.7,-13.7],[118.9,-14.7],[119.0,-15.0],[118.9,-15.3],[118.5,-16.2],[118.1,-16.8],[118.2,-17.2],[118.2,-17.3],[118.3,-17.5],[118.4,-17.7],[118.5,-17.9],[118.6,-18.0],[118.5,-18.1],[118.5,-18.4],[118.6,-18.7],[119.0,-19.0],[119.2,-19.4],[119.6,-19.9],[119.7,-20.0],[119.8,-20.1],[120.1,-20.4],[120.6,-20.7],[121.1,-21.2],[121.7,-21.7],[122.5,-22.3],[123.1,-22.8],[123.6,-23.2],[124.3,-23.6],[125.5,-24.0],[127.5,-23.7],[129.0,-23.5]]},"properties":{"stormId":"AU198283_01U","name":"JANE","start":"1983-01-02 00:00","end":"1983-01-10 18:00","positions":48,"minCentralPressure":947.0,"maxWindSpeed":46.3,"source":"Bureau of Meteorology Australian Tropical Cyclone Database"}},{"type":"Feature","geometry":{"type":"LineString","coordinates":[[146.9,-16.3],[146.9,-16.3],[147.0,-16.4],[147.2,-16.5],[147.3,-16.6],[147.8,-16.5],[148.4,-16.4],[148.9,-16.5],[149.5,-16.7],[150.4,-17.3],[151.6,-17.8],[152.7,-18.5],[153.3,-18.8],[154.0,-19.1],[154.7,-19.2],[155.3,-19.2],[156.0,-19.7],[156.2,-21.0],[156.7,-22.1],[157.3,-22.6],[158.0,-22.3],[158.1,-21.5],[157.9,-20.7],[158.0,-20.2],[157.7,-19.7],[157.1,-18.9],[156.8,-17.8],[156.0,-17.0],[155.8,-16.4],[155.7,-16.1],[155.5,-15.3],[154.8,-14.7],[154.7,-14.3],[154.6,-13.9],[154.3,-13.6],[154.2,-13.3],[154.8,-13.0],[155.9,-13.1],[157.0,-13.5]]},"properties":{"stormId":"AU198283_02U","name":"DES","start":"1983-01-14 12:00","end":"1983-01-23 00:00","positions":39,"minCentralPressure":994.0,"maxWindSpeed":18.0,"source":"Bureau of Meteorology Australian Tropical Cyclone Database"}},{"type":"Feature","geometry":{"type":"LineString","coordinates":[[158.0,-10.6],[157.8,-10.7],[157.7,-10.7],[157.5,-10.8],[157.2,-10.8],[157.0,-11.0],[156.7,-11.7],[156.4,-12.6],[156.3,-13.2],[156.1,-13.6],[155.9,-14.0],[155.7,-14.4],[155.4,-15.0],[154.8,-15.3],[154.4,-15.6],[154.6,-15.8],[155.0,-16.0],[155.5,-16.4],[155.9,-16.6],[156.3,-17.1],[156.5,-17.7],[156.3,-18.3],[155.1,-18.7],[153.9,-18.5],[153.0,-18.2],[152.2,-17.7],[151.7,-17.5],[151.1,-17.3],[150.7,-17.2],[150.4,-17.0],[150.2,-16.8],[149.7,-16.5],[149.4,-15.9],[149.3,-15.3],[149.6,-15.2],[149.8,-15.0],[150.3,-15.0],[151.0,-15.0],[151.7,-15.0],[152.6,-15.2],[153.5,-15.7],[154.3,-16.1],[155.3,-16.4],[156.2,-16.2],[156.9,-16.1],[157.3,-15.9],[157.8,-15.8],[158.0,-15.8],[157.9,-15.9],[157.8,-16.0],[157.6,-16.2],[157.3,-16.2],[156.9,-16.2],[156.5,-16.1],[156.0,-16.0],[155.6,-15.8],[155.2,-15.8],[154.6,-15.8],[154.0,-16.0],[153.2,-16.1],[152.6,-16.1],[152.1,-16.2],[151.7,-16.3],[151.2,-16.2],[151.0,-16.2],[150.8,-16.1],[151.0,-16.1],[151.2,-16.2],[151.5,-16.5],[151.8,-16.8],[152.0,-17.1],[152.1,-17.5],[152.2,-18.0],[152.2,-18.2],[152.1,-18.5],[152.1,-18.7],[152.0,-18.9],[151.9,-19.1],[151.7,-19.3],[151.4,-19.6],[151.2,-19.8],[151.0,-20.2],[150.8,-20.4],[150.8,-20.8],[150.9,-21.1],[150.9,-21.3],[150.8,-21.6],[150.7,-21.7],[150.7,-21.8],[150.6,-22.0],[150.5,-22.0],[150.4,-21.9],[150.5,-21.9],[150.7,-21.8],[150.6,-21.8],[150.3,-21.8],[149.9,-21.8],[149.6,-21.8],[149.2,-21.8],[148.2,-21.7],[147.2,-21.5]]},"properties":{"stormId":"AU198283_03U","name":"ELINOR","start":"1983-02-10 18:00","end":"1983-03-04 12:00","positions":101,"minCentralPressure":935.0,"maxWindSpeed":56.6,"source":"Bureau of Meteorology Australian Tropical Cyclone Database"}},{"type":"Feature","geometry":{"type":"LineString","coordinates":[[124.9,-13.1],[124.8,-13.2],[124.8,-13.2],[124.7,-13.3],[124.7,-13.3],[124.6,-13.4],[124.6,-13.4],[124.5,-13.5],[124.4,-13.8],[124.5,-14.1],[124.5,-14.2],[124.5,-14.3],[124.5,-14.4],[124.5,-14.5],[124.5,-14.6],[124.5,-14.8],[124.5,-15.0],[124.5,-15.4],[124.5,-15.7],[124.6,-15.9],[124.6,-16.1],[124.7,-16.3],[124.8,-16.3],[125.2,-16.4],[125.5,-16.5],[125.8,-16.8],[126.0,-17.1],[126.3,-17.7],[126.7,-18.0],[126.6,-18.4],[126.6,-18.7],[126.6,-18.9],[126.5,-19.4],[126.4,-19.7],[126.4,-20.0],[126.3,-20.4],[126.2,-20.7],[126.0,-21.0],[125.8,-21.2],[125.5,-21.6],[125.3,-21.9],[124.8,-22.5],[124.4,-22.8],[123.9,-23.2],[124.1,-24.1],[125.3,-25.0],[126.1,-25.4],[126.8,-25.8],[127.2,-26.3],[127.5,-26.7],[128.9,-27.0]]},"properties":{"stormId":"AU198283_04U","name":"KEN","start":"1983-02-28 03:00","end":"1983-03-06 09:00","positions":51,"minCentralPressure":970.0,"maxWindSpeed":33.4,"source":"Bureau of Meteorology Australian Tropical Cyclone Database"}},{"type":"Feature","geometry":{"type":"LineString","coordinates":[[124.7,-10.0],[123.6,-10.6],[122.9,-11.0],[121.9,-11.0],[121.1,-10.9],[120.4,-10.7],[119.5,-10.8],[118.2,-10.8],[117.0,-11.3],[116.2,-11.7],[115.7,-12.2],[115.4,-12.6],[115.2,-12.8],[114.9,-13.5],[115.0,-14.2],[114.9,-14.6],[114.8,-14.9],[114.7,-15.4],[114.5,-16.3],[114.4,-16.7],[114.2,-17.1],[114.3,-17.6],[114.7,-17.8],[114.8,-18.0],[115.4,-18.5],[115.9,-18.8],[116.3,-19.0],[116.9,-19.4],[117.7,-20.0],[118.5,-20.6],[119.2,-21.0],[120.8,-21.7],[121.8,-22.2],[122.7,-22.4],[123.6,-22.8],[124.6,-23.4],[125.6,-23.9],[126.5,-24.7]]},"properties":{"stormId":"AU198283_05U","name":"LENA","start":"1983-04-02 00:00","end":"1983-04-09 00:00","positions":38,"minCentralPressure":980.0,"maxWindSpeed":33.4,"source":"Bureau of Meteorology Australian Tropical Cyclone Database"}},{"type":"Feature","geometry":{"type":"LineString","coordinates":[[81.5,-13.7],[81.4,-13.3],[81.4,-12.8],[81.3,-12.3],[81.2,-11.6],[81.1,-11.0],[81.1,-10.5],[81.2,-10.1],[81.3,-9.8],[81.6,-9.4],[82.1,-9.4],[82.2,-9.4],[82.4,-9.5],[82.6,-9.6],[82.7,-9.7],[82.9,-9.8],[83.3,-10.0],[84.0,-10.3],[84.7,-10.8],[85.5,-11.2],[86.2,-11.6],[87.4,-12.0],[88.6,-12.7],[89.9,-13.1],[90.8,-13.3],[91.7,-13.7],[92.7,-14.3],[93.7,-15.0],[94.0,-15.2],[94.5,-15.5],[94.7,-15.7],[95.0,-16.0],[95.3,-16.3],[95.4,-16.7],[96.0,-16.8],[95.9,-16.5],[95.3,-16.2],[94.8,-16.0],[94.3,-15.8],[93.8,-15.7],[93.0,-15.3],[92.3,-14.8],[91.7,-14.4],[91.3,-14.0],[90.5,-13.2],[88.5,-12.0]]},"properties":{"stormId":"AU198283_06U","name":"NAOMI","start":"1983-04-21 00:00","end":"1983-05-02 06:00","positions":46,"minCentralPressure":960.0,"maxWindSpeed":41.2,"source":"Bureau of Meteorology Australian Tropical Cyclone Database"}},{"type":"Feature","geometry":{"type":"LineString","coordinates":[[96.0,-9.8],[96.6,-9.7],[97.2,-9.7],[97.7,-9.7],[98.6,-9.8],[99.6,-10.2],[100.5,-10.6],[101.5,-11.1],[102.2,-11.7],[102.6,-12.6],[102.9,-13.5],[103.4,-14.3],[103.7,-15.3],[103.7,-16.2],[103.7,-16.9],[103.7,-18.1],[103.8,-19.1],[104.0,-19.9],[104.9,-20.8],[105.6,-21.5],[106.1,-22.0],[106.7,-22.7],[107.2,-23.5],[107.3,-24.4],[107.3,-25.2],[107.2,-25.5],[106.9,-26.0],[106.8,-26.4],[106.3,-27.3],[106.0,-28.0]]},"properties":{"stormId":"AU198283_07U","name":"MONTY","start":"1983-04-22 06:00","end":"1983-04-29 12:00","positions":30,"minCentralPressure":975.0,"maxWindSpeed":33.4,"source":"Bureau of Meteorology Australian Tropical Cyclone Database"}},{"type":"Feature","geometry":{"type":"LineString","coordinates":[[88.6,-7.6],[88.4,-7.7],[88.2,-7.8],[88.0,-8.1],[88.2,-8.4],[88.3,-8.8],[88.2,-9.0],[88.0,-9.0],[87.8,-9.0],[87.6,-9.0],[87.4,-9.0],[86.3,-9.1],[84.9,-9.2],[85.6,-9.9],[86.4,-10.2],[87.4,-10.3],[87.9,-11.0],[88.1,-11.8],[87.8,-12.8],[87.2,-12.9],[86.6,-12.8],[86.6,-13.1],[86.6,-13.5],[86.7,-13.8],[86.8,-14.1],[87.1,-14.2],[88.1,-14.7],[89.0,-15.6],[89.3,-16.3],[90.0,-17.5],[90.1,-18.5],[90.5,-19.5],[91.4,-20.4],[91.4,-21.3],[92.7,-23.3],[94.0,-23.3],[95.2,-24.3],[96.1,-26.3],[96.4,-27.3],[97.1,-28.1],[97.7,-29.8],[98.4,-29.4],[99.0,-29.6]]},"properties":{"stormId":"AU198384_01U","name":"OSCAR","start":"1983-10-22 00:00","end":"1983-11-01 00:00","positions":43,"minCentralPressure":968.0,"maxWindSpeed":38.6,"source":"Bureau of Meteorology Australian Tropical Cyclone Database"}},{"type":"Feature","geometry":{"type":"LineString","coordinates":[[91.6,-8.4],[91.9,-8.6],[92.2,-8.7],[92.7,-9.0],[93.0,-9.5],[93.4,-10.0],[93.3,-10.3],[93.6,-11.1],[94.8,-13.1],[96.0,-14.3],[96.6,-15.1],[97.2,-15.8],[99.0,-17.1],[101.0,-18.0]]},"properties":{"stormId":"AU198384_02U","name":"PEARL","start":"1983-11-11 09:00","end":"1983-11-14 12:00","positions":14,"minCentralPressure":998.0,"maxWindSpeed":null,"source":"Bureau of Meteorology Australian Tropical Cyclone Database"}},{"type":"Feature","geometry":{"type":"LineString","coordinates":[[112.8,-10.5],[112.9,-10.7],[113.0,-11.0],[113.0,-11.4],[113.1,-12.0],[113.3,-12.6],[114.0,-13.0],[114.7,-13.6],[115.3,-14.5],[115.6,-15.0],[116.4,-15.4],[117.2,-15.8],[118.4,-16.8],[119.0,-17.4],[119.6,-17.8],[120.2,-18.4],[120.6,-19.0],[121.2,-19.5],[121.7,-20.5],[122.3,-20.9],[122.9,-21.3],[124.4,-21.5]]},"properties":{"stormId":"AU198384_03U","name":"QUENTON","start":"1983-11-26 00:00","end":"1983-11-30 03:00","positions":22,"minCentralPressure":955.0,"maxWindSpeed":46.3,"source":"Bureau of Meteorology Australian Tropical Cyclone Database"}},{"type":"Feature","geometry":{"type":"LineString","coordinates":[[147.8,-14.4],[147.9,-14.7],[148.0,-15.0],[148.4,-15.0],[148.8,-14.8],[149.1,-14.8],[149.4,-14.9],[150.0,-14.8],[150.2,-14.4],[150.3,-14.1],[150.7,-14.2],[151.4,-14.4],[152.0,-15.3],[152.3,-15.6],[152.2,-15.6],[152.0,-15.6],[151.6,-15.6],[151.2,-15.7],[151.0,-15.7]]},"properties":{"stormId":"AU198384_04U","name":"FRITZ","start":"1983-12-09 06:00","end":"1983-12-13 03:00","positions":19,"minCentralPressure":990.0,"maxWindSpeed":23.2,"source":"Bureau of Meteorology Australian Tropical Cyclone Database"}},{"type":"Feature","geometry":{"type":"LineString","coordinates":[[129.6,-6.1],[129.5,-6.3],[129.1,-6.5],[128.7,-6.5],[128.4,-6.6],[128.3,-6.8],[128.2,-6.9],[128.1,-7.0],[128.0,-7.1],[127.9,-7.4],[127.9,-7.6],[127.9,-7.9],[127.9,-8.2],[127.9,-8.5],[127.8,-8.8],[127.7,-9.0],[127.5,-9.3]]},"properties":{"stormId":"AU198384_05U","name":"ESTHER","start":"1983-12-18 23:00","end":"1983-12-20 23:00","positions":17,"minCentralPressure":990.0,"maxWindSpeed":25.7,"source":"Bureau of Meteorology Australian Tropical Cyclone Database"}},{"type":"Feature","geometry":{"type":"LineString","coordinates":[[123.6,-10.0],[123.3,-10.2],[122.9,-10.3],[122.6,-10.4],[122.2,-10.7],[121.7,-11.2],[121.3,-11.4],[120.5,-11.9],[119.7,-12.3],[118.7,-12.7],[117.9,-13.1],[117.0,-13.4],[115.8,-13.6],[114.7,-13.8],[113.8,-13.7],[113.3,-13.5]]},"properties":{"stormId":"AU198384_06U","name":"UNNAMED","start":"1983-12-21 06:00","end":"1983-12-24 06:00","positions":16,"minCentralPressure":994.0,"maxWindSpeed":18.0,"source":"Bureau of Meteorology Australian Tropical Cyclone Database"}},{"type":"Feature","geometry":{"type":"LineString","coordinates":[[107.8,-13.5],[108.3,-13.9],[108.4,-14.2],[108.1,-14.3],[107.5,-14.0],[107.3,-13.8],[107.1,-13.6],[107.0,-13.3],[106.9,-13.0],[106.7,-12.8],[106.2,-12.8],[105.9,-12.6],[105.6,-12.4],[104.6,-11.6],[103.7,-11.4],[103.3,-11.3],[102.4,-10.8],[102.0,-11.7],[101.9,-12.3],[102.2,-13.0],[102.9,-13.9],[103.0,-15.0],[102.9,-15.6],[102.9,-16.3],[103.1,-16.9],[103.1,-17.8],[103.3,-18.5],[104.1,-19.0],[104.0,-19.1],[103.6,-19.4],[103.6,-19.8],[103.7,-19.9],[104.0,-20.1],[104.0,-20.3]]},"properties":{"stormId":"AU198384_08U","name":"TIM","start":"1984-01-02 06:00","end":"1984-01-10 06:00","positions":34,"minCentralPressure":980.0,"maxWindSpeed":28.3,"source":"Bureau of Meteorology Australian Tropical Cyclone Database"}},{"type":"Feature","geometry":{"type":"LineString","coordinates":[[148.5,-18.5],[148.7,-18.0],[149.0,-17.6],[149.2,-17.3],[149.4,-17.0],[149.6,-16.6],[149.8,-16.2],[150.0,-15.7],[150.2,-15.4],[150.6,-15.0],[150.8,-14.4],[150.8,-14.4],[150.8,-14.4],[150.8,-14.7],[150.9,-15.5],[150.9,-15.9],[150.9,-16.4],[150.9,-17.0],[150.9,-17.8],[151.0,-18.4],[151.4,-18.8],[151.9,-19.1],[152.4,-19.7],[152.9,-20.3],[153.9,-20.9],[154.6,-21.5],[155.1,-22.2],[155.4,-22.9],[155.8,-23.1],[156.5,-23.1],[157.5,-23.2],[158.4,-23.3],[159.4,-23.5],[160.3,-23.6],[160.9,-23.6],[161.4,-23.7],[161.8,-23.7],[162.0,-23.6],[162.2,-23.5],[162.4,-23.5],[162.6,-23.5],[163.0,-23.4]]},"properties":{"stormId":"AU198384_09U","name":"GRACE","start":"1984-01-11 00:00","end":"1984-01-20 12:00","positions":42,"minCentralPressure":970.0,"maxWindSpeed":36.0,"source":"Bureau of Meteorology Australian Tropical Cyclone Database"}},{"type":"Feature","geometry":{"type":"LineString","coordinates":[[90.9,-9.0],[90.5,-9.5],[90.4,-10.2],[90.5,-11.2],[90.5,-11.9],[90.6,-13.0],[90.5,-14.1],[88.8,-14.3],[87.8,-14.1],[86.8,-14.2],[85.5,-14.5],[85.0,-15.0],[84.4,-15.3],[83.7,-15.4],[83.2,-15.6],[82.4,-15.4],[81.6,-15.3],[80.9,-15.3],[79.9,-15.4]]},"properties":{"stormId":"AU198384_10U","name":"VIVIENNE","start":"1984-01-23 00:00","end":"1984-01-27 12:00","positions":19,"minCentralPressure":975.0,"maxWindSpeed":33.4,"source":"Bureau of Meteorology Australian Tropical Cyclone Database"}},{"type":"Feature","geometry":{"type":"LineString","coordinates":[[114.5,-11.5],[113.1,-11.5],[111.8,-11.2],[110.8,-10.7],[110.5,-10.1],[110.6,-9.7],[111.4,-9.6],[112.0,-9.7],[112.4,-9.8],[112.5,-9.8],[112.8,-10.0],[113.0,-10.1],[113.1,-10.2],[113.4,-10.4],[113.8,-10.7],[113.6,-11.5],[113.0,-12.2],[111.6,-12.9],[110.8,-13.4],[110.3,-13.7],[109.4,-14.3],[108.5,-14.9],[107.7,-15.3],[106.8,-15.8],[105.8,-16.6],[104.9,-17.0],[103.7,-17.5],[102.4,-17.7],[101.2,-18.3],[99.0,-19.7],[97.0,-20.1],[96.0,-20.2],[94.9,-21.1],[93.0,-24.0],[92.2,-25.9],[92.5,-27.8],[91.9,-28.7],[90.9,-29.3]]},"properties":{"stormId":"AU198384_11U","name":"WILLY","start":"1984-02-02 00:00","end":"1984-02-11 00:00","positions":38,"minCentralPressure":960.0,"maxWindSpeed":41.2,"source":"Bureau of Meteorology Australian Tropical Cyclone Database"}},{"type":"Feature","geometry":{"type":"LineString","coordinates":[[101.1,-9.4],[100.5,-9.5],[99.5,-9.6],[98.5,-9.7],[98.0,-10.1],[97.7,-10.5],[97.5,-10.9],[97.2,-11.3],[96.9,-11.6],[96.5,-12.1],[95.8,-12.5],[94.9,-12.9],[94.5,-13.6],[94.1,-14.7],[93.5,-15.4],[92.6,-15.8],[91.4,-16.1],[90.0,-16.0],[89.1,-16.1],[88.2,-16.5],[87.9,-16.6],[87.6,-16.4],[87.3,-15.6],[87.0,-15.0],[87.2,-14.9],[87.1,-15.0],[87.0,-14.5],[87.5,-14.3],[88.5,-14.5],[89.1,-14.2],[89.7,-14.5],[90.0,-15.0],[90.3,-15.4],[90.1,-15.8],[89.5,-15.7],[88.2,-16.1],[87.9,-16.1],[87.3,-15.9],[86.7,-16.1],[86.1,-16.2],[85.7,-16.4],[85.1,-16.5],[84.8,-16.6],[85.1,-17.0],[85.2,-17.2],[84.8,-17.6],[83.8,-17.8],[83.1,-18.0],[82.7,-18.8],[81.8,-19.2],[80.9,-19.4],[80.2,-19.5],[80.0,-19.5]]},"properties":{"stormId":"AU198384_12U","name":"ANNETTE","start":"1984-02-03 12:00","end":"1984-02-16 03:00","positions":53,"minCentralPressure":960.0,"maxWindSpeed":41.2,"source":"Bureau of Meteorology Australian Tropical Cyclone Database"}},{"type":"Feature","geometry":{"type":"LineString","coordinates":[[152.3,-14.7],[152.7,-15.0],[153.1,-15.3],[153.6,-15.7],[154.0,-16.0],[154.8,-16.2],[155.6,-16.6],[156.0,-17.6],[156.1,-18.2],[156.2,-18.7],[156.3,-19.0],[156.8,-19.1],[157.5,-19.2],[158.3,-19.8],[159.0,-19.8],[159.6,-19.8],[160.3,-19.9],[160.7,-20.2],[160.9,-20.6],[161.1,-20.8],[161.2,-21.1],[161.4,-21.4],[161.7,-21.7],[162.5,-21.9],[163.4,-22.0]]},"properties":{"stormId":"AU198384_13U","name":"HARVEY","start":"1984-02-03 18:00","end":"1984-02-09 18:00","positions":25,"minCentralPressure":980.0,"maxWindSpeed":30.9,"source":"Bureau of Meteorology Australian Tropical Cyclone Database"}},{"type":"Feature","geometry":{"type":"LineString","coordinates":[[120.0,-16.2],[118.8,-17.5],[118.3,-18.0],[117.3,-18.4],[116.3,-18.3],[115.8,-18.2],[115.3,-18.2],[114.8,-18.2],[114.1,-18.4],[113.1,-18.8],[112.9,-19.1],[112.2,-19.1],[111.4,-19.4],[111.0,-20.0],[110.3,-20.7],[110.0,-22.0],[109.9,-22.9],[109.7,-23.5],[109.4,-23.5],[109.1,-23.5],[108.5,-23.5],[107.3,-24.4],[106.1,-25.8],[104.1,-26.6],[103.0,-27.0]]},"properties":{"stormId":"AU198384_14U","name":"BOBBY","start":"1984-02-17 12:00","end":"1984-02-23 12:00","positions":25,"minCentralPressure":950.0,"maxWindSpeed":48.9,"source":"Bureau of Meteorology Australian Tropical Cyclone Database"}},{"type":"Feature","geometry":{"type":"LineString","coordinates":[[148.4,-17.4],[147.6,-17.4],[147.8,-17.4],[148.0,-17.3],[148.3,-17.1],[148.8,-17.0],[149.8,-16.9],[150.5,-17.0],[150.8,-17.1],[151.0,-17.2],[151.3,-17.1],[151.7,-16.8],[152.4,-16.8],[153.6,-16.9],[155.1,-17.3],[156.4,-18.0],[157.3,-19.0],[157.8,-19.7],[158.2,-20.4],[158.9,-20.8],[158.93,-21.76],[158.1,-22.7],[157.9,-23.0],[157.7,-23.3],[157.4,-23.9],[156.7,-24.2],[156.1,-24.6],[155.6,-24.9]]},"properties":{"stormId":"AU198384_15U","name":"INGRID","start":"1984-02-20 09:00","end":"1984-02-26 06:00","positions":28,"minCentralPressure":975.0,"maxWindSpeed":33.4,"source":"Bureau of Meteorology Australian Tropical Cyclone Database"}},{"type":"Feature","geometry":{"type":"LineString","coordinates":[[123.7,-14.0],[123.5,-14.1],[123.4,-14.3],[123.3,-14.4],[123.2,-14.3],[123.2,-14.5],[123.3,-14.7],[123.4,-15.0],[123.5,-15.2],[123.4,-15.4],[123.3,-15.7],[123.3,-16.0],[123.3,-16.2],[123.1,-16.4],[122.8,-16.5],[122.3,-16.8],[121.9,-17.1],[121.4,-17.5],[120.9,-17.8],[120.5,-18.0],[120.3,-18.1],[119.8,-18.2],[119.5,-18.5],[119.0,-18.9],[118.7,-19.3],[118.3,-19.5],[118.1,-19.7],[117.9,-19.9],[117.6,-20.2],[117.4,-20.6],[117.1,-21.0],[116.8,-21.2],[116.5,-21.4],[116.1,-21.8],[115.8,-21.9],[115.5,-22.1],[115.2,-22.4],[114.8,-22.6],[114.6,-22.8],[114.2,-22.8],[113.9,-22.9],[113.8,-23.0],[113.8,-23.0],[113.8,-22.9],[113.8,-22.9],[113.8,-22.9],[113.8,-23.0],[113.9,-23.0],[113.9,-23.0],[113.9,-23.0],[113.9,-23.0],[113.9,-23.1],[114.0,-23.2],[114.2,-23.2],[114.7,-23.2]]},"properties":{"stormId":"AU198384_16U","name":"CHLOE","start":"1984-02-25 21:00","end":"1984-03-03 15:00","positions":55,"minCentralPressure":955.0,"maxWindSpeed":46.3,"source":"Bureau of Meteorology Australian Tropical Cyclone Database"}},{"type":"Feature","geometry":{"type":"LineString","coordinates":[[131.1,-11.9],[131.3,-11.9],[131.6,-11.9],[131.8,-11.8],[131.9,-11.7],[131.8,-11.5],[131.8,-11.1],[132.2,-10.9],[132.5,-10.9],[132.8,-11.1],[133.2,-11.2],[133.4,-11.3],[133.5,-11.4],[133.6,-11.5],[133.7,-11.6],[133.8,-11.6],[134.0,-11.7],[134.1,-11.8],[134.3,-11.9],[134.4,-12.0],[134.5,-12.2],[134.6,-12.5],[134.4,-12.7],[134.2,-12.9]]},"properties":{"stormId":"AU198384_17U","name":"FERDINAND","start":"1984-03-02 02:00","end":"1984-03-04 23:00","positions":24,"minCentralPressure":980.0,"maxWindSpeed":30.9,"source":"Bureau of Meteorology Australian Tropical Cyclone Database"}},{"type":"Feature","geometry":{"type":"LineString","coordinates":[[151.4,-11.6],[150.7,-11.6],[149.3,-11.6],[148.1,-11.6],[147.2,-11.5],[146.3,-11.3],[145.7,-11.3],[145.3,-11.3],[144.9,-11.4],[144.5,-11.6],[144.1,-11.8],[143.6,-12.0],[143.1,-12.3],[142.7,-12.1],[142.2,-12.1],[141.6,-12.2],[141.1,-12.5],[140.6,-12.8],[140.0,-13.2],[139.5,-13.4],[139.0,-13.7],[138.4,-14.0],[137.7,-14.3],[136.6,-14.6],[135.5,-14.8],[134.9,-14.8],[134.0,-14.9],[132.7,-15.4],[131.1,-15.6],[130.2,-15.7],[129.3,-15.8],[128.0,-16.1]]},"properties":{"stormId":"AU198384_18U","name":"JIM","start":"1984-03-05 21:00","end":"1984-03-11 06:00","positions":32,"minCentralPressure":970.0,"maxWindSpeed":36.0,"source":"Bureau of Meteorology Australian Tropical Cyclone Database"}},{"type":"Feature","geometry":{"type":"LineString","coordinates":[[101.4,-8.6],[101.6,-8.7],[102.0,-8.8],[102.3,-8.9],[102.4,-9.1],[102.5,-9.4],[102.7,-9.6],[102.8,-9.8],[103.0,-10.0],[103.2,-10.1],[103.3,-10.3],[103.3,-10.8],[103.3,-11.3],[103.0,-11.6],[102.6,-11.8],[101.7,-12.2],[100.7,-12.4],[99.8,-12.5],[98.8,-12.5],[98.0,-12.6],[97.0,-12.9],[96.0,-13.1],[94.7,-13.4],[93.3,-13.6],[92.1,-13.9],[91.0,-14.5],[89.8,-14.9],[88.6,-15.4],[87.6,-15.9],[86.9,-16.4],[86.0,-17.1],[85.2,-17.8],[84.4,-18.3],[83.9,-18.6],[83.3,-19.2],[82.6,-19.7],[82.0,-20.1],[81.2,-20.8],[80.4,-21.5],[79.5,-22.1],[78.5,-23.0],[77.9,-23.6],[77.3,-24.4],[76.9,-25.3],[77.1,-26.1],[77.7,-26.6],[78.3,-27.0],[79.1,-27.3],[79.8,-27.4],[80.6,-27.5],[81.5,-27.6],[82.7,-27.7],[84.4,-28.0],[86.0,-28.1],[87.4,-28.2],[88.9,-28.2]]},"properties":{"stormId":"AU198384_19U","name":"DARYL","start":"1984-03-06 12:00","end":"1984-03-20 06:00","positions":56,"minCentralPressure":955.0,"maxWindSpeed":46.3,"source":"Bureau of Meteorology Australian Tropical Cyclone Database"}},{"type":"Feature","geometry":{"type":"LineString","coordinates":[[148.5,-12.0],[148.3,-12.0],[148.1,-12.0],[147.9,-12.0],[147.7,-12.0],[147.4,-12.0],[147.0,-12.0],[146.4,-12.0],[146.0,-12.0],[145.6,-12.1],[145.2,-12.2],[144.8,-12.2],[144.4,-12.2],[144.0,-12.3],[143.6,-12.3],[143.2,-12.4],[142.8,-12.5],[142.2,-12.5],[141.8,-12.3],[141.4,-12.5],[141.1,-12.6],[140.7,-12.7],[140.4,-12.8],[140.1,-12.9],[139.9,-13.1],[139.7,-13.3],[139.5,-13.4],[139.2,-13.6],[139.0,-13.7],[138.8,-13.8],[138.7,-13.9],[138.6,-14.0],[138.5,-14.1],[138.4,-14.3],[138.3,-14.5],[138.2,-14.7],[138.0,-14.9],[137.8,-15.0],[137.6,-15.1],[137.5,-15.2],[137.3,-15.3],[137.0,-15.4],[137.0,-15.5],[136.9,-15.6],[136.4,-15.9],[136.1,-16.1],[135.8,-16.3],[135.5,-16.5],[135.3,-16.7],[135.0,-16.9],[134.6,-17.2],[134.3,-17.4],[134.1,-18.1]]},"properties":{"stormId":"AU198384_21U","name":"KATHY","start":"1984-03-16 18:00","end":"1984-03-23 23:00","positions":53,"minCentralPressure":920.0,"maxWindSpeed":61.7,"source":"Bureau of Meteorology Australian Tropical Cyclone Database"}},{"type":"Feature","geometry":{"type":"LineString","coordinates":[[153.4,-13.5],[153.3,-13.6],[153.1,-13.8],[152.6,-14.4],[151.9,-15.0],[151.6,-15.3],[151.4,-15.6],[151.1,-16.2],[151.1,-16.4],[151.1,-16.8],[151.2,-17.6],[151.5,-18.9],[151.7,-19.5],[152.1,-20.2],[152.3,-20.6],[152.5,-21.1],[152.8,-21.7],[153.1,-22.3],[153.5,-23.0],[154.5,-26.4],[154.69,-26.5],[155.4,-26.7],[157.2,-26.6],[160.0,-26.5]]},"properties":{"stormId":"AU198384_22U","name":"LANCE","start":"1984-04-04 00:00","end":"1984-04-09 23:00","positions":24,"minCentralPressure":980.0,"maxWindSpeed":30.9,"source":"Bureau of Meteorology Australian Tropical Cyclone Database"}},{"type":"Feature","geometry":{"type":"LineString","coordinates":[[102.0,-5.3],[101.0,-5.3],[100.0,-5.5],[99.1,-5.8],[98.5,-6.2],[98.1,-6.7],[98.0,-7.2],[98.0,-7.5],[98.1,-7.7],[98.2,-8.0],[98.3,-8.2],[98.6,-8.4],[98.9,-8.6],[99.1,-8.7],[99.3,-8.9],[99.6,-9.2],[99.9,-9.5],[100.1,-9.6],[100.4,-9.8],[100.8,-10.2],[101.5,-10.4],[102.1,-10.9],[103.1,-11.3],[103.6,-11.5],[104.2,-11.9],[105.0,-12.4],[105.8,-13.0],[106.6,-13.6],[107.5,-14.2],[108.3,-14.6],[109.3,-15.5],[110.7,-16.6],[111.6,-17.2],[112.2,-17.8],[113.3,-18.3],[114.3,-19.0],[115.1,-19.5],[115.8,-20.0],[116.1,-20.6],[116.8,-21.2],[117.2,-21.6],[117.9,-21.7],[119.8,-21.9],[119.8,-21.9]]},"properties":{"stormId":"AU198485_01U","name":"EMMA","start":"1984-12-03 18:00","end":"1984-12-13 06:00","positions":44,"minCentralPressure":967.0,"maxWindSpeed":33.4,"source":"Bureau of Meteorology Australian Tropical Cyclone Database"}},{"type":"Feature","geometry":{"type":"LineString","coordinates":[[129.0,-16.4],[128.2,-16.5],[127.5,-16.5],[126.9,-16.6],[126.2,-16.6],[125.5,-16.7],[124.8,-16.7],[124.2,-16.8],[123.8,-16.8],[123.2,-17.0],[122.7,-17.4],[122.3,-17.6],[122.1,-17.4],[122.0,-17.4],[121.9,-17.4],[121.8,-17.2],[121.9,-17.2],[121.9,-17.3],[121.8,-17.4],[121.7,-17.4],[121.6,-17.4],[121.5,-17.3],[121.2,-17.5],[121.0,-17.6],[120.3,-17.7],[120.7,-17.6],[120.2,-17.7],[119.9,-17.5],[119.6,-17.6],[119.3,-17.5],[119.0,-17.4],[118.7,-17.5],[118.4,-17.5],[117.9,-17.5],[117.6,-17.4],[117.2,-17.6],[117.0,-18.0],[117.1,-18.2],[117.3,-18.5],[117.4,-18.7],[117.4,-19.0],[117.5,-19.2],[117.6,-19.3],[117.7,-19.5],[117.9,-19.6],[118.1,-19.8],[118.2,-20.1],[118.3,-20.5],[118.7,-20.8],[119.2,-21.2],[119.9,-21.4],[120.9,-21.5],[122.2,-21.6]]},"properties":{"stormId":"AU198485_02U","name":"FRANK","start":"1984-12-19 18:00","end":"1984-12-28 00:00","positions":53,"minCentralPressure":950.0,"maxWindSpeed":43.7,"source":"Bureau of Meteorology Australian Tropical Cyclone Database"}},{"type":"Feature","geometry":{"type":"LineString","coordinates":[[148.3,-14.4],[148.5,-14.5],[149.1,-14.8],[149.7,-15.1],[150.5,-15.7],[151.5,-16.3],[152.0,-16.5],[152.3,-16.7],[153.0,-17.0],[153.7,-17.4],[155.3,-18.5],[157.8,-19.2],[158.5,-19.7],[159.4,-20.1]]},"properties":{"stormId":"AU198485_03U","name":"MONICA","start":"1984-12-25 21:00","end":"1984-12-28 18:00","positions":14,"minCentralPressure":982.0,"maxWindSpeed":28.3,"source":"Bureau of Meteorology Australian Tropical Cyclone Database"}},{"type":"Feature","geometry":{"type":"LineString","coordinates":[[150.3,-16.5],[150.6,-16.5],[151.4,-16.5],[152.5,-16.5],[153.5,-16.5],[154.5,-16.5],[155.5,-16.3],[156.5,-16.2],[157.5,-16.1],[159.0,-16.0],[160.0,-16.0]]},"properties":{"stormId":"AU198485_04U","name":"NIGEL","start":"1985-01-14 12:00","end":"1985-01-16 21:00","positions":11,"minCentralPressure":996.0,"maxWindSpeed":30.9,"source":"Bureau of Meteorology Australian Tropical Cyclone Database"}},{"type":"Feature","geometry":{"type":"LineString","coordinates":[[145.6,-14.6],[146.0,-14.6],[147.2,-14.5],[148.8,-14.6],[150.5,-14.7],[151.8,-14.8],[153.0,-15.0],[154.3,-15.7],[155.3,-15.9],[156.3,-16.1],[157.3,-16.3],[158.5,-16.3],[159.8,-16.2],[160.8,-16.4]]},"properties":{"stormId":"AU198485_05U","name":"ODETTE","start":"1985-01-16 12:00","end":"1985-01-19 15:00","positions":14,"minCentralPressure":930.0,"maxWindSpeed":51.4,"source":"Bureau of Meteorology Australian Tropical Cyclone Database"}},{"type":"Feature","geometry":{"type":"LineString","coordinates":[[126.0,-16.1],[125.9,-16.2],[125.9,-16.4],[125.8,-16.5],[125.7,-16.6],[125.5,-16.6],[125.4,-16.7],[125.2,-16.7],[125.0,-16.8],[124.8,-16.9],[124.6,-16.9],[124.4,-17.0],[124.2,-17.0],[123.9,-17.1],[123.8,-17.1],[123.5,-17.2],[123.2,-17.5],[123.0,-17.7],[122.6,-17.8],[122.2,-17.9],[121.9,-18.0],[121.3,-18.2],[121.1,-18.3],[120.8,-18.3],[120.4,-18.4],[120.0,-18.4],[119.7,-18.4],[119.4,-18.4],[119.1,-18.4],[118.7,-18.3],[118.5,-18.3],[118.2,-18.2],[117.9,-18.1],[117.7,-18.2],[117.4,-18.3],[117.3,-18.5],[117.3,-18.8],[117.3,-19.2],[117.2,-19.5],[117.1,-20.0],[117.0,-20.5],[117.0,-20.67],[117.0,-21.0],[116.9,-21.5],[117.0,-22.0],[117.2,-22.5],[117.5,-23.3],[117.7,-23.8],[117.8,-24.5],[117.8,-25.2],[118.0,-25.9],[118.4,-26.5],[119.0,-26.8],[119.4,-26.9],[120.0,-26.9],[120.0,-27.0],[120.7,-27.0],[121.2,-27.0],[121.7,-27.0],[122.1,-27.0],[122.5,-27.0],[122.8,-27.0],[123.1,-27.0],[123.2,-27.0],[123.5,-26.9],[123.9,-26.9]]},"properties":{"stormId":"AU198485_06U","name":"GERTIE","start":"1985-01-26 00:00","end":"1985-02-03 00:00","positions":66,"minCentralPressure":973.0,"maxWindSpeed":30.9,"source":"Bureau of Meteorology Australian Tropical Cyclone Database"}},{"type":"Feature","geometry":{"type":"LineString","coordinates":[[129.0,-14.2],[128.5,-14.2],[127.9,-14.3],[127.3,-14.3],[126.5,-14.4],[125.7,-14.6],[124.9,-14.9],[124.0,-15.3],[123.2,-15.8],[122.2,-15.8],[120.4,-15.8],[120.0,-15.8],[118.9,-16.0],[117.4,-16.2],[116.1,-16.5],[114.4,-17.0],[112.4,-17.4],[110.6,-17.8],[109.0,-18.3],[107.3,-18.9],[105.5,-19.3],[103.5,-19.5],[101.5,-19.4],[99.6,-19.2],[97.8,-19.0],[96.0,-18.8],[94.8,-18.6],[93.7,-18.4],[92.2,-18.3],[90.7,-18.4],[89.3,-18.5],[88.0,-18.6],[86.8,-18.7],[85.8,-18.9],[84.9,-19.2],[84.0,-19.5],[83.0,-19.9],[82.0,-20.5]]},"properties":{"stormId":"AU198485_07U","name":"HUBERT","start":"1985-02-10 00:00","end":"1985-02-19 06:00","positions":38,"minCentralPressure":954.0,"maxWindSpeed":41.2,"source":"Bureau of Meteorology Australian Tropical Cyclone Database"}},{"type":"Feature","geometry":{"type":"LineString","coordinates":[[100.6,-7.6],[100.8,-7.9],[101.1,-8.3],[101.5,-8.7],[101.7,-9.1],[101.9,-9.6],[102.2,-10.2],[102.4,-10.8],[102.5,-11.5],[102.0,-12.0],[101.1,-12.4],[100.6,-12.8],[100.4,-13.4],[101.4,-13.6],[101.4,-13.0],[102.0,-12.7],[102.7,-12.6],[103.3,-12.8],[104.0,-13.2],[104.6,-13.8],[105.2,-14.4],[105.5,-14.8],[105.4,-15.2],[105.0,-15.6],[104.5,-16.1],[103.9,-16.7],[103.3,-17.1],[102.7,-17.4],[102.1,-17.7],[101.6,-18.1],[101.2,-18.5],[101.0,-19.0],[100.5,-19.6],[100.1,-20.0],[99.5,-20.4],[98.7,-20.9],[97.7,-21.7],[96.8,-22.5],[96.1,-23.4],[95.5,-24.6],[95.0,-26.0],[94.7,-27.7],[94.4,-29.6],[94.2,-31.5]]},"properties":{"stormId":"AU198485_08U","name":"ISOBEL","start":"1985-02-11 06:00","end":"1985-02-22 00:00","positions":44,"minCentralPressure":960.0,"maxWindSpeed":38.6,"source":"Bureau of Meteorology Australian Tropical Cyclone Database"}},{"type":"Feature","geometry":{"type":"LineString","coordinates":[[127.6,-9.0],[127.3,-10.1],[127.1,-11.0],[126.7,-11.7],[126.1,-12.1],[125.3,-12.3],[124.4,-12.5],[123.3,-12.6],[122.1,-12.7],[121.2,-13.1],[120.4,-13.4],[119.7,-13.8],[118.9,-14.1],[118.1,-14.4],[117.4,-14.7],[116.7,-14.8],[116.1,-15.0],[115.1,-15.1],[114.7,-15.2],[113.9,-15.4],[113.0,-15.5],[112.2,-15.7],[111.5,-15.7],[110.9,-15.8],[110.1,-15.9],[109.1,-15.9],[107.9,-16.1],[106.5,-16.3],[105.3,-16.9],[104.3,-17.5],[103.4,-18.0],[102.8,-18.3],[102.2,-18.7],[101.5,-19.3],[100.4,-20.1],[99.4,-20.8],[98.7,-21.8],[97.5,-22.7],[96.7,-23.7],[96.1,-24.9],[95.8,-26.1],[95.5,-27.5],[95.4,-29.0],[95.6,-30.7],[96.1,-32.5],[97.4,-34.4],[98.8,-35.5],[100.2,-36.6],[101.7,-37.4],[103.2,-38.2],[105.6,-38.8],[108.5,-39.2],[111.4,-39.2]]},"properties":{"stormId":"AU198485_09U","name":"JACOB","start":"1985-02-15 00:00","end":"1985-02-28 00:00","positions":53,"minCentralPressure":950.0,"maxWindSpeed":38.6,"source":"Bureau of Meteorology Australian Tropical Cyclone Database"}},{"type":"Feature","geometry":{"type":"LineString","coordinates":[[143.3,-11.8],[143.7,-11.8],[144.4,-12.0],[145.1,-12.3],[145.7,-12.9],[145.9,-13.4],[146.2,-14.0],[146.4,-14.7],[146.7,-15.4],[147.2,-16.3],[147.8,-17.3],[148.6,-18.5],[149.5,-20.2],[150.1,-21.3],[150.3,-22.2],[150.6,-22.7],[151.0,-23.0],[152.0,-23.3],[153.0,-23.5],[154.0,-23.6],[155.0,-23.7],[156.0,-23.7],[156.9,-23.5],[157.8,-23.5],[158.5,-23.5],[160.0,-23.8]]},"properties":{"stormId":"AU198485_10U","name":"PIERRE","start":"1985-02-18 06:00","end":"1985-02-24 06:00","positions":26,"minCentralPressure":986.0,"maxWindSpeed":25.7,"source":"Bureau of Meteorology Australian Tropical Cyclone Database"}},{"type":"Feature","geometry":{"type":"LineString","coordinates":[[135.3,-11.4],[135.7,-11.1],[136.4,-10.6],[137.1,-10.4],[137.9,-10.4],[138.6,-10.7],[139.2,-11.1],[139.8,-11.8],[140.4,-12.3],[141.2,-12.8],[141.7,-12.9],[142.1,-13.2],[142.9,-13.9],[143.2,-14.7],[143.7,-15.6],[143.5,-16.7],[143.0,-16.9]]},"properties":{"stormId":"AU198485_11U","name":"REBECCA","start":"1985-02-20 03:00","end":"1985-02-23 15:00","positions":17,"minCentralPressure":994.0,"maxWindSpeed":20.6,"source":"Bureau of Meteorology Australian Tropical Cyclone Database"}},{"type":"Feature","geometry":{"type":"LineString","coordinates":[[112.0,-10.5],[110.3,-10.5],[110.3,-10.5],[109.6,-10.5],[108.7,-10.4],[107.7,-10.3],[107.3,-10.3],[106.9,-10.2],[106.3,-10.1],[106.0,-10.1],[105.6,-10.1],[105.2,-10.1],[104.8,-10.1],[104.4,-10.1],[104.0,-10.1],[103.6,-10.1],[103.0,-10.2],[102.7,-10.2],[101.9,-10.2],[101.3,-10.2],[100.7,-10.2],[100.1,-10.3],[99.5,-10.3],[98.7,-10.4],[98.3,-10.5],[97.9,-10.5],[97.3,-10.5],[97.0,-10.6],[96.5,-10.6],[95.9,-10.6],[95.3,-10.7],[94.7,-10.8],[93.9,-11.0],[93.0,-11.3],[92.4,-11.7],[91.7,-12.2],[90.6,-12.8],[89.3,-13.2],[88.5,-13.5],[87.7,-13.5],[87.1,-13.6],[86.4,-13.9],[86.0,-14.2],[85.4,-14.7],[85.1,-15.3],[84.8,-15.9],[84.8,-16.5],[84.8,-17.2],[84.9,-18.0],[84.9,-18.6],[85.0,-19.0],[85.0,-19.2],[85.1,-19.5],[85.2,-19.9],[85.3,-20.3],[85.7,-20.7],[85.9,-21.3],[86.2,-22.0],[86.6,-22.6],[87.2,-23.3],[87.9,-24.0],[88.6,-24.5],[89.6,-24.9],[90.8,-25.3],[92.0,-25.8],[93.2,-26.3],[94.4,-26.9],[95.6,-27.4],[96.6,-27.9],[97.3,-28.4],[98.1,-28.9],[98.9,-29.5],[99.5,-30.2],[100.1,-31.0],[100.8,-32.1],[101.8,-33.3],[103.6,-33.7],[105.5,-34.1],[107.5,-34.5],[109.7,-34.7],[111.4,-34.6],[112.4,-34.3],[113.0,-33.6]]},"properties":{"stormId":"AU198485_12U","name":"KIRSTY","start":"1985-03-01 00:00","end":"1985-03-19 00:00","positions":83,"minCentralPressure":920.0,"maxWindSpeed":56.6,"source":"Bureau of Meteorology Australian Tropical Cyclone Database"}},{"type":"Feature","geometry":{"type":"LineString","coordinates":[[117.6,-9.2],[117.6,-9.5],[117.8,-9.8],[118.4,-9.9],[119.1,-9.9],[119.8,-10.2],[119.3,-10.7],[118.4,-11.0],[117.7,-11.4],[117.2,-12.1],[117.9,-13.1],[118.8,-14.1],[119.9,-15.1],[120.8,-16.2],[121.1,-16.8],[121.4,-17.3],[122.0,-18.0],[122.2,-18.4],[122.4,-19.1],[122.6,-19.8],[122.8,-20.4],[123.2,-20.9],[123.8,-21.3],[124.5,-21.8],[125.9,-23.0],[126.9,-24.0],[127.5,-25.3],[128.4,-26.9],[129.8,-28.4]]},"properties":{"stormId":"AU198485_13U","name":"LINDSAY","start":"1985-03-06 00:00","end":"1985-03-11 18:00","positions":29,"minCentralPressure":950.0,"maxWindSpeed":41.2,"source":"Bureau of Meteorology Australian Tropical Cyclone Database"}},{"type":"Feature","geometry":{"type":"LineString","coordinates":[[139.5,-13.9],[139.7,-13.9],[139.0,-13.7],[138.2,-13.4],[138.5,-13.6],[138.9,-13.6],[139.0,-13.5],[138.8,-13.4],[138.6,-13.5],[138.6,-13.7],[138.8,-14.0],[138.7,-14.5],[138.6,-14.9],[138.4,-15.2],[137.8,-15.7],[137.3,-15.6],[136.8,-15.3],[136.2,-15.3],[135.5,-14.9],[135.1,-14.5],[134.9,-14.5],[134.5,-14.5],[134.2,-14.4],[134.0,-14.4],[133.7,-14.4]]},"properties":{"stormId":"AU198485_14U","name":"SANDY","start":"1985-03-20 00:00","end":"1985-03-26 00:00","positions":25,"minCentralPressure":953.0,"maxWindSpeed":54.0,"source":"Bureau of Meteorology Australian Tropical Cyclone Database"}},{"type":"Feature","geometry":{"type":"LineString","coordinates":[[151.5,-13.2],[151.4,-13.1],[151.2,-13.0],[151.0,-12.9],[150.8,-12.8],[150.6,-12.9],[150.2,-12.9],[149.8,-13.2],[149.3,-13.4],[148.8,-13.6],[148.3,-13.8],[147.8,-13.8],[147.4,-13.7],[146.9,-13.6],[146.5,-13.5],[145.9,-13.3],[145.3,-13.2],[144.9,-13.2],[144.4,-13.5],[144.0,-13.9],[143.6,-14.4],[143.4,-14.6],[143.2,-14.8],[142.8,-15.2]]},"properties":{"stormId":"AU198485_15U","name":"TANYA","start":"1985-03-27 06:00","end":"1985-04-01 18:00","positions":24,"minCentralPressure":982.0,"maxWindSpeed":28.3,"source":"Bureau of Meteorology Australian Tropical Cyclone Database"}},{"type":"Feature","geometry":{"type":"LineString","coordinates":[[103.8,-6.8],[103.9,-7.0],[103.9,-7.1],[103.5,-7.3],[103.1,-7.5],[102.6,-7.8],[102.0,-8.1],[101.2,-8.3],[100.3,-8.7],[99.4,-9.3],[98.9,-9.6],[98.7,-9.8],[99.0,-10.0],[99.8,-10.3],[100.8,-10.9],[101.5,-11.7],[102.2,-12.7],[103.1,-13.9],[104.3,-14.9],[105.5,-15.9],[106.6,-16.7],[107.5,-17.6],[108.3,-18.3],[109.1,-18.8],[109.8,-19.0],[110.4,-19.1],[110.8,-18.9],[110.9,-18.5],[110.8,-18.3],[110.5,-18.2],[110.3,-18.1],[110.1,-17.9],[110.2,-17.8],[110.2,-17.6],[110.3,-17.4],[110.8,-17.2],[111.2,-17.3],[111.6,-17.5],[111.8,-17.7],[111.6,-17.8],[111.4,-17.9],[111.2,-18.0],[111.0,-18.0],[110.9,-18.1],[110.8,-18.1],[110.7,-18.1],[110.6,-18.1],[110.5,-18.0],[110.5,-18.0],[110.4,-18.0],[110.3,-17.9],[110.2,-18.2],[110.0,-18.5],[109.7,-18.7],[109.3,-18.9],[108.9,-19.1],[108.5,-19.3],[107.7,-19.4],[106.9,-19.4]]},"properties":{"stormId":"AU198485_16U","name":"MARGOT","start":"1985-04-10 03:00","end":"1985-04-25 00:00","positions":59,"minCentralPressure":942.0,"maxWindSpeed":43.7,"source":"Bureau of Meteorology Australian Tropical Cyclone Database"}},{"type":"Feature","geometry":{"type":"LineString","coordinates":[[133.4,-11.0],[132.6,-11.2],[132.0,-11.5],[131.3,-11.9],[130.5,-12.5],[130.1,-13.1],[129.8,-13.3],[129.5,-14.0],[129.4,-14.2],[129.0,-13.9]]},"properties":{"stormId":"AU198485_17U","name":"GRETEL","start":"1985-04-12 00:00","end":"1985-04-14 06:00","positions":10,"minCentralPressure":984.0,"maxWindSpeed":25.7,"source":"Bureau of Meteorology Australian Tropical Cyclone Database"}},{"type":"Feature","geometry":{"type":"LineString","coordinates":[[102.2,-6.6],[102.2,-6.8],[102.1,-7.1],[102.0,-7.4],[102.0,-7.7],[101.9,-8.0],[101.7,-8.3],[101.3,-8.5],[101.0,-8.8],[100.9,-9.3],[101.3,-9.7],[101.7,-10.0],[102.1,-10.2],[102.7,-10.5],[103.1,-10.6],[103.6,-10.7],[104.1,-10.7],[104.9,-10.8],[105.8,-10.8],[106.5,-10.7],[107.4,-10.5],[108.4,-10.3],[109.4,-10.3],[110.2,-10.2],[110.8,-10.3],[111.5,-10.4],[112.2,-10.3],[112.6,-10.2],[113.0,-10.1],[113.3,-10.0],[113.9,-9.9],[114.2,-10.0],[114.2,-10.2],[114.3,-10.5],[114.5,-10.8],[114.5,-11.2],[114.7,-11.5],[114.7,-11.7],[114.8,-11.9],[114.8,-12.3],[114.6,-12.8],[114.1,-13.4],[113.7,-14.1],[114.0,-14.7],[114.3,-14.9],[114.1,-15.3],[113.8,-15.6]]},"properties":{"stormId":"AU198586_01U","name":"NICHOLAS","start":"1985-11-26 00:00","end":"1985-12-07 12:00","positions":47,"minCentralPressure":945.0,"maxWindSpeed":43.7,"source":"Bureau of Meteorology Australian Tropical Cyclone Database"}},{"type":"Feature","geometry":{"type":"LineString","coordinates":[[97.6,-8.6],[96.9,-8.9],[96.7,-9.1],[96.5,-9.23],[96.3,-9.4],[96.05,-9.55],[95.8,-9.7],[95.7,-9.8],[95.6,-9.9],[95.4,-10.1],[95.2,-10.3],[95.6,-10.42],[96.0,-10.54],[96.2,-10.6],[96.4,-10.6],[96.7,-10.9],[96.8,-11.2],[97.1,-11.8],[97.3,-12.4],[97.8,-12.7],[98.1,-12.9]]},"properties":{"stormId":"AU198586_02U","name":"OPHELIA","start":"1986-01-07 00:00","end":"1986-01-12 00:00","positions":21,"minCentralPressure":986.0,"maxWindSpeed":23.2,"source":"Bureau of Meteorology Australian Tropical Cyclone Database"}},{"type":"Feature","geometry":{"type":"LineString","coordinates":[[107.7,-14.4],[108.4,-13.9],[108.9,-13.8],[109.5,-13.7],[110.4,-13.9],[111.2,-14.0],[111.9,-14.1],[113.0,-14.0],[114.2,-13.7],[114.6,-14.4],[114.3,-14.8],[113.8,-14.9],[114.0,-14.2],[114.1,-14.5],[112.6,-16.2],[111.7,-17.7],[111.3,-18.5]]},"properties":{"stormId":"AU198586_03U","name":"PANCHO","start":"1986-01-18 00:00","end":"1986-01-21 21:00","positions":17,"minCentralPressure":976.0,"maxWindSpeed":28.3,"source":"Bureau of Meteorology Australian Tropical Cyclone Database"}},{"type":"Feature","geometry":{"type":"LineString","coordinates":[[130.6,-11.8],[130.0,-12.2],[129.97,-12.28],[129.8,-12.7],[129.77,-12.73],[129.6,-12.9],[129.5,-12.85],[129.0,-12.6],[128.95,-12.62],[128.7,-12.7],[128.7,-12.75],[128.7,-13.0],[128.72,-13.03],[128.8,-13.2],[128.8,-13.22],[128.8,-13.3],[128.82,-13.32],[128.9,-13.4],[128.82,-13.52],[128.4,-14.1],[128.37,-14.2],[128.2,-14.7],[128.14,-14.8],[127.8,-15.4],[127.4,-15.4],[127.0,-16.0],[126.7,-16.3],[126.4,-16.5],[125.9,-16.8],[125.6,-16.9],[125.3,-17.0],[125.0,-17.1],[124.8,-17.2],[124.6,-17.2],[124.5,-17.2],[124.4,-17.2],[124.3,-17.2],[124.2,-17.2],[124.0,-17.2],[123.9,-17.1],[123.8,-17.1],[123.7,-17.1],[123.6,-17.1],[123.5,-17.0],[123.4,-16.9],[123.3,-16.9],[123.3,-17.0],[123.4,-17.1],[123.5,-17.2],[123.6,-17.3],[123.8,-17.5],[124.1,-17.8],[124.5,-17.9],[124.8,-18.2],[125.1,-18.6],[125.2,-19.0],[125.5,-19.6],[126.0,-20.0]]},"properties":{"stormId":"AU198586_04U","name":"HECTOR","start":"1986-01-17 02:00","end":"1986-01-24 06:00","positions":58,"minCentralPressure":982.0,"maxWindSpeed":20.6,"source":"Bureau of Meteorology Australian Tropical Cyclone Database"}},{"type":"Feature","geometry":{"type":"LineString","coordinates":[[139.5,-16.5],[140.2,-16.5],[140.9,-16.6],[141.4,-16.7],[141.9,-16.8],[142.4,-16.8],[142.9,-16.9],[143.8,-17.0],[145.0,-17.1],[146.6,-17.3],[148.1,-17.8],[150.0,-18.3],[152.0,-19.0],[154.4,-20.2],[157.1,-21.9],[160.0,-24.0]]},"properties":{"stormId":"AU198586_05U","name":"VERNON","start":"1986-01-21 00:00","end":"1986-01-24 18:00","positions":16,"minCentralPressure":990.0,"maxWindSpeed":23.2,"source":"Bureau of Meteorology Australian Tropical Cyclone Database"}},{"type":"Feature","geometry":{"type":"LineString","coordinates":[[144.8,-12.9],[144.8,-12.7],[145.1,-12.7],[145.4,-12.6],[145.7,-12.6],[146.1,-12.6],[146.6,-12.8],[146.7,-13.0],[146.6,-13.4],[146.6,-13.8],[146.5,-14.1],[146.5,-14.4],[146.5,-14.7],[146.7,-14.9],[147.0,-15.1],[147.3,-15.3],[147.7,-15.7],[147.9,-16.1],[147.7,-16.4],[147.1,-16.9],[146.5,-17.5],[146.1,-17.6],[145.7,-17.8],[145.0,-18.5],[144.3,-19.3],[143.5,-20.2],[142.8,-20.5],[142.3,-20.6],[141.8,-20.6],[141.4,-20.8],[141.8,-21.2],[142.2,-21.4],[142.5,-21.6],[142.8,-21.9],[142.9,-22.2],[143.1,-22.3],[143.3,-22.3],[143.6,-22.0],[143.9,-21.5],[144.2,-20.9]]},"properties":{"stormId":"AU198586_06U","name":"WINIFRED","start":"1986-01-27 06:00","end":"1986-02-05 18:00","positions":40,"minCentralPressure":957.0,"maxWindSpeed":43.7,"source":"Bureau of Meteorology Australian Tropical Cyclone Database"}},{"type":"Feature","geometry":{"type":"LineString","coordinates":[[116.3,-15.7],[115.3,-15.7],[115.3,-16.1],[115.7,-16.5],[115.2,-16.8],[114.9,-17.6],[114.6,-18.0],[114.4,-18.4],[114.3,-19.0],[114.1,-19.3],[113.8,-19.6],[113.6,-20.0],[113.4,-20.4],[113.2,-20.9],[113.2,-21.6],[113.1,-22.3],[112.5,-23.3],[112.3,-23.8],[112.2,-24.4],[112.1,-25.0],[112.1,-25.6],[112.3,-26.3],[112.6,-26.6],[112.8,-27.1],[112.9,-27.5]]},"properties":{"stormId":"AU198586_07U","name":"RHONDA","start":"1986-02-17 00:00","end":"1986-02-21 00:00","positions":25,"minCentralPressure":968.0,"maxWindSpeed":33.4,"source":"Bureau of Meteorology Australian Tropical Cyclone Database"}},{"type":"Feature","geometry":{"type":"LineString","coordinates":[[114.3,-13.4],[114.5,-14.0],[114.8,-14.3],[114.9,-14.8],[114.8,-15.4],[114.3,-15.8],[113.7,-16.1],[113.0,-16.7],[112.4,-17.5],[111.7,-18.2],[110.9,-18.9],[110.0,-19.1],[108.9,-19.9],[108.0,-20.7],[107.3,-21.3],[106.9,-21.9],[106.5,-22.5],[106.2,-23.0],[106.1,-23.6],[106.2,-24.0],[106.3,-24.2]]},"properties":{"stormId":"AU198586_08U","name":"SELWYN","start":"1986-02-21 06:00","end":"1986-02-26 06:00","positions":21,"minCentralPressure":980.0,"maxWindSpeed":30.9,"source":"Bureau of Meteorology Australian Tropical Cyclone Database"}},{"type":"Feature","geometry":{"type":"LineString","coordinates":[[130.3,-9.3],[128.7,-10.6],[127.1,-11.9],[125.2,-12.8],[122.5,-13.8],[120.6,-14.8],[118.9,-15.3],[117.2,-16.2],[115.7,-17.0],[113.9,-17.6],[112.5,-17.7],[111.3,-17.8],[109.9,-17.8],[108.7,-17.9],[107.7,-18.2],[106.4,-18.8],[105.0,-18.9],[104.4,-20.0]]},"properties":{"stormId":"AU198586_09U","name":"TIFFANY","start":"1986-02-25 06:00","end":"1986-03-01 12:00","positions":18,"minCentralPressure":984.0,"maxWindSpeed":25.7,"source":"Bureau of Meteorology Australian Tropical Cyclone Database"}},{"type":"Feature","geometry":{"type":"LineString","coordinates":[[150.2,-14.8],[150.1,-15.1],[150.0,-15.4],[150.0,-15.5],[150.0,-15.5],[150.0,-15.5],[150.0,-15.5],[150.0,-15.5],[150.1,-15.6],[150.5,-15.8],[151.0,-16.0],[151.4,-16.2],[152.0,-16.3],[152.7,-16.4],[153.5,-16.5],[155.1,-16.5],[155.1,-16.5],[156.2,-16.5],[158.0,-16.7],[160.0,-17.2],[162.0,-17.7],[164.0,-18.5]]},"properties":{"stormId":"AU198586_10U","name":"ALFRED","start":"1986-03-02 18:00","end":"1986-03-08 00:00","positions":22,"minCentralPressure":990.0,"maxWindSpeed":23.2,"source":"Bureau of Meteorology Australian Tropical Cyclone Database"}},{"type":"Feature","geometry":{"type":"LineString","coordinates":[[124.2,-13.2],[124.4,-13.3],[124.2,-13.4],[123.9,-13.5],[123.6,-13.6],[123.4,-13.7],[123.2,-13.9],[122.8,-14.1],[122.5,-14.3],[122.2,-14.4],[121.6,-14.5],[121.3,-14.6],[120.7,-14.7],[120.3,-14.8],[119.4,-15.4],[118.3,-16.2],[117.5,-16.5],[116.8,-17.1],[116.3,-17.5],[115.5,-18.2],[114.9,-18.4],[114.6,-18.5],[114.5,-18.6],[114.4,-18.8],[114.3,-19.0],[114.1,-19.2],[114.0,-19.4],[113.7,-19.6],[113.5,-19.8],[113.0,-20.2],[112.6,-20.4],[112.4,-20.6],[112.1,-21.0],[111.7,-21.5],[111.4,-22.0],[111.2,-22.6],[111.0,-22.9],[110.8,-23.3],[110.6,-23.6],[110.0,-24.7],[109.4,-25.6],[109.3,-26.5],[109.7,-27.6],[109.8,-28.7]]},"properties":{"stormId":"AU198586_11U","name":"VICTOR","start":"1986-03-02 09:00","end":"1986-03-09 06:00","positions":44,"minCentralPressure":930.0,"maxWindSpeed":51.4,"source":"Bureau of Meteorology Australian Tropical Cyclone Database"}},{"type":"Feature","geometry":{"type":"LineString","coordinates":[[105.2,-11.3],[104.6,-11.0],[104.0,-10.9],[103.4,-10.9],[102.9,-10.9],[102.4,-10.8],[102.0,-10.8],[101.6,-10.7],[101.4,-10.7],[101.2,-10.7],[100.7,-10.8],[99.6,-11.1],[98.7,-11.1],[98.3,-11.1],[97.9,-11.3],[97.4,-11.4],[96.9,-11.4],[96.4,-11.4],[96.0,-11.6],[95.2,-11.7],[94.9,-11.8],[93.5,-11.9],[92.1,-12.6],[91.0,-13.5],[89.8,-14.1]]},"properties":{"stormId":"AU198586_12U","name":"ALISON","start":"1986-04-04 18:00","end":"1986-04-09 18:00","positions":25,"minCentralPressure":974.0,"maxWindSpeed":30.9,"source":"Bureau of Meteorology Australian Tropical Cyclone Database"}},{"type":"Feature","geometry":{"type":"LineString","coordinates":[[156.0,-8.0],[156.0,-8.2],[156.0,-8.3],[156.0,-8.5],[156.0,-8.8],[155.8,-9.2],[155.4,-9.6],[155.0,-10.0],[154.5,-10.4],[154.0,-11.0],[153.3,-11.7],[152.2,-12.2],[151.0,-12.8],[150.1,-13.2],[149.5,-13.4],[148.9,-13.7],[148.3,-14.0],[147.7,-14.3],[147.1,-14.6],[146.6,-14.9],[146.0,-15.2],[145.5,-15.4],[145.2,-15.6],[144.9,-15.8],[144.6,-16.0]]},"properties":{"stormId":"AU198586_13U","name":"MANU","start":"1986-04-21 00:00","end":"1986-04-27 00:00","positions":25,"minCentralPressure":970.0,"maxWindSpeed":36.0,"source":"Bureau of Meteorology Australian Tropical Cyclone Database"}},{"type":"Feature","geometry":{"type":"LineString","coordinates":[[89.3,-4.7],[90.2,-4.8],[91.2,-5.0],[91.8,-5.5],[92.2,-6.1],[92.3,-6.5],[92.4,-7.1],[92.7,-7.5],[92.8,-7.8],[93.1,-8.1],[93.4,-8.5],[93.5,-8.7],[93.6,-9.3],[93.4,-9.7],[93.2,-9.9],[92.9,-10.1],[92.8,-10.4],[92.7,-10.9],[92.4,-11.4],[92.3,-11.6],[91.9,-11.9],[91.8,-12.3],[91.1,-13.0],[90.3,-13.7],[89.7,-14.4],[89.5,-15.0],[89.6,-15.9],[89.7,-16.8],[90.0,-17.8],[90.9,-18.6],[92.0,-19.4],[93.1,-20.1],[94.5,-20.5],[96.3,-21.7],[99.0,-22.7],[101.3,-23.4],[103.8,-25.0],[106.7,-26.1],[109.9,-27.4],[113.6,-28.3],[116.2,-29.7],[118.0,-30.1],[120.5,-30.7],[122.9,-31.1],[125.2,-31.1],[130.2,-31.7],[131.8,-32.0]]},"properties":{"stormId":"AU198586_14U","name":"BILLY-LILA","start":"1986-05-04 18:00","end":"1986-05-15 03:00","positions":47,"minCentralPressure":950.0,"maxWindSpeed":46.3,"source":"Bureau of Meteorology Australian Tropical Cyclone Database"}},{"type":"Feature","geometry":{"type":"LineString","coordinates":[[163.9,-7.0],[164.1,-7.4],[164.0,-7.8],[163.5,-8.2],[163.0,-8.6],[162.5,-8.9],[162.0,-9.1],[161.4,-9.4],[160.8,-9.7],[160.1,-10.1],[159.5,-10.6],[159.1,-11.1],[158.9,-12.0],[158.7,-12.8],[158.4,-13.4],[158.3,-14.2],[158.8,-15.4],[159.6,-16.6],[160.8,-17.3],[162.1,-17.6],[163.8,-17.7],[165.4,-18.4]]},"properties":{"stormId":"AU198586_15U","name":"NAMU","start":"1986-05-16 18:00","end":"1986-05-22 00:00","positions":22,"minCentralPressure":960.0,"maxWindSpeed":36.0,"source":"Bureau of Meteorology Australian Tropical Cyclone Database"}},{"type":"Feature","geometry":{"type":"LineString","coordinates":[[124.8,-15.8],[124.8,-15.8],[124.7,-16.0],[124.6,-16.3],[124.5,-16.5],[124.4,-16.6],[124.2,-16.7],[124.1,-16.8],[124.0,-16.9],[123.9,-17.0],[123.7,-17.2],[123.0,-17.3],[122.9,-17.2],[122.8,-17.2],[122.6,-16.7],[122.3,-16.5],[122.1,-16.5],[122.0,-16.6],[121.9,-16.8],[121.9,-16.9],[121.9,-17.1],[121.7,-17.2],[121.3,-17.7],[121.4,-17.7],[121.0,-17.8],[120.5,-17.9],[119.9,-18.1],[119.4,-18.2],[119.2,-18.5],[119.0,-18.7],[118.7,-19.1],[118.7,-19.4],[118.6,-19.5],[118.6,-19.8],[118.5,-19.9],[118.5,-20.3],[118.4,-20.5],[118.0,-20.9],[117.5,-21.2],[118.0,-21.7],[118.4,-22.0],[118.4,-22.3],[118.3,-22.6],[118.2,-23.0],[118.2,-23.5],[118.4,-23.9],[118.6,-24.5],[118.8,-25.1],[118.9,-25.9],[119.5,-26.3],[119.6,-27.0],[119.7,-27.2],[120.0,-27.5],[120.5,-28.0],[121.5,-28.4],[122.1,-29.1],[122.7,-29.3],[123.3,-29.5],[123.9,-29.9],[124.6,-30.4],[125.2,-30.7],[125.8,-31.7],[126.2,-32.1],[126.5,-32.5],[127.0,-34.0],[127.1,-35.0],[127.1,-36.9]]},"properties":{"stormId":"AU198687_01U","name":"CONNIE","start":"1987-01-15 00:00","end":"1987-01-23 06:00","positions":67,"minCentralPressure":950.0,"maxWindSpeed":43.7,"source":"Bureau of Meteorology Australian Tropical Cyclone Database"}},{"type":"Feature","geometry":{"type":"LineString","coordinates":[[139.4,-12.2],[138.9,-12.2],[139.0,-12.6],[138.6,-12.5],[138.0,-12.6],[137.4,-12.8],[136.8,-13.3],[135.9,-13.6],[135.3,-14.7],[134.1,-15.4],[133.8,-15.9],[133.5,-16.2],[133.2,-16.5],[132.9,-17.3],[132.6,-17.3]]},"properties":{"stormId":"AU198687_02U","name":"IRMA","start":"1987-01-19 00:00","end":"1987-01-22 06:00","positions":15,"minCentralPressure":978.0,"maxWindSpeed":30.9,"source":"Bureau of Meteorology Australian Tropical Cyclone Database"}},{"type":"Feature","geometry":{"type":"LineString","coordinates":[[124.3,-14.6],[124.0,-14.6],[123.7,-14.6],[123.4,-14.7],[123.2,-14.8],[123.0,-15.0],[123.0,-15.2],[123.2,-15.4],[123.3,-15.4],[123.3,-15.6],[123.0,-16.0],[122.5,-16.3],[122.0,-16.6],[121.5,-16.7],[120.9,-16.8],[120.6,-17.4],[119.8,-17.5],[118.9,-17.5],[118.2,-17.7],[117.8,-17.8],[117.7,-17.9],[117.6,-18.1],[117.4,-18.3],[117.2,-18.7],[117.1,-19.0],[116.9,-19.4],[116.7,-19.9],[116.0,-20.2],[115.3,-20.3],[114.6,-20.1],[113.8,-19.5],[113.4,-19.2],[113.0,-19.2],[112.4,-19.3],[111.9,-19.6],[111.6,-19.8],[111.4,-19.9],[111.0,-20.0]]},"properties":{"stormId":"AU198687_03U","name":"DAMIEN","start":"1987-01-30 21:00","end":"1987-02-09 00:00","positions":38,"minCentralPressure":980.0,"maxWindSpeed":25.7,"source":"Bureau of Meteorology Australian Tropical Cyclone Database"}},{"type":"Feature","geometry":{"type":"LineString","coordinates":[[142.8,-12.0],[142.3,-12.0],[142.1,-12.3],[141.8,-12.4],[140.8,-12.6],[140.0,-12.6],[139.7,-12.6],[139.2,-12.9],[138.5,-13.1],[138.2,-13.2],[137.8,-13.4],[137.4,-13.4],[136.9,-13.1],[136.8,-12.8],[136.8,-12.9],[136.7,-13.0],[136.45,-13.1],[136.2,-13.0],[135.9,-12.6],[136.1,-12.6],[136.2,-12.8],[136.2,-13.1],[136.2,-13.3],[136.3,-13.6],[136.4,-14.0],[136.7,-14.0],[137.3,-14.0],[137.8,-14.2],[138.2,-15.0],[138.9,-15.6],[139.4,-15.9],[139.8,-16.6],[139.88,-17.6],[139.9,-17.8],[139.7,-19.2],[139.5,-20.0],[139.4,-21.1]]},"properties":{"stormId":"AU198687_04U","name":"JASON","start":"1987-02-05 18:00","end":"1987-02-14 00:00","positions":37,"minCentralPressure":970.0,"maxWindSpeed":38.6,"source":"Bureau of Meteorology Australian Tropical Cyclone Database"}},{"type":"Feature","geometry":{"type":"LineString","coordinates":[[125.0,-15.0],[124.5,-15.0],[123.8,-15.1],[123.5,-15.3],[123.2,-15.4],[123.0,-15.6],[122.8,-15.7],[122.5,-15.5],[122.3,-15.4],[122.1,-15.2],[122.0,-15.0],[121.8,-15.2],[121.7,-15.4],[121.5,-15.5],[121.5,-15.8],[121.5,-16.2],[121.5,-16.3],[121.5,-16.5],[121.5,-16.7],[121.5,-17.1],[121.5,-17.4],[121.5,-17.6],[121.4,-17.9],[121.1,-18.3],[121.0,-18.7],[120.9,-19.0],[120.8,-19.3],[120.8,-19.6],[120.83,-19.73],[120.9,-20.0],[121.0,-20.3],[121.0,-20.5],[121.0,-20.8],[121.2,-21.1],[121.4,-21.5],[121.6,-21.7],[121.6,-22.4],[122.1,-22.7],[122.5,-23.0],[123.1,-23.3],[123.3,-23.4],[123.5,-23.5],[124.5,-23.6],[124.9,-23.8]]},"properties":{"stormId":"AU198687_05U","name":"ELSIE","start":"1987-02-22 00:00","end":"1987-02-27 06:00","positions":44,"minCentralPressure":940.0,"maxWindSpeed":51.4,"source":"Bureau of Meteorology Australian Tropical Cyclone Database"}},{"type":"Feature","geometry":{"type":"LineString","coordinates":[[140.1,-8.5],[139.4,-8.8],[138.0,-8.9],[136.6,-9.3],[136.2,-9.8],[135.6,-10.1],[134.6,-10.3],[133.9,-10.7],[133.2,-11.2],[131.3,-11.5],[130.7,-12.0],[130.4,-11.8],[130.0,-11.5],[129.0,-11.2],[128.0,-11.9],[127.0,-12.2],[125.7,-12.4],[124.9,-13.1],[124.0,-13.5],[122.8,-13.6],[121.8,-13.7],[121.2,-14.8],[120.2,-14.6],[119.6,-14.4],[118.9,-14.3],[118.2,-14.2],[117.6,-14.5],[116.8,-15.0],[115.9,-14.9],[115.0,-14.6],[113.9,-14.6],[112.7,-15.0],[111.5,-15.7],[110.8,-16.8],[110.4,-17.7],[109.7,-18.3],[108.8,-18.8],[107.5,-19.0]]},"properties":{"stormId":"AU198687_06U","name":"KAY","start":"1987-04-08 00:00","end":"1987-04-17 00:00","positions":38,"minCentralPressure":976.0,"maxWindSpeed":30.9,"source":"Bureau of Meteorology Australian Tropical Cyclone Database"}},{"type":"Feature","geometry":{"type":"LineString","coordinates":[[167.7,-10.0],[166.8,-10.1],[165.1,-10.4],[163.7,-10.7],[162.2,-10.9],[160.9,-11.1],[159.9,-12.0],[159.4,-12.7],[159.1,-13.1],[158.8,-13.6],[158.6,-14.0],[158.2,-14.5],[157.7,-14.9],[157.4,-15.2],[157.1,-15.4],[156.9,-15.8],[156.9,-16.1],[157.0,-16.5],[157.0,-17.0],[156.5,-17.5],[156.0,-18.0],[155.6,-18.4],[155.5,-18.6],[156.0,-19.3],[157.0,-19.9]]},"properties":{"stormId":"AU198687_07U","name":"BLANCH","start":"1987-05-21 03:00","end":"1987-05-27 00:00","positions":25,"minCentralPressure":990.0,"maxWindSpeed":23.2,"source":"Bureau of Meteorology Australian Tropical Cyclone Database"}},{"type":"Feature","geometry":{"type":"LineString","coordinates":[[157.0,-15.0],[156.8,-15.0],[156.5,-15.0],[155.6,-14.8],[155.0,-13.8],[155.0,-13.3],[155.0,-13.0],[154.9,-12.8],[154.7,-12.5],[154.5,-12.0],[154.0,-10.9],[154.2,-10.7],[154.0,-10.6],[153.8,-10.6],[153.6,-10.6],[153.4,-10.7],[153.6,-10.9],[153.7,-11.3],[153.6,-11.6],[154.3,-12.3],[155.0,-13.4],[155.5,-14.7],[156.4,-15.8],[157.7,-16.9],[159.4,-18.7],[162.0,-19.5]]},"properties":{"stormId":"AU198788_01U","name":"AGI","start":"1988-01-08 00:00","end":"1988-01-14 06:00","positions":26,"minCentralPressure":980.0,"maxWindSpeed":30.9,"source":"Bureau of Meteorology Australian Tropical Cyclone Database"}},{"type":"Feature","geometry":{"type":"LineString","coordinates":[[99.5,-6.9],[98.8,-6.8],[98.3,-6.9],[98.6,-7.2],[99.0,-7.6],[98.6,-8.2],[98.4,-8.8],[98.1,-9.3],[97.7,-10.0],[97.2,-10.6],[97.1,-11.1],[97.1,-11.6],[97.1,-12.1],[96.8,-12.6],[96.7,-13.2],[96.5,-13.7],[96.2,-15.1],[96.0,-16.2],[95.6,-17.4],[95.5,-18.2],[95.4,-18.8],[95.2,-18.8],[95.1,-18.7],[95.0,-18.6]]},"properties":{"stormId":"AU198788_02U","name":"FREDERIC","start":"1988-01-28 00:00","end":"1988-02-02 00:00","positions":24,"minCentralPressure":955.0,"maxWindSpeed":43.7,"source":"Bureau of Meteorology Australian Tropical Cyclone Database"}},{"type":"Feature","geometry":{"type":"LineString","coordinates":[[109.0,-12.8],[108.2,-13.2],[107.5,-13.5],[107.0,-13.8],[106.3,-14.1],[105.3,-14.9],[104.5,-15.4],[103.5,-15.8],[102.7,-16.0],[101.9,-16.0],[101.2,-16.0],[100.3,-16.0],[99.2,-16.0],[98.0,-15.9],[96.8,-15.9],[95.8,-15.9],[95.0,-15.8],[94.3,-15.8],[93.4,-15.7],[92.5,-15.7],[91.7,-15.8],[91.1,-16.1],[90.7,-16.5],[90.3,-16.8],[90.0,-17.1]]},"properties":{"stormId":"AU198788_03U","name":"GWENDA","start":"1988-02-06 00:00","end":"1988-02-12 00:00","positions":25,"minCentralPressure":941.0,"maxWindSpeed":51.4,"source":"Bureau of Meteorology Australian Tropical Cyclone Database"}},{"type":"Feature","geometry":{"type":"LineString","coordinates":[[159.1,-12.8],[158.4,-14.0],[158.1,-14.2],[157.9,-14.3],[157.6,-14.4],[156.9,-14.6],[156.5,-14.6],[156.2,-14.6],[155.7,-14.5],[155.2,-14.5],[154.7,-14.7],[154.6,-14.9],[154.5,-15.2],[154.5,-15.5],[155.1,-16.2],[154.9,-16.9],[154.6,-17.4],[154.1,-17.6],[153.7,-17.5],[153.3,-17.5],[152.8,-17.5],[152.3,-17.2],[152.2,-16.9],[152.0,-16.8],[152.0,-17.0],[151.7,-17.5],[150.9,-17.8],[150.0,-18.0],[149.0,-18.1],[148.4,-18.2],[148.0,-18.4],[147.7,-18.9],[147.5,-19.2],[147.5,-19.4],[147.6,-19.6],[147.7,-19.7],[147.7,-19.8],[147.9,-20.4],[147.6,-21.0],[147.5,-20.9],[147.5,-20.9]]},"properties":{"stormId":"AU198788_04U","name":"CHARLIE","start":"1988-02-21 00:00","end":"1988-03-01 18:00","positions":41,"minCentralPressure":972.0,"maxWindSpeed":41.2,"source":"Bureau of Meteorology Australian Tropical Cyclone Database"}},{"type":"Feature","geometry":{"type":"LineString","coordinates":[[91.6,-6.8],[92.0,-7.0],[92.8,-7.6],[93.4,-8.3],[94.1,-8.9],[95.3,-9.5],[95.8,-10.4],[96.1,-11.5],[96.4,-12.3],[97.1,-13.2],[97.5,-13.6],[99.0,-17.2],[100.0,-18.0],[101.0,-19.0],[104.5,-21.3],[108.0,-24.5],[111.7,-25.0],[115.7,-26.0],[117.0,-27.7],[121.3,-28.7],[129.0,-32.0]]},"properties":{"stormId":"AU198788_05U","name":"HERBIE","start":"1988-05-17 03:00","end":"1988-05-21 18:00","positions":21,"minCentralPressure":982.0,"maxWindSpeed":25.7,"source":"Bureau of Meteorology Australian Tropical Cyclone Database"}},{"type":"Feature","geometry":{"type":"LineString","coordinates":[[128.3,-12.0],[127.6,-12.6],[126.8,-13.2],[126.3,-13.8],[125.7,-14.5],[124.7,-15.0],[124.1,-15.3],[122.8,-15.9],[121.6,-16.3],[120.6,-16.7],[119.7,-16.7],[118.5,-16.5],[117.3,-16.3],[116.6,-16.2],[116.2,-16.1],[115.8,-16.1],[115.6,-16.0],[115.5,-16.2],[115.4,-16.2],[115.3,-16.3],[115.3,-16.4],[115.2,-16.5],[115.2,-16.8],[115.2,-17.0],[115.3,-17.4],[115.3,-17.8],[115.4,-18.3],[115.7,-19.2],[116.0,-20.2],[116.0,-20.9],[116.07,-21.13],[116.2,-21.6],[116.4,-22.3],[116.8,-23.2],[117.7,-24.7],[119.1,-25.9],[120.3,-26.4],[121.8,-26.4],[123.7,-26.6],[125.7,-26.7],[127.0,-26.7]]},"properties":{"stormId":"AU198889_01U","name":"ILONA","start":"1988-12-12 00:00","end":"1988-12-19 16:00","positions":41,"minCentralPressure":960.0,"maxWindSpeed":41.2,"source":"Bureau of Meteorology Australian Tropical Cyclone Database"}},{"type":"Feature","geometry":{"type":"LineString","coordinates":[[148.4,-16.7],[148.7,-16.8],[149.0,-16.9],[149.0,-17.0],[148.3,-17.1],[147.7,-17.2],[147.5,-17.8],[148.2,-18.0],[149.0,-18.2],[149.7,-17.7],[151.0,-17.8],[152.5,-17.1],[154.6,-17.3],[156.5,-17.6],[158.0,-18.0],[160.0,-18.4]]},"properties":{"stormId":"AU198889_02U","name":"DELILAH","start":"1988-12-28 18:00","end":"1989-01-01 12:00","positions":16,"minCentralPressure":988.0,"maxWindSpeed":28.3,"source":"Bureau of Meteorology Australian Tropical Cyclone Database"}},{"type":"Feature","geometry":{"type":"LineString","coordinates":[[103.3,-7.6],[103.6,-8.2],[103.8,-8.7],[104.0,-9.4],[103.4,-10.2],[102.5,-10.6],[101.4,-10.8],[100.4,-11.2],[99.7,-11.4],[98.8,-11.6],[98.4,-11.7],[98.1,-11.8],[97.6,-11.9],[97.1,-12.0],[96.8,-12.0],[96.7,-12.0],[96.5,-12.0],[96.3,-12.1],[96.2,-12.2],[96.0,-12.2],[95.7,-12.3],[95.0,-12.4],[94.0,-13.0],[94.9,-13.6],[96.0,-14.2],[97.2,-15.3],[98.3,-16.4],[99.6,-17.6],[100.8,-18.9],[101.0,-19.5],[101.2,-20.2],[101.3,-20.8],[101.6,-21.5],[101.9,-22.1],[102.2,-22.8],[102.5,-23.6],[102.7,-24.3],[103.0,-25.0],[103.8,-25.3],[104.8,-25.7],[105.6,-26.3],[106.0,-26.9],[105.6,-26.6],[105.3,-26.3],[105.0,-26.0],[104.1,-25.9]]},"properties":{"stormId":"AU198889_03U","name":"JOHN","start":"1989-01-23 06:00","end":"1989-02-02 06:00","positions":46,"minCentralPressure":990.0,"maxWindSpeed":20.6,"source":"Bureau of Meteorology Australian Tropical Cyclone Database"}},{"type":"Feature","geometry":{"type":"LineString","coordinates":[[106.2,-11.0],[106.5,-10.6],[107.0,-10.3],[107.4,-10.5],[107.8,-10.9],[108.1,-11.2],[108.5,-11.6],[108.8,-11.8],[109.0,-12.2],[109.2,-12.6],[109.3,-13.0],[109.4,-13.5],[109.4,-14.0],[109.4,-14.6],[109.4,-15.1],[109.4,-15.6],[109.4,-16.2],[109.3,-16.9],[109.2,-17.5],[109.0,-18.2],[108.8,-18.9],[108.4,-19.6],[108.0,-20.2],[107.1,-21.0],[106.4,-22.3],[105.2,-23.2],[104.4,-23.8],[103.4,-24.5],[102.5,-24.7],[102.8,-24.9],[103.0,-25.0],[102.0,-24.4],[102.0,-23.9]]},"properties":{"stormId":"AU198889_04U","name":"KIRRILY","start":"1989-02-03 12:00","end":"1989-02-11 12:00","positions":33,"minCentralPressure":955.0,"maxWindSpeed":41.2,"source":"Bureau of Meteorology Australian Tropical Cyclone Database"}},{"type":"Feature","geometry":{"type":"LineString","coordinates":[[102.0,-12.0],[101.1,-12.2],[100.2,-12.4],[99.5,-12.4],[99.7,-12.0],[100.2,-12.0],[100.8,-12.2],[101.0,-12.6],[100.8,-12.7],[100.6,-12.8],[100.3,-12.8],[100.1,-12.8],[99.6,-12.9],[99.1,-13.0],[98.5,-13.0],[98.0,-13.0],[97.5,-13.0],[97.1,-13.0],[96.4,-13.0],[95.6,-13.0],[95.0,-13.0],[93.8,-12.9],[92.7,-12.8],[91.5,-12.7],[90.4,-12.7],[89.0,-12.8]]},"properties":{"stormId":"AU198889_05U","name":"LEON","start":"1989-02-13 06:00","end":"1989-02-19 12:00","positions":26,"minCentralPressure":988.0,"maxWindSpeed":23.2,"source":"Bureau of Meteorology Australian Tropical Cyclone Database"}},{"type":"Feature","geometry":{"type":"LineString","coordinates":[[160.0,-19.5],[159.7,-19.3],[159.3,-19.2],[158.8,-19.2],[158.4,-19.1],[158.0,-19.9],[157.6,-19.3],[157.4,-19.4],[157.2,-19.3],[157.1,-19.1],[156.9,-19.3],[157.2,-19.6],[157.8,-19.8],[158.1,-19.6],[158.7,-20.0],[159.6,-20.5],[160.0,-20.7]]},"properties":{"stormId":"AU198889_06U","name":"HARRY","start":"1989-02-13 09:00","end":"1989-02-17 03:00","positions":17,"minCentralPressure":925.0,"maxWindSpeed":56.6,"source":"Bureau of Meteorology Australian Tropical Cyclone Database"}},{"type":"Feature","geometry":{"type":"LineString","coordinates":[[101.5,-15.5],[100.8,-15.6],[100.2,-15.9],[99.6,-16.2],[99.0,-16.6],[98.4,-17.0],[98.1,-17.8],[97.8,-18.2],[97.6,-19.7],[97.3,-20.7],[97.1,-21.9],[97.0,-23.2],[97.0,-24.5],[97.0,-25.7],[97.0,-26.9],[97.0,-28.0],[97.0,-29.3],[97.0,-30.1]]},"properties":{"stormId":"AU198889_07U","name":"MARCIA","start":"1989-03-02 00:00","end":"1989-03-06 06:00","positions":18,"minCentralPressure":995.0,"maxWindSpeed":18.0,"source":"Bureau of Meteorology Australian Tropical Cyclone Database"}},{"type":"Feature","geometry":{"type":"LineString","coordinates":[[119.8,-17.4],[119.1,-17.1],[118.1,-16.8],[116.9,-16.9],[115.8,-17.1],[115.3,-17.2],[114.6,-17.4],[113.8,-17.8],[113.0,-18.1],[112.2,-18.3],[111.0,-18.8],[110.2,-19.0],[109.6,-19.6],[109.2,-20.1],[109.1,-20.4],[109.1,-20.7],[109.0,-21.0],[109.0,-21.5],[109.0,-22.0],[108.9,-22.4],[108.5,-23.2],[108.4,-24.0],[108.5,-25.0],[108.7,-26.1],[109.2,-27.2],[109.8,-27.9],[110.5,-28.5],[110.6,-29.2],[113.0,-30.2],[114.8,-31.5],[116.6,-32.7],[118.6,-33.8],[120.8,-34.5]]},"properties":{"stormId":"AU198889_08U","name":"NED","start":"1989-03-25 06:00","end":"1989-04-01 06:00","positions":33,"minCentralPressure":941.0,"maxWindSpeed":51.4,"source":"Bureau of Meteorology Australian Tropical Cyclone Database"}},{"type":"Feature","geometry":{"type":"LineString","coordinates":[[153.5,-9.8],[153.0,-9.8],[152.7,-10.2],[152.4,-11.1],[152.0,-12.1],[151.5,-13.3],[150.8,-14.3],[149.9,-15.5],[149.5,-15.6],[149.3,-15.9],[149.2,-16.6],[149.2,-17.0],[149.0,-17.9],[148.4,-18.5],[147.6,-19.6],[146.3,-20.0],[145.1,-20.4],[144.1,-20.9],[143.0,-21.6],[142.6,-22.0],[142.2,-22.0]]},"properties":{"stormId":"AU198889_09U","name":"AIVU","start":"1989-03-31 12:00","end":"1989-04-05 12:00","positions":21,"minCentralPressure":935.0,"maxWindSpeed":56.6,"source":"Bureau of Meteorology Australian Tropical Cyclone Database"}},{"type":"Feature","geometry":{"type":"LineString","coordinates":[[129.0,-10.0],[128.0,-10.6],[127.1,-11.2],[126.1,-11.8],[125.0,-12.2],[124.1,-12.6],[123.0,-12.5],[122.3,-12.4],[121.8,-12.4],[121.4,-12.4],[121.0,-12.4],[120.4,-12.3],[120.0,-12.2],[119.3,-12.4],[118.6,-12.6],[118.2,-12.9],[117.7,-13.6],[116.7,-14.2],[116.3,-15.0],[116.2,-15.5],[116.0,-16.4],[116.1,-16.8],[116.2,-17.4],[116.4,-18.0],[116.3,-18.7],[116.2,-19.2],[116.1,-20.0],[116.3,-21.0],[116.3,-21.8],[116.8,-22.8],[117.3,-23.7],[117.9,-24.6],[118.4,-25.6],[119.2,-26.8],[120.5,-27.8],[121.8,-28.7],[123.3,-29.6],[124.9,-30.4],[126.6,-31.0],[128.4,-31.5],[130.2,-32.0]]},"properties":{"stormId":"AU198889_10U","name":"ORSON","start":"1989-04-17 00:00","end":"1989-04-24 12:00","positions":41,"minCentralPressure":905.0,"maxWindSpeed":66.9,"source":"Bureau of Meteorology Australian Tropical Cyclone Database"}},{"type":"Feature","geometry":{"type":"LineString","coordinates":[[160.0,-13.4],[159.3,-13.8],[158.9,-14.6],[158.0,-15.5],[156.3,-15.3],[155.0,-15.0],[154.2,-14.2],[153.2,-13.7],[152.0,-13.4],[150.8,-13.1],[149.7,-12.8],[148.4,-12.8],[147.3,-12.8],[146.2,-12.6],[145.1,-12.5],[144.2,-12.4],[143.2,-12.4],[142.3,-12.3],[141.2,-12.2],[140.1,-12.1],[138.8,-11.9],[137.4,-11.5]]},"properties":{"stormId":"AU198889_11U","name":"MEENA","start":"1989-05-05 00:00","end":"1989-05-10 06:00","positions":22,"minCentralPressure":990.0,"maxWindSpeed":25.7,"source":"Bureau of Meteorology Australian Tropical Cyclone Database"}},{"type":"Feature","geometry":{"type":"LineString","coordinates":[[155.2,-12.6],[154.8,-13.2],[153.5,-13.5],[152.4,-13.3],[151.6,-12.7],[150.5,-12.5],[148.8,-12.5],[149.2,-12.3],[149.4,-12.8],[149.9,-13.1],[149.6,-12.3],[148.8,-12.3]]},"properties":{"stormId":"AU198889_12U","name":"ERNIE","start":"1989-05-09 21:00","end":"1989-05-12 12:00","positions":12,"minCentralPressure":998.0,"maxWindSpeed":23.2,"source":"Bureau of Meteorology Australian Tropical Cyclone Database"}},{"type":"Feature","geometry":{"type":"LineString","coordinates":[[100.2,-7.6],[100.1,-7.9],[99.9,-8.0],[99.8,-8.1],[99.6,-7.9],[99.4,-7.7],[99.1,-7.4],[98.7,-7.2],[98.26,-7.24],[97.85,-7.21],[97.36,-7.14],[96.94,-7.09],[96.49,-6.99],[96.2,-6.9],[95.62,-6.87],[95.06,-6.81],[94.62,-6.63],[94.3,-6.5],[93.6,-6.3],[93.1,-6.1],[92.8,-6.0],[92.5,-5.9],[92.0,-6.0],[91.6,-6.0],[91.0,-6.2],[90.1,-6.4],[89.3,-6.5],[88.4,-6.9],[87.4,-7.1],[86.6,-7.3],[85.9,-7.6],[85.3,-7.9],[84.6,-8.5],[83.7,-9.2],[82.6,-9.7],[81.1,-10.1],[79.8,-10.3],[78.9,-10.4],[78.2,-10.6],[77.1,-11.0],[75.9,-11.5],[75.0,-12.1],[74.1,-12.6],[73.4,-12.9],[72.4,-13.4],[71.8,-13.8],[71.4,-14.1],[71.0,-14.4],[70.4,-14.7],[69.8,-15.1],[69.4,-15.4],[68.9,-15.7],[68.6,-15.9],[68.3,-16.3],[68.1,-16.7],[67.7,-17.1],[67.2,-17.7],[66.6,-17.9],[66.2,-18.2],[65.8,-18.4],[65.6,-18.5],[65.4,-18.5]]},"properties":{"stormId":"AU198889_13U","name":"Barisaona","start":"1988-11-05 06:00","end":"1988-11-20 12:00","positions":62,"minCentralPressure":null,"maxWindSpeed":46.3,"source":"Bureau of Meteorology Australian Tropical Cyclone Database"}},{"type":"Feature","geometry":{"type":"LineString","coordinates":[[97.2,-7.8],[96.7,-7.4],[96.5,-7.0],[96.4,-6.7],[96.1,-6.6],[95.5,-6.8],[94.8,-6.9],[94.3,-7.0],[93.8,-7.0],[93.5,-7.7],[93.7,-8.4],[94.0,-9.0],[94.2,-9.7],[94.5,-10.3],[94.9,-11.0],[95.1,-11.5],[95.3,-12.0],[95.5,-12.4],[95.9,-12.9],[96.1,-13.3],[96.1,-14.0],[96.0,-14.6],[95.8,-15.5],[95.6,-16.5],[95.0,-17.5],[94.5,-18.4],[94.4,-19.3],[94.5,-20.2],[95.2,-20.7],[96.3,-20.9]]},"properties":{"stormId":"AU198990_01U","name":"PEDRO","start":"1989-11-06 00:00","end":"1989-11-13 06:00","positions":30,"minCentralPressure":982.0,"maxWindSpeed":30.9,"source":"Bureau of Meteorology Australian Tropical Cyclone Database"}},{"type":"Feature","geometry":{"type":"LineString","coordinates":[[134.0,-11.6],[134.0,-12.1],[134.2,-12.9],[134.9,-13.7],[135.4,-14.4],[136.1,-14.6],[137.0,-15.1],[138.0,-15.5],[139.2,-15.8],[140.5,-16.2],[141.0,-16.6],[141.25,-16.65],[141.5,-16.7],[142.5,-17.3],[144.0,-17.5],[145.8,-17.3],[147.2,-17.3],[148.9,-16.9],[149.4,-16.7],[150.3,-16.3],[151.0,-16.0],[152.0,-15.5],[153.6,-15.2],[155.0,-15.7],[156.3,-16.1],[157.6,-16.6],[158.6,-17.3],[159.5,-19.0],[160.2,-20.2],[160.6,-21.4],[161.0,-22.2]]},"properties":{"stormId":"AU198990_02U","name":"FELICITY","start":"1989-12-13 00:00","end":"1989-12-20 00:00","positions":31,"minCentralPressure":970.0,"maxWindSpeed":38.6,"source":"Bureau of Meteorology Australian Tropical Cyclone Database"}},{"type":"Feature","geometry":{"type":"LineString","coordinates":[[111.7,-12.7],[110.6,-12.8],[109.8,-12.9],[108.5,-13.0],[107.0,-13.2],[105.7,-13.4],[104.4,-13.8],[104.2,-14.0],[103.8,-14.3],[103.6,-14.6],[103.4,-15.0],[103.6,-15.2],[103.8,-15.2],[104.2,-15.1],[104.3,-14.9],[104.3,-14.4],[104.2,-14.0],[104.1,-13.5],[103.8,-13.2],[103.2,-12.3],[102.6,-11.6],[102.0,-10.8],[101.3,-10.0],[100.4,-9.8],[100.2,-10.0],[100.1,-10.3],[100.1,-10.5],[100.1,-10.8],[100.3,-11.0],[100.6,-11.1],[101.1,-11.3],[101.4,-11.8],[101.7,-12.3],[101.9,-12.9],[102.1,-13.4],[102.2,-13.9],[102.3,-14.4],[102.5,-14.9],[102.6,-15.4],[102.6,-15.8],[102.6,-16.4],[102.1,-16.6],[101.6,-16.3],[101.1,-16.0],[100.5,-15.6],[100.0,-15.2],[99.6,-14.4],[99.2,-13.8],[98.8,-13.2],[98.6,-12.6],[98.3,-12.0],[98.1,-11.2]]},"properties":{"stormId":"AU198990_03U","name":"ROSITA","start":"1990-01-04 18:00","end":"1990-01-17 12:00","positions":52,"minCentralPressure":988.0,"maxWindSpeed":23.2,"source":"Bureau of Meteorology Australian Tropical Cyclone Database"}},{"type":"Feature","geometry":{"type":"LineString","coordinates":[[130.5,-12.0],[129.5,-12.6],[128.6,-12.8],[127.7,-13.0],[126.7,-13.2],[125.6,-13.3],[124.6,-13.4],[123.5,-13.4],[122.6,-13.5],[121.8,-13.8],[121.0,-14.0],[119.9,-14.2],[118.8,-14.5],[117.5,-14.8],[116.3,-15.0],[115.1,-15.4],[114.1,-15.8],[113.1,-16.1],[112.0,-16.3],[110.9,-16.7],[109.9,-17.3],[109.0,-18.0],[108.3,-18.6],[107.6,-19.2],[107.0,-19.6],[106.5,-20.1],[106.0,-20.9],[105.7,-21.7],[105.3,-22.5],[105.1,-23.0],[105.0,-23.6],[105.0,-24.5],[105.0,-25.4],[105.1,-26.0],[105.4,-26.4],[106.2,-26.9],[107.0,-27.1],[108.1,-27.4],[109.0,-27.7]]},"properties":{"stormId":"AU198990_04U","name":"SAM","start":"1990-01-11 18:00","end":"1990-01-21 06:00","positions":39,"minCentralPressure":966.0,"maxWindSpeed":36.0,"source":"Bureau of Meteorology Australian Tropical Cyclone Database"}},{"type":"Feature","geometry":{"type":"LineString","coordinates":[[156.0,-18.3],[155.0,-18.3],[154.1,-17.7],[153.0,-17.0],[152.2,-16.6],[151.9,-15.9],[152.6,-15.0],[154.0,-14.8],[155.5,-14.8],[156.8,-14.8],[158.4,-15.5],[159.9,-16.8],[160.5,-18.0],[160.7,-19.3],[160.7,-21.3],[159.8,-23.1],[156.8,-25.3],[155.0,-25.4],[154.9,-24.9],[154.8,-25.9],[154.1,-27.2],[153.8,-27.0],[153.7,-27.7],[153.8,-28.1],[153.9,-29.1],[153.8,-29.6],[153.8,-30.5],[154.0,-31.4],[154.0,-32.9],[155.0,-34.5]]},"properties":{"stormId":"AU198990_05U","name":"NANCY","start":"1990-01-28 06:00","end":"1990-02-04 12:00","positions":30,"minCentralPressure":980.0,"maxWindSpeed":30.9,"source":"Bureau of Meteorology Australian Tropical Cyclone Database"}},{"type":"Feature","geometry":{"type":"LineString","coordinates":[[137.9,-11.9],[138.2,-12.0],[138.6,-11.8],[139.1,-11.8],[139.5,-11.9],[139.7,-12.0],[139.8,-12.1],[140.0,-13.0],[140.0,-13.6],[139.6,-13.8],[139.1,-13.9],[138.5,-14.0],[138.4,-14.4],[138.5,-15.1],[138.7,-15.7],[139.1,-16.6],[139.1,-17.1]]},"properties":{"stormId":"AU198990_06U","name":"GREG","start":"1990-03-01 18:00","end":"1990-03-05 12:00","positions":17,"minCentralPressure":990.0,"maxWindSpeed":20.6,"source":"Bureau of Meteorology Australian Tropical Cyclone Database"}},{"type":"Feature","geometry":{"type":"LineString","coordinates":[[114.6,-17.0],[114.1,-17.4],[113.4,-17.8],[113.1,-18.1],[112.8,-18.5],[112.0,-19.2],[111.5,-19.6],[111.0,-20.4],[110.6,-21.2],[110.1,-21.9],[109.7,-23.2],[108.9,-24.4],[108.9,-25.3],[109.0,-27.1],[109.5,-29.4],[110.5,-32.3],[113.0,-34.8],[116.5,-36.7],[123.0,-39.3]]},"properties":{"stormId":"AU198990_07U","name":"VINCENT","start":"1990-03-02 00:00","end":"1990-03-06 12:00","positions":19,"minCentralPressure":966.0,"maxWindSpeed":36.0,"source":"Bureau of Meteorology Australian Tropical Cyclone Database"}},{"type":"Feature","geometry":{"type":"LineString","coordinates":[[94.0,-14.6],[94.0,-14.8],[94.1,-15.2],[94.4,-15.7],[94.8,-16.2],[95.5,-17.0],[96.2,-17.7],[96.8,-18.3],[97.4,-19.2],[98.0,-20.0],[98.2,-20.5],[98.0,-21.0],[97.5,-21.3],[96.8,-21.2],[95.8,-21.1],[95.6,-20.9],[95.0,-20.5],[94.9,-20.2],[95.0,-19.8],[95.1,-19.3],[95.4,-18.6],[95.9,-17.5],[96.3,-17.0],[96.6,-16.6],[96.8,-16.2],[97.2,-15.8],[97.8,-15.4],[98.2,-15.2],[98.3,-14.8],[98.4,-14.3],[98.2,-14.0],[98.0,-13.8],[97.7,-13.5],[97.4,-13.3],[97.0,-13.2],[95.7,-12.8],[94.4,-12.6],[93.2,-12.3],[91.8,-12.1],[90.8,-12.0],[89.6,-11.8],[89.0,-11.7],[88.5,-11.6],[87.8,-11.6]]},"properties":{"stormId":"AU198990_08U","name":"WALTER","start":"1990-03-03 18:00","end":"1990-03-14 12:00","positions":44,"minCentralPressure":976.0,"maxWindSpeed":30.9,"source":"Bureau of Meteorology Australian Tropical Cyclone Database"}},{"type":"Feature","geometry":{"type":"LineString","coordinates":[[153.2,-18.8],[153.2,-19.3],[153.2,-19.9],[152.5,-20.1],[152.2,-20.0],[152.1,-19.3],[152.1,-18.9],[152.8,-18.7],[153.8,-18.8],[154.1,-18.6],[155.4,-18.3],[157.0,-18.8],[158.5,-19.5],[160.5,-21.0]]},"properties":{"stormId":"AU198990_09U","name":"HILDA","start":"1990-03-04 00:00","end":"1990-03-07 06:00","positions":14,"minCentralPressure":970.0,"maxWindSpeed":30.9,"source":"Bureau of Meteorology Australian Tropical Cyclone Database"}},{"type":"Feature","geometry":{"type":"LineString","coordinates":[[160.8,-15.8],[158.8,-16.8],[156.8,-17.0],[155.2,-16.6],[153.8,-16.1],[152.1,-15.3],[150.7,-14.4],[150.1,-14.2],[148.9,-14.1],[147.9,-14.0],[147.5,-13.6],[146.9,-13.5],[146.0,-14.0],[145.0,-14.1],[144.2,-14.1],[143.67,-14.03],[143.4,-14.0],[142.8,-13.8],[142.4,-13.9],[141.8,-14.0],[141.5,-14.0],[141.5,-14.2],[141.5,-14.8],[141.5,-15.1],[141.9,-15.2],[142.7,-15.3],[143.6,-15.5],[144.3,-15.7],[145.1,-16.2],[145.9,-16.9],[145.4,-17.1],[146.2,-17.0],[146.9,-17.3],[146.9,-18.3],[147.3,-19.4],[147.5,-19.9],[147.9,-20.1],[148.1,-20.7],[148.8,-20.9],[149.6,-20.6],[149.9,-21.0],[149.3,-21.6],[147.9,-22.0],[146.8,-21.9]]},"properties":{"stormId":"AU198990_10U","name":"IVOR","start":"1990-03-16 00:00","end":"1990-03-26 12:00","positions":44,"minCentralPressure":965.0,"maxWindSpeed":46.3,"source":"Bureau of Meteorology Australian Tropical Cyclone Database"}},{"type":"Feature","geometry":{"type":"LineString","coordinates":[[114.1,-12.3],[113.5,-12.3],[113.1,-12.3],[112.8,-12.3],[112.4,-12.3],[111.8,-12.4],[111.2,-12.4],[110.6,-12.6],[110.0,-12.8],[109.6,-13.0],[109.0,-13.4],[108.6,-13.5],[108.2,-13.6],[107.5,-14.2],[106.4,-14.9],[105.8,-15.0],[105.0,-15.0],[103.9,-15.6],[102.7,-16.2],[101.5,-16.5],[100.6,-16.7],[99.2,-17.4],[97.6,-18.4],[96.6,-19.0],[95.6,-19.6],[94.3,-20.4],[93.0,-21.2],[92.6,-21.6],[92.1,-22.0],[91.5,-22.6],[91.0,-24.0],[91.2,-25.0],[91.6,-25.8],[92.3,-26.5],[92.9,-27.4],[94.3,-27.1],[96.1,-26.6],[97.6,-26.3],[98.5,-25.5],[99.2,-24.9],[99.5,-22.0],[99.0,-20.2],[98.0,-19.4],[96.6,-18.8],[94.9,-18.2]]},"properties":{"stormId":"AU198990_11U","name":"ALEX","start":"1990-03-15 00:00","end":"1990-03-26 00:00","positions":45,"minCentralPressure":927.0,"maxWindSpeed":61.7,"source":"Bureau of Meteorology Australian Tropical Cyclone Database"}},{"type":"Feature","geometry":{"type":"LineString","coordinates":[[89.4,-11.0],[89.3,-11.8],[89.3,-12.8],[89.3,-13.8],[89.7,-15.0],[90.4,-15.5],[90.8,-16.2],[91.3,-16.8],[91.6,-17.4],[91.9,-18.0],[92.2,-18.7],[92.6,-19.3],[93.0,-20.0],[93.4,-20.7],[94.2,-21.7],[94.9,-22.7],[96.0,-24.0],[97.3,-25.5]]},"properties":{"stormId":"AU198990_12U","name":"BESSI","start":"1990-04-13 00:00","end":"1990-04-18 06:00","positions":18,"minCentralPressure":990.0,"maxWindSpeed":20.6,"source":"Bureau of Meteorology Australian Tropical Cyclone Database"}},{"type":"Feature","geometry":{"type":"LineString","coordinates":[[117.0,-14.3],[116.6,-14.3],[116.0,-14.4],[115.1,-14.6],[114.0,-14.8],[113.9,-14.9],[113.7,-15.0],[113.6,-15.19],[113.5,-15.3],[113.41,-15.44],[113.3,-15.5],[113.1,-15.7],[113.0,-15.9],[113.0,-16.5],[113.1,-17.4],[113.2,-17.7],[113.2,-18.2],[113.3,-18.5],[113.33,-18.68],[113.5,-19.5],[113.47,-19.68],[113.6,-20.8],[113.8,-21.2],[113.9,-21.47],[114.0,-22.0],[114.15,-22.89],[114.3,-23.7],[114.5,-25.5],[114.61,-25.94],[114.8,-27.4],[115.58,-29.0],[116.2,-29.6],[118.3,-30.7],[121.5,-33.4],[125.0,-36.0]]},"properties":{"stormId":"AU198990_13U","name":"TINA","start":"1990-01-24 01:00","end":"1990-01-29 06:00","positions":35,"minCentralPressure":976.0,"maxWindSpeed":25.7,"source":"Bureau of Meteorology Australian Tropical Cyclone Database"}},{"type":"Feature","geometry":{"type":"LineString","coordinates":[[128.7,-12.2],[128.7,-12.3],[128.9,-12.5],[128.9,-12.6],[128.8,-13.0],[128.5,-13.4],[128.2,-13.5],[128.0,-13.5],[127.5,-13.3]]},"properties":{"stormId":"AU199091_01U","name":"LAURENCE","start":"1990-12-10 00:00","end":"1990-12-12 00:00","positions":9,"minCentralPressure":992.0,"maxWindSpeed":18.0,"source":"Bureau of Meteorology Australian Tropical Cyclone Database"}},{"type":"Feature","geometry":{"type":"LineString","coordinates":[[158.0,-11.5],[157.2,-12.1],[156.3,-12.7],[155.1,-13.1],[153.3,-12.3],[152.7,-12.3],[152.5,-12.5],[151.6,-12.5],[151.0,-12.5],[150.6,-12.6],[150.1,-12.8],[149.6,-13.0],[149.1,-13.3],[148.8,-13.8],[148.4,-14.3],[148.1,-14.6],[147.6,-15.0],[147.4,-15.2],[147.2,-15.5],[146.9,-16.0],[146.7,-16.0],[146.7,-16.3],[146.6,-16.2],[146.8,-16.3],[146.7,-16.7],[146.9,-16.7],[147.2,-16.7],[147.2,-16.9],[147.5,-17.0],[147.8,-17.2],[147.9,-17.3],[147.9,-17.8],[147.9,-18.3],[147.6,-19.3],[147.1,-19.2],[146.6,-19.3],[146.7,-20.0]]},"properties":{"stormId":"AU199091_02U","name":"JOY","start":"1990-12-18 00:00","end":"1990-12-27 01:00","positions":37,"minCentralPressure":940.0,"maxWindSpeed":46.3,"source":"Bureau of Meteorology Australian Tropical Cyclone Database"}},{"type":"Feature","geometry":{"type":"LineString","coordinates":[[122.0,-15.0],[122.0,-15.0],[121.8,-15.0],[121.8,-14.9],[121.8,-14.7],[121.8,-14.6],[122.2,-14.9],[122.6,-15.4],[122.2,-15.5],[121.8,-15.6],[120.7,-15.6],[119.3,-15.6],[117.8,-15.6],[116.6,-15.8],[115.8,-15.9],[115.2,-16.0],[114.5,-16.2],[113.9,-16.4],[113.2,-16.5],[112.4,-16.7],[111.7,-16.7],[111.1,-16.7],[110.2,-16.6],[109.7,-16.2],[109.3,-16.0]]},"properties":{"stormId":"AU199091_03U","name":"CHRIS","start":"1991-02-15 06:00","end":"1991-02-21 18:00","positions":25,"minCentralPressure":976.0,"maxWindSpeed":30.9,"source":"Bureau of Meteorology Australian Tropical Cyclone Database"}},{"type":"Feature","geometry":{"type":"LineString","coordinates":[[127.8,-18.1],[126.5,-18.3],[125.2,-18.5],[123.8,-18.7],[122.5,-18.8],[121.9,-18.9],[121.3,-18.9],[120.6,-19.0],[120.1,-19.1],[119.3,-19.2],[118.5,-19.3],[117.9,-19.4],[117.4,-19.5],[116.7,-19.7],[115.9,-20.1],[115.1,-20.3],[114.5,-20.2],[113.9,-20.3],[113.3,-20.4],[112.9,-20.4],[112.7,-20.4],[112.3,-20.4],[112.3,-20.2],[112.3,-20.1],[112.4,-20.0],[112.5,-20.1],[112.3,-20.4],[111.9,-20.9],[111.5,-21.4],[111.1,-22.5],[110.5,-23.5],[109.6,-24.1],[108.5,-24.6],[107.4,-25.2],[106.1,-25.8],[104.7,-26.4],[103.4,-27.1],[102.2,-27.9],[101.5,-28.9]]},"properties":{"stormId":"AU199091_04U","name":"DAPHNE","start":"1991-02-21 00:00","end":"1991-02-28 12:00","positions":39,"minCentralPressure":976.0,"maxWindSpeed":30.9,"source":"Bureau of Meteorology Australian Tropical Cyclone Database"}},{"type":"Feature","geometry":{"type":"LineString","coordinates":[[141.9,-11.7],[142.0,-11.6],[143.4,-11.8],[143.8,-12.4],[144.7,-13.4],[146.9,-14.1],[149.5,-14.3],[149.0,-15.5],[149.4,-15.5],[149.7,-15.5],[150.5,-16.6],[150.6,-16.6],[150.7,-16.6],[150.8,-16.3],[150.8,-16.5],[150.9,-16.8],[151.3,-16.8],[151.3,-17.0],[151.6,-17.6],[151.5,-17.6],[151.3,-17.6],[150.8,-16.8],[150.8,-16.6],[150.6,-16.6],[150.4,-16.5],[149.7,-16.2],[150.1,-16.2],[150.5,-16.0],[150.4,-15.5],[150.3,-15.2],[150.7,-15.0],[150.6,-15.0],[150.7,-15.2],[149.8,-15.4],[149.8,-15.4],[149.8,-15.4],[150.2,-15.6],[150.0,-15.6],[149.7,-15.3],[149.3,-15.2],[149.6,-15.1],[150.1,-15.1],[150.1,-15.0],[150.2,-15.1],[150.2,-15.1],[150.4,-15.2],[150.4,-14.7],[150.2,-14.6],[150.3,-14.5],[150.3,-14.4],[150.4,-14.4],[150.4,-14.5],[150.2,-14.2],[150.0,-15.0],[149.9,-13.9],[149.9,-13.9],[149.8,-13.8],[149.5,-13.7],[149.8,-14.0],[150.0,-13.9],[150.3,-13.7]]},"properties":{"stormId":"AU199091_05U","name":"KELVIN","start":"1991-02-24 06:00","end":"1991-03-06 00:00","positions":61,"minCentralPressure":980.0,"maxWindSpeed":30.9,"source":"Bureau of Meteorology Australian Tropical Cyclone Database"}},{"type":"Feature","geometry":{"type":"LineString","coordinates":[[88.1,-9.4],[88.2,-10.3],[88.4,-11.0],[88.6,-11.8],[88.7,-12.8],[88.8,-13.7],[88.8,-14.5],[88.6,-15.3],[88.4,-16.0],[88.4,-16.8],[88.5,-17.4],[88.9,-18.0],[89.3,-18.6],[89.3,-19.3],[89.4,-20.1],[89.8,-20.7],[90.2,-21.2],[90.6,-21.8],[91.0,-22.4],[91.6,-23.0],[92.1,-23.5],[93.5,-24.3],[94.2,-25.2],[93.9,-26.1],[93.5,-27.0],[92.9,-27.5],[91.5,-27.2],[90.4,-26.6],[89.3,-26.0]]},"properties":{"stormId":"AU199091_06U","name":"ELMA","start":"1991-02-26 00:00","end":"1991-03-05 00:00","positions":29,"minCentralPressure":965.0,"maxWindSpeed":36.0,"source":"Bureau of Meteorology Australian Tropical Cyclone Database"}},{"type":"Feature","geometry":{"type":"LineString","coordinates":[[99.6,-11.0],[99.6,-11.0],[99.5,-11.0],[99.5,-11.0],[99.0,-10.8],[99.0,-10.7],[99.0,-10.5],[99.4,-10.6],[99.7,-10.6],[100.0,-10.6],[100.5,-10.6],[100.6,-11.2],[101.1,-12.0],[101.3,-12.1],[101.5,-12.2],[101.6,-12.7],[101.7,-13.4],[101.8,-13.5],[101.8,-13.7],[100.9,-14.1],[100.1,-14.3],[99.3,-14.5],[98.4,-14.9],[97.4,-15.5],[96.5,-15.8],[95.5,-16.1],[94.5,-16.3],[93.8,-16.5],[93.4,-16.8],[93.1,-17.0],[92.8,-17.2],[92.6,-17.4]]},"properties":{"stormId":"AU199091_07U","name":"ERROL","start":"1991-03-23 12:00","end":"1991-03-31 06:00","positions":32,"minCentralPressure":950.0,"maxWindSpeed":46.3,"source":"Bureau of Meteorology Australian Tropical Cyclone Database"}},{"type":"Feature","geometry":{"type":"LineString","coordinates":[[130.0,-8.8],[129.4,-8.9],[128.8,-8.9],[128.2,-9.0],[127.6,-9.3],[127.1,-9.6],[126.6,-9.9],[126.0,-10.3],[125.5,-10.6],[124.9,-11.0],[124.3,-11.3],[123.6,-11.6],[123.0,-11.9],[122.0,-12.5],[121.2,-12.9],[120.4,-13.1],[120.2,-13.4],[119.9,-13.9],[119.7,-14.1],[119.6,-14.0],[119.5,-13.8],[119.5,-13.8],[119.8,-13.6],[119.8,-13.5],[120.1,-13.7],[120.1,-13.6],[120.1,-13.1],[119.1,-13.4],[118.0,-14.1],[116.8,-14.6],[115.6,-14.8],[114.2,-14.2],[113.8,-14.5],[113.0,-15.2],[112.1,-16.0],[111.2,-16.8],[110.4,-17.7],[109.8,-18.5],[109.3,-19.4],[108.8,-20.3],[108.3,-21.2]]},"properties":{"stormId":"AU199091_08U","name":"MARIAN","start":"1991-04-09 00:00","end":"1991-04-19 00:00","positions":41,"minCentralPressure":930.0,"maxWindSpeed":51.4,"source":"Bureau of Meteorology Australian Tropical Cyclone Database"}},{"type":"Feature","geometry":{"type":"LineString","coordinates":[[103.2,-10.8],[103.1,-11.2],[103.0,-11.6],[102.9,-12.0],[102.8,-12.2],[102.7,-12.4],[102.6,-12.5],[102.6,-12.6],[102.6,-12.7],[102.6,-13.3],[102.4,-13.9],[102.2,-14.5],[101.9,-15.3],[101.9,-16.3],[102.2,-17.3],[102.8,-18.2],[103.7,-19.3],[104.4,-20.5],[104.9,-21.6],[105.4,-22.5],[107.7,-26.5],[107.9,-27.5],[108.9,-29.2],[110.1,-30.3],[111.4,-31.4],[114.0,-34.3],[115.5,-37.0]]},"properties":{"stormId":"AU199091_09U","name":"FIFI","start":"1991-04-15 00:00","end":"1991-04-21 12:00","positions":27,"minCentralPressure":975.0,"maxWindSpeed":30.9,"source":"Bureau of Meteorology Australian Tropical Cyclone Database"}},{"type":"Feature","geometry":{"type":"LineString","coordinates":[[155.0,-6.0],[155.0,-7.0],[155.2,-8.0],[155.3,-8.9],[155.0,-9.8],[154.4,-10.4],[154.0,-11.0],[153.9,-12.0],[154.1,-13.0],[154.3,-13.4],[154.5,-13.8],[155.0,-14.4],[155.7,-15.2],[156.1,-15.6],[157.0,-16.0],[158.2,-16.2],[159.1,-16.9],[160.0,-17.5],[161.1,-17.9],[162.4,-18.0],[163.8,-18.2],[165.2,-18.6],[167.1,-19.1],[169.4,-20.0]]},"properties":{"stormId":"AU199091_10U","name":"LISA","start":"1991-05-07 00:00","end":"1991-05-12 18:00","positions":24,"minCentralPressure":975.0,"maxWindSpeed":30.9,"source":"Bureau of Meteorology Australian Tropical Cyclone Database"}},{"type":"Feature","geometry":{"type":"LineString","coordinates":[[95.0,-5.0],[94.8,-5.3],[94.6,-5.6],[94.4,-5.9],[94.3,-6.2],[94.0,-6.7],[93.7,-7.1],[93.5,-7.5],[93.4,-8.0],[93.5,-8.2],[93.6,-8.5],[93.9,-9.0],[94.6,-9.2],[95.1,-9.3],[95.6,-9.5],[95.8,-9.8],[96.0,-10.1],[96.2,-10.5],[96.5,-10.8],[97.1,-11.0],[97.6,-11.2],[98.1,-11.3],[98.6,-11.4],[99.0,-11.5],[99.4,-11.6],[100.2,-11.8],[101.1,-12.0],[101.7,-12.1],[102.2,-12.2],[102.7,-12.3],[103.2,-12.4],[103.8,-12.5],[104.0,-13.0],[104.0,-13.5],[104.0,-14.0],[104.0,-14.2],[104.6,-14.5],[104.8,-14.7],[104.9,-15.1],[104.8,-15.0],[104.5,-15.0]]},"properties":{"stormId":"AU199192_01U","name":"GRAHAM","start":"1991-12-02 00:00","end":"1991-12-10 12:00","positions":41,"minCentralPressure":915.0,"maxWindSpeed":56.6,"source":"Bureau of Meteorology Australian Tropical Cyclone Database"}},{"type":"Feature","geometry":{"type":"LineString","coordinates":[[135.7,-13.3],[135.9,-13.3],[136.2,-13.3],[137.1,-13.7],[137.8,-13.9],[138.1,-14.0],[138.4,-13.9],[138.6,-13.9],[139.2,-13.8],[139.9,-13.8],[140.0,-13.7],[141.1,-13.3],[141.9,-12.9],[142.7,-13.2],[143.3,-13.1]]},"properties":{"stormId":"AU199192_02U","name":"MARK","start":"1992-01-07 00:00","end":"1992-01-10 12:00","positions":15,"minCentralPressure":980.0,"maxWindSpeed":28.3,"source":"Bureau of Meteorology Australian Tropical Cyclone Database"}},{"type":"Feature","geometry":{"type":"LineString","coordinates":[[160.0,-19.5],[159.0,-19.8],[158.3,-19.9],[157.9,-20.0],[157.6,-20.1],[157.7,-20.6],[158.0,-21.0],[158.1,-21.6],[158.1,-22.2],[158.0,-22.7],[158.0,-23.2],[158.0,-23.8],[158.0,-24.5],[158.1,-25.5],[159.0,-26.6],[160.0,-27.6]]},"properties":{"stormId":"AU199192_03U","name":"BETSY","start":"1992-01-10 12:00","end":"1992-01-14 06:00","positions":16,"minCentralPressure":950.0,"maxWindSpeed":46.3,"source":"Bureau of Meteorology Australian Tropical Cyclone Database"}},{"type":"Feature","geometry":{"type":"LineString","coordinates":[[168.5,-13.1],[167.6,-13.5],[166.4,-14.0],[165.0,-15.0],[163.5,-16.0],[162.5,-17.5],[162.0,-18.5],[161.6,-19.5],[161.2,-21.0],[160.7,-22.7],[159.7,-24.6],[158.5,-26.0],[157.5,-27.5],[156.7,-28.6],[156.0,-29.6],[155.5,-30.5],[156.2,-31.0],[156.9,-31.8],[157.9,-33.0],[159.7,-34.2],[161.8,-35.5]]},"properties":{"stormId":"AU199192_04U","name":"DAMAN","start":"1992-02-15 06:00","end":"1992-02-20 06:00","positions":21,"minCentralPressure":950.0,"maxWindSpeed":36.0,"source":"Bureau of Meteorology Australian Tropical Cyclone Database"}},{"type":"Feature","geometry":{"type":"LineString","coordinates":[[101.8,-11.5],[101.0,-11.2],[100.5,-11.1],[100.0,-11.1],[99.5,-11.2],[99.0,-11.3],[98.5,-11.5],[97.9,-11.8],[97.4,-11.9],[96.8,-12.0],[96.2,-12.1],[95.7,-12.2],[95.1,-12.2],[94.6,-12.4],[94.1,-12.6],[93.6,-12.9],[93.2,-13.2],[92.8,-13.6],[92.4,-14.0],[91.8,-14.4],[91.2,-14.7],[90.6,-14.9],[89.9,-15.1],[89.3,-15.2],[88.8,-15.2],[88.4,-15.2],[87.9,-15.1],[87.5,-14.9],[87.1,-14.7],[86.7,-14.8],[86.4,-14.9],[86.0,-15.1],[85.7,-15.3],[85.5,-15.6],[85.2,-15.8],[85.0,-16.2],[84.9,-16.8],[85.0,-17.5],[85.1,-18.1],[85.1,-18.7],[85.5,-19.4],[85.8,-19.9],[86.4,-20.7],[87.2,-21.7],[88.2,-22.9],[89.3,-24.2],[90.9,-25.8],[92.7,-27.5],[96.0,-30.5],[99.5,-33.2],[103.5,-36.0],[110.0,-40.0]]},"properties":{"stormId":"AU199192_05U","name":"HARRIET","start":"1992-02-24 18:00","end":"1992-03-08 12:00","positions":52,"minCentralPressure":930.0,"maxWindSpeed":54.0,"source":"Bureau of Meteorology Australian Tropical Cyclone Database"}},{"type":"Feature","geometry":{"type":"LineString","coordinates":[[114.3,-11.8],[114.5,-11.7],[115.1,-11.7],[115.5,-11.6],[115.9,-11.6],[116.5,-11.6],[116.9,-11.9],[117.2,-12.4],[117.3,-12.9],[117.3,-13.4],[117.3,-13.8],[117.3,-14.2],[117.3,-14.5],[117.3,-14.7],[117.3,-15.0],[117.3,-15.3],[117.3,-15.7],[117.2,-16.1],[117.1,-16.6],[116.9,-17.1],[116.8,-17.5],[116.6,-17.9],[116.4,-18.3],[116.1,-18.6],[115.9,-19.0],[115.8,-19.4],[115.6,-19.8],[115.5,-20.2],[115.4,-20.5],[115.4,-20.7],[115.5,-20.8],[115.7,-21.2],[115.7,-21.28],[115.7,-21.7],[116.1,-22.1],[116.5,-22.7],[116.8,-23.1],[117.2,-23.6],[117.6,-24.1],[118.0,-24.6],[118.3,-25.1],[118.7,-25.7]]},"properties":{"stormId":"AU199192_06U","name":"IAN","start":"1992-02-27 00:00","end":"1992-03-04 00:00","positions":42,"minCentralPressure":930.0,"maxWindSpeed":54.0,"source":"Bureau of Meteorology Australian Tropical Cyclone Database"}},{"type":"Feature","geometry":{"type":"LineString","coordinates":[[163.8,-15.6],[163.0,-15.5],[162.0,-15.2],[161.5,-15.2],[160.4,-14.7],[160.1,-14.4],[159.8,-14.1],[159.4,-13.9],[159.2,-13.7],[159.4,-13.5],[159.8,-13.5],[160.5,-13.9],[160.9,-14.5],[161.2,-14.8],[161.4,-15.2],[162.0,-16.0],[162.5,-16.4],[163.2,-16.8],[163.7,-17.0],[164.1,-17.6],[164.6,-18.1],[165.1,-18.9],[165.4,-19.9],[165.4,-20.4]]},"properties":{"stormId":"AU199192_07U","name":"ESAU","start":"1992-02-27 12:00","end":"1992-03-04 06:00","positions":24,"minCentralPressure":925.0,"maxWindSpeed":54.0,"source":"Bureau of Meteorology Australian Tropical Cyclone Database"}},{"type":"Feature","geometry":{"type":"LineString","coordinates":[[168.4,-18.6],[167.4,-18.9],[166.1,-19.3],[165.0,-19.7],[164.0,-19.8],[162.6,-19.9],[161.4,-19.8],[160.3,-19.8],[159.6,-19.9],[158.5,-19.9],[157.5,-20.0],[157.0,-20.1],[156.5,-20.0],[155.9,-20.0],[155.6,-20.1],[155.3,-20.2],[155.3,-20.5],[155.3,-20.7],[155.1,-20.8],[154.8,-21.0],[154.5,-21.2],[154.1,-21.3],[153.6,-21.4],[152.4,-21.8],[152.0,-22.8],[152.0,-23.2],[152.0,-24.4],[151.9,-24.8],[152.3,-25.0],[153.0,-25.1],[154.1,-25.2],[155.2,-25.2],[157.2,-25.4],[159.0,-25.5]]},"properties":{"stormId":"AU199192_08U","name":"FRAN","start":"1992-03-09 06:00","end":"1992-03-17 12:00","positions":34,"minCentralPressure":940.0,"maxWindSpeed":51.4,"source":"Bureau of Meteorology Australian Tropical Cyclone Database"}},{"type":"Feature","geometry":{"type":"LineString","coordinates":[[132.3,-8.7],[132.7,-8.9],[133.0,-9.5],[133.3,-9.7],[133.4,-9.8],[133.4,-10.0],[133.3,-10.2],[133.2,-10.2],[133.0,-10.4],[132.7,-10.7],[132.4,-10.8],[131.7,-10.9],[130.9,-11.1],[130.4,-11.2],[130.3,-11.3],[129.4,-11.3],[129.1,-11.2],[128.8,-11.3],[128.4,-11.5],[128.4,-11.6],[128.5,-11.6],[128.3,-11.5],[128.1,-11.5],[128.0,-11.6],[127.7,-11.8],[127.3,-11.6],[126.8,-11.8],[126.4,-11.9],[125.9,-11.9],[125.6,-11.9],[125.5,-11.9],[125.4,-11.9],[125.3,-11.9],[125.3,-12.1],[125.3,-12.2],[125.2,-12.5],[124.9,-12.9],[124.8,-13.0],[124.7,-13.2],[124.6,-13.4],[124.5,-13.6]]},"properties":{"stormId":"AU199192_09U","name":"NEVILLE","start":"1992-04-05 00:00","end":"1992-04-14 06:00","positions":41,"minCentralPressure":945.0,"maxWindSpeed":56.6,"source":"Bureau of Meteorology Australian Tropical Cyclone Database"}},{"type":"Feature","geometry":{"type":"LineString","coordinates":[[99.1,-6.6],[98.9,-6.8],[98.7,-7.0],[98.5,-7.3],[98.1,-7.6],[97.9,-8.1],[98.2,-8.7],[98.2,-9.2],[98.3,-9.8],[98.4,-10.3],[98.5,-10.9],[98.7,-11.4],[99.0,-11.9],[99.2,-12.3],[99.3,-12.6],[99.4,-12.9],[99.5,-13.2],[99.6,-13.5],[99.5,-13.9],[99.0,-14.1],[98.5,-14.2],[97.8,-14.3],[96.7,-14.3],[94.9,-14.5],[93.9,-14.7],[92.7,-14.9],[91.5,-15.1],[90.4,-15.1],[89.5,-15.0],[88.4,-14.9],[87.4,-14.8],[86.4,-14.6],[85.4,-14.7],[84.4,-14.9],[83.7,-14.9],[83.2,-14.9],[82.8,-15.0],[82.5,-15.2],[82.2,-15.8],[82.2,-16.4],[82.6,-17.1],[83.1,-17.8]]},"properties":{"stormId":"AU199192_10U","name":"JANE","start":"1992-04-07 00:00","end":"1992-04-17 06:00","positions":42,"minCentralPressure":915.0,"maxWindSpeed":56.6,"source":"Bureau of Meteorology Australian Tropical Cyclone Database"}},{"type":"Feature","geometry":{"type":"LineString","coordinates":[[99.7,-10.7],[99.5,-11.3],[98.9,-11.7],[98.2,-12.0],[97.5,-12.3],[97.2,-12.5],[96.9,-12.7],[96.6,-12.9],[96.2,-13.2],[95.6,-13.5],[94.9,-13.9],[94.2,-14.4],[93.4,-14.9],[92.5,-15.5],[91.5,-15.8],[90.6,-15.8],[90.0,-15.7],[89.3,-15.6],[88.6,-15.3],[87.7,-15.1],[86.7,-14.6],[85.6,-14.2],[84.5,-13.7],[81.0,-11.6]]},"properties":{"stormId":"AU199293_01U","name":"KEN","start":"1992-12-18 00:00","end":"1992-12-24 00:00","positions":24,"minCentralPressure":990.0,"maxWindSpeed":20.6,"source":"Bureau of Meteorology Australian Tropical Cyclone Database"}},{"type":"Feature","geometry":{"type":"LineString","coordinates":[[141.0,-12.4],[140.5,-12.7],[140.0,-13.0],[139.6,-12.5],[139.7,-12.0],[140.1,-12.1],[140.3,-12.4],[140.5,-12.7],[140.8,-12.9],[141.1,-13.4],[141.3,-13.9],[141.5,-14.1],[141.6,-14.15],[141.7,-14.2],[142.0,-14.3],[142.3,-14.4],[142.7,-14.4],[143.0,-14.3],[143.1,-14.2],[143.2,-14.1],[143.4,-13.8],[144.1,-13.5],[144.7,-13.3],[145.5,-13.2],[146.3,-13.4],[146.8,-13.6],[147.3,-13.7],[148.7,-14.2],[149.9,-14.7],[150.9,-15.1],[151.3,-15.2],[152.0,-14.9],[152.5,-14.6],[153.2,-14.3],[153.8,-13.9],[154.6,-13.5],[155.2,-13.2],[155.8,-12.9],[156.7,-12.6],[158.0,-12.0],[159.2,-11.8],[160.4,-11.7],[161.7,-11.6],[163.8,-11.5],[165.8,-11.5],[168.5,-11.6],[170.9,-11.7]]},"properties":{"stormId":"AU199293_02U","name":"NINA","start":"1992-12-22 12:00","end":"1993-01-02 18:00","positions":47,"minCentralPressure":960.0,"maxWindSpeed":46.3,"source":"Bureau of Meteorology Australian Tropical Cyclone Database"}},{"type":"Feature","geometry":{"type":"LineString","coordinates":[[120.8,-13.7],[120.7,-13.8],[120.6,-13.9],[120.6,-14.0],[120.6,-14.2],[120.6,-14.4],[120.5,-14.7],[120.3,-15.0],[120.0,-15.3],[119.7,-15.4],[119.5,-15.6],[119.4,-15.9],[119.2,-16.2],[119.0,-16.2],[118.7,-16.2],[118.4,-16.2],[118.1,-16.1],[117.8,-15.9],[117.5,-15.8],[117.2,-15.7],[116.9,-15.5],[116.9,-15.3],[116.3,-15.2],[116.0,-15.2],[115.7,-15.3],[115.4,-15.6],[115.3,-16.0],[115.1,-16.2],[114.8,-16.3],[114.4,-16.3],[114.0,-16.3],[113.6,-16.3],[113.2,-16.3],[112.8,-16.2],[112.4,-16.2],[112.0,-16.2],[111.5,-16.1],[110.9,-16.0],[110.2,-16.0],[109.6,-15.9],[109.2,-15.9],[108.9,-15.9],[108.7,-15.8],[108.4,-15.8],[108.1,-15.7],[107.7,-15.6],[107.4,-15.5],[107.1,-15.4],[106.9,-15.3],[106.9,-15.4],[107.0,-15.4],[107.2,-15.4],[107.3,-15.5],[107.4,-15.5],[107.5,-15.6],[107.6,-15.6],[107.7,-15.7],[107.9,-15.8],[108.1,-15.9],[108.4,-16.1],[108.9,-16.3],[109.4,-16.6],[109.9,-16.8],[110.5,-16.9],[110.9,-16.9],[111.4,-16.9],[112.0,-16.9],[112.7,-16.9],[113.4,-16.8],[114.0,-16.7],[114.7,-16.6],[115.3,-16.4],[115.9,-16.1],[116.5,-15.9],[117.2,-15.8],[117.9,-15.9],[118.7,-15.9],[119.4,-15.9],[120.2,-15.9],[120.9,-15.9]]},"properties":{"stormId":"AU199293_03U","name":"LENA","start":"1993-01-24 00:00","end":"1993-02-02 21:00","positions":80,"minCentralPressure":972.0,"maxWindSpeed":28.3,"source":"Bureau of Meteorology Australian Tropical Cyclone Database"}},{"type":"Feature","geometry":{"type":"LineString","coordinates":[[150.3,-14.0],[150.1,-14.3],[150.0,-14.6],[150.0,-14.6],[150.2,-14.8],[150.5,-15.1],[150.8,-15.3],[151.2,-15.6],[151.5,-15.8],[151.8,-16.0],[152.1,-16.2],[152.3,-16.3],[152.2,-16.5],[152.1,-16.8],[152.0,-17.1],[151.9,-17.4],[151.9,-17.8],[151.9,-18.1],[151.9,-18.4],[152.0,-18.7],[152.2,-19.1],[152.6,-19.4],[153.2,-19.6],[153.6,-19.7],[154.0,-19.8],[154.4,-20.0],[154.8,-20.2],[155.0,-20.4],[155.3,-20.6],[155.6,-20.9],[155.9,-21.2],[155.9,-21.6],[155.6,-22.0],[155.0,-22.3],[154.4,-22.3],[154.0,-22.0]]},"properties":{"stormId":"AU199293_04U","name":"OLIVER","start":"1993-02-04 06:00","end":"1993-02-12 18:00","positions":36,"minCentralPressure":950.0,"maxWindSpeed":51.4,"source":"Bureau of Meteorology Australian Tropical Cyclone Database"}},{"type":"Feature","geometry":{"type":"LineString","coordinates":[[157.7,-14.7],[157.8,-15.3],[158.0,-16.0],[158.2,-16.4],[158.5,-16.8],[158.8,-17.4],[158.9,-17.7],[159.0,-18.1],[159.1,-18.1],[159.2,-18.2],[159.5,-18.3],[159.5,-18.4],[159.9,-18.4],[160.1,-18.4],[160.1,-18.6],[160.0,-19.1],[160.0,-19.4],[160.1,-19.8],[160.2,-20.6],[160.8,-21.2],[162.2,-22.3]]},"properties":{"stormId":"AU199293_05U","name":"POLLY","start":"1993-02-24 12:00","end":"1993-03-01 12:00","positions":21,"minCentralPressure":955.0,"maxWindSpeed":44.0,"source":"Bureau of Meteorology Australian Tropical Cyclone Database"}},{"type":"Feature","geometry":{"type":"LineString","coordinates":[[157.0,-10.0],[156.6,-10.7],[156.2,-11.4],[155.9,-12.0],[155.6,-12.8],[155.4,-13.6],[155.4,-14.3],[155.4,-14.9],[155.7,-15.9],[155.9,-16.5],[156.0,-16.9],[156.0,-17.4],[156.0,-18.3],[155.9,-19.3],[155.7,-20.5],[155.6,-21.5],[155.6,-22.2],[155.6,-22.8],[155.6,-23.3],[155.6,-23.7],[155.9,-24.0],[156.1,-24.1],[156.4,-24.1],[156.8,-23.7],[157.0,-23.2],[157.2,-22.9],[157.5,-22.6],[157.9,-22.2],[158.3,-21.8],[158.7,-21.4],[158.9,-20.9],[159.0,-20.5],[159.1,-20.1],[159.3,-19.9],[159.7,-20.1],[160.5,-20.6],[161.7,-21.1]]},"properties":{"stormId":"AU199293_06U","name":"ROGER","start":"1993-03-12 00:00","end":"1993-03-21 00:00","positions":37,"minCentralPressure":980.0,"maxWindSpeed":30.9,"source":"Bureau of Meteorology Australian Tropical Cyclone Database"}},{"type":"Feature","geometry":{"type":"LineString","coordinates":[[101.0,-10.5],[102.5,-11.0],[104.0,-11.5],[105.3,-12.3],[105.4,-12.6],[105.5,-12.9],[105.7,-13.1],[105.8,-13.3],[105.9,-13.5],[105.9,-13.6],[106.0,-13.8],[106.0,-14.0],[106.1,-14.3],[106.2,-14.7],[105.9,-15.0],[105.5,-15.3],[105.5,-15.6],[105.5,-15.9],[105.5,-16.2],[105.6,-16.4],[105.6,-16.7],[105.6,-16.9],[105.6,-17.1],[105.8,-17.2],[106.4,-17.5],[107.0,-17.8],[107.3,-18.1],[107.6,-18.5],[107.9,-18.8],[108.2,-19.0],[108.3,-19.3],[108.6,-19.5],[108.5,-19.4],[108.2,-19.1],[108.2,-19.0],[108.0,-19.0],[107.8,-19.0],[107.6,-19.2],[107.6,-19.3],[107.6,-19.3]]},"properties":{"stormId":"AU199293_07U","name":"MONTY","start":"1993-04-06 00:00","end":"1993-04-13 06:00","positions":40,"minCentralPressure":992.0,"maxWindSpeed":30.9,"source":"Bureau of Meteorology Australian Tropical Cyclone Database"}},{"type":"Feature","geometry":{"type":"LineString","coordinates":[[156.0,-6.3],[155.1,-6.6],[154.2,-7.7],[153.1,-8.7],[151.6,-8.9],[150.7,-9.1],[150.1,-9.4],[148.7,-9.6]]},"properties":{"stormId":"AU199293_08U","name":"ADEL","start":"1993-05-13 06:00","end":"1993-05-15 00:00","positions":8,"minCentralPressure":970.0,"maxWindSpeed":33.4,"source":"Bureau of Meteorology Australian Tropical Cyclone Database"}},{"type":"Feature","geometry":{"type":"LineString","coordinates":[[120.7,-12.1],[120.9,-12.3],[121.2,-12.5],[121.5,-12.7],[121.7,-13.2],[121.8,-13.7],[122.0,-14.3],[122.0,-14.9],[121.9,-15.4],[121.8,-15.9],[121.5,-16.3],[121.4,-16.7],[121.3,-17.0],[121.2,-17.4],[121.2,-17.7],[121.3,-17.9],[121.5,-18.4],[121.6,-18.9],[121.6,-19.5],[121.6,-19.9],[121.8,-20.4],[122.0,-20.8],[122.2,-21.3],[122.2,-21.7],[122.2,-22.3],[122.2,-22.9],[122.2,-23.5],[122.2,-24.1]]},"properties":{"stormId":"AU199394_01U","name":"NAOMI","start":"1993-12-15 00:00","end":"1993-12-18 09:00","positions":28,"minCentralPressure":960.0,"maxWindSpeed":41.2,"source":"Bureau of Meteorology Australian Tropical Cyclone Database"}},{"type":"Feature","geometry":{"type":"LineString","coordinates":[[165.5,-9.5],[165.0,-9.8],[163.5,-10.0],[162.5,-10.0],[161.9,-9.6],[160.5,-10.2],[159.0,-10.8],[157.5,-11.2],[155.8,-11.5],[155.1,-11.5],[154.5,-11.6],[153.6,-12.2],[153.1,-12.3],[153.7,-12.6],[153.8,-13.0],[153.0,-13.5],[153.0,-14.0],[152.9,-14.6],[153.0,-15.0],[153.5,-15.5],[153.6,-16.0],[153.9,-16.9],[154.1,-17.8],[154.2,-18.7],[154.6,-19.5],[155.0,-20.0],[156.2,-20.7],[157.5,-21.3],[158.9,-21.7],[160.5,-21.8],[162.0,-21.8],[163.0,-22.0],[164.2,-22.0],[165.1,-22.0],[166.4,-21.7],[166.6,-21.5],[167.0,-21.4],[167.4,-21.3],[167.7,-21.1],[168.0,-20.7],[168.2,-20.4],[168.3,-20.0],[168.2,-19.6],[168.0,-19.4],[167.4,-19.0],[166.6,-18.6],[166.0,-18.3],[165.0,-17.0],[164.3,-17.6],[163.4,-17.0],[162.4,-16.6],[161.0,-16.0],[161.6,-15.9],[160.1,-15.5],[159.0,-15.0],[157.5,-15.0],[156.1,-15.0],[154.6,-14.4],[153.8,-13.5],[153.5,-13.0],[153.4,-12.4],[153.4,-12.1],[153.4,-11.8],[153.4,-11.5],[153.2,-11.4],[153.9,-11.2],[154.6,-12.4],[154.4,-12.0],[154.5,-12.1],[154.7,-12.2],[154.8,-12.4],[155.1,-12.6],[155.6,-13.0],[155.9,-13.9],[156.3,-14.8],[156.8,-15.7],[157.3,-16.4],[157.6,-17.2],[157.9,-17.9],[157.6,-18.5],[157.0,-19.0],[155.6,-19.9],[154.4,-20.4],[153.3,-20.7],[152.5,-20.9],[152.0,-20.9],[151.8,-20.9],[151.6,-21.1],[152.0,-22.0],[152.1,-22.6],[152.1,-22.9],[152.7,-23.6],[153.5,-24.2],[154.4,-24.6],[155.1,-25.2],[155.7,-26.3],[157.0,-27.0],[157.9,-27.5],[158.8,-28.5]]},"properties":{"stormId":"AU199394_02U","name":"REWA","start":"1993-12-28 06:00","end":"1994-01-21 18:00","positions":99,"minCentralPressure":920.0,"maxWindSpeed":56.6,"source":"Bureau of Meteorology Australian Tropical Cyclone Database"}},{"type":"Feature","geometry":{"type":"LineString","coordinates":[[129.7,-12.1],[129.5,-11.2],[129.0,-10.8],[128.3,-10.8],[128.1,-10.9],[127.2,-11.1],[126.4,-11.3],[126.0,-12.1],[124.6,-12.5],[123.5,-13.6],[121.7,-14.6],[121.0,-15.5],[120.3,-16.7],[119.9,-16.9],[119.5,-17.1],[119.0,-17.0],[118.5,-16.9],[117.9,-17.2],[117.3,-17.4],[116.4,-17.2],[115.7,-16.7],[115.4,-16.4],[114.9,-16.8],[114.0,-16.9],[112.9,-16.9],[111.9,-17.1],[111.6,-17.1],[111.3,-17.0],[110.2,-16.5],[109.4,-16.0]]},"properties":{"stormId":"AU199394_03U","name":"OSCAR","start":"1993-12-28 00:00","end":"1994-01-09 00:00","positions":30,"minCentralPressure":995.0,"maxWindSpeed":18.0,"source":"Bureau of Meteorology Australian Tropical Cyclone Database"}},{"type":"Feature","geometry":{"type":"LineString","coordinates":[[121.4,-15.4],[120.7,-15.8],[120.0,-16.2],[119.3,-16.6],[118.6,-16.9],[117.8,-17.1],[116.5,-17.2],[115.2,-16.9],[114.2,-16.5],[113.1,-16.8],[111.8,-17.0],[110.6,-17.3],[109.4,-17.1],[108.1,-16.9],[106.8,-17.0],[105.8,-16.8],[104.8,-16.4],[103.6,-16.3],[102.4,-16.3],[101.3,-16.2],[100.2,-16.0],[98.7,-16.0],[97.5,-16.0],[96.2,-16.2],[95.0,-16.2],[94.0,-16.4],[93.0,-16.4],[92.2,-16.6],[91.4,-16.7],[90.6,-16.9],[89.9,-17.1],[89.2,-17.4],[88.7,-17.9],[88.0,-18.6],[87.6,-19.8],[87.5,-20.9],[87.5,-22.0],[87.8,-23.2],[88.8,-24.1]]},"properties":{"stormId":"AU199394_04U","name":"PEARL","start":"1994-01-11 00:00","end":"1994-01-21 00:00","positions":39,"minCentralPressure":950.0,"maxWindSpeed":43.7,"source":"Bureau of Meteorology Australian Tropical Cyclone Database"}},{"type":"Feature","geometry":{"type":"LineString","coordinates":[[110.2,-10.5],[108.8,-12.1],[107.5,-12.8],[106.6,-12.8],[106.6,-12.9],[106.6,-13.0],[106.5,-13.3],[106.5,-13.7],[106.5,-14.0],[106.4,-14.4],[106.2,-14.7],[105.9,-15.1],[105.6,-15.6],[105.1,-16.1],[104.6,-16.6],[104.2,-17.0],[103.8,-17.4],[103.3,-17.8],[102.9,-18.1],[102.5,-18.4],[102.0,-18.6],[101.5,-18.9],[101.0,-19.2],[100.4,-19.6],[99.7,-20.0],[99.1,-20.3],[96.9,-21.2]]},"properties":{"stormId":"AU199394_05U","name":"QUENTON","start":"1994-01-23 00:00","end":"1994-01-28 12:00","positions":27,"minCentralPressure":955.0,"maxWindSpeed":41.2,"source":"Bureau of Meteorology Australian Tropical Cyclone Database"}},{"type":"Feature","geometry":{"type":"LineString","coordinates":[[136.0,-11.2],[136.5,-11.6],[137.3,-12.0],[139.0,-12.4],[140.1,-13.2],[140.8,-14.2],[140.8,-15.4],[140.8,-16.0],[141.3,-16.2],[141.7,-17.2],[142.0,-20.0]]},"properties":{"stormId":"AU199394_06U","name":"SADIE","start":"1994-01-29 00:00","end":"1994-01-31 06:00","positions":11,"minCentralPressure":990.0,"maxWindSpeed":23.2,"source":"Bureau of Meteorology Australian Tropical Cyclone Database"}},{"type":"Feature","geometry":{"type":"LineString","coordinates":[[154.6,-7.9],[154.6,-8.2],[154.6,-8.9],[154.6,-9.7],[154.7,-10.3],[154.6,-10.8],[154.4,-11.2],[154.2,-11.9],[154.3,-12.0],[154.3,-12.6],[154.8,-12.7],[155.7,-13.0],[156.5,-13.5],[157.3,-14.2],[158.1,-14.8],[159.3,-15.6],[161.1,-16.5],[162.8,-18.0],[164.5,-19.7],[167.1,-21.6]]},"properties":{"stormId":"AU199394_07U","name":"THEODORE","start":"1994-02-22 06:00","end":"1994-02-27 00:00","positions":20,"minCentralPressure":910.0,"maxWindSpeed":59.2,"source":"Bureau of Meteorology Australian Tropical Cyclone Database"}},{"type":"Feature","geometry":{"type":"LineString","coordinates":[[119.0,-9.9],[118.2,-9.9],[117.4,-9.9],[116.6,-9.9],[116.2,-10.1],[115.8,-10.3],[115.4,-10.5],[115.0,-10.7],[114.7,-10.8],[114.5,-10.9],[114.5,-11.1],[114.5,-11.4],[114.5,-11.7],[114.4,-12.2],[114.2,-12.7],[114.1,-13.1],[113.8,-13.4],[113.6,-13.7],[113.5,-13.9],[113.5,-14.2],[113.2,-14.5],[112.9,-14.9],[112.8,-15.4],[112.7,-15.9],[112.4,-16.3],[112.3,-16.6],[112.2,-16.9],[112.2,-17.2],[112.1,-17.4],[111.7,-17.5],[111.3,-17.6],[110.8,-17.7],[110.4,-17.8],[109.9,-17.8],[109.5,-17.9],[109.1,-18.0],[108.7,-18.2],[108.3,-18.4],[107.9,-18.7],[107.4,-18.9],[107.1,-19.2],[106.7,-19.5],[106.3,-19.9],[105.9,-20.3],[105.4,-20.9],[104.9,-21.4],[104.4,-22.1],[104.1,-22.7],[104.2,-23.4],[104.3,-23.5],[104.3,-23.6],[104.2,-23.8],[103.9,-24.0],[103.9,-24.2],[103.9,-24.5],[103.9,-25.5],[104.0,-26.5],[104.4,-27.3],[104.7,-28.0],[105.6,-29.6],[106.8,-30.8],[108.5,-31.6],[110.6,-32.2]]},"properties":{"stormId":"AU199394_08U","name":"SHARON","start":"1994-03-12 06:00","end":"1994-03-22 00:00","positions":63,"minCentralPressure":930.0,"maxWindSpeed":54.0,"source":"Bureau of Meteorology Australian Tropical Cyclone Database"}},{"type":"Feature","geometry":{"type":"LineString","coordinates":[[115.0,-10.2],[113.3,-11.1],[112.7,-11.4],[112.3,-11.5],[112.0,-11.6],[111.6,-11.6],[110.6,-11.6],[109.6,-11.5],[108.5,-11.3],[107.0,-11.2],[105.6,-11.2],[104.3,-11.2],[103.1,-11.1],[98.4,-11.1],[94.3,-11.7]]},"properties":{"stormId":"AU199394_09U","name":"TIM","start":"1994-03-28 00:00","end":"1994-04-03 00:00","positions":15,"minCentralPressure":995.0,"maxWindSpeed":18.0,"source":"Bureau of Meteorology Australian Tropical Cyclone Database"}},{"type":"Feature","geometry":{"type":"LineString","coordinates":[[126.6,-10.2],[125.9,-10.2],[125.2,-10.4],[124.5,-10.5],[123.8,-10.7],[123.2,-10.8],[122.9,-11.1],[122.4,-11.4],[122.1,-11.8],[121.8,-11.9],[121.6,-12.2],[121.2,-12.3],[121.0,-12.5],[120.6,-12.7],[120.3,-13.1],[120.1,-13.5],[119.7,-13.8],[119.5,-14.0],[119.3,-14.2],[119.1,-14.3],[118.9,-14.4],[118.3,-14.4],[117.7,-14.4],[117.1,-14.4],[116.5,-14.4],[115.1,-14.4],[115.4,-14.5],[114.8,-14.5],[114.1,-14.6],[113.3,-15.0],[112.5,-15.4],[111.6,-15.6],[110.7,-15.9],[109.1,-16.1],[109.0,-16.2],[108.1,-16.4],[107.5,-16.6],[106.5,-17.0],[105.6,-17.3],[105.2,-17.4],[105.1,-17.7]]},"properties":{"stormId":"AU199394_10U","name":"VIVIENNE","start":"1994-04-06 00:00","end":"1994-04-12 00:00","positions":41,"minCentralPressure":955.0,"maxWindSpeed":43.7,"source":"Bureau of Meteorology Australian Tropical Cyclone Database"}},{"type":"Feature","geometry":{"type":"LineString","coordinates":[[93.7,-6.8],[94.0,-7.3],[94.3,-7.7],[94.4,-8.1],[95.0,-8.7],[95.3,-9.2],[95.4,-9.5],[95.4,-9.8],[95.5,-10.1],[95.7,-10.6],[95.8,-11.2],[95.9,-11.7],[96.0,-12.3],[95.8,-12.5],[95.5,-12.7],[95.2,-12.9],[94.9,-13.2],[94.8,-13.4],[94.5,-13.6],[94.2,-13.9],[93.7,-14.4],[93.2,-15.0],[92.7,-15.5],[92.2,-16.0],[90.6,-16.7],[89.2,-17.0],[88.2,-17.2],[87.3,-17.4]]},"properties":{"stormId":"AU199394_11U","name":"WILLY","start":"1994-04-27 12:00","end":"1994-05-02 00:00","positions":28,"minCentralPressure":985.0,"maxWindSpeed":25.7,"source":"Bureau of Meteorology Australian Tropical Cyclone Database"}},{"type":"Feature","geometry":{"type":"LineString","coordinates":[[116.0,-12.5],[116.0,-12.5],[116.0,-12.5],[116.0,-12.5],[116.0,-12.5],[116.0,-12.5],[116.0,-12.5],[116.0,-12.5],[115.8,-12.5],[115.7,-12.5],[115.6,-12.5],[115.6,-12.5],[115.6,-12.5],[115.6,-12.5],[115.6,-12.5],[115.6,-12.5],[115.6,-12.5],[115.6,-12.6],[115.6,-12.7],[115.6,-12.8],[115.6,-12.9],[115.6,-13.0],[115.6,-13.1],[115.7,-13.2],[115.8,-13.3],[115.9,-13.5],[116.0,-13.7],[116.2,-14.0],[116.4,-14.2],[116.7,-14.4],[117.0,-14.7],[117.4,-15.0],[117.8,-15.4],[118.1,-15.7],[118.4,-16.0],[118.7,-16.3],[119.1,-16.6],[119.6,-17.0],[119.9,-17.5],[120.2,-18.1],[120.4,-18.6],[120.6,-19.2],[120.9,-19.8],[121.3,-20.4],[121.8,-21.2],[122.2,-21.9],[122.6,-22.7],[123.0,-23.3],[123.8,-24.8],[124.9,-25.4],[126.8,-28.8],[129.2,-31.3],[130.8,-32.4]]},"properties":{"stormId":"AU199495_01U","name":"ANNETTE","start":"1994-12-13 00:00","end":"1994-12-20 06:00","positions":53,"minCentralPressure":925.0,"maxWindSpeed":51.4,"source":"Bureau of Meteorology Australian Tropical Cyclone Database"}},{"type":"Feature","geometry":{"type":"LineString","coordinates":[[134.0,-11.0],[132.7,-11.5],[131.3,-12.0],[130.0,-12.5],[128.7,-13.0],[127.3,-13.5],[125.8,-14.0],[124.3,-14.5],[123.2,-15.0],[122.2,-15.5],[121.3,-15.9],[120.8,-16.1],[120.3,-16.3],[119.9,-16.5],[119.5,-16.6],[119.1,-16.8],[118.7,-17.1],[118.4,-17.3],[117.9,-17.5],[117.6,-17.8],[117.2,-18.1],[116.8,-18.4],[116.5,-18.4],[116.3,-18.7],[116.1,-19.0],[115.9,-19.2],[115.8,-19.4],[115.8,-19.4],[115.7,-19.7],[115.8,-20.0],[115.8,-20.2],[115.9,-20.5],[115.7,-21.0],[115.6,-21.3],[115.4,-21.4],[115.3,-21.5],[115.2,-21.7],[115.1,-21.8],[115.2,-22.0],[115.2,-22.4],[115.2,-22.8],[115.2,-23.2],[115.3,-23.6],[115.4,-24.0],[115.5,-24.4],[115.7,-25.0],[115.8,-25.5],[116.2,-26.5],[117.2,-27.3],[118.7,-28.1],[120.3,-28.8],[121.0,-29.2]]},"properties":{"stormId":"AU199495_02U","name":"BOBBY","start":"1995-02-19 00:00","end":"1995-02-27 06:00","positions":52,"minCentralPressure":925.0,"maxWindSpeed":54.0,"source":"Bureau of Meteorology Australian Tropical Cyclone Database"}},{"type":"Feature","geometry":{"type":"LineString","coordinates":[[154.3,-13.3],[154.0,-14.2],[153.7,-14.6],[153.4,-15.1],[153.1,-15.5],[152.5,-16.0],[152.6,-16.6],[152.7,-17.0],[153.0,-17.3],[153.3,-17.8],[153.7,-18.2],[154.5,-19.0],[155.5,-19.8],[157.0,-20.8],[158.1,-22.2],[159.1,-24.1],[159.8,-26.2],[160.0,-28.0],[159.1,-30.1],[156.8,-30.5],[155.0,-30.2],[154.2,-29.5],[153.9,-28.9],[154.1,-28.6],[155.1,-29.2]]},"properties":{"stormId":"AU199495_03U","name":"VIOLET","start":"1995-03-02 00:00","end":"1995-03-08 00:00","positions":25,"minCentralPressure":960.0,"maxWindSpeed":43.7,"source":"Bureau of Meteorology Australian Tropical Cyclone Database"}},{"type":"Feature","geometry":{"type":"LineString","coordinates":[[140.2,-13.3],[140.3,-13.8],[140.2,-14.2],[140.2,-14.7],[140.0,-15.0],[139.8,-15.5],[139.4,-16.2],[138.8,-16.8],[138.2,-17.2],[137.6,-17.5]]},"properties":{"stormId":"AU199495_04U","name":"WARREN","start":"1995-03-04 00:00","end":"1995-03-06 06:00","positions":10,"minCentralPressure":960.0,"maxWindSpeed":41.2,"source":"Bureau of Meteorology Australian Tropical Cyclone Database"}},{"type":"Feature","geometry":{"type":"LineString","coordinates":[[128.1,-9.1],[126.1,-9.2],[123.7,-9.5],[123.3,-9.7],[122.9,-9.9],[122.4,-10.1],[122.0,-10.2],[121.6,-10.3],[121.2,-10.4],[120.9,-10.5],[120.9,-10.6],[121.1,-10.9],[121.3,-11.1],[121.5,-11.4],[121.7,-11.6],[121.8,-11.9],[121.9,-12.2],[122.1,-12.5],[122.3,-12.9],[122.4,-13.3],[122.7,-13.5],[123.0,-13.8],[123.2,-14.1],[123.3,-14.4],[123.3,-14.6],[123.4,-14.8],[123.6,-15.0],[123.8,-15.2],[123.8,-15.5],[124.0,-15.7],[124.1,-16.0],[124.2,-16.3],[124.2,-16.6],[124.1,-16.9],[124.0,-17.1],[123.8,-17.3],[123.6,-17.6]]},"properties":{"stormId":"AU199495_05U","name":"CHLOE","start":"1995-04-03 00:00","end":"1995-04-08 18:00","positions":37,"minCentralPressure":920.0,"maxWindSpeed":61.7,"source":"Bureau of Meteorology Australian Tropical Cyclone Database"}},{"type":"Feature","geometry":{"type":"LineString","coordinates":[[146.7,-11.3],[147.4,-11.8],[147.6,-12.1],[147.8,-12.3],[147.9,-12.5],[148.1,-12.8],[148.1,-13.0],[147.8,-13.1],[147.7,-13.0],[147.6,-12.8],[147.6,-12.9],[147.6,-13.1],[147.6,-13.1],[147.6,-13.1],[147.6,-13.1],[147.6,-13.1],[147.7,-12.6],[147.8,-12.1],[147.9,-11.8],[148.1,-11.6],[148.1,-11.1],[147.8,-10.8],[147.5,-10.5],[147.1,-10.1]]},"properties":{"stormId":"AU199495_06U","name":"AGNES","start":"1995-04-16 18:00","end":"1995-04-22 12:00","positions":24,"minCentralPressure":945.0,"maxWindSpeed":51.4,"source":"Bureau of Meteorology Australian Tropical Cyclone Database"}},{"type":"Feature","geometry":{"type":"LineString","coordinates":[[95.5,-7.0],[96.33,-7.42],[96.5,-7.5],[96.5,-8.0],[96.5,-8.1],[96.5,-8.52],[96.5,-8.6],[96.58,-9.02],[96.6,-9.1],[96.6,-9.52],[96.6,-9.6],[96.35,-10.1],[96.3,-10.2],[95.97,-10.53],[95.9,-10.6],[95.48,-10.93],[95.4,-11.0],[95.0,-11.1],[94.8,-11.17],[94.7,-11.2],[94.3,-11.3],[94.03,-11.37],[93.9,-11.4],[93.4,-11.4],[93.07,-11.4],[92.9,-11.4],[92.3,-11.4],[91.97,-11.4],[91.8,-11.4],[91.2,-11.4],[90.8,-11.4],[90.6,-11.4],[90.0,-11.4],[89.6,-11.4],[89.4,-11.4],[88.9,-11.4],[88.57,-11.4],[88.4,-11.4],[87.9,-11.4],[87.57,-11.4],[87.4,-11.4],[87.0,-11.4],[86.8,-11.53],[86.7,-11.6],[86.4,-11.7],[86.2,-11.77],[86.1,-11.8],[85.8,-12.0],[85.6,-12.07],[85.5,-12.1],[85.3,-12.3],[85.1,-12.5],[85.0,-12.6],[84.7,-12.7],[84.63,-12.83],[84.6,-12.9],[84.5,-13.2],[84.3,-13.27],[84.2,-13.3],[84.0,-13.5],[83.87,-13.57],[83.8,-13.6],[83.7,-13.8],[83.63,-14.0],[83.6,-14.1],[83.5,-14.4],[83.37,-14.6],[83.3,-14.7],[83.1,-15.0],[82.97,-15.2],[82.9,-15.3],[82.8,-15.5],[82.8,-15.7],[82.8,-15.8],[82.8,-16.0],[82.8,-16.13],[82.8,-16.2],[82.7,-16.4],[82.63,-16.6],[82.6,-16.7],[82.7,-16.9],[82.77,-16.97],[82.8,-17.0],[82.3,-17.0],[82.03,-17.0],[81.9,-17.0],[81.5,-17.0],[81.17,-17.0],[81.0,-17.0],[80.17,-17.0],[80.0,-17.0],[79.33,-17.0],[79.2,-17.0],[78.45,-17.0],[78.3,-17.0],[77.63,-17.0],[77.5,-17.0]]},"properties":{"stormId":"AU199596_01U","name":"DARYL","start":"1995-11-16 00:00","end":"1995-11-25 01:00","positions":97,"minCentralPressure":915.0,"maxWindSpeed":61.7,"source":"Bureau of Meteorology Australian Tropical Cyclone Database"}},{"type":"Feature","geometry":{"type":"LineString","coordinates":[[105.9,-10.0],[105.63,-10.0],[105.5,-10.0],[105.1,-10.1],[104.83,-10.17],[104.7,-10.2],[104.3,-10.4],[104.03,-10.53],[103.9,-10.6],[103.5,-10.8],[103.23,-10.93],[103.1,-11.0],[102.7,-11.2],[102.43,-11.33],[102.3,-11.4],[101.9,-11.6],[101.63,-11.73],[101.5,-11.8],[101.0,-11.9],[100.67,-11.9],[100.5,-11.9],[100.0,-11.8],[99.67,-11.73],[99.5,-11.7],[99.0,-11.6],[98.67,-11.53],[98.5,-11.5],[98.0,-11.4],[97.73,-11.33],[97.6,-11.3],[97.2,-11.1],[96.93,-10.97],[96.8,-10.9],[96.5,-10.6],[96.3,-10.4],[96.2,-10.3],[95.9,-10.0],[95.7,-9.87],[95.6,-9.8],[95.3,-9.6],[95.1,-9.47],[95.0,-9.4],[94.7,-9.3],[94.57,-9.37],[94.5,-9.4],[94.3,-9.5],[94.17,-9.57],[94.1,-9.6],[94.0,-9.7],[93.93,-9.77],[93.9,-9.8],[93.7,-9.9],[93.57,-10.1],[93.5,-10.2],[93.3,-10.5],[93.17,-10.57],[93.1,-10.6],[92.9,-10.7],[92.77,-10.7],[92.7,-10.7],[92.5,-10.7],[92.3,-10.7],[92.2,-10.7],[91.9,-10.7],[91.7,-10.77],[91.6,-10.8],[91.3,-10.9],[91.17,-10.83],[91.1,-10.8],[91.1,-10.7],[91.17,-10.63],[91.2,-10.6],[91.3,-10.5],[91.37,-10.37],[91.4,-10.3],[91.5,-10.0],[91.63,-9.8],[91.7,-9.7],[91.9,-9.5],[92.1,-9.43],[92.2,-9.4],[92.5,-9.3],[92.7,-9.23],[92.8,-9.2],[93.1,-9.1],[93.3,-9.1],[93.4,-9.1],[93.7,-9.2],[93.9,-9.13],[94.0,-9.1],[94.3,-9.1],[94.5,-9.1],[94.6,-9.1],[94.9,-9.1],[95.17,-9.1],[95.3,-9.1],[95.7,-9.1],[96.03,-9.17],[96.2,-9.2],[96.7,-9.3],[97.03,-9.37],[97.2,-9.4],[97.7,-9.5],[98.17,-9.63],[98.4,-9.7],[99.2,-9.9],[99.73,-9.97],[100.0,-10.0],[100.7,-10.1],[101.1,-10.17],[101.3,-10.2],[101.8,-10.2],[102.13,-10.27],[102.3,-10.3],[102.9,-10.4],[103.3,-10.53],[103.5,-10.6],[104.1,-10.8],[104.5,-10.87],[104.7,-10.9],[105.3,-11.0],[105.7,-11.0],[105.9,-11.0],[106.5,-11.0],[106.83,-11.0],[107.0,-11.0],[107.69,-11.14],[108.53,-11.31],[109.36,-11.47],[109.5,-11.5],[109.85,-11.67],[110.28,-11.87],[110.7,-12.07],[111.13,-12.27],[111.2,-12.3],[111.58,-12.45],[112.03,-12.62],[112.48,-12.8],[112.93,-12.97],[113.0,-13.0],[113.42,-13.0],[113.92,-13.0],[114.0,-13.0],[114.42,-13.0],[114.92,-13.0],[115.0,-13.0],[115.0,-13.0],[115.0,-13.0],[115.0,-13.0]]},"properties":{"stormId":"AU199596_02U","name":"EMMA","start":"1995-12-01 22:00","end":"1995-12-16 16:00","positions":149,"minCentralPressure":990.0,"maxWindSpeed":20.6,"source":"Bureau of Meteorology Australian Tropical Cyclone Database"}},{"type":"Feature","geometry":{"type":"LineString","coordinates":[[116.8,-10.4],[116.93,-10.47],[117.0,-10.5],[117.3,-10.7],[117.5,-10.83],[117.6,-10.9],[117.9,-11.1],[118.03,-11.23],[118.1,-11.3],[118.5,-11.5],[118.63,-11.7],[118.7,-11.8],[118.8,-12.3],[118.8,-12.5],[118.8,-12.6],[118.7,-12.9],[118.63,-13.03],[118.6,-13.1],[118.4,-13.4],[118.27,-13.53],[118.2,-13.6],[117.9,-13.8],[117.77,-14.0],[117.7,-14.1],[117.5,-14.3],[117.37,-14.57],[117.3,-14.7],[117.0,-15.1],[116.87,-15.3],[116.8,-15.4],[116.6,-15.6],[116.47,-15.8],[116.4,-15.9],[116.2,-16.2],[116.07,-16.4],[116.0,-16.5],[115.7,-17.0],[115.7,-17.2],[115.7,-17.3],[115.6,-17.7],[115.47,-17.97],[115.4,-18.1],[115.3,-18.4],[115.23,-18.53],[115.2,-18.6],[115.1,-18.9],[114.97,-19.17],[114.9,-19.3],[114.7,-19.6],[114.63,-19.73],[114.6,-19.8],[114.5,-20.0],[114.37,-20.07],[114.3,-20.1],[114.2,-20.2],[114.2,-20.33],[114.2,-20.4],[114.1,-20.7],[113.97,-20.83],[113.9,-20.9],[113.7,-21.1],[113.5,-21.3],[113.4,-21.4],[113.2,-21.7],[113.07,-21.83],[113.0,-21.9],[112.9,-22.1],[112.83,-22.3],[112.8,-22.4],[112.8,-22.7],[112.8,-22.83],[112.8,-22.9],[112.8,-23.2],[112.87,-23.47],[112.9,-23.6],[113.1,-24.0],[113.23,-24.33],[113.3,-24.5],[113.6,-24.9],[113.73,-25.23],[113.8,-25.4],[114.1,-25.8],[114.3,-26.07],[114.4,-26.2],[115.32,-27.03],[115.5,-27.2]]},"properties":{"stormId":"AU199596_03U","name":"FRANK","start":"1995-12-06 04:00","end":"1995-12-13 07:00","positions":86,"minCentralPressure":950.0,"maxWindSpeed":48.9,"source":"Bureau of Meteorology Australian Tropical Cyclone Database"}},{"type":"Feature","geometry":{"type":"LineString","coordinates":[[125.5,-13.2],[125.1,-13.4],[124.83,-13.53],[124.7,-13.6],[124.3,-13.8],[124.03,-14.0],[123.9,-14.1],[123.3,-14.4],[122.97,-14.6],[122.8,-14.7],[122.4,-15.0],[122.2,-15.2],[122.1,-15.3],[121.8,-15.5],[121.67,-15.63],[121.6,-15.7],[121.4,-16.0],[121.27,-16.2],[121.2,-16.3],[120.9,-16.8],[120.77,-17.2],[120.7,-17.4],[120.3,-17.9],[119.97,-18.1],[119.8,-18.2],[119.9,-18.2],[119.97,-18.33],[120.0,-18.4],[120.0,-18.7],[120.27,-18.97],[120.4,-19.1],[120.6,-19.4],[120.8,-19.67],[120.9,-19.8],[121.2,-20.1],[121.33,-20.37],[121.4,-20.5],[121.9,-20.9],[122.23,-21.17],[122.4,-21.3],[122.9,-21.8],[123.3,-22.07],[123.5,-22.2],[124.4,-22.6],[124.93,-22.93],[125.2,-23.1],[126.3,-23.5],[126.97,-23.77],[127.3,-23.9],[128.2,-24.4],[128.87,-24.6],[129.2,-24.7],[130.2,-25.2],[131.27,-25.6],[131.8,-25.8],[133.4,-26.3],[134.33,-26.5],[134.8,-26.6],[137.38,-26.77],[140.48,-26.97],[141.0,-27.0],[144.33,-26.17],[148.33,-25.17],[149.0,-25.0],[151.08,-25.42],[153.58,-25.92],[154.0,-26.0],[155.25,-25.17],[156.75,-24.17],[157.0,-24.0],[159.5,-23.58],[162.5,-23.08],[163.0,-23.0]]},"properties":{"stormId":"AU199596_04U","name":"GERTIE","start":"1995-12-17 07:00","end":"1995-12-24 13:00","positions":73,"minCentralPressure":965.0,"maxWindSpeed":38.6,"source":"Bureau of Meteorology Australian Tropical Cyclone Database"}},{"type":"Feature","geometry":{"type":"LineString","coordinates":[[133.0,-14.7],[134.4,-15.0],[135.7,-15.3],[137.4,-15.6],[138.2,-15.7],[138.5,-15.3],[138.7,-15.0],[138.8,-14.8],[139.2,-14.8],[139.6,-14.9],[140.0,-15.0],[140.5,-15.6],[140.9,-16.0],[141.28,-16.45],[141.4,-16.6],[141.4,-16.9],[141.6,-17.1],[141.9,-17.3],[142.1,-17.6],[142.3,-17.9],[142.5,-18.1],[142.5,-18.8],[143.2,-19.3],[143.6,-19.8],[144.1,-20.2],[144.5,-21.0],[146.0,-21.9],[147.2,-22.9],[148.7,-23.8],[149.2,-24.2]]},"properties":{"stormId":"AU199596_05U","name":"BARRY","start":"1996-01-02 06:00","end":"1996-01-09 06:00","positions":30,"minCentralPressure":950.0,"maxWindSpeed":51.4,"source":"Bureau of Meteorology Australian Tropical Cyclone Database"}},{"type":"Feature","geometry":{"type":"LineString","coordinates":[[99.6,-10.2],[99.27,-10.27],[99.1,-10.3],[98.8,-10.5],[98.6,-10.63],[98.5,-10.7],[98.2,-10.9],[97.93,-10.97],[97.8,-11.0],[97.5,-11.1],[97.23,-11.17],[97.1,-11.2],[96.7,-11.3],[96.5,-11.37],[96.4,-11.4],[96.0,-11.5],[95.73,-11.7],[95.6,-11.8],[95.2,-12.0],[94.73,-12.13],[94.5,-12.2],[94.0,-12.5],[93.67,-12.77],[93.5,-12.9],[92.9,-13.2],[92.57,-13.47],[92.4,-13.6],[91.8,-13.7],[91.47,-13.77],[91.3,-13.8],[90.8,-13.8],[90.47,-13.8],[90.3,-13.8],[89.8,-13.9],[89.47,-13.97],[89.3,-14.0],[88.8,-14.2],[88.3,-14.4],[87.7,-14.6],[87.1,-14.8],[86.3,-14.8],[85.9,-14.8],[85.3,-14.7],[84.8,-14.6],[84.3,-14.5],[83.8,-14.4],[83.2,-14.4],[82.5,-14.6],[81.8,-14.7],[81.1,-14.8],[80.4,-14.8],[79.7,-14.9],[79.0,-14.9],[78.3,-15.0],[77.6,-15.0],[76.9,-15.0],[76.2,-15.0],[75.5,-15.0]]},"properties":{"stormId":"AU199596_06U","name":"HUBERT","start":"1996-01-06 22:00","end":"1996-01-12 13:00","positions":58,"minCentralPressure":955.0,"maxWindSpeed":41.2,"source":"Bureau of Meteorology Australian Tropical Cyclone Database"}},{"type":"Feature","geometry":{"type":"LineString","coordinates":[[148.8,-17.1],[148.0,-17.7],[146.5,-18.0],[146.8,-18.4],[147.6,-18.8],[148.1,-19.5],[148.8,-19.8],[149.4,-19.4],[150.1,-19.2],[151.2,-19.0],[152.4,-18.7],[153.6,-18.4],[154.6,-18.5],[155.7,-18.3],[156.1,-17.6],[157.6,-17.5]]},"properties":{"stormId":"AU199596_07U","name":"CELESTE","start":"1996-01-25 18:00","end":"1996-01-29 12:00","positions":16,"minCentralPressure":965.0,"maxWindSpeed":36.0,"source":"Bureau of Meteorology Australian Tropical Cyclone Database"}},{"type":"Feature","geometry":{"type":"LineString","coordinates":[[122.8,-12.4],[122.22,-12.32],[122.1,-12.3],[121.6,-12.22],[121.5,-12.2],[121.0,-12.12],[120.9,-12.1],[120.32,-12.02],[120.2,-12.0],[119.8,-12.1],[119.6,-12.23],[119.5,-12.3],[119.0,-12.5],[118.73,-12.63],[118.6,-12.7],[118.2,-13.0],[117.93,-13.2],[117.8,-13.3],[117.4,-13.5],[117.13,-13.63],[117.0,-13.7],[116.7,-13.9],[116.5,-13.97],[116.4,-14.0],[116.2,-14.2],[116.2,-14.13],[116.2,-14.1],[116.2,-14.1],[116.2,-14.1],[116.2,-14.1],[116.2,-14.1],[116.13,-14.17],[116.1,-14.2],[115.8,-14.4],[115.67,-14.67],[115.6,-14.8],[115.6,-14.9],[115.6,-15.1],[115.6,-15.2],[115.5,-15.4],[115.43,-15.53],[115.4,-15.6],[115.3,-15.9],[115.1,-16.1],[115.0,-16.2],[115.0,-16.2],[114.93,-16.27],[114.9,-16.3],[114.8,-16.4],[114.8,-16.47],[114.8,-16.5],[114.7,-16.7],[114.7,-16.83],[114.7,-16.9],[114.7,-17.1],[114.63,-17.23],[114.6,-17.3]]},"properties":{"stormId":"AU199596_09U","name":"ISOBEL","start":"1996-01-27 01:00","end":"1996-02-01 01:00","positions":57,"minCentralPressure":995.0,"maxWindSpeed":18.0,"source":"Bureau of Meteorology Australian Tropical Cyclone Database"}},{"type":"Feature","geometry":{"type":"LineString","coordinates":[[140.2,-14.0],[139.7,-14.2],[139.0,-14.7],[138.3,-15.1],[137.7,-15.4],[137.0,-15.6],[136.4,-15.7],[136.3,-15.7],[135.0,-16.6],[133.9,-16.7],[133.3,-16.8],[132.7,-16.9],[131.8,-17.0],[131.1,-16.9],[130.4,-16.7],[130.1,-16.4],[129.9,-16.2],[129.5,-16.0],[129.1,-15.7],[128.5,-15.3],[128.0,-14.8],[127.4,-14.4],[126.37,-13.89],[126.2,-13.8],[125.5,-13.9],[125.17,-14.03],[125.0,-14.1],[124.6,-14.5],[124.33,-14.7],[124.2,-14.8],[123.2,-15.1],[123.13,-15.3],[123.1,-15.4],[122.6,-15.7],[122.2,-15.83],[122.0,-15.9],[121.4,-16.1],[121.0,-16.23],[120.8,-16.3],[120.2,-16.7],[119.87,-16.83],[119.7,-16.9],[119.3,-17.1],[119.03,-17.23],[118.9,-17.3],[118.6,-17.5],[118.4,-17.63],[118.3,-17.7],[117.9,-17.8],[117.57,-17.93],[117.4,-18.0],[117.1,-18.2],[116.9,-18.33],[116.8,-18.4],[116.4,-18.7],[116.07,-18.9],[115.9,-19.0],[115.5,-19.4],[115.17,-19.53],[115.0,-19.6],[114.5,-19.9],[114.17,-20.03],[114.0,-20.1],[113.5,-20.4],[113.17,-20.73],[113.0,-20.9],[112.4,-21.4],[112.0,-21.6],[111.8,-21.7],[111.4,-22.0],[111.13,-22.13],[111.0,-22.2],[110.6,-22.4],[110.4,-22.47],[110.3,-22.5],[110.0,-22.6],[109.8,-22.67],[109.7,-22.7],[109.6,-22.8],[109.6,-22.93],[109.6,-23.0],[109.6,-23.3],[109.53,-23.5],[109.5,-23.6],[109.2,-23.8],[109.0,-23.93],[108.9,-24.0],[108.6,-24.0],[108.4,-24.0],[108.3,-24.0],[108.0,-24.0],[107.87,-24.0],[107.8,-24.0],[107.6,-24.1],[107.47,-24.17],[107.4,-24.2],[107.2,-24.3],[107.07,-24.37],[107.0,-24.4],[106.8,-24.6],[106.67,-24.73],[106.6,-24.8],[106.1,-25.1],[105.83,-25.37],[105.7,-25.5]]},"properties":{"stormId":"AU199596_10U","name":"JACOB","start":"1996-01-27 00:00","end":"1996-02-08 07:00","positions":105,"minCentralPressure":955.0,"maxWindSpeed":43.7,"source":"Bureau of Meteorology Australian Tropical Cyclone Database"}},{"type":"Feature","geometry":{"type":"LineString","coordinates":[[140.2,-14.0],[140.1,-13.6],[140.0,-13.3],[140.0,-13.1],[140.0,-12.9],[140.0,-12.7],[140.1,-12.5],[140.2,-12.3],[140.3,-12.1],[141.4,-12.1],[142.3,-12.3],[143.5,-12.4],[144.9,-12.5],[146.3,-13.0],[147.6,-13.3],[148.5,-13.7],[149.5,-13.9],[150.0,-14.1],[150.5,-14.3],[150.9,-14.6],[150.8,-15.1],[151.0,-15.7]]},"properties":{"stormId":"AU199596_11U","name":"DENNIS","start":"1996-02-13 00:00","end":"1996-02-18 06:00","positions":22,"minCentralPressure":990.0,"maxWindSpeed":20.6,"source":"Bureau of Meteorology Australian Tropical Cyclone Database"}},{"type":"Feature","geometry":{"type":"LineString","coordinates":[[122.8,-17.3],[122.53,-17.23],[122.4,-17.2],[122.0,-17.0],[121.67,-16.93],[121.5,-16.9],[121.1,-16.8],[120.83,-16.73],[120.7,-16.7],[120.3,-16.7],[120.17,-16.63],[120.1,-16.6],[120.0,-16.3],[119.93,-16.1],[119.9,-16.0],[119.8,-15.6],[119.93,-15.47],[120.0,-15.4],[120.1,-15.6],[120.1,-15.87],[120.1,-16.0],[119.7,-16.2],[119.77,-16.13],[119.8,-16.1],[119.8,-16.0],[119.87,-15.93],[119.9,-15.9],[120.0,-15.8],[120.13,-15.8],[120.2,-15.8],[120.4,-15.9],[120.53,-15.97],[120.6,-16.0],[120.9,-16.2],[121.1,-16.4],[121.2,-16.5],[121.2,-16.8],[121.2,-17.0],[121.2,-17.1],[121.1,-17.3],[120.9,-17.37],[120.8,-17.4],[120.8,-17.6],[120.8,-17.8],[120.8,-17.9],[120.6,-18.2],[120.47,-18.4],[120.4,-18.5],[120.2,-18.8],[120.07,-19.07],[120.0,-19.2],[119.9,-19.4],[119.77,-19.67],[119.7,-19.8],[119.5,-20.1],[119.43,-20.37],[119.4,-20.5],[119.4,-20.9],[119.4,-21.17],[119.4,-21.3],[119.6,-21.8],[119.67,-22.13],[119.7,-22.3],[119.8,-22.8],[119.93,-23.2],[120.0,-23.4],[120.2,-24.0],[120.33,-24.4],[120.4,-24.6],[120.6,-25.2],[120.73,-25.53],[120.8,-25.7],[121.2,-26.2],[121.6,-26.6],[121.8,-26.8],[122.4,-27.4],[122.93,-27.87],[123.2,-28.1],[124.2,-28.8],[125.0,-29.27],[125.4,-29.5]]},"properties":{"stormId":"AU199596_12U","name":"KIRSTY","start":"1996-03-07 10:00","end":"1996-03-14 01:00","positions":81,"minCentralPressure":935.0,"maxWindSpeed":51.4,"source":"Bureau of Meteorology Australian Tropical Cyclone Database"}},{"type":"Feature","geometry":{"type":"LineString","coordinates":[[137.9,-15.5],[138.4,-15.4],[138.7,-15.4],[139.0,-15.1],[140.1,-14.7],[140.1,-13.8],[140.3,-13.2],[140.8,-13.1],[141.4,-12.8],[141.8,-12.4],[143.0,-12.2],[144.0,-12.6],[144.7,-13.0],[145.3,-13.3],[145.6,-13.3],[146.0,-13.9],[145.4,-14.4],[144.5,-14.3],[143.5,-14.3],[142.4,-14.8],[141.0,-15.3],[139.5,-15.5],[137.8,-16.3],[136.3,-17.2],[136.3,-17.6]]},"properties":{"stormId":"AU199596_13U","name":"ETHEL","start":"1996-03-07 12:00","end":"1996-03-13 12:00","positions":25,"minCentralPressure":980.0,"maxWindSpeed":30.9,"source":"Bureau of Meteorology Australian Tropical Cyclone Database"}},{"type":"Feature","geometry":{"type":"LineString","coordinates":[[133.0,-8.5],[132.33,-8.67],[132.2,-8.7],[130.95,-8.95],[130.7,-9.0],[130.2,-9.33],[130.1,-9.4],[129.6,-9.73],[129.5,-9.8],[129.25,-10.3],[129.2,-10.4],[128.95,-10.9],[128.9,-11.0],[128.4,-11.92],[128.3,-12.1],[127.72,-12.43],[127.6,-12.5],[126.93,-12.67],[126.8,-12.7],[126.05,-12.78],[125.9,-12.8],[125.4,-12.9],[125.07,-12.9],[124.9,-12.9],[124.4,-13.0],[124.07,-13.07],[123.9,-13.1],[123.3,-13.2],[122.97,-13.27],[122.8,-13.3],[122.3,-13.4],[121.97,-13.47],[121.8,-13.5],[121.2,-13.6],[120.8,-13.67],[120.6,-13.7],[120.2,-13.7],[119.93,-13.7],[119.8,-13.7],[119.4,-13.7],[119.13,-13.7],[119.0,-13.7],[118.6,-13.7],[118.33,-13.7],[118.2,-13.7],[118.0,-13.8],[117.87,-13.87],[117.8,-13.9],[117.6,-14.0],[117.47,-14.13],[117.4,-14.2],[117.2,-14.4],[117.13,-14.53],[117.1,-14.6],[116.9,-14.8],[116.77,-15.0],[116.7,-15.1],[116.3,-15.5],[116.03,-15.83],[115.9,-16.0],[115.6,-16.4],[115.33,-16.73],[115.2,-16.9],[115.0,-17.3],[114.87,-17.57],[114.8,-17.7],[114.8,-18.1],[114.8,-18.5],[114.8,-18.7],[115.0,-19.3],[115.13,-19.63],[115.2,-19.8],[115.5,-20.5],[115.83,-21.1],[116.0,-21.4],[116.6,-22.3],[117.07,-22.97],[117.3,-23.3],[118.0,-24.2],[118.53,-24.8],[118.8,-25.1],[119.8,-26.0],[120.53,-26.6],[120.9,-26.9],[122.1,-27.8],[122.9,-28.47],[123.3,-28.8],[125.0,-29.8],[126.13,-30.4],[126.7,-30.7],[128.5,-31.7],[129.63,-32.43],[130.2,-32.8],[131.9,-33.8]]},"properties":{"stormId":"AU199596_14U","name":"OLIVIA","start":"1996-04-03 13:00","end":"1996-04-12 04:00","positions":94,"minCentralPressure":925.0,"maxWindSpeed":54.0,"source":"Bureau of Meteorology Australian Tropical Cyclone Database"}},{"type":"Feature","geometry":{"type":"LineString","coordinates":[[94.7,-4.8],[94.0,-5.7],[93.3,-6.7],[92.6,-7.7],[92.0,-8.5],[91.5,-9.2],[91.1,-9.8],[90.8,-10.3],[90.5,-10.8],[90.2,-11.4],[89.9,-12.0],[89.7,-12.4],[89.4,-13.0],[89.0,-14.1],[89.7,-15.3],[90.8,-16.5],[92.0,-17.7],[93.6,-18.8],[95.6,-19.5],[97.6,-20.8]]},"properties":{"stormId":"AU199596_15U","name":"JENNA","start":"1996-05-01 18:00","end":"1996-05-06 12:00","positions":20,"minCentralPressure":984.0,"maxWindSpeed":28.3,"source":"Bureau of Meteorology Australian Tropical Cyclone Database"}},{"type":"Feature","geometry":{"type":"LineString","coordinates":[[93.3,-9.3],[93.0,-9.7],[92.8,-10.0],[92.6,-10.3],[92.5,-10.7],[92.4,-11.1],[92.3,-11.4],[92.2,-11.7],[92.1,-12.0],[92.0,-12.2],[92.0,-12.3],[92.0,-12.3],[92.0,-12.3],[92.0,-12.3],[92.1,-12.3],[92.2,-12.4],[92.3,-12.4],[92.4,-12.5],[92.5,-12.5],[92.6,-12.6],[92.7,-12.7],[92.9,-12.9],[93.2,-13.2],[93.5,-13.5],[93.8,-13.8],[94.1,-14.1],[94.4,-14.4],[94.7,-14.7],[95.0,-15.0],[95.3,-15.3]]},"properties":{"stormId":"AU199697_01U","name":"LINDSAY","start":"1996-07-09 10:00","end":"1996-07-13 00:00","positions":30,"minCentralPressure":990.0,"maxWindSpeed":20.6,"source":"Bureau of Meteorology Australian Tropical Cyclone Database"}},{"type":"Feature","geometry":{"type":"LineString","coordinates":[[97.8,-9.1],[97.68,-9.13],[97.33,-9.23],[97.1,-9.3],[96.98,-9.35],[96.63,-9.5],[96.4,-9.6],[96.33,-9.65],[96.13,-9.8],[96.0,-9.9],[95.91,-9.94],[95.64,-10.08],[95.6,-10.1],[95.4,-10.1],[95.38,-10.08],[95.33,-10.03],[95.3,-10.0],[95.23,-9.93],[95.2,-9.9],[94.76,-9.57],[94.4,-9.3],[94.13,-9.2],[93.6,-9.0],[93.27,-8.9],[92.6,-8.7],[92.33,-8.63],[92.2,-8.6],[91.8,-8.6],[91.53,-8.6],[91.0,-8.6],[90.73,-8.6],[90.2,-8.6],[89.93,-8.6],[89.4,-8.6],[89.13,-8.6],[89.0,-8.6],[88.7,-8.6],[88.53,-8.63],[88.2,-8.7],[88.03,-8.82],[87.53,-9.17],[87.2,-9.4],[87.07,-9.4],[86.8,-9.4],[86.73,-9.8],[86.7,-10.0],[86.6,-10.1],[86.4,-10.13],[86.0,-10.2],[85.87,-10.23],[85.6,-10.3],[85.53,-10.33],[85.4,-10.4],[85.33,-10.4],[85.2,-10.4],[85.13,-10.43],[84.93,-10.51],[84.73,-10.59],[84.7,-10.6],[84.5,-10.6],[84.3,-10.67],[84.2,-10.7],[83.9,-10.9],[83.67,-10.97],[82.97,-11.17],[82.5,-11.3],[82.23,-11.34],[81.43,-11.48],[81.3,-11.5],[80.9,-11.6],[80.67,-11.63],[80.2,-11.7]]},"properties":{"stormId":"AU199697_02U","name":"MELANIE","start":"1996-10-28 10:00","end":"1996-11-06 16:00","positions":72,"minCentralPressure":920.0,"maxWindSpeed":56.6,"source":"Bureau of Meteorology Australian Tropical Cyclone Database"}},{"type":"Feature","geometry":{"type":"LineString","coordinates":[[124.5,-11.0],[124.25,-11.42],[124.2,-11.5],[123.95,-11.92],[123.9,-12.0],[123.9,-12.3],[123.83,-12.57],[123.8,-12.7],[123.8,-13.0],[123.73,-13.2],[123.7,-13.3],[123.6,-13.6],[123.6,-13.8],[123.6,-13.9],[123.5,-14.2],[123.5,-14.33],[123.5,-14.4],[123.5,-14.7],[123.5,-14.83],[123.5,-14.9],[123.5,-15.2],[123.5,-15.4],[123.5,-15.5],[123.5,-15.9],[123.35,-16.12],[123.27,-16.23],[123.21,-16.58],[123.28,-16.77],[123.32,-16.87],[123.44,-17.2],[123.52,-17.34],[123.56,-17.41],[123.61,-17.68],[123.62,-17.74],[123.67,-18.05],[123.68,-18.11],[123.7,-18.52],[123.7,-18.6],[123.78,-19.02],[123.8,-19.1],[123.88,-19.6],[123.9,-19.7]]},"properties":{"stormId":"AU199697_03U","name":"NICHOLAS","start":"1996-12-12 07:00","end":"1996-12-16 07:00","positions":42,"minCentralPressure":985.0,"maxWindSpeed":23.2,"source":"Bureau of Meteorology Australian Tropical Cyclone Database"}},{"type":"Feature","geometry":{"type":"LineString","coordinates":[[107.9,-9.1],[107.91,-9.1],[107.94,-9.1],[107.98,-9.1],[108.0,-9.1],[108.0,-9.23],[108.0,-9.3],[108.0,-9.6],[108.03,-9.67],[108.1,-9.8],[108.17,-9.8],[108.3,-9.8],[108.37,-9.8],[108.4,-9.8],[108.6,-10.1],[108.6,-10.17],[108.6,-10.2],[108.7,-10.4],[108.87,-10.57],[109.2,-10.9],[109.47,-11.03],[110.0,-11.3],[110.27,-11.5],[110.4,-11.6],[110.8,-12.0],[111.07,-12.2],[111.2,-12.3],[111.7,-12.6],[112.0,-12.73],[112.6,-13.0],[112.93,-13.1],[113.6,-13.3],[114.6,-13.6],[114.93,-13.67],[115.1,-13.7],[115.5,-13.7],[115.7,-13.73],[116.1,-13.8],[116.27,-13.8],[116.6,-13.8],[116.77,-13.8],[117.1,-13.8],[117.3,-13.8],[117.4,-13.8],[117.6,-14.1],[117.57,-14.23],[117.5,-14.5],[117.47,-14.63],[117.4,-14.9],[117.33,-15.03],[117.2,-15.3],[117.07,-15.4],[116.8,-15.6]]},"properties":{"stormId":"AU199697_04U","name":"OPHELIA","start":"1996-12-13 10:00","end":"1996-12-19 10:00","positions":53,"minCentralPressure":980.0,"maxWindSpeed":28.3,"source":"Bureau of Meteorology Australian Tropical Cyclone Database"}},{"type":"Feature","geometry":{"type":"LineString","coordinates":[[160.1,-12.6],[159.9,-12.8],[160.0,-12.8],[159.6,-13.2],[159.5,-13.2],[158.8,-12.7],[157.9,-12.9],[158.0,-11.6],[159.1,-11.2],[159.6,-11.1],[159.9,-11.5],[160.7,-11.6],[160.8,-11.8],[161.6,-12.0],[162.7,-12.5],[163.8,-13.5],[164.9,-15.3],[165.9,-16.3],[167.1,-17.4],[168.0,-19.0],[169.3,-20.1]]},"properties":{"stormId":"AU199697_05U","name":"FERGUS","start":"1996-12-23 06:00","end":"1996-12-28 06:00","positions":21,"minCentralPressure":955.0,"maxWindSpeed":43.7,"source":"Bureau of Meteorology Australian Tropical Cyclone Database"}},{"type":"Feature","geometry":{"type":"LineString","coordinates":[[138.8,-12.3],[139.1,-12.4],[139.3,-12.5],[139.5,-12.8],[139.3,-13.2],[138.9,-13.4],[138.3,-13.5],[137.6,-13.5],[137.0,-13.4],[136.4,-13.4],[136.1,-13.3],[135.8,-13.3],[134.95,-13.41],[133.25,-13.64],[131.55,-13.86],[129.85,-14.09],[129.0,-14.2],[128.2,-14.5],[127.3,-14.8],[126.5,-14.9],[125.4,-15.0],[124.9,-15.1],[124.0,-15.2],[123.6,-15.2],[123.4,-15.2],[122.9,-15.2],[122.57,-15.27],[122.4,-15.3],[121.8,-15.3],[121.47,-15.3],[121.3,-15.3],[120.7,-15.4],[120.5,-15.4],[120.4,-15.4],[120.1,-15.4],[119.9,-15.47],[119.8,-15.5],[119.7,-15.5],[119.63,-15.5],[119.6,-15.5],[119.5,-15.7],[119.37,-15.83],[119.3,-15.9],[119.1,-16.1],[118.97,-16.23],[118.9,-16.3],[118.6,-16.6],[118.33,-16.8],[118.2,-16.9],[117.7,-17.1],[117.57,-17.1],[117.5,-17.1],[117.1,-17.1],[116.9,-17.1],[116.8,-17.1],[116.5,-17.1],[116.23,-17.17],[116.1,-17.2],[115.7,-17.5],[115.43,-17.63],[115.3,-17.7],[115.0,-17.8],[114.73,-17.8],[114.6,-17.8],[114.1,-17.7],[113.83,-17.63],[113.7,-17.6],[113.3,-17.5],[112.97,-17.43],[112.8,-17.4],[112.3,-17.5],[111.97,-17.57],[111.8,-17.6],[111.13,-17.41],[110.33,-17.17],[109.53,-17.0],[109.4,-16.9],[108.55,-17.1],[107.52,-17.5],[106.5,-17.9],[105.47,-18.5],[105.3,-18.6]]},"properties":{"stormId":"AU199697_06U","name":"PHIL","start":"1996-12-24 00:00","end":"1997-01-03 01:00","positions":82,"minCentralPressure":975.0,"maxWindSpeed":30.9,"source":"Bureau of Meteorology Australian Tropical Cyclone Database"}},{"type":"Feature","geometry":{"type":"LineString","coordinates":[[133.3,-12.5],[133.0,-12.2],[132.7,-11.9],[132.3,-11.6],[131.9,-11.3],[131.4,-11.1],[130.9,-11.0],[130.1,-11.1],[129.9,-11.7],[129.5,-12.1],[128.3,-12.9],[127.3,-13.4],[127.4,-13.7],[127.1,-13.9],[126.5,-13.9],[126.3,-14.2],[126.2,-14.3],[125.5,-14.7],[125.0,-15.0],[124.7,-15.53],[124.6,-15.7],[123.85,-15.99],[122.95,-16.34],[122.8,-16.4],[122.4,-16.8],[122.2,-16.93],[122.1,-17.0],[121.9,-17.1],[121.77,-17.17],[121.7,-17.2],[121.5,-17.3],[121.37,-17.43],[121.3,-17.5],[121.1,-17.7],[120.83,-17.77],[120.7,-17.8],[120.4,-18.0],[120.27,-18.13],[120.2,-18.2],[120.0,-18.3],[119.87,-18.43],[119.8,-18.5],[119.5,-18.8],[119.37,-19.0],[119.3,-19.1],[119.0,-19.4],[118.73,-19.53],[118.6,-19.6],[118.5,-19.8],[118.57,-20.0],[118.6,-20.1],[118.6,-20.3],[118.6,-20.6],[118.6,-20.87],[118.6,-21.0],[118.6,-21.4],[118.6,-21.67],[118.6,-21.8],[118.7,-22.1],[118.77,-22.37],[118.8,-22.5],[118.9,-22.9],[118.97,-23.17],[119.0,-23.3],[119.1,-23.8],[119.17,-24.13],[119.2,-24.3],[119.4,-24.7],[119.53,-24.97],[119.6,-25.1],[119.9,-25.4],[120.17,-25.6],[120.3,-25.7],[120.88,-26.03],[121.0,-26.1],[121.58,-26.52],[121.7,-26.6],[122.24,-26.98],[122.89,-27.43],[123.0,-27.5]]},"properties":{"stormId":"AU199697_07U","name":"RACHEL","start":"1997-01-01 00:00","end":"1997-01-10 01:00","positions":80,"minCentralPressure":965.0,"maxWindSpeed":36.0,"source":"Bureau of Meteorology Australian Tropical Cyclone Database"}},{"type":"Feature","geometry":{"type":"LineString","coordinates":[[162.5,-15.1],[161.5,-14.8],[160.7,-15.2],[160.2,-15.6],[159.6,-15.3],[159.5,-15.2],[159.2,-15.6],[158.9,-15.8],[158.5,-16.1],[158.6,-16.5],[158.7,-17.0],[159.4,-17.4],[160.1,-17.9],[161.0,-18.1],[162.3,-19.4],[163.3,-20.2],[164.4,-20.9],[165.3,-22.2],[166.5,-23.5],[167.0,-25.3],[167.4,-26.3],[168.3,-28.1]]},"properties":{"stormId":"AU199697_08U","name":"DRENA","start":"1997-01-03 18:00","end":"1997-01-09 00:00","positions":22,"minCentralPressure":935.0,"maxWindSpeed":46.3,"source":"Bureau of Meteorology Australian Tropical Cyclone Database"}},{"type":"Feature","geometry":{"type":"LineString","coordinates":[[96.2,-9.6],[96.08,-9.54],[95.93,-9.46],[95.77,-9.39],[95.63,-9.31],[95.6,-9.3],[95.85,-9.47],[95.9,-9.5],[95.98,-9.58],[96.0,-9.6],[96.17,-9.77],[96.2,-9.8],[96.28,-9.97],[96.3,-10.0],[96.2,-10.2],[96.27,-10.4],[96.3,-10.5],[96.2,-10.8],[96.0,-11.0],[95.9,-11.1],[95.7,-11.3],[95.5,-11.43],[95.4,-11.5],[95.1,-11.7],[94.9,-11.83],[94.8,-11.9],[94.5,-12.2],[94.23,-12.33],[94.1,-12.4],[93.6,-12.6],[93.27,-12.67],[93.1,-12.7],[92.6,-12.8],[92.27,-12.87],[92.1,-12.9],[91.7,-13.0],[91.43,-13.07],[91.3,-13.1],[91.0,-13.1],[90.7,-13.2],[90.5,-13.2],[90.3,-13.2],[90.1,-13.3],[89.9,-13.3],[89.7,-13.4],[89.7,-13.4],[89.7,-13.5],[89.8,-13.6],[89.9,-13.7],[90.0,-13.9],[90.1,-14.0],[90.2,-14.1],[90.2,-14.1],[90.2,-14.1],[90.3,-14.2],[90.4,-14.3],[90.5,-14.4],[90.6,-14.5],[90.6,-14.53],[90.6,-14.6],[90.63,-14.63],[90.7,-14.7],[90.7,-14.7],[90.7,-14.7],[90.4,-14.6],[90.53,-14.47],[90.6,-14.4],[90.6,-14.2],[90.6,-14.03],[90.6,-13.7],[90.6,-13.57],[90.6,-13.3],[90.6,-13.17],[90.6,-12.9],[90.6,-12.7],[90.6,-12.6],[90.9,-12.0],[90.97,-11.73],[91.1,-11.2],[91.17,-10.93],[91.3,-10.4],[91.37,-10.27],[91.5,-10.0],[91.53,-10.0],[91.6,-10.0],[91.7,-10.03],[91.9,-10.1],[92.07,-10.17],[92.4,-10.3],[92.6,-10.5],[92.7,-10.6],[92.9,-11.0],[93.03,-11.27],[93.1,-11.4],[93.1,-11.8],[93.03,-12.07],[92.9,-12.6],[92.8,-12.83],[92.6,-13.3],[92.47,-13.57],[92.4,-13.7],[92.1,-14.0],[91.8,-14.13],[91.2,-14.4],[90.93,-14.5],[90.4,-14.7],[90.13,-14.8],[89.6,-15.0],[89.33,-15.07],[88.8,-15.2],[88.6,-15.2],[88.5,-15.2],[88.1,-15.2],[87.9,-15.17],[87.5,-15.1],[87.3,-15.1],[86.9,-15.1],[86.7,-15.03],[86.6,-15.0],[86.3,-15.0],[86.1,-15.0],[86.0,-15.0],[85.7,-15.1],[85.57,-15.2],[85.3,-15.4],[85.2,-15.47],[85.0,-15.6],[84.93,-15.73],[84.9,-15.8],[84.9,-16.0],[84.97,-16.2],[85.0,-16.3],[85.2,-16.6],[85.3,-16.73],[85.5,-17.0],[85.57,-17.1],[85.7,-17.3],[85.77,-17.4],[85.9,-17.6],[85.98,-17.65],[86.23,-17.8],[86.4,-17.9],[86.5,-17.95],[86.8,-18.1],[87.0,-18.2],[86.76,-18.3],[86.03,-18.6],[84.1,-19.4]]},"properties":{"stormId":"AU199697_09U","name":"PANCHO","start":"1997-01-18 07:00","end":"1997-02-05 04:00","positions":148,"minCentralPressure":915.0,"maxWindSpeed":59.2,"source":"Bureau of Meteorology Australian Tropical Cyclone Database"}},{"type":"Feature","geometry":{"type":"LineString","coordinates":[[152.0,-12.1],[151.0,-12.2],[150.7,-12.5],[150.3,-13.6],[149.9,-14.2],[149.8,-14.8],[149.7,-15.5],[149.6,-15.9],[149.4,-16.3],[148.9,-16.7],[148.7,-17.3],[147.8,-17.8],[147.1,-18.5],[147.0,-18.7],[146.8,-19.2]]},"properties":{"stormId":"AU199697_10U","name":"GILLIAN","start":"1997-02-09 00:00","end":"1997-02-12 12:00","positions":15,"minCentralPressure":995.0,"maxWindSpeed":23.2,"source":"Bureau of Meteorology Australian Tropical Cyclone Database"}},{"type":"Feature","geometry":{"type":"LineString","coordinates":[[147.6,-13.9],[147.9,-14.4],[148.4,-15.2],[149.0,-16.2],[148.6,-17.2],[147.9,-18.1],[147.3,-19.3],[147.0,-21.0],[146.8,-23.0]]},"properties":{"stormId":"AU199697_11U","name":"ITA","start":"1997-02-23 00:00","end":"1997-02-25 00:00","positions":9,"minCentralPressure":994.0,"maxWindSpeed":23.2,"source":"Bureau of Meteorology Australian Tropical Cyclone Database"}},{"type":"Feature","geometry":{"type":"LineString","coordinates":[[155.0,-17.2],[154.6,-17.2],[154.0,-17.1],[153.5,-17.0],[152.7,-16.6],[152.5,-16.5],[152.5,-16.5],[151.9,-16.7],[151.9,-16.7],[151.9,-17.0],[151.9,-17.3],[151.3,-17.2],[151.2,-17.5],[151.2,-17.3],[151.3,-17.0],[151.4,-16.8],[151.5,-16.6],[151.6,-16.6],[151.7,-16.7],[151.8,-16.7],[151.8,-16.7],[151.9,-16.6],[151.9,-16.5],[151.8,-16.2],[151.8,-16.1],[151.8,-16.1],[151.9,-15.8],[152.0,-15.5],[152.2,-15.3],[152.5,-14.9],[152.3,-14.2],[152.2,-13.6],[152.2,-13.0],[152.6,-12.6],[153.2,-12.3],[153.7,-12.0],[154.2,-11.7],[154.6,-11.3],[155.1,-11.6],[156.0,-11.9],[156.0,-12.2],[155.9,-12.3],[155.9,-12.5],[155.7,-13.0],[155.5,-12.4],[155.5,-12.5],[155.1,-13.0],[154.8,-12.3],[155.4,-11.9],[155.2,-11.9],[154.7,-12.0],[154.3,-12.2],[154.0,-12.4],[153.6,-12.5],[152.7,-13.1],[152.1,-13.6],[151.4,-14.1],[150.6,-14.6],[149.7,-14.9],[148.9,-15.2],[148.1,-15.4],[147.3,-15.6],[147.1,-16.0],[146.7,-16.5],[146.0,-16.7],[145.6,-16.8],[145.3,-16.9],[145.0,-17.0],[144.8,-17.4],[144.9,-17.6],[145.5,-18.1],[145.9,-18.6],[146.7,-19.0],[147.3,-19.2],[147.5,-19.3],[148.2,-19.6],[149.1,-20.1],[149.7,-20.3],[150.6,-20.5],[151.4,-20.7]]},"properties":{"stormId":"AU199697_12U","name":"JUSTIN","start":"1997-03-06 00:00","end":"1997-03-25 06:00","positions":80,"minCentralPressure":955.0,"maxWindSpeed":41.2,"source":"Bureau of Meteorology Australian Tropical Cyclone Database"}},{"type":"Feature","geometry":{"type":"LineString","coordinates":[[84.5,-11.0],[85.54,-11.0],[86.79,-11.0],[87.0,-11.0],[88.29,-11.21],[89.84,-11.46],[90.1,-11.5],[90.6,-11.72],[91.0,-11.9],[91.1,-11.93],[91.3,-12.0],[91.37,-12.07],[91.5,-12.2],[91.57,-12.2],[91.7,-12.2],[91.77,-12.27],[91.8,-12.3],[92.0,-12.4],[92.1,-12.43],[92.3,-12.5],[92.47,-12.6],[92.8,-12.8],[92.9,-12.93],[93.1,-13.2],[93.23,-13.33],[93.3,-13.4],[93.8,-13.6],[94.17,-13.83],[94.9,-14.3],[95.23,-14.57],[95.9,-15.1],[96.17,-15.37],[96.3,-15.5],[96.8,-15.9],[97.2,-16.23],[97.4,-16.4],[98.0,-17.0],[98.4,-17.27],[99.2,-17.8],[99.67,-18.1],[100.6,-18.7],[101.0,-18.97],[101.2,-19.1],[101.9,-19.7],[102.4,-20.07],[103.4,-20.8],[103.9,-21.2],[104.9,-22.0],[105.53,-22.37],[106.8,-23.1],[107.33,-23.43],[107.6,-23.6],[108.3,-24.1],[108.77,-24.43],[109.0,-24.6],[109.3,-24.7],[109.5,-24.77],[109.6,-24.8],[109.8,-24.8],[110.0,-24.8],[110.1,-24.8],[110.5,-25.1],[110.7,-25.43],[110.8,-25.6],[111.3,-26.0],[111.6,-26.43],[112.2,-27.3]]},"properties":{"stormId":"AU199697_13U","name":"RHONDA","start":"1997-05-10 01:00","end":"1997-05-17 10:00","positions":67,"minCentralPressure":935.0,"maxWindSpeed":48.9,"source":"Bureau of Meteorology Australian Tropical Cyclone Database"}},{"type":"Feature","geometry":{"type":"LineString","coordinates":[[92.8,-15.7],[92.7,-15.7],[92.7,-15.7],[92.6,-15.7],[92.5,-15.7],[92.4,-15.7],[92.3,-15.7],[92.0,-15.8],[92.0,-16.0],[92.1,-16.3],[92.3,-16.9],[92.4,-17.1],[92.5,-17.6],[92.5,-18.0],[92.4,-18.5],[92.0,-18.7],[91.4,-19.0],[90.8,-19.7],[90.3,-20.5],[89.6,-21.3],[88.2,-22.0],[86.8,-22.7],[85.6,-23.6],[84.2,-24.6],[82.8,-25.5],[81.6,-26.0]]},"properties":{"stormId":"AU199697_14U","name":"UNNAMED","start":"1997-01-07 12:00","end":"1997-01-13 18:00","positions":26,"minCentralPressure":991.0,"maxWindSpeed":25.7,"source":"Bureau of Meteorology Australian Tropical Cyclone Database"}},{"type":"Feature","geometry":{"type":"LineString","coordinates":[[157.8,-13.7],[157.4,-14.2],[156.8,-14.8],[156.3,-15.5],[155.7,-16.2],[155.5,-16.8],[155.5,-17.2],[155.4,-17.6],[155.7,-17.8],[156.0,-18.0],[156.7,-18.4],[157.4,-18.8],[158.2,-19.3],[159.4,-19.9],[160.8,-20.4],[161.9,-21.2],[162.5,-21.9],[163.2,-22.8],[164.2,-24.3],[164.5,-25.5],[164.5,-27.2],[164.5,-29.2],[165.3,-30.1],[165.5,-31.5],[166.1,-32.6],[166.8,-33.4]]},"properties":{"stormId":"AU199697_15U","name":"HAROLD","start":"1997-02-16 06:00","end":"1997-02-22 12:00","positions":26,"minCentralPressure":975.0,"maxWindSpeed":30.9,"source":"Bureau of Meteorology Australian Tropical Cyclone Database"}},{"type":"Feature","geometry":{"type":"LineString","coordinates":[[165.2,-11.2],[164.5,-11.7],[163.4,-12.0],[162.7,-12.4],[162.2,-13.5],[161.0,-14.6],[160.3,-15.2],[159.6,-16.1],[159.3,-16.5],[158.9,-17.1],[158.4,-18.5],[158.3,-19.7],[158.5,-20.6],[158.5,-20.6]]},"properties":{"stormId":"AU199798_01U","name":"NUTE","start":"1997-11-18 00:00","end":"1997-11-21 06:00","positions":14,"minCentralPressure":975.0,"maxWindSpeed":30.9,"source":"Bureau of Meteorology Australian Tropical Cyclone Database"}},{"type":"Feature","geometry":{"type":"LineString","coordinates":[[130.1,-13.2],[129.7,-12.7],[129.8,-12.2],[130.2,-11.6],[131.2,-11.1],[132.2,-10.9],[132.6,-11.0],[132.9,-11.0],[133.8,-11.3],[134.9,-11.6],[135.7,-12.1],[136.2,-12.2],[136.3,-12.4],[137.0,-12.8],[137.6,-13.3],[138.0,-14.0],[138.5,-14.9],[138.8,-15.9],[138.8,-16.2],[138.8,-16.4],[138.0,-16.5],[137.2,-16.3]]},"properties":{"stormId":"AU199798_02U","name":"SID","start":"1997-12-24 18:00","end":"1997-12-29 00:00","positions":22,"minCentralPressure":985.0,"maxWindSpeed":23.2,"source":"Bureau of Meteorology Australian Tropical Cyclone Database"}},{"type":"Feature","geometry":{"type":"LineString","coordinates":[[110.9,-11.9],[111.0,-11.9],[111.2,-11.9],[111.4,-11.93],[111.8,-12.0],[111.8,-12.23],[111.8,-12.7],[111.7,-12.93],[111.5,-13.4],[111.33,-13.6],[111.0,-14.0],[110.87,-14.17],[110.6,-14.5],[110.4,-14.67],[110.0,-15.0],[109.8,-15.03],[109.4,-15.1],[109.27,-15.23],[109.0,-15.5],[108.8,-15.63],[108.4,-15.9],[108.27,-16.03],[108.0,-16.3],[107.77,-16.33],[107.3,-16.4],[107.03,-16.6],[106.5,-17.0],[106.23,-17.1],[105.7,-17.3],[105.4,-17.27],[104.8,-17.2],[104.53,-17.17],[104.0,-17.1],[103.73,-17.1],[103.2,-17.1],[102.87,-17.07],[102.2,-17.0],[101.93,-16.9],[101.4,-16.7],[101.17,-16.63],[100.7,-16.5],[100.43,-16.47],[99.9,-16.4],[99.63,-16.4],[99.1,-16.4],[98.83,-16.43],[98.3,-16.5],[97.97,-16.5],[97.3,-16.5],[96.97,-16.53],[96.3,-16.6],[95.97,-16.7],[95.3,-16.9],[95.0,-17.0],[94.4,-17.2],[94.1,-17.33],[93.5,-17.6],[93.07,-17.73],[92.2,-18.0],[91.73,-18.1],[90.8,-18.3],[90.4,-18.47],[89.6,-18.8],[89.4,-18.97],[89.0,-19.3],[88.77,-19.43],[88.3,-19.7]]},"properties":{"stormId":"AU199798_03U","name":"SELWYN","start":"1997-12-25 16:00","end":"1998-01-02 22:00","positions":67,"minCentralPressure":960.0,"maxWindSpeed":38.6,"source":"Bureau of Meteorology Australian Tropical Cyclone Database"}},{"type":"Feature","geometry":{"type":"LineString","coordinates":[[151.1,-14.6],[151.6,-14.9],[152.0,-15.0],[152.5,-15.5],[153.3,-16.0],[153.2,-16.7],[152.3,-16.9],[151.9,-16.4],[151.8,-15.7],[152.3,-15.1],[152.7,-14.9],[153.1,-14.9],[153.5,-14.9],[153.8,-14.9],[154.4,-15.2],[155.1,-15.4],[155.7,-15.2],[156.4,-14.8],[156.9,-14.5],[157.5,-14.2],[158.3,-13.7],[159.0,-13.2],[159.7,-12.7],[161.0,-12.6],[161.8,-12.8],[162.2,-13.1],[163.0,-13.5],[163.9,-14.1],[164.5,-14.5],[164.5,-15.0],[164.7,-15.2],[164.9,-15.7],[165.0,-15.8],[164.7,-15.8],[164.3,-15.7],[164.0,-15.5],[163.2,-15.4],[162.5,-15.0],[162.0,-14.8],[161.0,-14.5],[160.2,-14.2],[159.9,-13.9],[159.8,-13.4],[159.6,-13.2],[158.7,-13.3],[158.0,-13.6],[157.2,-13.7],[156.3,-13.9],[155.4,-13.8],[154.3,-13.7],[153.3,-13.7],[152.4,-13.6],[151.6,-13.6],[150.2,-13.7],[150.2,-13.7],[150.0,-13.6],[149.7,-14.0],[149.4,-14.5],[149.1,-15.1],[149.2,-15.3],[149.0,-15.7],[149.0,-15.8],[148.9,-16.1],[148.6,-16.4],[148.3,-16.6],[148.4,-16.3],[149.0,-16.6],[149.3,-16.7],[149.7,-16.7],[149.9,-16.8],[150.1,-17.1],[150.8,-17.3],[151.5,-17.6],[152.1,-17.9],[152.6,-18.4],[153.0,-19.4],[154.0,-20.1],[154.0,-20.5],[154.1,-21.0],[154.5,-21.5],[154.9,-21.9],[155.2,-21.9],[155.4,-22.0],[155.9,-21.8],[156.1,-21.6],[156.2,-21.0],[156.1,-20.4],[155.2,-19.7],[154.8,-19.0],[154.4,-18.5],[153.9,-18.1],[153.1,-18.0],[153.0,-18.1],[152.7,-18.3],[152.4,-18.5],[152.0,-18.5]]},"properties":{"stormId":"AU199798_04U","name":"KATRINA","start":"1998-01-01 12:00","end":"1998-01-25 06:00","positions":96,"minCentralPressure":940.0,"maxWindSpeed":46.3,"source":"Bureau of Meteorology Australian Tropical Cyclone Database"}},{"type":"Feature","geometry":{"type":"LineString","coordinates":[[124.5,-15.0],[124.58,-15.17],[124.83,-15.67],[125.0,-16.0],[124.9,-16.1],[124.7,-16.3],[124.57,-16.33],[124.3,-16.4],[124.17,-16.47],[123.9,-16.6],[123.73,-16.63],[123.4,-16.7],[123.27,-16.73],[123.0,-16.8],[122.87,-16.83],[122.6,-16.9],[122.4,-17.0],[122.0,-17.2],[121.73,-17.17],[121.2,-17.1],[121.0,-17.23],[120.6,-17.5],[120.37,-17.57],[119.9,-17.7],[119.77,-17.77],[119.5,-17.9],[119.37,-18.0],[119.1,-18.2],[119.0,-18.23],[118.8,-18.3],[118.7,-18.33],[118.5,-18.4],[118.37,-18.4],[118.3,-18.4],[118.0,-18.4],[117.87,-18.47],[117.8,-18.5],[117.6,-18.6],[117.4,-18.67],[117.3,-18.7],[117.0,-18.9],[116.73,-19.03],[116.6,-19.1],[116.2,-19.2],[115.87,-19.2],[115.7,-19.2],[115.2,-19.1],[114.53,-19.17],[114.2,-19.2],[114.2,-19.2],[113.87,-19.27],[113.2,-19.4],[112.87,-19.47],[112.2,-19.6],[111.87,-19.6],[111.2,-19.6],[110.93,-19.6],[110.4,-19.6],[110.17,-19.6],[109.7,-19.6],[109.5,-19.6],[109.1,-19.6],[108.93,-19.6],[108.6,-19.6],[108.47,-19.57],[108.2,-19.5],[108.03,-19.5],[107.7,-19.5],[107.53,-19.53],[107.2,-19.6],[107.07,-19.6],[106.8,-19.6],[106.67,-19.6],[106.4,-19.6],[106.23,-19.57],[105.9,-19.5],[105.77,-19.47],[105.5,-19.4],[105.4,-19.33],[105.2,-19.2],[105.1,-19.13],[104.9,-19.0],[104.8,-18.9],[104.6,-18.7],[104.5,-18.67],[104.3,-18.6],[103.9,-18.5],[102.7,-18.2],[101.5,-17.9],[100.7,-17.7],[100.4,-17.67],[99.8,-17.6]]},"properties":{"stormId":"AU199798_05U","name":"TIFFANY","start":"1998-01-22 10:00","end":"1998-02-02 10:00","positions":92,"minCentralPressure":940.0,"maxWindSpeed":51.4,"source":"Bureau of Meteorology Australian Tropical Cyclone Database"}},{"type":"Feature","geometry":{"type":"LineString","coordinates":[[142.1,-15.5],[142.3,-15.3],[142.5,-14.9],[142.5,-14.0],[142.5,-13.8],[141.9,-14.3],[141.0,-14.4],[140.4,-14.3],[139.8,-14.2],[139.0,-13.8],[138.4,-13.8],[137.5,-14.0],[136.6,-14.3],[136.3,-14.3],[136.1,-14.4],[135.7,-14.3],[135.0,-14.4],[134.4,-14.4],[134.0,-14.5],[133.4,-14.7],[133.2,-15.2],[133.1,-15.4],[133.0,-15.7],[132.8,-15.7],[132.2,-16.1],[131.2,-15.8],[130.5,-15.4],[130.1,-15.0],[129.8,-14.6],[129.7,-14.2],[129.3,-14.1],[128.8,-14.2],[128.0,-14.3],[127.6,-14.5],[127.2,-14.7],[126.6,-15.0],[126.2,-15.3],[125.1,-15.9],[124.3,-16.2],[123.6,-16.6],[123.2,-16.9],[122.8,-17.2],[122.6,-18.2],[122.7,-18.8]]},"properties":{"stormId":"AU199798_06U","name":"LES","start":"1998-01-22 00:00","end":"1998-02-01 00:00","positions":44,"minCentralPressure":976.0,"maxWindSpeed":30.9,"source":"Bureau of Meteorology Australian Tropical Cyclone Database"}},{"type":"Feature","geometry":{"type":"LineString","coordinates":[[133.6,-12.9],[133.35,-12.91],[132.6,-12.93],[131.85,-12.96],[131.1,-12.98],[130.6,-13.0],[130.41,-13.03],[129.83,-13.1],[129.26,-13.18],[128.68,-13.25],[128.3,-13.3],[128.12,-13.3],[127.57,-13.3],[127.02,-13.3],[126.47,-13.3],[126.1,-13.3],[125.83,-13.43],[125.3,-13.7],[125.03,-13.87],[124.5,-14.2],[124.23,-14.3],[123.7,-14.5],[123.47,-14.53],[123.0,-14.6],[122.77,-14.67],[122.3,-14.8],[121.6,-14.9],[121.37,-14.97],[120.9,-15.1],[120.67,-15.13],[120.2,-15.2],[119.93,-15.27],[119.4,-15.4],[119.13,-15.4],[118.6,-15.4],[118.27,-15.4],[117.6,-15.4],[117.3,-15.4],[116.7,-15.4],[116.37,-15.4],[115.7,-15.4],[115.33,-15.33],[114.6,-15.2],[114.27,-15.13],[113.6,-15.0],[113.27,-15.03],[112.6,-15.1],[112.3,-15.2],[111.7,-15.4],[111.33,-15.6],[110.6,-16.0],[110.17,-16.17],[109.3,-16.5],[108.9,-16.7],[108.1,-17.1],[107.67,-17.23],[106.8,-17.5],[106.33,-17.6],[105.4,-17.8],[104.93,-17.9],[104.0,-18.1],[103.47,-18.23],[102.4,-18.5],[101.8,-18.57],[100.6,-18.7],[100.0,-18.8],[98.8,-19.0],[98.2,-19.17],[97.0,-19.5],[96.43,-19.6],[95.3,-19.8],[94.7,-19.93],[93.5,-20.2],[93.0,-20.37],[92.0,-20.7],[91.53,-20.83],[90.6,-21.1],[90.17,-21.27],[89.3,-21.6],[88.77,-21.6],[87.7,-21.6],[87.1,-21.53],[85.9,-21.4],[85.3,-21.37],[84.1,-21.3],[83.47,-21.23],[82.2,-21.1]]},"properties":{"stormId":"AU199798_07U","name":"VICTOR","start":"1998-02-05 04:00","end":"1998-02-17 04:00","positions":87,"minCentralPressure":970.0,"maxWindSpeed":43.7,"source":"Bureau of Meteorology Australian Tropical Cyclone Database"}},{"type":"Feature","geometry":{"type":"LineString","coordinates":[[138.9,-14.3],[138.7,-14.4],[138.5,-15.2],[138.3,-15.6],[138.5,-16.0],[138.8,-16.5],[139.1,-17.0],[138.7,-17.3],[138.5,-17.6]]},"properties":{"stormId":"AU199798_08U","name":"MAY","start":"1998-02-25 00:00","end":"1998-02-26 18:00","positions":9,"minCentralPressure":990.0,"maxWindSpeed":20.6,"source":"Bureau of Meteorology Australian Tropical Cyclone Database"}},{"type":"Feature","geometry":{"type":"LineString","coordinates":[[144.3,-10.7],[143.6,-11.0],[143.4,-11.2],[143.7,-11.2],[143.9,-11.3],[144.2,-11.3],[144.4,-11.3],[144.6,-11.4],[144.9,-11.8],[145.1,-12.5],[145.3,-13.0],[145.7,-13.5],[145.8,-13.9],[146.1,-14.2],[146.4,-14.2],[147.1,-14.0],[147.9,-13.8],[148.6,-13.5],[149.8,-13.3],[151.6,-13.0],[153.4,-12.9],[154.9,-12.8],[155.9,-13.0],[156.7,-13.2],[157.5,-13.7],[158.1,-14.1],[158.4,-14.6],[158.7,-14.8],[158.8,-15.2],[158.6,-15.5],[158.2,-15.9],[157.7,-16.3],[157.3,-16.2],[156.8,-16.1],[156.0,-16.0],[155.1,-15.8]]},"properties":{"stormId":"AU199798_09U","name":"NATHAN","start":"1998-03-20 06:00","end":"1998-03-29 00:00","positions":36,"minCentralPressure":990.0,"maxWindSpeed":25.7,"source":"Bureau of Meteorology Australian Tropical Cyclone Database"}},{"type":"Feature","geometry":{"type":"LineString","coordinates":[[93.0,-11.3],[93.6,-11.9],[93.8,-12.4],[94.0,-12.9],[94.0,-13.2],[94.1,-13.5],[94.2,-13.9],[94.4,-14.2],[94.6,-14.4],[94.8,-14.6],[95.0,-14.7],[95.1,-14.8],[95.2,-14.9],[95.3,-14.9],[95.4,-14.8],[95.5,-14.7],[95.6,-14.6],[95.8,-14.5],[96.0,-14.5],[96.3,-14.5],[96.5,-14.5],[96.5,-14.5],[96.2,-14.4],[95.8,-14.2],[95.5,-14.0],[95.3,-13.9]]},"properties":{"stormId":"AU199899_01U","name":"ZELIA","start":"1998-10-07 06:00","end":"1998-10-10 09:00","positions":26,"minCentralPressure":990.0,"maxWindSpeed":20.6,"source":"Bureau of Meteorology Australian Tropical Cyclone Database"}},{"type":"Feature","geometry":{"type":"LineString","coordinates":[[98.1,-10.2],[98.2,-10.2],[98.4,-10.3],[98.53,-10.3],[98.6,-10.3],[98.8,-10.4],[98.87,-10.4],[98.9,-10.4],[99.0,-10.5],[99.07,-10.5],[99.1,-10.5],[99.2,-10.6],[99.27,-10.8],[99.3,-10.9],[99.2,-11.3],[99.07,-11.63],[99.0,-11.8],[98.6,-12.1],[98.33,-12.3],[98.2,-12.4],[97.7,-12.6],[97.5,-12.73],[97.4,-12.8],[97.0,-13.0],[96.67,-13.13],[96.5,-13.2],[96.0,-13.3],[95.73,-13.43],[95.6,-13.5],[95.2,-13.8],[94.93,-14.0],[94.8,-14.1],[94.5,-14.4],[94.37,-14.53],[94.3,-14.6],[94.0,-14.8],[93.87,-15.0],[93.8,-15.1],[93.6,-15.3],[93.53,-15.57],[93.5,-15.7],[93.4,-16.0],[93.27,-16.2],[93.2,-16.3],[92.9,-16.5],[92.77,-16.63],[92.7,-16.7],[92.5,-17.0],[92.37,-17.2],[92.3,-17.3],[92.1,-17.6],[92.03,-17.8],[92.0,-17.9],[91.9,-18.1],[91.77,-18.23],[91.7,-18.3],[91.6,-18.5],[91.53,-18.63],[91.5,-18.7],[91.4,-18.8],[91.33,-18.87],[91.3,-18.9],[91.2,-19.1],[91.13,-19.1],[91.1,-19.1],[90.9,-18.9],[90.83,-18.77],[90.8,-18.7],[90.72,-18.28],[90.7,-18.2],[90.62,-17.28],[90.6,-17.1],[89.93,-16.6],[89.8,-16.5],[88.8,-15.9]]},"properties":{"stormId":"AU199899_02U","name":"ALISON","start":"1998-11-07 00:00","end":"1998-11-13 10:00","positions":75,"minCentralPressure":955.0,"maxWindSpeed":43.7,"source":"Bureau of Meteorology Australian Tropical Cyclone Database"}},{"type":"Feature","geometry":{"type":"LineString","coordinates":[[138.0,-12.0],[137.6,-11.9],[137.2,-11.8],[136.8,-11.5],[136.4,-11.2],[136.1,-11.1],[135.9,-10.9],[135.7,-10.7],[135.4,-10.4],[135.0,-10.3],[134.7,-10.2],[134.4,-10.1],[134.0,-10.0],[133.5,-9.9],[133.0,-9.7],[132.6,-9.6],[132.3,-9.5],[131.9,-9.3],[131.6,-9.2],[131.3,-9.1],[131.3,-9.1],[131.3,-9.1],[131.3,-9.1],[131.3,-9.2],[131.3,-9.2],[131.3,-9.2],[131.3,-9.2],[131.2,-9.2],[131.2,-9.2],[131.2,-9.2],[131.2,-9.3],[131.2,-9.4],[131.2,-9.6],[131.1,-9.9],[131.0,-10.0],[130.9,-10.3],[130.7,-10.6],[130.4,-10.8],[130.1,-10.9],[130.0,-10.9],[129.8,-11.2],[129.6,-11.4],[129.4,-11.5],[129.2,-11.6],[128.9,-11.7],[128.7,-11.7],[128.5,-11.7],[128.4,-11.8],[128.2,-12.0],[128.0,-12.1],[127.7,-12.2],[127.4,-12.4],[127.1,-12.6],[126.9,-12.8],[126.7,-12.9],[126.4,-13.0],[126.1,-13.2],[125.9,-13.4],[125.7,-13.6],[125.6,-13.8],[125.5,-14.1],[125.2,-14.4],[125.2,-14.7],[125.1,-15.0],[125.0,-15.5],[125.0,-15.8],[125.0,-16.1],[125.0,-16.3],[125.0,-16.5],[124.8,-16.9],[124.7,-17.3],[124.4,-17.8],[124.0,-18.3],[123.5,-18.7],[122.8,-19.0],[122.3,-19.1],[121.8,-19.2],[121.3,-19.3],[120.8,-19.5],[120.4,-19.6],[119.9,-19.8],[119.6,-20.0],[119.4,-20.1]]},"properties":{"stormId":"AU199899_03U","name":"THELMA","start":"1998-12-01 00:00","end":"1998-12-15 00:00","positions":83,"minCentralPressure":920.0,"maxWindSpeed":61.7,"source":"Bureau of Meteorology Australian Tropical Cyclone Database"}},{"type":"Feature","geometry":{"type":"LineString","coordinates":[[120.1,-14.6],[120.07,-15.03],[120.0,-15.9],[119.87,-16.03],[119.8,-16.1],[119.6,-16.3],[119.53,-16.37],[119.5,-16.4],[119.4,-16.5],[119.27,-16.57],[119.2,-16.6],[119.0,-16.7],[118.8,-16.7],[118.7,-16.7],[118.3,-16.8],[118.1,-16.87],[118.0,-16.9],[117.7,-17.0],[117.5,-17.07],[117.4,-17.1],[117.2,-17.4],[117.13,-17.53],[117.1,-17.6],[117.0,-17.8],[116.93,-17.93],[116.9,-18.0],[116.7,-18.3],[116.63,-18.43],[116.6,-18.5],[116.5,-18.6],[116.37,-18.73],[116.3,-18.8],[116.1,-18.9],[115.97,-18.97],[115.9,-19.0],[115.8,-19.1],[115.73,-19.17],[115.7,-19.2],[115.6,-19.3],[115.53,-19.43],[115.5,-19.5],[115.4,-19.8],[115.33,-20.0],[115.3,-20.1],[115.2,-20.3],[115.13,-20.43],[115.1,-20.5],[115.0,-20.7],[115.0,-20.9],[115.0,-21.0],[115.2,-21.3],[115.33,-21.5],[115.4,-21.6]]},"properties":{"stormId":"AU199899_04U","name":"BILLY","start":"1998-12-01 22:00","end":"1998-12-06 07:00","positions":53,"minCentralPressure":965.0,"maxWindSpeed":36.0,"source":"Bureau of Meteorology Australian Tropical Cyclone Database"}},{"type":"Feature","geometry":{"type":"LineString","coordinates":[[100.6,-11.0],[100.6,-11.1],[100.6,-11.3],[100.67,-11.43],[100.7,-11.5],[100.7,-11.8],[100.77,-12.07],[100.8,-12.2],[100.8,-12.6],[100.87,-12.87],[100.9,-13.0],[101.0,-13.3],[101.07,-13.57],[101.1,-13.7],[101.1,-14.2],[100.97,-14.6],[100.9,-14.8],[100.7,-15.3],[100.5,-15.5],[100.4,-15.6],[100.2,-15.7],[100.07,-15.77],[100.0,-15.8],[99.8,-15.9],[99.6,-15.9],[99.5,-15.9],[99.2,-15.9],[99.0,-15.9],[98.9,-15.9],[98.5,-16.1],[98.37,-16.23],[98.3,-16.3],[98.1,-16.5],[97.9,-16.63],[97.8,-16.7],[97.4,-16.8],[97.13,-16.8],[97.0,-16.8],[96.6,-16.8],[96.33,-16.73],[96.2,-16.7],[95.8,-16.7],[95.6,-16.7],[95.5,-16.7],[95.2,-16.6],[95.0,-16.6],[94.9,-16.6],[94.7,-16.5],[94.57,-16.43],[94.5,-16.4],[94.2,-16.3],[94.0,-16.3],[93.9,-16.3],[93.6,-16.2],[93.4,-16.2],[93.3,-16.2],[93.0,-16.1],[92.8,-16.1],[92.7,-16.1],[92.3,-16.0],[91.9,-16.0],[91.7,-16.0],[91.2,-15.9],[90.8,-15.9],[90.6,-15.9],[90.1,-15.9],[89.77,-15.9]]},"properties":{"stormId":"AU199899_05U","name":"CATHY","start":"1998-12-22 18:00","end":"1998-12-28 06:00","positions":67,"minCentralPressure":991.0,"maxWindSpeed":25.7,"source":"Bureau of Meteorology Australian Tropical Cyclone Database"}},{"type":"Feature","geometry":{"type":"LineString","coordinates":[[157.9,-16.9],[158.1,-17.1],[158.3,-17.2],[158.5,-17.5],[158.6,-17.7],[158.7,-18.0],[158.9,-18.7],[159.1,-19.3],[159.4,-19.9]]},"properties":{"stormId":"AU199899_06U","name":"OLINDA","start":"1999-01-20 00:00","end":"1999-01-21 18:00","positions":9,"minCentralPressure":987.0,"maxWindSpeed":23.2,"source":"Bureau of Meteorology Australian Tropical Cyclone Database"}},{"type":"Feature","geometry":{"type":"LineString","coordinates":[[113.3,-12.9],[113.2,-12.9],[112.87,-12.82],[112.8,-12.8],[112.4,-12.8],[112.2,-12.87],[112.1,-12.9],[111.6,-12.9],[111.33,-12.97],[111.2,-13.0],[110.7,-13.1],[110.37,-13.17],[110.2,-13.2],[109.7,-13.2],[109.37,-13.2],[109.2,-13.2],[108.8,-13.2],[108.53,-13.2],[108.4,-13.2],[107.9,-13.3],[107.57,-13.3],[107.4,-13.3],[106.9,-13.4],[106.63,-13.47],[106.5,-13.5],[106.0,-13.6],[105.67,-13.67],[105.5,-13.7],[105.0,-13.9],[104.67,-14.03],[104.5,-14.1],[104.1,-14.3],[103.77,-14.43],[103.6,-14.5],[103.2,-14.6],[102.8,-14.73],[102.6,-14.8],[102.0,-15.0],[101.6,-15.2],[101.4,-15.3],[100.8,-15.5],[100.4,-15.57],[100.2,-15.6],[99.7,-15.8],[99.3,-15.87],[99.1,-15.9],[98.6,-16.0],[98.13,-16.0],[97.9,-16.0],[97.3,-15.9],[96.83,-15.83],[96.6,-15.8],[96.1,-15.7],[95.83,-15.57],[95.7,-15.5],[95.4,-15.3],[95.2,-15.1],[95.0,-14.9],[94.87,-14.77],[94.8,-14.7],[94.6,-14.5],[94.53,-14.43],[94.5,-14.4],[94.3,-14.4],[94.23,-14.4],[94.2,-14.4],[94.1,-14.4],[94.03,-14.47],[94.0,-14.5],[93.9,-14.5],[93.83,-14.57],[93.8,-14.6],[93.5,-14.7],[93.43,-14.7],[93.4,-14.7],[93.0,-15.0],[92.87,-15.13],[92.8,-15.2],[92.4,-15.3],[92.13,-15.5],[92.0,-15.6],[91.6,-15.8],[91.27,-15.93],[91.1,-16.0],[90.5,-16.2],[90.17,-16.33],[90.0,-16.4],[89.5,-16.7],[89.17,-16.9]]},"properties":{"stormId":"AU199899_07U","name":"DAMIEN","start":"1999-01-21 00:00","end":"1999-01-28 12:00","positions":89,"minCentralPressure":950.0,"maxWindSpeed":43.7,"source":"Bureau of Meteorology Australian Tropical Cyclone Database"}},{"type":"Feature","geometry":{"type":"LineString","coordinates":[[149.0,-15.0],[149.5,-15.0],[151.6,-15.0],[151.8,-15.0],[152.3,-15.4],[152.9,-15.8],[153.5,-16.9],[154.9,-18.6],[156.2,-19.9],[157.6,-20.9],[158.8,-21.8],[159.8,-22.8]]},"properties":{"stormId":"AU199899_08U","name":"PETE","start":"1999-01-21 00:00","end":"1999-01-23 18:00","positions":12,"minCentralPressure":985.0,"maxWindSpeed":25.7,"source":"Bureau of Meteorology Australian Tropical Cyclone Database"}},{"type":"Feature","geometry":{"type":"LineString","coordinates":[[146.8,-15.2],[147.0,-15.2],[147.7,-15.0],[147.7,-15.0],[148.4,-15.1],[148.9,-15.5],[148.4,-16.1],[147.8,-16.5],[146.8,-16.7],[145.6,-16.2],[144.6,-16.1],[144.3,-15.8],[144.3,-15.8],[144.7,-15.7],[144.7,-15.7],[145.0,-15.8],[145.0,-15.2]]},"properties":{"stormId":"AU199899_09U","name":"RONA","start":"1999-02-09 11:00","end":"1999-02-12 12:00","positions":17,"minCentralPressure":970.0,"maxWindSpeed":38.6,"source":"Bureau of Meteorology Australian Tropical Cyclone Database"}},{"type":"Feature","geometry":{"type":"LineString","coordinates":[[131.5,-12.5],[131.9,-12.4],[132.0,-12.3],[131.9,-12.0],[132.0,-11.9],[132.2,-11.8],[132.3,-11.8],[131.5,-12.0],[131.1,-12.2],[130.7,-12.3],[130.2,-12.3],[129.7,-12.3],[129.0,-12.4],[127.8,-12.5],[126.7,-12.6],[126.2,-12.6],[125.7,-12.6],[124.9,-12.5],[124.3,-12.5],[123.8,-12.8],[123.4,-13.0],[123.2,-13.1],[122.3,-13.3],[121.9,-13.37],[121.7,-13.4],[121.1,-13.5],[120.7,-13.63],[120.5,-13.7],[120.1,-14.0],[119.83,-14.2],[119.7,-14.3],[119.2,-14.6],[118.87,-14.8],[118.7,-14.9],[118.3,-15.3],[117.97,-15.5],[117.8,-15.6],[117.4,-15.8],[117.2,-15.93],[117.1,-16.0],[117.0,-16.3],[116.87,-16.5],[116.8,-16.6],[116.5,-17.0],[116.3,-17.2],[116.2,-17.3],[115.9,-17.6],[115.7,-17.87],[115.6,-18.0],[115.3,-18.2],[115.1,-18.4],[115.0,-18.5],[114.9,-18.9],[114.8,-19.0],[114.8,-19.2],[114.7,-19.4],[114.6,-19.5],[114.6,-19.6],[114.5,-19.7],[114.5,-19.9],[114.5,-20.0],[114.5,-20.3],[114.5,-20.5],[114.5,-20.7],[114.5,-20.9],[114.5,-21.1],[114.5,-21.4],[114.4,-21.6],[114.4,-21.9],[114.4,-22.1],[114.3,-22.4],[114.4,-22.7],[114.4,-22.9],[114.4,-23.2],[114.5,-23.4],[114.6,-23.7],[114.8,-24.0],[114.9,-24.2],[115.1,-24.5],[115.3,-24.8],[115.5,-25.1],[115.7,-25.4],[116.0,-25.7],[116.33,-26.1],[116.5,-26.3],[117.3,-27.1],[117.97,-27.77],[118.3,-28.1],[120.0,-29.4],[121.33,-30.2],[122.0,-30.6],[124.0,-31.5],[125.4,-32.03],[126.1,-32.3],[128.3,-33.2],[129.87,-33.87],[133.0,-35.2]]},"properties":{"stormId":"AU199899_10U","name":"VANCE","start":"1999-03-14 12:00","end":"1999-03-23 22:00","positions":97,"minCentralPressure":910.0,"maxWindSpeed":61.7,"source":"Bureau of Meteorology Australian Tropical Cyclone Database"}},{"type":"Feature","geometry":{"type":"LineString","coordinates":[[117.6,-13.1],[117.5,-13.1],[117.2,-13.2],[117.07,-13.2],[117.0,-13.2],[116.7,-13.3],[116.53,-13.4],[116.2,-13.6],[116.11,-13.69],[115.84,-13.96],[115.8,-14.0],[115.6,-14.1],[115.47,-14.17],[115.4,-14.2],[115.1,-14.4],[114.83,-14.6],[114.7,-14.7],[114.2,-14.9],[113.87,-15.03],[113.7,-15.1],[113.2,-15.4],[112.87,-15.6],[112.7,-15.7],[112.4,-16.0],[112.13,-16.27],[112.0,-16.4],[111.7,-16.8],[111.57,-17.07],[111.5,-17.2],[111.3,-17.6],[111.17,-17.87],[111.1,-18.0],[110.9,-18.5],[110.83,-18.77],[110.8,-18.9],[110.8,-19.3],[110.8,-19.63],[110.8,-19.8],[110.9,-20.3],[110.97,-20.7],[111.0,-20.9],[111.0,-21.5],[111.0,-21.9],[111.0,-22.1],[111.1,-22.7],[111.1,-23.1],[111.1,-23.3],[111.2,-23.7],[111.27,-24.1],[111.3,-24.3],[111.5,-24.8],[111.7,-25.2],[111.8,-25.4],[112.2,-26.1],[112.6,-26.57],[112.8,-26.8],[113.5,-27.5],[113.97,-27.97],[114.2,-28.2],[115.0,-28.7],[115.6,-28.83],[115.9,-28.9],[117.0,-28.9]]},"properties":{"stormId":"AU199899_11U","name":"ELAINE","start":"1999-03-15 00:00","end":"1999-03-20 10:00","positions":63,"minCentralPressure":945.0,"maxWindSpeed":46.3,"source":"Bureau of Meteorology Australian Tropical Cyclone Database"}},{"type":"Feature","geometry":{"type":"LineString","coordinates":[[119.0,-11.5],[118.0,-11.83],[117.2,-12.1],[116.87,-12.3],[116.7,-12.4],[116.1,-12.6],[115.77,-12.73],[115.6,-12.8],[115.0,-13.0],[114.6,-13.07],[114.4,-13.1],[113.8,-13.3],[113.47,-13.43],[113.3,-13.5],[112.6,-13.5],[112.0,-13.5],[111.7,-13.5],[111.2,-13.9],[110.87,-14.23],[110.7,-14.4],[110.3,-14.6],[109.83,-14.67],[109.6,-14.7],[109.3,-14.7],[109.1,-14.7],[109.0,-14.7],[108.5,-14.8],[108.5,-14.8],[108.5,-14.8],[107.8,-15.1],[107.6,-15.23],[107.5,-15.3],[106.9,-15.6],[106.63,-15.67],[106.5,-15.7],[106.1,-15.7],[105.83,-15.77],[105.7,-15.8],[105.3,-15.8],[104.97,-15.8],[104.8,-15.8],[103.9,-15.9],[103.37,-16.03],[103.1,-16.1],[102.4,-16.2],[101.87,-16.4],[101.6,-16.5],[100.9,-16.7],[100.37,-16.7],[100.1,-16.7],[99.5,-16.9],[99.03,-16.97],[98.8,-17.0],[98.2,-16.9],[97.73,-16.9],[97.5,-16.9],[96.8,-17.1],[96.2,-17.1],[95.9,-17.1],[95.3,-17.2],[95.03,-17.2],[94.9,-17.2],[94.3,-17.2],[93.97,-17.33],[93.8,-17.4],[93.3,-17.4],[92.9,-17.47],[92.7,-17.5],[92.2,-17.6],[91.93,-17.6],[91.8,-17.6],[91.1,-17.6],[90.97,-17.53],[90.9,-17.5],[90.6,-17.5],[90.4,-17.5],[90.3,-17.5],[90.1,-17.6],[89.83,-17.73],[89.7,-17.8],[89.4,-18.0]]},"properties":{"stormId":"AU199899_12U","name":"FREDERIC","start":"1999-03-25 13:00","end":"1999-04-01 10:00","positions":81,"minCentralPressure":920.0,"maxWindSpeed":56.6,"source":"Bureau of Meteorology Australian Tropical Cyclone Database"}},{"type":"Feature","geometry":{"type":"LineString","coordinates":[[131.0,-11.2],[130.55,-11.15],[130.1,-11.1],[129.65,-11.05],[129.2,-11.0],[128.2,-11.08],[127.2,-11.15],[126.2,-11.23],[125.2,-11.3],[124.2,-11.4],[123.2,-11.7],[122.6,-12.0],[122.2,-12.2],[122.0,-12.3],[121.4,-12.5],[121.0,-12.57],[120.8,-12.6],[120.3,-12.7],[119.97,-12.83],[119.8,-12.9],[119.4,-13.1],[119.07,-13.3],[118.9,-13.4],[118.3,-13.7],[118.03,-13.83],[117.9,-13.9],[117.6,-14.2],[117.47,-14.53],[117.4,-14.7],[117.1,-15.2],[116.97,-15.47],[116.9,-15.6],[116.8,-16.1],[116.67,-16.3],[116.6,-16.4],[116.4,-16.6],[116.4,-16.73],[116.4,-16.8],[116.5,-17.1],[116.77,-17.37],[116.9,-17.5],[117.3,-18.1],[117.4,-18.3],[117.5,-18.5],[117.6,-18.7],[117.8,-18.9],[117.9,-19.1],[118.0,-19.2],[118.1,-19.4],[118.2,-19.5],[118.4,-19.6],[118.5,-19.7],[118.7,-19.9],[118.8,-20.1],[118.9,-20.2],[119.0,-20.3],[119.1,-20.4],[119.3,-20.5],[119.5,-20.6],[119.7,-20.6],[119.97,-20.4],[120.1,-20.3],[120.6,-20.0]]},"properties":{"stormId":"AU199899_13U","name":"GWENDA","start":"1999-04-02 00:00","end":"1999-04-08 04:00","positions":63,"minCentralPressure":900.0,"maxWindSpeed":61.7,"source":"Bureau of Meteorology Australian Tropical Cyclone Database"}},{"type":"Feature","geometry":{"type":"LineString","coordinates":[[93.6,-10.5],[93.47,-10.83],[93.4,-11.0],[93.2,-11.4],[93.13,-11.47],[93.1,-11.5],[93.0,-11.6],[92.93,-11.67],[92.9,-11.7],[92.8,-12.0],[92.73,-12.4],[92.7,-12.6],[92.7,-13.1],[92.57,-13.37],[92.5,-13.5],[92.2,-13.7],[91.93,-13.83],[91.8,-13.9],[91.5,-14.0],[91.37,-14.27],[91.3,-14.4],[91.1,-14.7],[90.9,-14.83],[90.8,-14.9],[90.5,-15.2],[90.3,-15.33],[90.2,-15.4],[89.8,-15.6],[89.53,-15.73],[89.4,-15.8],[89.1,-15.9]]},"properties":{"stormId":"AU199899_14U","name":"HAMISH","start":"1999-04-19 10:00","end":"1999-04-21 22:00","positions":31,"minCentralPressure":980.0,"maxWindSpeed":28.3,"source":"Bureau of Meteorology Australian Tropical Cyclone Database"}},{"type":"Feature","geometry":{"type":"LineString","coordinates":[[95.0,-9.0],[95.18,-9.02],[95.73,-9.07],[96.28,-9.12],[96.83,-9.17],[97.2,-9.2],[97.4,-9.23],[97.8,-9.3],[98.0,-9.47],[98.4,-9.8],[98.6,-9.9],[99.0,-10.1],[99.2,-10.23],[99.6,-10.5],[99.83,-10.6],[100.3,-10.8],[100.43,-10.9],[100.7,-11.1],[100.93,-11.17],[101.4,-11.3],[101.63,-11.43],[102.1,-11.7],[102.3,-11.77],[102.7,-11.9],[102.87,-12.0],[103.2,-12.2],[103.37,-12.23],[103.7,-12.3],[103.87,-12.3],[104.2,-12.3],[104.37,-12.3],[104.7,-12.3],[104.93,-12.3],[105.4,-12.3],[105.73,-12.3],[106.4,-12.3],[106.73,-12.3],[107.4,-12.3],[107.73,-12.3],[108.4,-12.3],[108.77,-12.3],[109.5,-12.3],[109.83,-12.3],[110.5,-12.3],[110.83,-12.33],[111.5,-12.4],[111.8,-12.43],[112.4,-12.5],[112.77,-12.57],[113.5,-12.7],[113.83,-12.97],[114.5,-13.5],[114.83,-13.87],[115.5,-14.6],[115.9,-14.93],[116.7,-15.6],[117.23,-16.0],[117.5,-16.2],[118.2,-16.9],[118.43,-17.13],[118.9,-17.6],[119.2,-17.93],[119.8,-18.6],[120.1,-18.93],[120.7,-19.6],[120.9,-19.8],[121.0,-19.9],[121.3,-20.2],[121.5,-20.4]]},"properties":{"stormId":"AU199900_01U","name":"ILSA","start":"1999-12-08 22:00","end":"1999-12-17 12:00","positions":69,"minCentralPressure":980.0,"maxWindSpeed":28.3,"source":"Bureau of Meteorology Australian Tropical Cyclone Database"}},{"type":"Feature","geometry":{"type":"LineString","coordinates":[[122.5,-10.5],[122.1,-10.5],[121.8,-10.63],[121.2,-10.9],[121.07,-11.1],[121.0,-11.2],[120.9,-11.5],[120.83,-11.63],[120.7,-11.9],[120.63,-12.3],[120.6,-12.5],[120.6,-12.6],[120.57,-12.73],[120.5,-13.0],[120.37,-13.1],[120.1,-13.3],[120.07,-13.37],[120.0,-13.5],[120.0,-13.5],[120.0,-13.5],[119.9,-13.6],[119.9,-13.6],[119.9,-13.6],[119.8,-13.7],[119.73,-13.77],[119.7,-13.8],[119.6,-13.9],[119.47,-13.97],[119.4,-14.0],[119.4,-14.2],[119.4,-14.4],[119.4,-14.5],[119.4,-14.8],[119.4,-15.0],[119.4,-15.1],[119.3,-15.3],[119.23,-15.5],[119.2,-15.6],[119.2,-15.9],[119.0,-16.17],[118.9,-16.3],[118.6,-16.6],[118.6,-16.73],[118.6,-16.8],[118.5,-17.1],[118.37,-17.23],[118.3,-17.3],[118.1,-17.5],[118.03,-17.63],[118.0,-17.7],[117.8,-17.9],[117.67,-18.1],[117.6,-18.2],[117.5,-18.5],[117.43,-18.77],[117.4,-18.9],[117.3,-19.2],[117.3,-19.4],[117.3,-19.5],[117.3,-19.8],[117.37,-20.0],[117.4,-20.1],[117.5,-20.5],[117.57,-20.7],[117.6,-20.8],[117.8,-21.2],[117.93,-21.47],[118.0,-21.6],[118.4,-21.9],[118.67,-22.03],[118.8,-22.1],[119.2,-22.4],[119.47,-22.6],[119.6,-22.7],[120.2,-23.1],[120.47,-23.3],[120.6,-23.4]]},"properties":{"stormId":"AU199900_02U","name":"JOHN","start":"1999-12-09 07:00","end":"1999-12-16 01:00","positions":77,"minCentralPressure":915.0,"maxWindSpeed":56.6,"source":"Bureau of Meteorology Australian Tropical Cyclone Database"}},{"type":"Feature","geometry":{"type":"LineString","coordinates":[[99.8,-11.5],[100.2,-11.5],[101.0,-11.5],[101.43,-11.57],[102.3,-11.7],[102.7,-11.83],[103.5,-12.1],[103.93,-12.27],[104.8,-12.6],[105.27,-12.73],[106.2,-13.0],[106.5,-13.03],[107.1,-13.1],[107.5,-13.2],[108.3,-13.4],[108.7,-13.57],[109.5,-13.9],[109.8,-14.2],[110.4,-14.8],[110.63,-15.03],[111.1,-15.5],[111.37,-15.77],[111.9,-16.3],[112.07,-16.47],[112.4,-16.8],[112.4,-16.87],[112.4,-17.0],[112.1,-17.17],[111.5,-17.5],[111.17,-17.63],[110.5,-17.9],[110.33,-18.03],[110.0,-18.3],[109.87,-18.47],[109.6,-18.8],[109.43,-18.93],[109.1,-19.2],[108.87,-19.37],[108.4,-19.7],[108.2,-19.87],[107.8,-20.2],[107.6,-20.37],[107.2,-20.7],[107.03,-20.9],[106.7,-21.3],[106.53,-21.43],[106.2,-21.7],[106.03,-21.87],[105.7,-22.2],[105.67,-22.5],[105.6,-23.1],[105.6,-23.17],[105.6,-23.3],[105.57,-23.37],[105.5,-23.5],[105.47,-23.53],[105.4,-23.6],[105.4,-23.57],[105.4,-23.5],[105.3,-23.37],[105.1,-23.1],[105.08,-23.07],[104.8,-22.7]]},"properties":{"stormId":"AU199900_03U","name":"KIRRILY","start":"2000-01-24 04:00","end":"2000-02-01 22:00","positions":63,"minCentralPressure":975.0,"maxWindSpeed":38.6,"source":"Bureau of Meteorology Australian Tropical Cyclone Database"}},{"type":"Feature","geometry":{"type":"LineString","coordinates":[[115.5,-10.5],[115.23,-10.5],[114.7,-10.5],[114.43,-10.5],[113.9,-10.5],[113.67,-10.5],[113.2,-10.5],[112.97,-10.5],[112.5,-10.5],[112.27,-10.53],[111.8,-10.6],[111.6,-10.67],[111.2,-10.8],[110.97,-10.87],[110.5,-11.0],[110.3,-11.07],[109.9,-11.2],[109.67,-11.3],[109.2,-11.5],[108.83,-11.6],[108.1,-11.8],[107.73,-11.93],[107.0,-12.2],[106.73,-12.3],[106.2,-12.5],[105.9,-12.6],[105.3,-12.8],[105.07,-12.93],[104.6,-13.2],[104.43,-13.37],[104.1,-13.7],[103.93,-13.83],[103.6,-14.1],[103.4,-14.27],[103.0,-14.6],[102.73,-14.77],[102.2,-15.1],[101.9,-15.3],[101.3,-15.7],[101.03,-15.83],[100.5,-16.1],[100.2,-16.33],[99.6,-16.8],[99.37,-16.8],[98.9,-16.8],[98.67,-16.8],[98.2,-16.8],[97.9,-16.83],[97.3,-16.9],[96.87,-16.93],[96.0,-17.0],[95.5,-17.1],[94.5,-17.3],[94.07,-17.4],[93.2,-17.6],[92.83,-17.6],[92.1,-17.6],[91.73,-17.63],[91.0,-17.7],[90.67,-17.7],[90.0,-17.7],[89.67,-17.7],[89.0,-17.7]]},"properties":{"stormId":"AU199900_04U","name":"LEON","start":"2000-02-01 04:00","end":"2000-02-08 22:00","positions":63,"minCentralPressure":960.0,"maxWindSpeed":38.6,"source":"Bureau of Meteorology Australian Tropical Cyclone Database"}},{"type":"Feature","geometry":{"type":"LineString","coordinates":[[99.7,-13.8],[100.17,-13.78],[101.57,-13.73],[102.5,-13.7],[102.6,-13.77],[102.8,-13.9],[102.77,-14.1],[102.7,-14.5],[102.65,-14.55],[102.5,-14.7],[102.4,-14.8],[102.4,-14.83],[102.4,-14.9],[102.47,-14.97],[102.6,-15.1],[102.73,-15.23],[103.0,-15.5],[103.13,-15.67],[103.4,-16.0],[103.53,-16.07],[103.8,-16.2],[103.93,-16.23],[104.2,-16.3],[104.23,-16.3],[104.3,-16.3],[104.33,-16.3],[104.4,-16.3],[104.4,-16.27],[104.4,-16.2],[104.33,-16.3],[104.2,-16.5]]},"properties":{"stormId":"AU199900_05U","name":"MARCIA","start":"2000-02-14 10:00","end":"2000-02-18 10:00","positions":31,"minCentralPressure":995.0,"maxWindSpeed":18.0,"source":"Bureau of Meteorology Australian Tropical Cyclone Database"}},{"type":"Feature","geometry":{"type":"LineString","coordinates":[[151.7,-16.5],[151.2,-16.5],[150.7,-16.5],[150.2,-16.5],[149.7,-16.5],[149.0,-16.5],[148.5,-16.5],[147.8,-16.5],[147.4,-16.5],[147.0,-16.5],[146.3,-16.6],[145.8,-16.8],[145.67,-16.8],[145.0,-16.8],[144.5,-17.1],[143.5,-17.3],[142.6,-17.5],[141.5,-17.5],[140.4,-17.1],[139.6,-16.7],[139.1,-16.5],[138.5,-16.2],[137.9,-15.9],[137.3,-15.7],[136.9,-15.6],[136.8,-15.6],[136.5,-15.6],[136.0,-15.5],[135.4,-15.3],[134.6,-15.0],[133.8,-14.9],[133.0,-14.8],[132.2,-14.7],[131.2,-14.6],[130.5,-14.7],[129.9,-14.9],[129.2,-15.2],[128.0,-15.5],[126.5,-15.8],[125.0,-16.2],[123.8,-17.2],[123.53,-17.3],[123.0,-17.5],[122.73,-17.6],[122.2,-17.8],[121.93,-17.93],[121.4,-18.2],[121.13,-18.33],[120.6,-18.6],[120.4,-18.73],[120.0,-19.0],[119.8,-19.13],[119.7,-19.2],[119.2,-19.4],[118.93,-19.53],[118.8,-19.6],[118.4,-19.8],[118.0,-19.93],[117.8,-20.0],[117.1,-20.2],[116.83,-20.33],[116.7,-20.4],[116.6,-20.5],[116.33,-20.7],[116.2,-20.8],[115.9,-21.1],[115.7,-21.3],[115.6,-21.4],[115.4,-21.8],[115.2,-22.13],[115.1,-22.3],[114.6,-22.5],[114.47,-22.7],[114.4,-22.8],[114.2,-23.0],[114.07,-23.13],[114.0,-23.2],[113.9,-23.3],[113.77,-23.43],[113.7,-23.5],[113.5,-23.7],[113.5,-23.83],[113.5,-23.9],[113.4,-24.4],[113.27,-24.67],[113.2,-24.8],[113.1,-24.9],[113.17,-25.03],[113.2,-25.1],[113.3,-25.1],[113.3,-25.17],[113.3,-25.2],[113.5,-25.3],[113.5,-25.37],[113.5,-25.4],[113.6,-25.5],[113.67,-25.57],[113.7,-25.6],[114.1,-25.8],[114.37,-25.87],[114.5,-25.9],[114.8,-26.1],[115.0,-26.37],[115.4,-26.9],[115.8,-27.2],[116.6,-27.8],[117.13,-28.07],[118.2,-28.6],[118.7,-29.0],[119.7,-29.8],[120.23,-30.27],[121.3,-31.2],[121.9,-31.63],[123.1,-32.5],[123.63,-32.97],[124.7,-33.9],[125.13,-34.3],[126.0,-35.1],[126.5,-35.73],[127.5,-37.0]]},"properties":{"stormId":"AU199900_06U","name":"STEVE","start":"2000-02-25 00:00","end":"2000-03-11 22:00","positions":120,"minCentralPressure":975.0,"maxWindSpeed":30.9,"source":"Bureau of Meteorology Australian Tropical Cyclone Database"}},{"type":"Feature","geometry":{"type":"LineString","coordinates":[[123.0,-17.3],[122.73,-17.37],[122.2,-17.5],[121.67,-17.6],[120.6,-17.8],[120.07,-17.93],[119.0,-18.2],[118.6,-18.33],[117.8,-18.6],[117.47,-18.6],[116.8,-18.6],[116.47,-18.63],[115.8,-18.7],[115.5,-18.67],[114.9,-18.6],[114.53,-18.63],[113.8,-18.7],[113.47,-18.77],[112.8,-18.9],[112.37,-19.0],[111.5,-19.2],[110.97,-19.3],[109.9,-19.5],[109.33,-19.57],[108.2,-19.7],[107.77,-19.7],[106.9,-19.7],[106.27,-19.8],[105.0,-20.0],[104.33,-20.0],[103.0,-20.0],[102.4,-20.1],[101.2,-20.3],[100.57,-20.33],[99.3,-20.4],[98.8,-20.4],[97.8,-20.4],[97.4,-20.4],[96.6,-20.4],[96.2,-20.37],[95.4,-20.3],[95.13,-20.33],[94.6,-20.4],[94.37,-20.47],[93.9,-20.6],[93.7,-20.6],[93.3,-20.6],[93.13,-20.63],[92.8,-20.7],[92.6,-20.73],[92.2,-20.8],[92.13,-20.97],[92.0,-21.3],[91.97,-21.47],[91.9,-21.8],[91.77,-22.03],[91.5,-22.5],[91.53,-22.7],[91.6,-23.1],[91.67,-23.3],[91.8,-23.7],[91.87,-23.73],[92.0,-23.8],[92.07,-23.83],[92.2,-23.9],[92.3,-23.93],[92.5,-24.0],[92.6,-23.97],[92.8,-23.9],[92.73,-23.87],[92.6,-23.8],[92.5,-23.77],[92.3,-23.7],[92.17,-23.7],[91.9,-23.7],[91.43,-23.63],[90.5,-23.5],[90.27,-23.4],[89.8,-23.2],[89.27,-23.13],[88.2,-23.0],[88.07,-22.93],[87.8,-22.8]]},"properties":{"stormId":"AU199900_07U","name":"NORMAN","start":"2000-02-28 22:00","end":"2000-03-10 04:00","positions":83,"minCentralPressure":930.0,"maxWindSpeed":56.6,"source":"Bureau of Meteorology Australian Tropical Cyclone Database"}},{"type":"Feature","geometry":{"type":"LineString","coordinates":[[117.3,-16.2],[117.13,-16.21],[116.63,-16.23],[116.13,-16.26],[115.63,-16.28],[115.3,-16.3],[115.13,-16.4],[114.8,-16.6],[114.63,-16.7],[114.3,-16.9],[114.1,-17.0],[113.7,-17.2],[113.53,-17.3],[113.2,-17.5],[112.9,-17.6],[112.3,-17.8],[111.97,-17.9],[111.3,-18.1],[111.03,-18.2],[110.5,-18.4],[110.2,-18.53],[109.6,-18.8],[109.27,-19.0],[108.6,-19.4],[108.1,-19.6],[107.1,-20.0],[106.67,-20.27],[105.8,-20.8],[105.63,-21.07],[105.3,-21.6],[105.03,-22.0],[104.5,-22.8],[104.3,-22.97],[103.9,-23.3],[103.7,-23.4],[103.3,-23.6],[103.07,-23.73],[102.6,-24.0]]},"properties":{"stormId":"AU199900_08U","name":"OLGA","start":"2000-03-15 04:00","end":"2000-03-20 04:00","positions":38,"minCentralPressure":985.0,"maxWindSpeed":25.7,"source":"Bureau of Meteorology Australian Tropical Cyclone Database"}},{"type":"Feature","geometry":{"type":"LineString","coordinates":[[155.6,-14.4],[155.2,-14.7],[154.5,-15.1],[153.9,-15.4],[153.2,-15.6],[152.5,-16.0],[151.8,-16.5],[150.7,-17.2],[149.6,-17.8],[148.5,-18.4],[147.3,-18.7],[146.8,-18.9],[146.4,-18.9],[146.4,-18.8],[146.4,-18.8],[146.3,-18.8],[145.9,-18.8],[145.2,-18.1]]},"properties":{"stormId":"AU199900_09U","name":"TESSI","start":"2000-03-31 00:00","end":"2000-04-03 06:00","positions":18,"minCentralPressure":980.0,"maxWindSpeed":36.0,"source":"Bureau of Meteorology Australian Tropical Cyclone Database"}},{"type":"Feature","geometry":{"type":"LineString","coordinates":[[159.6,-14.8],[158.3,-14.5],[157.7,-14.2],[156.1,-13.8],[155.1,-13.7],[154.2,-13.6],[153.0,-13.6],[152.2,-13.9],[151.2,-14.3],[150.4,-14.8],[149.5,-15.1],[148.5,-15.2],[147.7,-15.3],[147.0,-15.2],[146.8,-15.0],[146.3,-14.6]]},"properties":{"stormId":"AU199900_10U","name":"VAUGHAN","start":"2000-04-03 00:00","end":"2000-04-07 00:00","positions":16,"minCentralPressure":975.0,"maxWindSpeed":30.9,"source":"Bureau of Meteorology Australian Tropical Cyclone Database"}},{"type":"Feature","geometry":{"type":"LineString","coordinates":[[127.5,-13.0],[127.13,-13.0],[126.4,-13.0],[126.0,-13.0],[125.2,-13.0],[124.7,-13.0],[123.7,-13.0],[123.1,-13.0],[121.9,-13.0],[121.27,-13.07],[120.0,-13.2],[119.43,-13.3],[118.3,-13.5],[117.7,-13.53],[116.5,-13.6],[116.0,-13.67],[115.0,-13.8],[114.5,-13.87],[113.5,-14.0],[113.0,-14.13],[112.0,-14.4],[111.5,-14.6],[110.5,-15.0],[110.13,-15.1],[109.4,-15.3],[109.1,-15.27],[108.5,-15.2],[108.13,-15.13],[107.4,-15.0],[107.1,-14.93],[106.5,-14.8],[106.13,-14.73],[105.4,-14.6],[105.0,-14.47],[104.2,-14.2],[103.9,-14.17],[103.3,-14.1],[103.0,-13.97],[102.4,-13.7],[102.1,-13.67],[101.5,-13.6],[101.23,-13.6],[100.7,-13.6],[100.43,-13.6],[99.9,-13.6],[99.6,-13.67],[99.0,-13.8],[98.73,-13.8],[98.2,-13.8],[98.0,-13.87],[97.6,-14.0],[97.43,-14.13],[97.1,-14.4],[96.93,-14.47],[96.6,-14.6],[96.43,-14.57],[96.1,-14.5],[95.97,-14.53],[95.7,-14.6],[95.63,-14.6],[95.5,-14.6],[95.43,-14.67],[95.3,-14.8],[95.3,-14.83],[95.3,-14.9],[95.27,-14.9],[95.2,-14.9],[95.13,-14.97],[95.0,-15.1],[95.0,-15.07],[95.0,-15.0],[94.9,-15.0],[94.7,-15.0],[94.63,-14.93],[94.5,-14.8],[94.4,-14.9],[94.3,-15.0],[94.1,-15.2]]},"properties":{"stormId":"AU199900_11U","name":"PAUL","start":"2000-04-10 22:00","end":"2000-04-20 12:00","positions":78,"minCentralPressure":915.0,"maxWindSpeed":61.7,"source":"Bureau of Meteorology Australian Tropical Cyclone Database"}},{"type":"Feature","geometry":{"type":"LineString","coordinates":[[127.0,-9.5],[126.58,-9.71],[125.33,-10.33],[124.08,-10.96],[122.83,-11.58],[122.0,-12.0],[121.67,-12.07],[121.0,-12.2],[120.67,-12.23],[120.0,-12.3],[119.9,-12.4],[119.7,-12.6],[119.67,-12.7],[119.6,-12.9],[119.57,-12.97],[119.5,-13.1],[119.5,-13.17],[119.5,-13.3],[119.5,-13.4],[119.5,-13.6],[119.5,-13.73],[119.5,-14.0],[119.47,-14.2],[119.4,-14.6],[119.37,-14.8],[119.3,-15.2],[119.3,-15.37],[119.3,-15.7],[119.3,-15.9],[119.3,-16.3],[119.3,-16.47],[119.3,-16.8],[119.33,-16.93],[119.4,-17.2],[119.57,-17.27],[119.9,-17.4],[120.03,-17.47],[120.3,-17.6],[120.57,-17.67],[120.7,-17.7],[121.1,-17.8],[121.43,-17.87],[121.6,-17.9],[122.0,-18.2],[122.17,-18.3],[122.33,-18.4],[122.5,-18.5],[123.0,-18.7],[123.33,-18.9],[123.5,-19.0],[124.72,-19.5],[125.7,-19.9],[126.3,-20.03],[126.6,-20.1],[127.7,-20.3],[128.37,-20.4],[129.7,-20.6]]},"properties":{"stormId":"AU199900_12U","name":"ROSITA","start":"2000-04-14 04:00","end":"2000-04-20 22:00","positions":57,"minCentralPressure":930.0,"maxWindSpeed":61.7,"source":"Bureau of Meteorology Australian Tropical Cyclone Database"}},{"type":"Feature","geometry":{"type":"LineString","coordinates":[[95.2,-15.6],[93.8,-15.4],[92.7,-15.3],[91.5,-15.2],[90.4,-15.1],[89.3,-15.3],[88.4,-15.3],[87.5,-15.2],[86.5,-15.1],[85.3,-14.9],[84.4,-14.7],[83.7,-14.7],[82.6,-14.6],[81.6,-14.5],[80.7,-14.6],[79.5,-14.7],[78.2,-14.9],[77.1,-15.2],[76.1,-15.4],[75.1,-15.8],[73.5,-16.1],[72.6,-16.3],[71.3,-16.6],[70.1,-16.8],[68.7,-16.9],[67.7,-16.8],[66.6,-17.0],[65.4,-17.1],[64.4,-17.1],[63.0,-17.0],[61.7,-17.0],[60.6,-17.1],[59.4,-17.0],[58.1,-16.8],[56.9,-16.6],[55.6,-16.5],[54.1,-16.1],[52.9,-15.6],[51.4,-15.4],[50.5,-15.0],[49.1,-14.8],[47.4,-14.9],[46.0,-14.7],[45.2,-14.7],[44.4,-14.9],[43.5,-15.2],[42.6,-15.6],[41.8,-16.1],[41.0,-16.3],[40.2,-16.6],[39.7,-16.9],[39.4,-17.2],[39.0,-17.7],[38.8,-18.0],[38.6,-18.5],[38.6,-18.8],[38.3,-18.8],[38.3,-18.7],[38.1,-18.6],[38.6,-18.1],[38.5,-17.8],[38.3,-17.2],[38.3,-16.7],[38.3,-16.1],[38.3,-15.6]]},"properties":{"stormId":"AU199900_13U","name":"HUDAH","start":"2000-03-24 00:00","end":"2000-04-09 00:00","positions":65,"minCentralPressure":905.0,"maxWindSpeed":25.7,"source":"Bureau of Meteorology Australian Tropical Cyclone Database"}},{"type":"Feature","geometry":{"type":"LineString","coordinates":[[140.0,-11.0],[138.7,-11.0],[137.3,-10.9],[136.1,-10.7],[135.0,-10.5],[134.1,-10.2],[133.0,-10.0],[132.0,-10.0],[131.0,-10.0],[130.0,-10.0],[129.5,-10.0],[129.3,-10.0],[129.0,-10.1],[128.9,-10.3],[128.8,-10.5],[128.7,-10.6],[128.6,-10.7],[128.4,-10.9],[128.2,-11.0],[128.1,-11.2],[128.2,-11.5],[128.4,-12.0],[128.5,-12.6],[128.3,-13.3],[127.6,-14.0],[126.9,-14.3],[126.1,-14.4],[125.3,-14.4],[124.8,-14.3],[124.4,-14.1],[124.17,-14.07],[123.7,-14.0],[123.47,-14.07],[123.0,-14.2],[122.73,-14.3],[122.2,-14.5],[122.17,-14.53],[122.1,-14.6],[122.07,-14.77],[122.0,-15.1],[122.0,-15.33],[122.0,-15.8],[121.93,-16.0],[121.9,-16.1],[121.7,-16.4],[121.57,-16.6],[121.5,-16.7],[121.3,-17.0],[121.17,-17.27],[121.1,-17.4],[121.0,-17.6],[120.93,-17.67],[120.9,-17.7],[120.8,-17.8],[120.8,-17.87],[120.8,-17.9],[120.8,-17.9],[120.87,-17.97],[120.9,-18.0],[121.0,-18.1],[121.13,-18.3],[121.2,-18.4],[121.4,-18.6],[121.53,-18.8],[121.6,-18.9],[121.6,-19.2],[121.8,-19.27],[121.9,-19.3],[122.2,-19.5],[122.33,-19.7],[122.4,-19.8],[122.6,-20.1],[122.8,-20.3],[122.9,-20.4],[123.3,-20.6],[123.5,-20.73],[123.6,-20.8],[123.9,-20.9],[124.03,-20.97],[124.3,-21.1],[124.5,-21.23],[124.9,-21.5],[125.0,-21.6],[125.2,-21.8],[125.35,-21.75],[125.8,-21.6],[126.0,-21.5],[126.9,-21.4],[128.0,-21.2],[128.5,-20.5],[129.0,-20.0],[129.5,-20.1],[130.0,-20.5],[131.0,-20.5],[132.0,-20.5],[133.0,-20.5],[134.0,-20.5],[134.8,-20.5],[135.5,-20.5]]},"properties":{"stormId":"AU200001_01U","name":"SAM","start":"2000-11-28 00:00","end":"2000-12-14 00:00","positions":99,"minCentralPressure":935.0,"maxWindSpeed":56.6,"source":"Bureau of Meteorology Australian Tropical Cyclone Database"}},{"type":"Feature","geometry":{"type":"LineString","coordinates":[[124.8,-14.2],[124.6,-14.33],[124.2,-14.6],[123.97,-14.77],[123.5,-15.1],[123.27,-15.23],[122.8,-15.5],[122.57,-15.57],[122.1,-15.7],[121.93,-15.77],[121.6,-15.9],[121.47,-15.93],[121.2,-16.0],[121.07,-16.1],[120.8,-16.3],[120.53,-16.5],[120.4,-16.6],[120.0,-17.0],[119.73,-17.27],[119.6,-17.4],[119.3,-17.9],[119.23,-18.17],[119.2,-18.3],[119.1,-18.7],[119.1,-18.9],[119.1,-19.0],[119.3,-19.3],[119.5,-19.7],[119.6,-19.9],[119.7,-20.1],[119.9,-20.5],[120.1,-21.1],[120.2,-21.4],[120.5,-22.3],[120.7,-22.83],[120.8,-23.1],[121.1,-23.9],[121.3,-24.5],[121.4,-24.8],[122.0,-25.8]]},"properties":{"stormId":"AU200001_02U","name":"TERRI","start":"2001-01-28 04:00","end":"2001-01-31 22:00","positions":40,"minCentralPressure":975.0,"maxWindSpeed":30.9,"source":"Bureau of Meteorology Australian Tropical Cyclone Database"}},{"type":"Feature","geometry":{"type":"LineString","coordinates":[[138.7,-11.0],[138.15,-10.9],[137.6,-10.8],[137.05,-10.65],[136.5,-10.5],[136.5,-10.9],[136.7,-11.3],[137.0,-11.4],[137.3,-11.5],[137.5,-12.7],[136.8,-13.5],[136.5,-13.7],[136.2,-13.8],[135.9,-14.1],[135.6,-14.4],[135.4,-14.7],[135.0,-15.0],[134.1,-15.3],[133.4,-15.65],[132.7,-16.0],[131.85,-16.5],[131.0,-17.0],[130.5,-17.5],[130.0,-18.0]]},"properties":{"stormId":"AU200001_03U","name":"WINSOME","start":"2001-02-08 00:00","end":"2001-02-13 00:00","positions":24,"minCentralPressure":981.0,"maxWindSpeed":20.6,"source":"Bureau of Meteorology Australian Tropical Cyclone Database"}},{"type":"Feature","geometry":{"type":"LineString","coordinates":[[112.2,-15.8],[111.8,-15.6],[111.6,-15.4],[111.3,-15.3],[110.96,-14.96],[110.9,-14.9],[110.8,-14.7],[110.93,-14.57],[111.0,-14.5],[111.4,-14.4],[111.73,-14.4],[111.9,-14.4],[112.4,-14.4],[112.8,-14.47],[113.0,-14.5],[113.7,-14.5],[114.17,-14.57],[114.4,-14.6],[115.0,-14.9],[115.2,-15.1],[115.3,-15.2],[115.6,-15.4],[115.93,-15.47],[116.1,-15.5],[116.7,-15.5],[117.1,-15.57],[117.3,-15.6],[117.8,-15.8],[118.13,-15.93],[118.3,-16.0],[118.5,-16.2],[118.7,-16.4],[118.8,-16.5],[119.1,-16.7],[119.3,-16.73],[119.7,-16.8],[119.83,-16.83],[120.1,-16.9],[120.3,-16.97],[120.7,-17.1],[121.03,-17.33],[121.7,-17.8],[122.27,-18.24],[123.5,-20.14],[124.0,-22.0]]},"properties":{"stormId":"AU200001_04U","name":"VINCENT","start":"2001-02-11 00:00","end":"2001-02-16 00:00","positions":45,"minCentralPressure":980.0,"maxWindSpeed":25.7,"source":"Bureau of Meteorology Australian Tropical Cyclone Database"}},{"type":"Feature","geometry":{"type":"LineString","coordinates":[[141.5,-13.5],[141.0,-14.4],[140.6,-14.7],[140.1,-14.6],[139.4,-15.1],[138.7,-15.3],[138.4,-15.5],[138.0,-16.0],[137.0,-16.4],[136.9,-16.5],[136.2,-17.2],[136.0,-18.0],[135.6,-18.6],[135.0,-19.0],[134.0,-19.0],[132.7,-18.9],[131.6,-18.8],[130.5,-18.7],[128.0,-19.0],[125.0,-19.5],[123.5,-20.5],[122.5,-21.5],[120.5,-22.2],[118.0,-23.0],[116.0,-23.5]]},"properties":{"stormId":"AU200001_05U","name":"WYLVA","start":"2001-02-14 00:00","end":"2001-02-22 00:00","positions":25,"minCentralPressure":988.0,"maxWindSpeed":20.6,"source":"Bureau of Meteorology Australian Tropical Cyclone Database"}},{"type":"Feature","geometry":{"type":"LineString","coordinates":[[154.3,-15.5],[152.0,-16.3],[149.5,-16.5],[147.8,-16.6],[146.1,-16.6],[145.5,-16.6],[144.5,-16.6],[143.5,-16.7],[142.3,-16.6],[141.0,-16.5],[140.7,-16.3],[140.2,-16.0],[140.0,-16.0],[139.7,-16.0],[139.4,-16.3],[139.1,-16.6],[138.5,-16.6],[138.1,-16.7],[137.8,-16.7],[136.9,-16.9],[136.0,-17.2],[135.5,-18.0],[134.7,-18.0],[134.0,-18.0],[133.0,-17.6],[132.2,-17.5],[131.2,-17.5],[130.5,-17.5],[129.5,-17.5],[128.5,-17.5],[127.9,-18.1],[127.0,-18.5],[126.5,-18.7],[126.0,-19.0],[125.2,-19.2],[124.5,-19.5],[124.5,-19.75],[124.4,-20.0],[124.3,-20.1],[124.3,-20.5],[124.4,-20.97],[124.3,-21.5],[124.15,-22.0],[124.2,-22.4],[124.3,-22.6],[125.0,-23.0],[125.9,-23.7],[126.5,-24.3],[126.7,-24.7],[126.5,-25.0],[126.2,-25.2],[126.0,-25.5],[125.7,-25.6],[125.5,-25.7],[125.0,-26.0],[124.5,-26.5]]},"properties":{"stormId":"AU200001_06U","name":"ABIGAIL","start":"2001-02-23 00:00","end":"2001-03-08 00:00","positions":56,"minCentralPressure":970.0,"maxWindSpeed":33.4,"source":"Bureau of Meteorology Australian Tropical Cyclone Database"}},{"type":"Feature","geometry":{"type":"LineString","coordinates":[[110.7,-10.7],[110.47,-10.57],[110.0,-10.3],[109.83,-10.23],[109.5,-10.1],[109.33,-10.03],[109.0,-9.9],[108.63,-9.83],[107.9,-9.7],[107.57,-9.63],[106.9,-9.5],[106.47,-9.5],[105.6,-9.5],[105.23,-9.53],[104.5,-9.6],[104.17,-9.63],[103.5,-9.7],[103.23,-9.73],[102.7,-9.8],[102.37,-9.83],[101.7,-9.9],[101.43,-9.93],[100.9,-10.0],[100.6,-10.03],[100.0,-10.1],[99.63,-10.17],[98.9,-10.3],[98.63,-10.4],[98.1,-10.6],[97.7,-10.73],[96.9,-11.0],[96.8,-11.17],[96.6,-11.5],[96.5,-11.6],[96.3,-11.8],[96.2,-11.9],[96.0,-12.1],[95.8,-12.3],[95.4,-12.7],[95.17,-12.9],[94.7,-13.3],[94.6,-13.53],[94.4,-14.0],[94.37,-14.13],[94.3,-14.4],[94.33,-14.6],[94.4,-15.0],[94.6,-15.5],[95.0,-16.5],[95.17,-17.07],[95.5,-18.2],[95.43,-18.43],[95.3,-18.9],[95.2,-19.17],[95.0,-19.7],[94.93,-20.0],[94.8,-20.6],[94.67,-20.97],[94.4,-21.7]]},"properties":{"stormId":"AU200001_07U","name":"WALTER","start":"2001-04-01 04:00","end":"2001-04-08 10:00","positions":59,"minCentralPressure":940.0,"maxWindSpeed":41.2,"source":"Bureau of Meteorology Australian Tropical Cyclone Database"}},{"type":"Feature","geometry":{"type":"LineString","coordinates":[[137.0,-7.5],[136.25,-7.85],[135.5,-8.2],[134.0,-9.0],[133.5,-9.5],[132.8,-10.0],[132.8,-10.2],[132.3,-10.2],[131.7,-10.33],[131.4,-10.4],[131.0,-10.4],[130.67,-10.67],[130.5,-10.8],[130.0,-11.2],[129.57,-11.37],[128.7,-11.7],[128.2,-11.97],[127.2,-12.5],[126.9,-12.7],[126.0,-13.6],[125.7,-13.74],[124.5,-14.3],[124.1,-14.5],[123.3,-14.9],[123.0,-15.1],[122.4,-15.5],[121.97,-15.8],[121.1,-16.4],[120.73,-16.67],[120.0,-17.2],[119.47,-17.2],[118.4,-17.2],[118.13,-17.27],[117.6,-17.4],[116.53,-17.73],[116.0,-17.9],[115.3,-18.1],[114.83,-18.3],[114.6,-18.4],[113.9,-18.8],[113.5,-19.13],[113.3,-19.3],[112.7,-19.6],[112.5,-19.7],[112.1,-19.9],[111.77,-20.03],[111.6,-20.1],[111.1,-20.4],[110.77,-20.67],[110.6,-20.8],[110.3,-20.9],[110.17,-21.03],[110.1,-21.1],[109.9,-21.2],[109.7,-21.33],[109.6,-21.4],[109.4,-21.6],[109.27,-21.8],[109.2,-21.9],[108.9,-22.2],[108.9,-22.47],[108.9,-22.6],[109.0,-22.9],[109.13,-23.1],[109.2,-23.2],[109.3,-23.4],[109.37,-23.53],[109.4,-23.6],[109.5,-23.9],[109.57,-24.1],[109.6,-24.2],[110.0,-24.3],[110.27,-24.3],[110.4,-24.3],[111.0,-24.3],[111.4,-24.3],[111.6,-24.3],[112.3,-24.4],[112.83,-24.47],[113.1,-24.5],[114.0,-24.7],[114.6,-24.83],[114.9,-24.9]]},"properties":{"stormId":"AU200001_08U","name":"ALISTAIR","start":"2001-04-15 12:00","end":"2001-04-24 01:00","positions":83,"minCentralPressure":975.0,"maxWindSpeed":31.0,"source":"Bureau of Meteorology Australian Tropical Cyclone Database"}},{"type":"Feature","geometry":{"type":"LineString","coordinates":[[135.5,-11.5],[135.35,-11.32],[135.2,-11.04],[135.11,-10.81],[135.0,-10.5],[134.0,-10.5],[133.49,-10.44],[131.51,-10.61],[131.3,-10.43],[131.28,-10.23],[131.62,-10.0],[132.2,-10.0],[132.19,-10.42],[132.17,-10.7],[132.21,-10.8],[132.26,-11.2],[132.2,-11.6],[132.2,-12.0],[132.1,-12.3],[131.95,-12.6],[131.8,-13.0],[131.4,-13.6],[131.0,-14.0]]},"properties":{"stormId":"AU200001_09U","name":"unnamed","start":"2001-01-05 00:00","end":"2001-01-10 00:00","positions":23,"minCentralPressure":996.0,"maxWindSpeed":20.6,"source":"Bureau of Meteorology Australian Tropical Cyclone Database"}},{"type":"Feature","geometry":{"type":"LineString","coordinates":[[96.8,-7.4],[96.5,-7.4],[96.0,-7.5],[95.6,-7.6],[95.0,-8.0],[94.7,-8.0],[94.5,-8.0],[94.0,-7.9],[93.5,-7.8],[92.9,-7.7],[92.0,-7.6],[91.3,-7.7],[90.7,-7.8],[90.1,-7.9],[89.3,-8.2],[88.5,-8.4]]},"properties":{"stormId":"AU200102_01U","name":"ALEX","start":"2001-10-25 00:00","end":"2001-10-28 12:00","positions":16,"minCentralPressure":984.0,"maxWindSpeed":25.7,"source":"Bureau of Meteorology Australian Tropical Cyclone Database"}},{"type":"Feature","geometry":{"type":"LineString","coordinates":[[95.6,-7.0],[94.9,-7.6],[94.9,-7.7],[94.8,-7.8],[94.8,-7.9],[94.8,-8.0],[94.4,-8.2],[94.0,-8.3],[93.6,-8.3],[93.2,-8.6],[92.8,-8.9],[92.4,-9.5],[92.3,-9.7],[92.3,-10.4],[92.0,-10.9],[91.8,-11.2],[91.5,-12.2],[91.2,-13.4],[90.2,-13.9],[89.3,-14.2],[88.9,-14.5],[88.0,-14.7],[87.0,-14.9],[86.2,-15.0],[85.6,-15.1],[85.5,-15.3]]},"properties":{"stormId":"AU200102_02U","name":"BESSI","start":"2001-11-25 06:00","end":"2001-12-01 12:00","positions":26,"minCentralPressure":972.0,"maxWindSpeed":30.9,"source":"Bureau of Meteorology Australian Tropical Cyclone Database"}},{"type":"Feature","geometry":{"type":"LineString","coordinates":[[137.5,-11.5],[137.5,-11.7],[137.8,-12.1],[137.9,-12.2],[137.9,-12.5],[137.9,-12.7],[138.0,-13.1],[138.6,-13.7],[138.8,-13.8],[139.2,-14.2],[139.2,-14.4],[139.0,-14.5],[139.0,-14.6],[139.0,-14.6],[138.9,-14.7],[139.0,-15.0],[139.1,-15.3],[139.1,-15.5],[139.0,-16.1],[138.8,-16.5],[138.6,-16.6],[138.4,-16.7],[138.3,-17.1],[138.0,-17.4],[137.7,-17.9],[137.5,-18.5],[137.4,-18.8]]},"properties":{"stormId":"AU200102_03U","name":"BERNIE","start":"2001-12-30 21:00","end":"2002-01-06 06:00","positions":27,"minCentralPressure":980.0,"maxWindSpeed":25.7,"source":"Bureau of Meteorology Australian Tropical Cyclone Database"}},{"type":"Feature","geometry":{"type":"LineString","coordinates":[[120.8,-13.1],[121.27,-13.2],[122.2,-13.5],[122.13,-13.8],[122.0,-14.4],[121.87,-14.6],[121.6,-15.0],[121.47,-15.2],[121.4,-15.3],[121.2,-15.5],[121.13,-15.63],[121.1,-15.7],[120.9,-15.9],[120.83,-15.97],[120.8,-16.0],[120.8,-16.1],[120.87,-16.17],[120.9,-16.2],[121.0,-16.4],[121.07,-16.53],[121.1,-16.6],[121.0,-16.9],[121.0,-17.17],[121.0,-17.3],[120.9,-17.6],[120.7,-17.73],[120.6,-17.8],[120.4,-17.9],[120.33,-17.97],[120.3,-18.0],[120.2,-18.1],[120.2,-18.17],[120.2,-18.2],[120.3,-18.4],[120.3,-18.6],[120.3,-18.7],[120.4,-18.9],[120.4,-19.1],[120.4,-19.2],[120.3,-19.5],[120.17,-19.7],[120.1,-19.8],[120.03,-20.0],[120.0,-20.1],[119.87,-20.3],[119.8,-20.4],[119.7,-20.8],[119.63,-21.07],[119.6,-21.2],[119.6,-21.6],[119.5,-21.73],[119.3,-22.0],[119.23,-22.03],[119.1,-22.1],[119.07,-22.17],[119.0,-22.3]]},"properties":{"stormId":"AU200102_04U","name":"CHRIS","start":"2002-02-02 04:00","end":"2002-02-07 04:00","positions":56,"minCentralPressure":915.0,"maxWindSpeed":56.6,"source":"Bureau of Meteorology Australian Tropical Cyclone Database"}},{"type":"Feature","geometry":{"type":"LineString","coordinates":[[155.5,-19.5],[155.7,-19.7],[156.0,-20.0],[156.5,-20.5],[157.1,-22.1],[157.4,-22.4],[158.4,-23.4],[160.0,-24.0]]},"properties":{"stormId":"AU200102_05U","name":"CLAUDIA","start":"2002-02-10 12:00","end":"2002-02-12 06:00","positions":8,"minCentralPressure":965.0,"maxWindSpeed":36.0,"source":"Bureau of Meteorology Australian Tropical Cyclone Database"}},{"type":"Feature","geometry":{"type":"LineString","coordinates":[[154.2,-14.6],[154.5,-15.3],[154.8,-16.0],[154.9,-16.8],[155.0,-17.5],[155.1,-18.2],[155.9,-18.7],[157.0,-18.9],[158.3,-19.2],[159.4,-19.3],[160.5,-19.5]]},"properties":{"stormId":"AU200102_06U","name":"DES","start":"2002-03-03 00:00","end":"2002-03-05 12:00","positions":11,"minCentralPressure":985.0,"maxWindSpeed":25.7,"source":"Bureau of Meteorology Australian Tropical Cyclone Database"}},{"type":"Feature","geometry":{"type":"LineString","coordinates":[[101.5,-10.4],[101.0,-11.0],[100.4,-11.8],[99.2,-12.1],[98.5,-12.2],[98.0,-12.2],[97.3,-12.3],[96.8,-12.5],[96.4,-12.7],[96.0,-13.3],[95.1,-13.8],[94.3,-14.0],[93.6,-14.3],[93.0,-14.5],[92.3,-14.7],[91.8,-15.0],[91.1,-15.3],[90.6,-15.5],[90.2,-15.6],[89.9,-15.8],[89.6,-16.2],[89.3,-16.6],[89.1,-17.0],[88.5,-17.3],[88.3,-17.6],[88.1,-17.7],[88.0,-18.0],[87.9,-18.3],[87.9,-18.5],[87.9,-18.9],[88.0,-19.2],[88.0,-19.7],[88.2,-19.8],[88.3,-20.0],[88.5,-20.5],[88.7,-21.0],[89.1,-22.2],[89.4,-23.2],[89.6,-23.7],[89.7,-24.0]]},"properties":{"stormId":"AU200102_07U","name":"DIANNE","start":"2002-04-06 00:00","end":"2002-04-11 18:00","positions":40,"minCentralPressure":945.0,"maxWindSpeed":46.3,"source":"Bureau of Meteorology Australian Tropical Cyclone Database"}},{"type":"Feature","geometry":{"type":"LineString","coordinates":[[133.2,-7.2],[132.2,-7.0],[131.5,-6.8],[130.7,-6.7],[130.0,-6.7],[129.2,-6.8],[128.7,-7.2],[128.5,-8.0],[128.3,-8.6],[127.8,-8.7],[127.4,-9.1],[126.8,-9.3],[126.4,-9.5],[125.9,-9.7],[125.3,-9.8],[124.9,-10.0],[124.1,-10.2],[123.4,-10.2],[122.7,-10.2],[122.1,-10.1],[121.5,-10.0],[120.75,-10.0],[120.0,-10.0],[119.37,-10.03],[118.1,-10.1],[116.83,-10.17],[116.2,-10.2],[115.6,-10.2],[115.0,-10.5],[114.5,-10.6],[114.0,-10.8],[113.3,-11.0],[112.5,-11.2],[111.8,-11.5],[111.1,-11.7],[110.6,-11.9],[110.0,-11.9],[109.5,-12.0],[109.0,-12.0],[108.3,-12.2],[107.8,-12.4],[107.3,-12.6],[106.7,-12.9],[106.1,-13.5],[105.5,-13.9],[104.7,-14.4],[103.7,-14.9],[102.5,-15.4],[101.3,-15.9]]},"properties":{"stormId":"AU200102_08U","name":"BONNIE","start":"2002-04-07 18:00","end":"2002-04-15 00:00","positions":49,"minCentralPressure":985.0,"maxWindSpeed":25.7,"source":"Bureau of Meteorology Australian Tropical Cyclone Database"}},{"type":"Feature","geometry":{"type":"LineString","coordinates":[[97.3,-5.3],[97.2,-5.5],[97.3,-5.7],[97.4,-5.8],[97.5,-6.0],[97.6,-6.6],[97.3,-6.7],[97.1,-6.7],[97.3,-6.5],[97.6,-6.4],[97.9,-6.6],[97.7,-6.8],[97.2,-6.4],[96.8,-6.2],[96.3,-6.2],[96.0,-6.3],[96.2,-6.3],[95.7,-6.2],[95.4,-7.0],[95.4,-7.9],[95.6,-8.5],[95.6,-8.8],[96.0,-9.0],[96.3,-9.2],[96.6,-9.6]]},"properties":{"stormId":"AU200102_09U","name":"ERROL","start":"2002-05-08 03:00","end":"2002-05-14 00:00","positions":25,"minCentralPressure":995.0,"maxWindSpeed":18.0,"source":"Bureau of Meteorology Australian Tropical Cyclone Database"}},{"type":"Feature","geometry":{"type":"LineString","coordinates":[[154.0,-7.5],[153.5,-8.2],[153.4,-8.6],[153.6,-8.8],[153.8,-9.1],[153.9,-9.3],[154.0,-9.4],[154.0,-9.5],[154.1,-9.5],[154.2,-9.6],[154.3,-9.7],[154.4,-9.8],[154.4,-9.9],[154.5,-10.0],[154.5,-10.1],[154.9,-10.2],[155.9,-10.4],[155.9,-10.4]]},"properties":{"stormId":"AU200102_10U","name":"UPIA","start":"2002-05-25 00:00","end":"2002-05-29 18:00","positions":18,"minCentralPressure":990.0,"maxWindSpeed":20.6,"source":"Bureau of Meteorology Australian Tropical Cyclone Database"}},{"type":"Feature","geometry":{"type":"LineString","coordinates":[[129.9,-13.7],[130.0,-14.3],[130.1,-14.5],[130.3,-14.7],[130.2,-14.8],[130.2,-14.8],[130.0,-14.6],[130.2,-14.2],[130.5,-14.0],[131.2,-13.6],[131.8,-13.2],[132.5,-12.8],[132.9,-12.6],[134.0,-13.0],[134.0,-13.0],[134.4,-13.0],[135.0,-13.1],[135.4,-13.5],[135.4,-14.1],[135.4,-14.4],[135.8,-15.4],[135.7,-16.0],[135.2,-16.5],[137.0,-17.0],[137.2,-17.0],[137.5,-17.0],[138.5,-17.5],[139.0,-17.2],[140.2,-16.5],[140.5,-15.5],[140.0,-16.0],[139.5,-16.7],[138.2,-16.5],[137.5,-16.5],[136.0,-16.5],[135.5,-16.7],[134.8,-17.2],[133.8,-17.3],[132.3,-16.7],[131.4,-16.3],[131.2,-17.0],[131.3,-17.0],[131.1,-17.0],[131.0,-16.8],[130.8,-16.8],[130.5,-16.7],[130.2,-16.5],[130.0,-16.8],[128.4,-16.7],[128.3,-16.8],[128.2,-17.2],[128.0,-17.3],[127.9,-17.9],[127.5,-18.4],[127.0,-18.8],[126.5,-19.0],[125.5,-19.2],[125.0,-19.4],[124.5,-20.0],[124.0,-20.4],[123.8,-20.5],[123.7,-20.5],[123.6,-20.5],[123.0,-20.6]]},"properties":{"stormId":"AU200102_11U","name":"noname","start":"2002-02-09 00:00","end":"2002-02-24 18:00","positions":64,"minCentralPressure":994.0,"maxWindSpeed":10.3,"source":"Bureau of Meteorology Australian Tropical Cyclone Database"}},{"type":"Feature","geometry":{"type":"LineString","coordinates":[[140.7,-7.5],[139.6,-7.1],[139.1,-6.7],[138.5,-6.7],[138.1,-6.7],[137.5,-7.0],[137.0,-7.1],[136.5,-6.9],[135.0,-6.7],[133.7,-6.6],[132.9,-6.8],[131.8,-6.8],[130.5,-6.5],[129.2,-6.5],[128.2,-6.6],[127.5,-6.5],[127.2,-6.3],[126.5,-6.1],[126.4,-5.8],[126.3,-5.4],[126.0,-5.1]]},"properties":{"stormId":"AU200102_12U","name":"noname","start":"2001-11-18 00:00","end":"2001-11-23 00:00","positions":21,"minCentralPressure":998.0,"maxWindSpeed":20.6,"source":"Bureau of Meteorology Australian Tropical Cyclone Database"}},{"type":"Feature","geometry":{"type":"LineString","coordinates":[[135.5,-10.0],[136.0,-10.2],[136.3,-10.4],[136.4,-10.7],[136.3,-11.2],[135.9,-11.3],[135.7,-11.4],[135.6,-11.4],[135.4,-11.4],[135.5,-11.5],[135.8,-11.6],[135.8,-11.9],[135.7,-11.9],[135.5,-12.1],[135.0,-12.3],[134.9,-12.4],[134.7,-12.6],[134.5,-12.7],[134.3,-12.8],[134.2,-12.9],[134.1,-13.1],[134.2,-13.2],[134.3,-13.3],[134.5,-13.5],[134.6,-13.6],[134.7,-13.7],[134.7,-13.9],[134.6,-14.0],[134.5,-14.2],[134.5,-14.4],[135.5,-14.7],[134.6,-14.9],[134.8,-15.1],[135.0,-15.3],[135.5,-15.4],[136.0,-15.5],[136.3,-15.7],[136.5,-15.9],[136.9,-15.5],[137.2,-15.2],[137.3,-14.8],[136.9,-14.9],[136.5,-15.1],[136.2,-15.2],[135.8,-15.3],[134.9,-15.0],[134.1,-14.7],[133.2,-14.5],[132.4,-14.2],[132.4,-13.8],[132.5,-13.4],[132.5,-13.1],[132.6,-12.7],[133.5,-13.4],[134.9,-14.2],[136.4,-15.1],[137.0,-15.8],[137.2,-16.2],[137.6,-16.4],[137.4,-16.6],[136.8,-16.7],[136.5,-16.5],[136.4,-16.4],[136.3,-16.3],[135.6,-16.4],[135.0,-16.5],[134.1,-16.0],[133.1,-15.6],[132.2,-15.1],[131.3,-14.8],[130.4,-14.4],[129.6,-14.1],[128.7,-13.8],[127.8,-13.5],[127.0,-13.1],[126.1,-12.8],[125.3,-12.5],[124.5,-13.2],[123.6,-13.7],[122.3,-14.2],[121.0,-14.5],[119.8,-14.9],[119.2,-15.3],[118.8,-15.9],[118.5,-16.4],[118.3,-16.8],[118.1,-17.1],[118.0,-17.4],[118.0,-17.8],[118.2,-18.2],[118.4,-18.6],[118.5,-18.9],[118.6,-19.4],[118.8,-19.8],[118.9,-20.1],[119.1,-20.3],[119.3,-20.6],[119.4,-21.2],[119.4,-21.9]]},"properties":{"stormId":"AU200203_01U","name":"UNNAMED","start":"2003-01-04 00:00","end":"2003-01-25 12:00","positions":99,"minCentralPressure":988.0,"maxWindSpeed":25.7,"source":"Bureau of Meteorology Australian Tropical Cyclone Database"}},{"type":"Feature","geometry":{"type":"LineString","coordinates":[[117.4,-11.8],[117.0,-11.7],[116.6,-11.7],[116.2,-11.6],[115.6,-11.6],[114.8,-11.6],[113.9,-11.7],[113.1,-11.7],[112.4,-11.8],[111.8,-11.8],[111.3,-11.9],[110.7,-12.0],[110.1,-11.9],[109.4,-11.9],[108.7,-12.0],[108.0,-12.0],[107.1,-12.1],[106.3,-12.3],[105.4,-12.5],[104.6,-13.0],[103.7,-13.3],[102.7,-13.8],[101.8,-14.2],[100.9,-14.8],[100.0,-15.3],[98.9,-15.9],[97.7,-16.4],[96.4,-16.5],[95.3,-16.6],[94.2,-16.7],[93.1,-16.9],[92.3,-17.3],[91.8,-17.6],[91.2,-18.0],[91.1,-18.4],[90.9,-19.1],[90.9,-19.9],[91.3,-20.8],[91.9,-21.2],[92.0,-21.6],[92.2,-21.9]]},"properties":{"stormId":"AU200203_02U","name":"FIONA","start":"2003-02-03 00:00","end":"2003-02-13 00:00","positions":41,"minCentralPressure":955.0,"maxWindSpeed":48.9,"source":"Bureau of Meteorology Australian Tropical Cyclone Database"}},{"type":"Feature","geometry":{"type":"LineString","coordinates":[[119.5,-17.0],[119.7,-17.1],[119.9,-17.2],[120.1,-17.2],[120.2,-17.3],[120.3,-17.3],[120.4,-17.3],[120.5,-17.4],[121.2,-17.7],[121.2,-18.4],[121.3,-18.8],[121.6,-19.4],[121.7,-20.1],[121.9,-20.4],[122.0,-22.1]]},"properties":{"stormId":"AU200203_03U","name":"GRAHAM","start":"2003-02-26 00:00","end":"2003-03-01 12:00","positions":15,"minCentralPressure":985.0,"maxWindSpeed":20.6,"source":"Bureau of Meteorology Australian Tropical Cyclone Database"}},{"type":"Feature","geometry":{"type":"LineString","coordinates":[[105.5,-13.4],[106.3,-13.8],[107.2,-14.2],[108.0,-14.4],[108.7,-14.6],[109.5,-14.7],[110.1,-14.7],[110.9,-14.7],[111.5,-14.7],[112.2,-14.7],[113.0,-14.8],[113.9,-14.8],[114.5,-15.1],[114.7,-15.9],[115.3,-16.2],[116.0,-16.9],[116.0,-17.7],[115.7,-18.4],[115.3,-18.7],[115.0,-18.8],[114.7,-18.9],[114.5,-18.9],[114.2,-19.0],[113.9,-19.2],[113.6,-19.3],[113.3,-19.4],[112.8,-19.8],[112.3,-20.3],[111.2,-20.9],[110.3,-21.5],[109.3,-22.4],[108.3,-23.7],[107.6,-25.1],[107.2,-26.6],[107.8,-28.3],[109.0,-29.9],[110.8,-32.5],[113.4,-35.4]]},"properties":{"stormId":"AU200203_04U","name":"HARRIET","start":"2003-03-01 18:00","end":"2003-03-11 00:00","positions":38,"minCentralPressure":985.0,"maxWindSpeed":23.2,"source":"Bureau of Meteorology Australian Tropical Cyclone Database"}},{"type":"Feature","geometry":{"type":"LineString","coordinates":[[147.5,-21.0],[149.0,-20.5],[149.4,-20.3],[149.8,-20.0],[150.0,-20.0],[149.7,-19.7],[149.5,-19.5],[151.0,-19.7],[151.5,-20.3],[152.2,-20.3],[153.0,-20.5],[154.0,-20.5],[154.4,-20.6],[154.6,-20.5],[154.9,-20.1],[155.1,-19.4],[155.1,-18.7],[155.1,-18.0],[154.5,-17.5],[154.0,-16.8],[154.0,-16.0],[153.9,-15.5],[153.9,-15.1],[153.7,-14.5],[153.5,-13.8],[154.2,-12.8],[154.0,-12.7],[154.4,-12.5],[154.6,-12.5],[154.8,-12.2],[154.9,-12.2],[155.3,-12.4],[155.9,-12.3],[156.8,-12.2],[157.5,-12.0],[157.9,-12.1],[158.2,-12.3],[158.3,-12.7],[158.4,-13.1],[158.8,-13.6],[159.4,-14.4],[159.8,-15.2],[159.7,-16.4],[160.0,-16.9]]},"properties":{"stormId":"AU200203_05U","name":"ERICA","start":"2003-03-01 12:00","end":"2003-03-12 06:00","positions":44,"minCentralPressure":960.0,"maxWindSpeed":41.2,"source":"Bureau of Meteorology Australian Tropical Cyclone Database"}},{"type":"Feature","geometry":{"type":"LineString","coordinates":[[130.3,-13.0],[130.0,-12.4],[129.7,-12.0],[129.5,-11.7],[129.2,-11.6],[129.0,-11.4],[129.2,-11.3],[129.3,-11.2],[129.4,-11.1],[129.6,-11.2],[129.4,-11.4],[129.1,-11.1],[128.9,-10.8],[129.0,-10.6],[129.3,-10.7],[129.7,-10.7],[130.0,-10.6],[130.3,-10.6],[130.5,-10.8],[130.6,-11.0],[130.7,-11.1],[130.9,-11.2],[130.8,-11.3],[131.1,-11.4],[131.3,-11.4],[131.4,-11.4],[131.8,-11.5],[132.2,-11.6],[132.6,-11.8],[133.1,-11.9],[133.7,-12.0],[134.4,-12.1],[135.2,-12.1],[136.1,-12.2],[137.1,-12.5],[138.0,-13.0],[139.0,-13.7],[140.1,-14.5],[140.7,-15.0],[141.0,-15.2],[141.0,-15.6],[141.0,-15.4],[141.4,-15.2]]},"properties":{"stormId":"AU200203_06U","name":"CRAIG","start":"2003-03-07 12:00","end":"2003-03-12 21:00","positions":43,"minCentralPressure":976.0,"maxWindSpeed":28.3,"source":"Bureau of Meteorology Australian Tropical Cyclone Database"}},{"type":"Feature","geometry":{"type":"LineString","coordinates":[[124.0,-7.7],[123.0,-8.3],[122.3,-8.6],[121.9,-8.8],[121.5,-9.1],[121.0,-9.6],[120.3,-10.0],[119.8,-10.3],[119.5,-10.7],[119.0,-11.1],[118.6,-11.3],[118.4,-11.4],[118.0,-11.8],[117.5,-11.9],[117.0,-12.1],[116.4,-12.4],[115.8,-12.6],[115.2,-13.1],[114.5,-13.6],[114.0,-14.0],[113.6,-14.3],[113.2,-14.4],[113.0,-14.6],[112.9,-14.8],[112.8,-15.0],[112.7,-15.3],[112.9,-15.6],[113.2,-16.0],[113.5,-16.6],[113.9,-17.5],[114.4,-18.3],[114.9,-19.1],[115.1,-19.5],[115.3,-20.0],[115.6,-20.6],[116.0,-21.1],[116.5,-21.5]]},"properties":{"stormId":"AU200203_07U","name":"INIGO","start":"2003-03-31 00:00","end":"2003-04-08 09:00","positions":37,"minCentralPressure":914.0,"maxWindSpeed":64.3,"source":"Bureau of Meteorology Australian Tropical Cyclone Database"}},{"type":"Feature","geometry":{"type":"LineString","coordinates":[[154.2,-7.3],[152.9,-7.9],[154.3,-7.5],[155.0,-7.5]]},"properties":{"stormId":"AU200203_09U","name":"EPI","start":"2003-06-05 00:00","end":"2003-06-05 18:00","positions":4,"minCentralPressure":993.0,"maxWindSpeed":20.6,"source":"Bureau of Meteorology Australian Tropical Cyclone Database"}},{"type":"Feature","geometry":{"type":"LineString","coordinates":[[160.6,-23.6],[159.7,-22.9],[158.4,-22.7],[157.4,-22.2],[156.5,-21.5],[155.5,-21.0],[154.7,-21.1],[153.8,-21.0],[153.4,-20.3],[153.0,-20.5],[151.9,-20.8],[151.1,-20.5],[150.6,-20.1],[150.0,-20.5],[149.6,-20.9],[149.3,-21.3]]},"properties":{"stormId":"AU200203_10U","name":"Beni","start":"2003-02-01 12:00","end":"2003-02-05 06:00","positions":16,"minCentralPressure":998.0,"maxWindSpeed":15.4,"source":"Bureau of Meteorology Australian Tropical Cyclone Database"}},{"type":"Feature","geometry":{"type":"LineString","coordinates":[[93.2,-7.0],[93.8,-7.2],[94.4,-7.4],[95.2,-7.5],[95.9,-7.6],[96.2,-7.8],[96.6,-7.8],[97.1,-7.8],[97.6,-7.9],[98.0,-8.2],[98.7,-8.5],[99.2,-9.1],[99.3,-10.1],[99.4,-11.1],[99.4,-12.0],[99.3,-12.8],[99.2,-13.6],[98.9,-14.1],[98.6,-14.4],[98.1,-14.6],[97.4,-14.7],[96.6,-14.8],[95.6,-14.9],[94.6,-14.9],[93.8,-14.8],[93.0,-14.7]]},"properties":{"stormId":"AU200304_01U","name":"JANA","start":"2003-12-06 00:00","end":"2003-12-12 06:00","positions":26,"minCentralPressure":950.0,"maxWindSpeed":43.7,"source":"Bureau of Meteorology Australian Tropical Cyclone Database"}},{"type":"Feature","geometry":{"type":"LineString","coordinates":[[140.4,-10.0],[139.8,-10.0],[139.4,-10.0],[139.0,-10.0],[138.6,-9.9],[138.2,-9.8],[138.0,-9.7],[137.8,-9.6],[137.4,-9.4],[137.1,-9.3],[136.6,-9.3],[136.2,-9.3],[136.0,-9.3],[135.7,-9.4],[135.6,-9.5],[135.6,-9.6],[135.6,-9.6],[135.6,-9.7],[135.6,-9.7],[135.5,-9.8],[135.5,-9.8],[135.5,-9.8],[135.4,-9.8],[135.3,-9.8],[135.1,-9.9],[134.9,-10.0],[134.8,-10.0],[134.7,-10.0],[134.5,-10.2],[134.4,-10.4],[134.3,-10.6],[134.1,-10.9],[134.0,-11.0],[133.9,-11.2],[133.8,-11.4],[133.7,-11.6],[133.6,-11.8],[133.4,-12.2],[133.4,-12.5],[133.5,-12.8],[133.8,-13.1],[133.9,-13.4],[133.6,-13.6],[133.3,-14.0],[133.0,-14.0],[132.8,-14.0],[132.8,-14.0],[132.8,-14.0],[132.6,-14.1],[132.5,-14.2],[132.4,-14.3],[132.3,-14.5],[132.0,-14.8],[131.7,-15.0],[131.3,-15.2],[131.0,-15.4],[130.5,-15.5]]},"properties":{"stormId":"AU200304_02U","name":"DEBBIE","start":"2003-12-16 00:00","end":"2003-12-23 00:00","positions":57,"minCentralPressure":970.0,"maxWindSpeed":33.4,"source":"Bureau of Meteorology Australian Tropical Cyclone Database"}},{"type":"Feature","geometry":{"type":"LineString","coordinates":[[91.5,-7.2],[92.3,-7.8],[93.0,-8.5],[93.5,-9.2],[94.0,-9.6],[94.7,-10.1],[95.4,-11.0],[95.5,-11.9],[95.8,-12.7],[95.8,-13.8],[95.9,-14.7],[96.1,-15.5],[96.1,-16.3],[96.0,-17.0],[95.6,-17.8],[95.3,-18.4],[95.3,-18.9]]},"properties":{"stormId":"AU200304_03U","name":"LINDA","start":"2004-01-28 12:00","end":"2004-02-01 12:00","positions":17,"minCentralPressure":985.0,"maxWindSpeed":25.7,"source":"Bureau of Meteorology Australian Tropical Cyclone Database"}},{"type":"Feature","geometry":{"type":"LineString","coordinates":[[146.7,-13.8],[145.4,-14.3],[144.3,-14.6],[143.4,-15.5],[142.4,-16.2],[141.3,-16.4],[140.6,-16.6],[139.7,-16.7],[138.9,-16.4],[138.8,-16.8],[137.3,-17.0],[136.3,-17.1],[135.6,-17.6],[134.1,-18.0],[132.5,-18.4],[131.3,-19.1],[130.1,-19.7],[128.9,-19.8],[127.7,-20.4],[126.3,-21.2]]},"properties":{"stormId":"AU200304_04U","name":"FRITZ","start":"2004-02-10 06:00","end":"2004-02-15 00:00","positions":20,"minCentralPressure":985.0,"maxWindSpeed":25.7,"source":"Bureau of Meteorology Australian Tropical Cyclone Database"}},{"type":"Feature","geometry":{"type":"LineString","coordinates":[[124.5,-17.8],[123.2,-17.7],[122.6,-18.0],[121.9,-18.3],[121.2,-18.6],[120.4,-18.8],[120.1,-18.9],[119.9,-19.1],[119.8,-19.2],[119.6,-19.2],[119.4,-19.2],[119.2,-19.2],[118.9,-19.2],[118.5,-19.2],[118.2,-19.2],[117.8,-19.2],[117.6,-19.1],[117.3,-19.0],[117.1,-18.9],[116.8,-19.0],[116.6,-19.1],[116.3,-19.2],[116.0,-19.3],[115.8,-19.5],[115.7,-19.7],[115.5,-19.9],[115.3,-20.0],[115.2,-20.1],[115.2,-20.1],[115.3,-20.2],[115.3,-20.4],[115.5,-20.6],[115.6,-20.9],[115.8,-21.0],[115.9,-21.1],[116.0,-21.2],[116.1,-21.4],[116.3,-21.6],[116.5,-22.0],[116.7,-22.4],[116.9,-22.9],[117.1,-23.2],[117.3,-23.6],[117.6,-24.1],[117.8,-24.7],[118.1,-25.4]]},"properties":{"stormId":"AU200304_05U","name":"MONTY","start":"2004-02-25 06:00","end":"2004-03-03 00:00","positions":46,"minCentralPressure":935.0,"maxWindSpeed":51.4,"source":"Bureau of Meteorology Australian Tropical Cyclone Database"}},{"type":"Feature","geometry":{"type":"LineString","coordinates":[[141.5,-12.8],[141.2,-12.7],[140.7,-12.8],[140.5,-13.0],[140.4,-13.2],[140.3,-13.4],[140.2,-13.6],[140.1,-13.7],[140.0,-13.7],[139.9,-13.7],[139.8,-13.7],[139.7,-13.6],[139.5,-13.5],[139.4,-13.4],[139.1,-13.4],[138.7,-13.5],[138.3,-13.5],[137.8,-13.6],[137.3,-13.7],[137.0,-13.8],[136.8,-13.8],[136.5,-14.0],[136.0,-14.0],[135.6,-14.1],[135.2,-14.2],[134.9,-14.2],[134.7,-14.2],[134.3,-14.2],[133.5,-14.3],[133.0,-14.4],[131.8,-14.6],[131.3,-14.5],[130.8,-14.3],[130.0,-14.3],[129.5,-14.3],[129.2,-14.4],[127.8,-14.6],[126.8,-14.8],[126.1,-15.0]]},"properties":{"stormId":"AU200304_06U","name":"EVAN","start":"2004-02-27 00:00","end":"2004-03-04 00:00","positions":39,"minCentralPressure":991.0,"maxWindSpeed":18.0,"source":"Bureau of Meteorology Australian Tropical Cyclone Database"}},{"type":"Feature","geometry":{"type":"LineString","coordinates":[[90.8,-13.4],[90.7,-13.1],[91.0,-12.8],[91.2,-12.8],[90.9,-13.0],[90.6,-13.3],[90.7,-13.8],[90.9,-14.0],[90.7,-14.1],[90.3,-14.9],[90.0,-15.6]]},"properties":{"stormId":"AU200304_07U","name":"NICKY","start":"2004-03-08 00:00","end":"2004-03-10 12:00","positions":11,"minCentralPressure":985.0,"maxWindSpeed":25.7,"source":"Bureau of Meteorology Australian Tropical Cyclone Database"}},{"type":"Feature","geometry":{"type":"LineString","coordinates":[[146.0,-11.0],[145.0,-11.0],[143.5,-11.0],[143.0,-11.0],[142.0,-11.0],[140.7,-10.5],[140.0,-10.5],[139.0,-10.5],[137.5,-10.5],[136.5,-10.5],[136.3,-10.5],[136.2,-10.6],[135.2,-10.6],[134.8,-10.6],[134.5,-10.5],[134.0,-10.6],[133.5,-10.6],[132.8,-10.7],[131.9,-10.7],[131.3,-10.7],[130.8,-10.7],[130.3,-10.9],[129.9,-11.1],[129.5,-11.4],[129.1,-11.6],[128.5,-11.6],[128.2,-11.6],[127.9,-11.7],[127.9,-11.8],[127.8,-11.9],[127.8,-12.0],[127.8,-12.1],[127.6,-12.3],[127.4,-12.4],[127.3,-12.5],[127.2,-12.7],[127.2,-12.7],[127.2,-12.8],[127.1,-13.0],[126.9,-13.1],[126.8,-13.1],[126.8,-13.1],[126.7,-13.2],[126.6,-13.2],[126.3,-13.1],[126.1,-12.9],[125.8,-12.8],[125.5,-12.8],[125.4,-12.8],[125.4,-12.9],[125.3,-12.9],[125.1,-12.8],[124.8,-12.8],[124.9,-12.8],[124.8,-12.9],[124.6,-13.1],[124.2,-13.3],[123.6,-13.6],[123.0,-13.3],[122.9,-13.5],[122.8,-13.6],[122.2,-14.0],[121.7,-14.0],[121.2,-13.9],[120.9,-13.9],[120.9,-14.2],[120.5,-14.4],[120.4,-14.3],[120.5,-14.2],[120.6,-14.2],[120.7,-14.3],[121.2,-14.3],[121.4,-15.2],[121.6,-15.5],[121.6,-15.9],[121.7,-16.3],[121.7,-16.5],[121.7,-16.7],[121.7,-17.0],[121.6,-17.1],[121.5,-17.4],[121.3,-17.7],[121.0,-17.9],[120.8,-17.9],[120.6,-18.0],[120.4,-18.0],[120.3,-18.1],[120.2,-18.1],[120.2,-18.3],[120.0,-18.5],[120.0,-18.8],[119.9,-18.9],[120.0,-19.1],[120.0,-19.3],[120.1,-19.5],[120.1,-19.8],[120.1,-19.93],[120.1,-20.2],[120.1,-20.5],[120.2,-20.7],[120.3,-21.0],[120.5,-21.0],[120.6,-21.2],[120.8,-21.4],[120.9,-21.5],[120.9,-21.5]]},"properties":{"stormId":"AU200304_08U","name":"FAY","start":"2004-03-12 00:00","end":"2004-03-28 12:00","positions":106,"minCentralPressure":910.0,"maxWindSpeed":59.2,"source":"Bureau of Meteorology Australian Tropical Cyclone Database"}},{"type":"Feature","geometry":{"type":"LineString","coordinates":[[149.3,-16.6],[150.5,-16.3],[152.2,-17.3],[153.7,-18.5],[154.2,-20.0],[155.3,-20.3],[156.8,-21.2],[158.2,-22.0],[159.3,-22.4],[160.0,-22.6]]},"properties":{"stormId":"AU200304_09U","name":"GRACE","start":"2004-03-20 18:00","end":"2004-03-23 00:00","positions":10,"minCentralPressure":985.0,"maxWindSpeed":25.7,"source":"Bureau of Meteorology Australian Tropical Cyclone Database"}},{"type":"Feature","geometry":{"type":"LineString","coordinates":[[103.5,-12.0],[103.8,-13.3],[103.4,-14.2],[103.1,-14.7],[102.7,-15.2],[101.5,-14.9],[101.1,-14.8],[100.8,-14.6],[100.1,-14.5],[99.2,-14.4],[98.9,-14.3],[98.6,-14.2],[97.8,-14.2],[96.9,-14.3],[96.2,-14.5],[95.5,-14.8],[94.6,-15.0],[93.6,-15.2],[93.0,-15.8],[92.8,-16.2],[92.6,-16.6],[92.4,-17.0],[92.3,-17.2],[92.0,-17.7],[91.6,-17.7],[91.0,-17.9],[90.6,-18.5],[90.3,-18.9],[89.7,-19.3],[89.3,-19.4],[89.0,-19.6]]},"properties":{"stormId":"AU200304_11U","name":"OSCAR","start":"2004-03-21 00:00","end":"2004-03-28 06:00","positions":31,"minCentralPressure":940.0,"maxWindSpeed":46.3,"source":"Bureau of Meteorology Australian Tropical Cyclone Database"}},{"type":"Feature","geometry":{"type":"LineString","coordinates":[[87.7,-2.8],[87.8,-3.1],[87.8,-3.4],[87.9,-3.7],[88.0,-4.0],[88.7,-4.5],[89.4,-5.0],[90.0,-5.3],[90.4,-5.5],[90.5,-6.2],[90.8,-7.1],[91.2,-8.0],[91.7,-8.3],[91.8,-8.9],[92.3,-9.0],[92.8,-9.1],[92.9,-9.4],[93.0,-9.5],[93.1,-9.5],[93.2,-9.6],[92.9,-9.8],[92.7,-9.7],[92.6,-9.6],[92.5,-9.5],[92.3,-9.7],[91.7,-9.9]]},"properties":{"stormId":"AU200405_01U","name":"PHOEBE","start":"2004-08-30 06:00","end":"2004-09-05 12:00","positions":26,"minCentralPressure":990.0,"maxWindSpeed":23.2,"source":"Bureau of Meteorology Australian Tropical Cyclone Database"}},{"type":"Feature","geometry":{"type":"LineString","coordinates":[[119.8,-12.9],[120.2,-13.3],[120.6,-13.7],[120.9,-14.0],[121.1,-14.2],[121.2,-14.3],[121.3,-14.5],[121.3,-14.6],[121.3,-14.3],[121.8,-14.4],[122.3,-14.5],[122.7,-14.4],[123.2,-14.2],[124.0,-14.0],[125.3,-14.2],[126.4,-14.4],[127.5,-14.8],[129.2,-15.2],[130.2,-16.5],[130.7,-17.3],[132.0,-17.5],[134.2,-17.8],[134.5,-18.4],[136.5,-18.5],[137.0,-18.0],[137.5,-17.5],[137.8,-17.1],[138.3,-16.8],[138.7,-16.6],[139.1,-16.2],[139.8,-16.2],[140.1,-16.8],[140.4,-16.7],[140.6,-16.3],[139.6,-16.0],[139.4,-15.9],[138.9,-15.6],[138.9,-15.5],[138.8,-15.3],[138.7,-15.2],[138.6,-15.1],[138.2,-14.6],[138.1,-14.6],[137.6,-14.6],[137.1,-14.6],[136.6,-14.7]]},"properties":{"stormId":"AU200405_02U","name":"RAYMOND","start":"2004-12-30 00:00","end":"2005-01-10 00:00","positions":46,"minCentralPressure":985.0,"maxWindSpeed":23.2,"source":"Bureau of Meteorology Australian Tropical Cyclone Database"}},{"type":"Feature","geometry":{"type":"LineString","coordinates":[[99.0,-9.0],[98.9,-9.8],[99.4,-10.6],[100.3,-11.3],[100.8,-12.0],[101.1,-12.4],[101.1,-13.3],[100.6,-13.6],[100.4,-13.7],[100.3,-13.8],[99.9,-14.1],[99.6,-14.6],[99.2,-15.1],[98.8,-15.5],[98.4,-15.9],[98.0,-16.3],[97.6,-16.7]]},"properties":{"stormId":"AU200405_03U","name":"SALLY","start":"2005-01-06 06:00","end":"2005-01-10 06:00","positions":17,"minCentralPressure":985.0,"maxWindSpeed":25.7,"source":"Bureau of Meteorology Australian Tropical Cyclone Database"}},{"type":"Feature","geometry":{"type":"LineString","coordinates":[[112.4,-13.5],[112.0,-14.0],[111.4,-14.0],[111.1,-14.0],[110.8,-14.0],[110.4,-14.5],[109.9,-15.1],[109.4,-15.3],[108.9,-15.6],[108.0,-15.8],[107.2,-16.1],[106.2,-16.3],[105.3,-16.5],[104.0,-16.5],[102.7,-16.5]]},"properties":{"stormId":"AU200405_04U","name":"TIM","start":"2005-01-22 00:00","end":"2005-01-25 12:00","positions":15,"minCentralPressure":990.0,"maxWindSpeed":23.2,"source":"Bureau of Meteorology Australian Tropical Cyclone Database"}},{"type":"Feature","geometry":{"type":"LineString","coordinates":[[135.8,-14.0],[136.8,-13.5],[137.0,-13.0],[137.5,-12.8],[138.5,-13.0],[139.0,-13.2],[139.5,-13.5],[140.0,-13.8],[140.0,-13.9],[140.0,-14.0],[139.7,-14.0],[139.6,-14.5],[139.3,-14.6],[139.3,-15.0],[138.8,-15.7],[138.1,-16.2],[137.8,-16.4],[137.2,-16.7],[137.2,-16.8],[137.1,-16.9],[136.9,-17.1]]},"properties":{"stormId":"AU200405_05U","name":"HARVEY","start":"2005-02-03 12:00","end":"2005-02-08 00:00","positions":21,"minCentralPressure":969.0,"maxWindSpeed":38.6,"source":"Bureau of Meteorology Australian Tropical Cyclone Database"}},{"type":"Feature","geometry":{"type":"LineString","coordinates":[[118.0,-14.5],[118.0,-14.8],[117.9,-15.0],[117.8,-15.2],[117.7,-15.4],[117.3,-15.7],[117.0,-16.0],[116.7,-16.0],[116.5,-16.2],[116.3,-16.4],[116.4,-16.5],[116.5,-16.5],[116.5,-16.5],[116.5,-16.4],[116.5,-16.3],[116.3,-16.1],[116.1,-15.9],[116.1,-15.6],[116.2,-15.4],[116.5,-15.6],[116.8,-15.9],[117.0,-16.1],[117.1,-16.3]]},"properties":{"stormId":"AU200405_06U","name":"VIVIENNE","start":"2005-02-04 00:00","end":"2005-02-09 12:00","positions":23,"minCentralPressure":990.0,"maxWindSpeed":18.0,"source":"Bureau of Meteorology Australian Tropical Cyclone Database"}},{"type":"Feature","geometry":{"type":"LineString","coordinates":[[140.0,-11.5],[141.0,-11.5],[142.0,-11.5],[143.3,-11.5],[144.3,-11.7],[145.2,-12.0],[146.4,-12.3],[148.0,-12.4],[148.2,-12.7],[148.2,-13.0],[148.4,-13.4],[148.7,-13.6],[149.0,-13.8],[148.7,-14.1],[148.6,-14.3],[148.4,-14.3],[147.9,-14.0],[147.4,-13.8],[146.9,-14.0],[146.5,-13.9],[146.1,-13.6],[145.6,-13.6],[145.1,-13.4],[144.5,-13.3],[144.0,-13.3],[144.0,-13.3],[143.8,-13.2],[143.7,-13.2],[143.5,-13.3],[143.4,-13.3],[142.8,-13.2],[142.3,-13.2],[141.5,-13.0],[140.1,-12.7],[139.4,-12.5],[139.0,-12.5],[138.7,-12.3],[138.2,-12.2],[137.8,-12.1],[137.3,-12.0],[136.8,-11.9],[136.3,-11.8],[135.9,-11.6],[135.3,-11.6],[134.9,-11.5],[134.4,-11.5],[133.9,-11.4],[133.3,-11.3],[132.9,-11.2],[132.5,-11.2],[132.1,-11.2],[131.7,-11.3],[131.3,-11.3],[131.1,-11.4],[130.8,-11.4],[130.5,-11.4],[130.3,-11.5],[130.0,-11.6],[129.7,-11.5],[129.6,-11.6],[129.4,-11.8],[129.1,-12.0],[128.7,-12.0],[128.4,-12.1],[128.3,-12.1],[128.3,-12.5],[127.9,-12.8],[127.7,-12.9],[127.5,-13.2],[127.4,-13.5],[127.1,-13.8],[127.05,-13.83],[126.8,-14.0],[126.6,-14.1],[126.5,-14.1],[126.4,-14.3],[126.5,-14.4],[126.8,-14.5],[127.1,-14.8],[127.4,-15.0],[127.8,-15.1],[128.1,-15.2],[128.4,-15.3]]},"properties":{"stormId":"AU200405_07U","name":"INGRID","start":"2005-03-04 00:00","end":"2005-03-16 21:00","positions":83,"minCentralPressure":924.0,"maxWindSpeed":64.3,"source":"Bureau of Meteorology Australian Tropical Cyclone Database"}},{"type":"Feature","geometry":{"type":"LineString","coordinates":[[120.2,-11.8],[120.1,-12.1],[119.9,-12.4],[119.7,-12.7],[119.2,-13.1],[118.6,-13.5],[117.7,-13.9],[116.7,-14.1],[115.9,-14.5],[115.3,-15.0],[114.5,-15.6],[113.6,-16.1],[112.7,-16.5],[112.1,-17.3],[111.5,-17.9],[110.9,-18.6],[110.4,-19.4],[110.0,-20.1],[109.3,-20.6],[109.0,-20.9],[108.6,-21.2],[108.1,-21.3],[107.6,-21.4],[107.2,-21.2],[106.6,-21.3],[106.0,-21.1]]},"properties":{"stormId":"AU200405_08U","name":"WILLY","start":"2005-03-08 06:00","end":"2005-03-14 12:00","positions":26,"minCentralPressure":960.0,"maxWindSpeed":38.6,"source":"Bureau of Meteorology Australian Tropical Cyclone Database"}},{"type":"Feature","geometry":{"type":"LineString","coordinates":[[101.2,-9.8],[100.7,-9.8],[100.2,-10.1],[99.6,-10.7],[99.0,-11.2],[98.2,-11.9],[97.5,-12.5],[96.6,-12.8],[95.8,-13.1],[94.7,-13.3],[93.9,-13.4],[92.9,-13.3],[91.9,-13.3],[90.9,-13.1],[90.1,-13.0]]},"properties":{"stormId":"AU200405_09U","name":"ADELINE","start":"2005-04-02 00:00","end":"2005-04-05 12:00","positions":15,"minCentralPressure":960.0,"maxWindSpeed":38.6,"source":"Bureau of Meteorology Australian Tropical Cyclone Database"}},{"type":"Feature","geometry":{"type":"LineString","coordinates":[[159.8,-18.2],[159.5,-18.2],[159.4,-18.1],[159.3,-18.0],[159.2,-18.0],[159.1,-18.1],[159.1,-18.1],[159.0,-18.2],[159.0,-18.3],[159.0,-18.6],[159.1,-19.2],[159.3,-19.8],[159.9,-20.1],[160.1,-20.3],[160.2,-20.6],[160.3,-21.0],[160.5,-21.6],[160.3,-22.2],[160.0,-22.6],[159.9,-23.1],[159.4,-23.7],[158.9,-24.2],[158.2,-24.6],[158.2,-25.0],[158.0,-25.8],[157.6,-26.3],[157.0,-26.7],[156.6,-26.9],[156.3,-27.1],[156.1,-27.4],[156.1,-27.8],[156.6,-28.0],[157.0,-28.1],[157.4,-28.1],[157.9,-28.1],[158.3,-28.0],[158.2,-27.8],[158.0,-27.6],[157.8,-27.5]]},"properties":{"stormId":"AU200405_10U","name":"KERRY","start":"2005-01-08 12:00","end":"2005-01-18 00:00","positions":39,"minCentralPressure":955.0,"maxWindSpeed":41.2,"source":"Bureau of Meteorology Australian Tropical Cyclone Database"}},{"type":"Feature","geometry":{"type":"LineString","coordinates":[[138.0,-8.0],[138.9,-8.1],[139.9,-8.3],[140.9,-8.4],[141.8,-8.5],[142.7,-8.7],[143.5,-8.8],[144.4,-9.0],[145.6,-9.6],[147.0,-10.5],[149.0,-11.0]]},"properties":{"stormId":"AU200405_11U","name":"UNNAMED","start":"2005-04-13 00:00","end":"2005-04-15 12:00","positions":11,"minCentralPressure":990.0,"maxWindSpeed":20.6,"source":"Bureau of Meteorology Australian Tropical Cyclone Database"}},{"type":"Feature","geometry":{"type":"LineString","coordinates":[[95.5,-4.5],[95.5,-4.5],[95.0,-4.8],[94.5,-5.5],[94.2,-6.6],[94.0,-7.0],[94.0,-7.4],[94.0,-7.6],[93.8,-8.0],[93.6,-8.4],[93.2,-8.8],[92.8,-9.0],[92.3,-9.6],[91.8,-10.1],[91.3,-10.5],[91.2,-10.9],[90.9,-11.5],[90.5,-11.8],[90.4,-12.2],[90.3,-12.6],[90.3,-12.9],[90.2,-13.5],[90.0,-14.1],[89.8,-14.3]]},"properties":{"stormId":"AU200506_01U","name":"BERTIE","start":"2005-11-18 06:00","end":"2005-11-24 00:00","positions":24,"minCentralPressure":928.0,"maxWindSpeed":51.4,"source":"Bureau of Meteorology Australian Tropical Cyclone Database"}},{"type":"Feature","geometry":{"type":"LineString","coordinates":[[129.1,-11.3],[127.9,-11.4],[126.5,-11.8],[125.3,-12.7],[124.2,-13.6],[123.2,-14.5],[121.8,-15.4],[120.6,-16.0],[119.9,-16.5],[119.2,-17.4],[118.3,-18.1],[117.9,-18.5],[117.7,-18.8],[117.4,-19.3],[117.1,-19.7],[116.8,-20.1],[116.6,-20.4],[116.4,-20.7],[116.3,-20.9],[116.2,-21.3],[116.3,-21.7],[116.2,-22.2],[116.2,-22.6],[116.2,-22.8],[116.2,-23.0],[116.2,-23.3],[116.2,-23.6]]},"properties":{"stormId":"AU200506_05U","name":"CLARE","start":"2006-01-06 06:00","end":"2006-01-10 18:00","positions":27,"minCentralPressure":960.0,"maxWindSpeed":38.6,"source":"Bureau of Meteorology Australian Tropical Cyclone Database"}},{"type":"Feature","geometry":{"type":"LineString","coordinates":[[125.6,-15.3],[125.3,-15.3],[124.9,-15.4],[124.6,-15.5],[124.2,-15.6],[123.6,-15.7],[123.3,-15.8],[123.1,-15.8],[123.0,-16.1],[122.5,-16.5],[121.9,-16.8],[121.1,-17.0],[121.0,-17.4],[120.5,-18.1],[119.5,-18.6],[117.7,-19.0],[116.7,-19.4],[116.3,-19.6],[115.8,-19.8],[115.4,-20.1],[114.8,-20.2],[114.1,-20.4],[113.8,-20.7],[112.9,-20.9],[111.7,-22.1]]},"properties":{"stormId":"AU200506_06U","name":"DARYL","start":"2006-01-17 00:00","end":"2006-01-23 00:00","positions":25,"minCentralPressure":976.0,"maxWindSpeed":28.3,"source":"Bureau of Meteorology Australian Tropical Cyclone Database"}},{"type":"Feature","geometry":{"type":"LineString","coordinates":[[146.7,-17.7],[146.8,-17.7],[147.0,-17.6],[147.0,-17.6],[147.0,-17.7],[147.0,-17.8],[147.1,-17.9],[147.2,-18.0],[147.4,-18.2],[148.2,-17.9],[148.6,-17.7],[148.9,-17.6],[149.5,-17.3],[151.1,-17.1],[152.6,-16.7],[153.5,-16.6],[154.4,-16.5],[155.5,-16.3],[156.7,-16.1],[158.7,-16.0],[160.3,-16.6]]},"properties":{"stormId":"AU200506_08U","name":"JIM","start":"2006-01-25 00:00","end":"2006-01-30 00:00","positions":21,"minCentralPressure":970.0,"maxWindSpeed":33.4,"source":"Bureau of Meteorology Australian Tropical Cyclone Database"}},{"type":"Feature","geometry":{"type":"LineString","coordinates":[[143.5,-10.7],[144.2,-11.0],[144.5,-11.0],[145.0,-11.3],[145.8,-11.2],[146.3,-11.3],[146.8,-11.3],[146.3,-11.2],[146.3,-11.3],[146.2,-11.2]]},"properties":{"stormId":"AU200506_10U","name":"KATE","start":"2006-02-22 00:00","end":"2006-02-24 00:00","positions":10,"minCentralPressure":985.0,"maxWindSpeed":25.7,"source":"Bureau of Meteorology Australian Tropical Cyclone Database"}},{"type":"Feature","geometry":{"type":"LineString","coordinates":[[114.4,-12.0],[114.4,-12.2],[114.2,-12.4],[113.9,-13.3],[114.0,-14.7],[114.4,-16.6],[114.9,-17.1],[115.2,-18.3],[115.5,-19.4],[115.6,-20.0],[115.7,-20.6],[115.9,-21.3],[116.2,-22.1],[117.2,-24.1],[118.2,-26.5],[119.0,-28.9],[120.2,-31.2],[121.4,-33.4],[122.1,-35.6]]},"properties":{"stormId":"AU200506_11U","name":"EMMA","start":"2006-02-25 18:00","end":"2006-03-01 18:00","positions":19,"minCentralPressure":988.0,"maxWindSpeed":20.6,"source":"Bureau of Meteorology Australian Tropical Cyclone Database"}},{"type":"Feature","geometry":{"type":"LineString","coordinates":[[138.0,-10.0],[137.0,-10.0],[136.5,-9.5],[136.0,-9.0],[135.5,-8.0],[135.3,-7.5],[135.0,-7.2],[134.7,-7.0],[133.5,-6.3],[132.5,-6.1],[132.4,-6.0],[131.8,-6.0],[131.5,-6.0],[131.3,-6.2],[131.2,-6.5],[131.1,-7.0],[130.9,-7.6],[130.5,-8.0],[130.4,-8.1],[130.3,-9.1],[129.7,-9.7],[128.8,-10.2],[129.3,-10.3],[129.1,-10.2],[128.8,-10.0],[128.1,-9.7],[127.0,-9.8],[126.6,-10.4],[126.5,-10.3],[126.6,-9.6],[125.69,-9.76],[124.6,-10.15],[123.7,-10.5],[123.3,-10.6],[122.6,-10.9],[122.24,-11.08],[121.85,-11.2],[120.7,-11.32],[119.0,-11.5],[118.6,-11.6],[117.9,-11.4]]},"properties":{"stormId":"AU200506_12U","name":"unnamed","start":"2006-02-24 00:00","end":"2006-03-06 00:00","positions":41,"minCentralPressure":1001.0,"maxWindSpeed":18.0,"source":"Bureau of Meteorology Australian Tropical Cyclone Database"}},{"type":"Feature","geometry":{"type":"LineString","coordinates":[[128.5,-14.0],[128.3,-14.0],[128.4,-13.9],[128.3,-14.0],[128.2,-14.0],[128.4,-14.2],[128.5,-14.3],[128.7,-14.6],[128.9,-14.9],[128.8,-14.9],[128.5,-15.1],[128.4,-14.8],[127.8,-14.8],[127.6,-14.8],[127.4,-14.7],[126.6,-14.9],[125.6,-14.9],[125.3,-14.9],[125.1,-14.7],[124.8,-14.6],[124.4,-14.9],[123.9,-15.1],[123.5,-15.2],[123.2,-15.4],[123.0,-15.5],[122.5,-15.5],[122.3,-15.5],[122.0,-15.5],[121.8,-15.6],[121.5,-15.8],[121.1,-16.0],[120.8,-16.3],[120.4,-16.7],[119.8,-16.8],[119.4,-17.0],[119.1,-17.2],[118.7,-17.4],[118.2,-17.5],[117.8,-17.7],[117.6,-17.9],[117.4,-18.3],[117.0,-18.6],[116.7,-18.8],[116.5,-19.1],[116.4,-19.6],[116.2,-20.1],[115.8,-20.7],[115.5,-21.3],[115.3,-21.5],[115.23,-21.63],[115.1,-21.9],[115.1,-22.2],[115.1,-22.7],[115.0,-23.3],[114.9,-24.0],[114.8,-24.6]]},"properties":{"stormId":"AU200506_14U","name":"GLENDA","start":"2006-03-22 00:00","end":"2006-03-31 06:00","positions":56,"minCentralPressure":910.0,"maxWindSpeed":56.6,"source":"Bureau of Meteorology Australian Tropical Cyclone Database"}},{"type":"Feature","geometry":{"type":"LineString","coordinates":[[158.0,-12.5],[158.0,-12.5],[158.0,-12.5],[158.7,-12.5],[159.4,-12.5],[159.4,-13.4],[159.7,-14.1],[160.0,-14.4],[160.0,-14.7],[160.3,-15.0],[160.0,-15.2],[159.6,-15.7],[159.0,-16.1],[158.0,-16.3],[156.6,-17.2],[155.4,-17.1],[154.6,-17.2],[152.8,-17.5],[151.2,-17.7],[149.7,-17.6],[148.9,-17.6],[148.3,-17.5],[147.6,-17.45],[146.8,-17.5],[146.6,-17.54],[146.4,-17.6],[146.05,-17.56],[145.78,-17.4],[145.6,-17.43],[145.3,-17.5],[144.6,-17.6],[143.8,-17.8],[143.0,-18.25],[142.2,-18.7],[141.3,-19.0],[140.8,-19.1],[139.9,-19.4],[138.9,-19.6],[138.7,-19.7]]},"properties":{"stormId":"AU200506_15U","name":"LARRY","start":"2006-03-14 12:00","end":"2006-03-21 12:00","positions":39,"minCentralPressure":949.0,"maxWindSpeed":56.6,"source":"Bureau of Meteorology Australian Tropical Cyclone Database"}},{"type":"Feature","geometry":{"type":"LineString","coordinates":[[118.9,-11.5],[118.7,-11.5],[118.5,-11.5],[118.3,-11.5],[118.0,-11.4],[117.7,-11.3],[117.2,-11.3],[116.8,-11.4],[116.7,-11.5],[116.7,-11.8],[116.4,-12.2],[115.6,-12.6],[115.3,-13.0],[114.4,-13.2],[113.4,-13.3],[112.5,-13.3],[111.6,-13.4],[110.9,-13.4],[110.2,-13.4],[109.5,-13.5],[109.2,-14.0],[108.6,-14.6],[108.2,-15.1],[108.4,-15.7],[108.6,-16.5],[108.9,-17.1],[109.4,-17.6],[110.2,-18.1],[111.1,-18.7],[111.6,-18.9],[112.1,-19.1],[112.3,-19.3],[112.2,-19.8],[112.1,-20.1],[111.8,-20.7],[111.4,-21.5]]},"properties":{"stormId":"AU200506_16U","name":"FLOYD","start":"2006-03-18 12:00","end":"2006-03-27 06:00","positions":36,"minCentralPressure":916.0,"maxWindSpeed":54.0,"source":"Bureau of Meteorology Australian Tropical Cyclone Database"}},{"type":"Feature","geometry":{"type":"LineString","coordinates":[[160.3,-17.2],[159.1,-17.2],[157.6,-17.3],[156.3,-17.5],[155.3,-17.6],[154.9,-17.6],[154.2,-17.6],[153.7,-17.7],[153.7,-17.9],[153.7,-18.0],[153.9,-18.0],[154.3,-18.3],[154.7,-18.6],[155.45,-18.95],[156.2,-19.0],[157.1,-20.3],[158.5,-20.9],[159.8,-22.7],[160.9,-23.9],[161.7,-25.3]]},"properties":{"stormId":"AU200506_17U","name":"WATI","start":"2006-03-20 00:00","end":"2006-03-24 18:00","positions":20,"minCentralPressure":950.0,"maxWindSpeed":43.7,"source":"Bureau of Meteorology Australian Tropical Cyclone Database"}},{"type":"Feature","geometry":{"type":"LineString","coordinates":[[115.2,-14.5],[115.0,-14.5],[114.6,-14.5],[114.4,-14.4],[114.3,-14.1],[114.5,-13.9],[115.2,-14.1],[115.8,-14.5],[116.3,-15.1],[116.6,-15.6],[116.7,-16.3],[116.3,-16.8],[116.1,-17.2],[115.9,-17.6],[115.6,-18.3],[115.3,-18.8],[115.0,-19.4],[114.9,-20.0],[115.1,-20.4],[115.3,-20.8],[115.6,-21.2],[115.7,-21.3],[115.6,-21.4],[115.5,-21.5],[115.4,-21.8],[115.4,-22.0],[115.7,-22.2]]},"properties":{"stormId":"AU200506_20U","name":"HUBERT","start":"2006-04-02 18:00","end":"2006-04-08 12:00","positions":27,"minCentralPressure":980.0,"maxWindSpeed":25.7,"source":"Bureau of Meteorology Australian Tropical Cyclone Database"}},{"type":"Feature","geometry":{"type":"LineString","coordinates":[[152.5,-9.5],[151.3,-11.1],[151.0,-11.5],[151.0,-11.5],[150.5,-12.3],[149.8,-12.3],[149.4,-12.3],[148.5,-12.5],[147.5,-12.7],[146.5,-13.0],[145.4,-12.7],[144.8,-12.9],[144.3,-13.0],[143.4,-13.2],[142.6,-13.5],[141.9,-13.5],[141.3,-13.8],[140.7,-14.1],[140.5,-13.8],[140.2,-13.7],[140.1,-13.5],[139.9,-13.3],[139.7,-13.1],[139.6,-12.8],[139.4,-12.6],[139.2,-12.5],[138.8,-12.1],[138.4,-11.8],[138.0,-11.4],[137.4,-11.4],[137.0,-11.3],[135.8,-11.3],[135.2,-11.4],[134.4,-11.7],[134.0,-11.8],[133.9,-11.9],[133.7,-12.0],[132.9,-12.6],[132.0,-12.6],[131.4,-12.5],[130.7,-12.3],[130.5,-12.4],[130.2,-12.7],[129.6,-13.2],[129.4,-13.6],[129.9,-14.0],[130.3,-14.6],[130.8,-15.4],[131.4,-17.1],[131.9,-17.5],[132.6,-17.8]]},"properties":{"stormId":"AU200506_22U","name":"MONICA","start":"2006-04-16 00:00","end":"2006-04-27 18:00","positions":51,"minCentralPressure":916.0,"maxWindSpeed":69.5,"source":"Bureau of Meteorology Australian Tropical Cyclone Database"}},{"type":"Feature","geometry":{"type":"LineString","coordinates":[[114.1,-12.0],[114.5,-11.7],[114.9,-11.4],[115.2,-11.2],[115.9,-11.2],[116.9,-11.3],[118.5,-11.8],[119.3,-12.8],[119.3,-14.0],[118.4,-15.2],[118.3,-16.3],[118.6,-16.9],[118.6,-17.4],[118.7,-18.1],[118.5,-18.6]]},"properties":{"stormId":"AU200607_03U","name":"Isobel","start":"2006-12-31 00:00","end":"2007-01-03 00:00","positions":15,"minCentralPressure":992.0,"maxWindSpeed":15.4,"source":"Bureau of Meteorology Australian Tropical Cyclone Database"}},{"type":"Feature","geometry":{"type":"LineString","coordinates":[[137.0,-11.1],[137.1,-11.1],[137.1,-11.2],[137.4,-11.1],[137.8,-11.2],[138.17,-11.41],[138.68,-11.56],[139.06,-11.74],[139.3,-12.0],[139.37,-12.46],[139.14,-12.93],[138.8,-13.31],[138.41,-13.63],[138.3,-13.8],[138.2,-14.0],[138.1,-14.1],[138.1,-14.2],[138.1,-14.5],[138.0,-14.6],[137.9,-14.7],[137.8,-14.8],[137.8,-14.9],[137.8,-15.0],[137.9,-15.1],[137.8,-15.2],[137.7,-15.3],[137.6,-15.5],[137.4,-15.6],[137.3,-15.7],[137.2,-15.9],[137.1,-15.8],[137.1,-15.7],[137.0,-15.7],[136.9,-15.7],[137.0,-15.7],[137.2,-15.8],[137.3,-15.7],[137.3,-15.7],[137.6,-15.7],[138.0,-15.5],[138.3,-15.6],[138.6,-15.8],[138.9,-15.9],[139.3,-15.9],[139.8,-16.0],[140.4,-16.0],[140.7,-16.1],[141.0,-16.2],[141.2,-16.2],[141.4,-16.2],[141.5,-16.2],[141.6,-16.2],[142.0,-16.2],[142.5,-16.1],[143.1,-16.0],[143.7,-15.9]]},"properties":{"stormId":"AU200607_05U","name":"NELSON","start":"2007-01-31 15:00","end":"2007-02-07 12:00","positions":56,"minCentralPressure":985.0,"maxWindSpeed":25.7,"source":"Bureau of Meteorology Australian Tropical Cyclone Database"}},{"type":"Feature","geometry":{"type":"LineString","coordinates":[[135.2,-12.1],[134.6,-12.1],[134.8,-12.2],[134.8,-12.2],[134.5,-12.3],[134.9,-12.2],[134.9,-12.3],[135.7,-12.4],[135.4,-12.6],[135.5,-12.9],[135.0,-13.0],[134.2,-13.1],[133.8,-13.1],[133.2,-13.0],[132.6,-13.1],[131.4,-13.2],[130.7,-13.4],[130.1,-13.9],[129.4,-14.1],[129.2,-14.5],[128.5,-14.6],[127.9,-14.4],[127.3,-14.4],[126.4,-14.3],[125.5,-14.5],[124.9,-14.5],[124.1,-14.5],[123.2,-14.5],[122.4,-14.5],[121.6,-14.5],[120.9,-14.6],[120.2,-14.9],[119.6,-15.0],[119.3,-15.4],[119.3,-16.1],[119.3,-16.8],[119.3,-17.7],[119.3,-17.9],[119.2,-18.1],[119.2,-18.3],[119.2,-18.5],[119.1,-18.7],[119.0,-18.8],[119.0,-18.9],[119.1,-19.1],[119.1,-19.3],[119.1,-19.5],[119.1,-19.7],[119.1,-19.9],[119.0,-20.1],[119.0,-20.2],[119.0,-20.4],[118.8,-20.6],[118.8,-20.7],[118.8,-20.9],[118.9,-21.3],[119.0,-21.6],[119.2,-21.9],[119.5,-22.1],[120.4,-22.6],[121.0,-23.1],[121.7,-23.6],[122.0,-24.0],[122.3,-24.4],[122.9,-24.9],[123.6,-25.2],[124.2,-25.6],[124.6,-25.9],[125.0,-26.2],[124.2,-27.0],[124.4,-27.4]]},"properties":{"stormId":"AU200607_11U","name":"GEORGE","start":"2007-02-27 00:00","end":"2007-03-12 06:00","positions":71,"minCentralPressure":902.0,"maxWindSpeed":56.6,"source":"Bureau of Meteorology Australian Tropical Cyclone Database"}},{"type":"Feature","geometry":{"type":"LineString","coordinates":[[118.9,-13.8],[118.1,-13.8],[117.7,-13.8],[117.3,-13.8],[116.7,-14.1],[116.3,-14.5],[116.1,-14.4],[116.1,-14.6],[115.5,-14.7],[114.8,-14.6],[114.2,-14.5],[113.4,-14.3],[112.3,-14.2],[111.0,-14.2],[110.1,-13.6],[109.6,-13.4],[108.9,-13.1],[108.3,-12.6],[107.8,-12.6],[107.1,-12.7],[106.3,-12.9],[106.0,-12.5],[105.9,-12.6],[106.3,-13.0],[107.0,-13.5],[107.7,-14.0],[108.3,-14.5],[109.2,-15.0],[109.8,-15.6],[110.6,-16.0],[111.4,-17.1],[112.4,-17.9],[113.1,-18.4],[113.9,-19.0],[114.5,-19.3],[115.6,-19.5],[117.0,-19.7],[118.3,-20.0],[118.9,-20.1],[119.7,-20.4]]},"properties":{"stormId":"AU200607_12U","name":"JACOB","start":"2007-03-02 18:00","end":"2007-03-12 06:00","positions":40,"minCentralPressure":971.0,"maxWindSpeed":36.0,"source":"Bureau of Meteorology Australian Tropical Cyclone Database"}},{"type":"Feature","geometry":{"type":"LineString","coordinates":[[124.5,-16.2],[123.9,-16.0],[123.1,-15.8],[121.7,-16.0],[120.7,-16.2],[119.3,-16.2],[118.1,-16.3],[117.5,-16.4],[116.8,-16.5],[116.1,-16.6],[115.8,-17.0],[115.4,-17.6],[115.2,-18.0],[115.5,-18.3],[116.1,-18.4],[116.3,-18.4],[116.9,-18.5],[117.4,-18.6],[118.0,-18.7],[118.7,-18.8],[119.4,-18.9],[120.3,-19.4],[121.2,-19.4],[121.3,-18.8],[121.4,-18.3],[121.5,-18.0],[121.4,-17.9],[121.3,-17.9],[120.9,-17.8],[120.5,-17.6],[120.1,-17.5]]},"properties":{"stormId":"AU200607_13U","name":"KARA","start":"2007-03-23 06:00","end":"2007-03-30 00:00","positions":31,"minCentralPressure":941.0,"maxWindSpeed":54.0,"source":"Bureau of Meteorology Australian Tropical Cyclone Database"}},{"type":"Feature","geometry":{"type":"LineString","coordinates":[[157.7,-9.7],[157.6,-10.0],[157.5,-10.5],[157.5,-11.0],[157.2,-11.0],[156.9,-10.8],[156.5,-10.7],[156.0,-10.6],[155.0,-10.6],[154.0,-10.5],[153.4,-10.3],[152.8,-9.8],[152.4,-9.5],[152.0,-9.2],[151.7,-9.0],[151.4,-8.8],[151.2,-8.8],[150.9,-9.0],[150.5,-9.2],[149.3,-9.3],[147.6,-10.0],[146.8,-10.4],[146.0,-10.8],[145.1,-11.1],[144.3,-10.9],[143.6,-10.6],[142.7,-10.5],[142.1,-10.2],[141.1,-10.0],[140.1,-9.9],[139.0,-10.0],[138.0,-10.0]]},"properties":{"stormId":"AU200607_16U","name":"PIERRE","start":"2007-05-15 12:00","end":"2007-05-23 06:00","positions":32,"minCentralPressure":990.0,"maxWindSpeed":20.6,"source":"Bureau of Meteorology Australian Tropical Cyclone Database"}},{"type":"Feature","geometry":{"type":"LineString","coordinates":[[86.3,-3.0],[86.3,-3.4],[86.2,-3.7],[86.1,-4.1],[86.1,-4.4],[86.0,-4.8],[86.0,-5.3],[86.0,-6.0],[86.5,-6.6],[87.4,-7.3],[88.4,-8.1],[89.0,-9.0],[89.9,-9.8],[90.4,-10.4],[91.2,-11.0],[91.7,-11.7],[91.6,-12.1],[91.0,-12.3],[90.3,-12.2],[89.9,-12.0],[89.6,-12.0],[88.8,-12.0],[87.9,-12.0]]},"properties":{"stormId":"AU200708_01U","name":"noname","start":"2007-07-26 12:00","end":"2007-08-01 00:00","positions":23,"minCentralPressure":992.0,"maxWindSpeed":20.6,"source":"Bureau of Meteorology Australian Tropical Cyclone Database"}},{"type":"Feature","geometry":{"type":"LineString","coordinates":[[95.2,-5.3],[94.5,-4.5],[93.7,-3.3],[93.5,-3.6],[93.3,-3.9],[93.4,-4.2],[93.5,-4.5],[93.3,-5.0],[93.0,-5.4],[92.7,-5.4],[92.3,-5.5],[92.2,-6.5],[92.3,-7.8],[92.0,-8.5],[91.3,-9.2],[90.8,-9.7],[90.5,-10.2],[90.0,-10.6]]},"properties":{"stormId":"AU200708_02U","name":"Lee","start":"2007-11-11 00:00","end":"2007-11-15 06:00","positions":18,"minCentralPressure":984.0,"maxWindSpeed":25.7,"source":"Bureau of Meteorology Australian Tropical Cyclone Database"}},{"type":"Feature","geometry":{"type":"LineString","coordinates":[[149.5,-9.1],[149.0,-9.35],[148.5,-9.6],[148.0,-9.85],[147.5,-10.1],[146.9,-10.3],[146.4,-10.3],[146.0,-10.4],[146.0,-10.5],[146.2,-10.6],[146.4,-10.7],[146.6,-10.9],[146.8,-11.2],[147.0,-11.3],[147.1,-11.4],[147.1,-11.4],[147.3,-11.4],[147.4,-11.6],[147.3,-11.8],[147.0,-12.1],[146.7,-12.4],[146.5,-12.6],[146.1,-12.6],[145.1,-12.5],[144.8,-12.0],[144.9,-10.8],[144.9,-10.3]]},"properties":{"stormId":"AU200708_03U","name":"Guba","start":"2007-11-13 00:00","end":"2007-11-19 12:00","positions":27,"minCentralPressure":971.0,"maxWindSpeed":33.4,"source":"Bureau of Meteorology Australian Tropical Cyclone Database"}},{"type":"Feature","geometry":{"type":"LineString","coordinates":[[117.0,-10.0],[117.0,-10.75],[117.0,-11.5],[117.0,-12.2],[117.1,-13.0],[117.4,-13.4],[117.7,-13.7],[117.8,-13.9],[117.9,-14.4],[118.0,-15.1],[117.9,-16.3],[117.6,-16.7],[116.8,-17.3],[116.0,-17.7],[115.0,-18.0],[113.9,-18.4],[113.2,-18.7],[112.8,-18.8],[112.4,-18.8],[112.0,-18.8],[111.7,-18.8],[111.3,-19.0],[111.1,-19.2],[110.7,-19.7],[110.4,-20.4],[110.0,-21.3],[109.3,-21.9],[108.4,-22.5],[107.8,-22.9]]},"properties":{"stormId":"AU200708_06U","name":"Melanie","start":"2007-12-26 06:00","end":"2008-01-02 06:00","positions":29,"minCentralPressure":962.0,"maxWindSpeed":30.9,"source":"Bureau of Meteorology Australian Tropical Cyclone Database"}},{"type":"Feature","geometry":{"type":"LineString","coordinates":[[134.7,-14.6],[135.0,-15.1],[134.9,-15.6],[134.6,-15.8],[134.3,-15.9],[133.6,-15.8],[132.4,-15.7],[131.0,-15.6],[130.0,-14.8],[129.7,-14.5],[129.4,-14.2],[129.0,-14.0],[128.6,-14.1],[127.9,-14.1],[127.75,-14.1],[127.6,-14.0],[128.1,-13.4],[128.6,-13.3],[128.9,-13.3],[129.4,-13.2],[129.9,-13.1],[130.4,-13.2],[131.0,-13.3],[131.6,-13.4],[132.2,-13.4],[133.9,-13.2],[135.4,-13.3],[136.8,-13.3],[138.6,-13.5],[140.3,-14.4]]},"properties":{"stormId":"AU200708_08U","name":"Helen","start":"2007-12-31 00:00","end":"2008-01-06 06:00","positions":30,"minCentralPressure":975.0,"maxWindSpeed":25.7,"source":"Bureau of Meteorology Australian Tropical Cyclone Database"}},{"type":"Feature","geometry":{"type":"LineString","coordinates":[[103.0,-11.5],[102.2,-12.7],[101.5,-14.0],[101.5,-14.7],[101.2,-15.4],[101.2,-15.8],[101.3,-15.8],[101.1,-16.1],[101.0,-16.2],[101.3,-16.2],[101.8,-16.1],[102.4,-15.9],[102.9,-15.7],[103.6,-15.8],[104.0,-15.8],[104.5,-15.8],[105.0,-16.0],[105.5,-16.1],[105.9,-16.3],[106.3,-16.7],[106.7,-17.0],[107.2,-17.1],[107.72,-17.17],[107.9,-17.3],[108.1,-17.3],[108.1,-16.9],[108.3,-16.7],[108.5,-16.4],[109.2,-15.6],[109.6,-15.0],[110.5,-14.5],[111.7,-14.0],[113.2,-13.6]]},"properties":{"stormId":"AU200708_09U","name":"noname","start":"2008-02-03 00:00","end":"2008-02-11 00:00","positions":33,"minCentralPressure":991.0,"maxWindSpeed":20.6,"source":"Bureau of Meteorology Australian Tropical Cyclone Database"}},{"type":"Feature","geometry":{"type":"LineString","coordinates":[[121.0,-16.0],[121.0,-16.0],[121.0,-16.0],[120.75,-15.9],[120.5,-15.8],[120.4,-15.6],[120.3,-15.13],[120.31,-14.88],[120.44,-14.61],[120.93,-14.71],[121.39,-14.8],[121.27,-15.26],[120.98,-15.61],[120.69,-15.76],[120.4,-15.9],[119.89,-15.8],[119.83,-15.8],[119.46,-16.02],[118.98,-16.19],[118.58,-16.03],[118.28,-16.4],[118.01,-17.08],[117.2,-17.8],[116.9,-17.6],[116.36,-18.04],[115.76,-18.33],[115.27,-18.65],[114.79,-18.92],[114.41,-19.38],[114.1,-20.0],[113.92,-20.44],[113.54,-20.86],[113.4,-21.5],[113.49,-22.04],[113.6,-22.36],[113.6,-23.0],[113.66,-23.64],[114.1,-24.6],[114.6,-25.53]]},"properties":{"stormId":"AU200708_11U","name":"Nicholas","start":"2008-02-11 00:00","end":"2008-02-20 12:00","positions":39,"minCentralPressure":948.0,"maxWindSpeed":41.2,"source":"Bureau of Meteorology Australian Tropical Cyclone Database"}},{"type":"Feature","geometry":{"type":"LineString","coordinates":[[129.0,-15.0],[126.75,-14.65],[125.8,-14.9],[124.8,-15.1],[124.0,-15.4],[123.3,-15.7],[122.7,-15.8],[122.2,-16.0],[121.4,-16.2],[120.6,-16.5],[120.0,-16.5],[119.1,-16.5],[118.4,-16.5],[117.3,-16.5],[116.3,-16.7],[115.3,-16.9],[114.3,-17.2],[113.4,-17.5],[112.6,-18.0],[111.9,-18.5],[111.2,-19.3],[110.4,-20.1],[109.8,-20.8],[109.4,-21.6],[109.3,-22.4],[109.2,-23.4],[109.3,-24.0],[109.8,-24.8],[110.6,-25.3],[111.6,-25.4]]},"properties":{"stormId":"AU200708_15U","name":"Ophelia","start":"2008-02-28 00:00","end":"2008-03-07 06:00","positions":30,"minCentralPressure":985.0,"maxWindSpeed":28.3,"source":"Bureau of Meteorology Australian Tropical Cyclone Database"}},{"type":"Feature","geometry":{"type":"LineString","coordinates":[[102.0,-12.0],[102.19,-12.15],[102.39,-12.31],[102.58,-12.46],[103.08,-12.67],[103.47,-13.11],[103.87,-13.38],[104.2,-13.67],[104.18,-14.13],[104.09,-14.63],[104.0,-14.9],[104.3,-15.48],[104.68,-16.16],[105.14,-17.16],[105.37,-18.17],[105.8,-19.32],[106.23,-20.59],[106.84,-21.61],[107.41,-22.71],[108.13,-23.58],[108.9,-24.27],[109.33,-24.93],[109.98,-25.0],[110.94,-25.01],[111.28,-25.25],[111.59,-25.51],[111.4,-25.71],[111.29,-26.1],[111.12,-26.18]]},"properties":{"stormId":"AU200708_20U","name":"Pancho","start":"2008-03-23 06:00","end":"2008-03-30 06:00","positions":29,"minCentralPressure":934.0,"maxWindSpeed":48.9,"source":"Bureau of Meteorology Australian Tropical Cyclone Database"}},{"type":"Feature","geometry":{"type":"LineString","coordinates":[[96.5,-8.2],[96.9,-8.4],[97.7,-8.5],[99.0,-8.5],[100.3,-8.7],[101.6,-8.8],[102.8,-9.2],[103.2,-9.7],[103.9,-10.0],[104.8,-10.6],[105.1,-10.6],[105.6,-10.5],[106.1,-10.7],[106.4,-11.1],[106.6,-11.6],[106.7,-12.4],[106.4,-13.0],[105.9,-13.7],[105.8,-14.9]]},"properties":{"stormId":"AU200708_22U","name":"Rosie","start":"2008-04-20 00:00","end":"2008-04-24 06:00","positions":19,"minCentralPressure":988.0,"maxWindSpeed":25.7,"source":"Bureau of Meteorology Australian Tropical Cyclone Database"}},{"type":"Feature","geometry":{"type":"LineString","coordinates":[[82.2,-5.7],[82.63,-5.73],[83.52,-6.4],[83.87,-6.47],[85.4,-7.44],[85.67,-8.07],[86.48,-7.9],[87.71,-7.98],[88.89,-8.14],[90.27,-8.18],[92.57,-8.11],[93.42,-8.1],[94.81,-8.61],[95.88,-9.16],[97.21,-9.42],[97.49,-9.88],[98.28,-10.04],[99.19,-10.81],[99.71,-11.44],[99.83,-11.84],[100.07,-12.69],[100.2,-13.86],[100.04,-14.66],[99.56,-15.38],[99.57,-16.37],[99.35,-17.11]]},"properties":{"stormId":"AU200708_23U","name":"Durga","start":"2008-04-20 00:00","end":"2008-04-26 06:00","positions":26,"minCentralPressure":984.0,"maxWindSpeed":25.7,"source":"Bureau of Meteorology Australian Tropical Cyclone Database"}},{"type":"Feature","geometry":{"type":"LineString","coordinates":[[89.4,-8.1],[90.1,-8.4],[91.3,-8.9],[92.5,-9.5],[93.8,-10.1],[95.3,-10.5],[96.8,-10.9],[98.0,-11.5],[99.1,-11.9],[100.3,-12.7],[101.5,-13.6],[102.7,-14.6],[104.0,-15.1],[105.1,-15.4],[106.4,-15.7],[107.4,-16.4],[108.4,-16.8],[109.4,-17.0],[110.5,-17.2]]},"properties":{"stormId":"AU200809_02U","name":"Anika","start":"2008-11-17 12:00","end":"2008-11-22 00:00","positions":19,"minCentralPressure":990.0,"maxWindSpeed":25.7,"source":"Bureau of Meteorology Australian Tropical Cyclone Database"}},{"type":"Feature","geometry":{"type":"LineString","coordinates":[[127.7,-10.6],[127.5,-11.0],[127.3,-11.3],[127.3,-11.8],[127.3,-12.3],[127.4,-12.6],[127.5,-12.9],[127.8,-13.2],[128.3,-13.6],[128.6,-14.0],[128.8,-14.4],[128.8,-14.6],[128.7,-14.5],[128.7,-14.5],[128.6,-14.6],[128.5,-14.7],[128.1,-14.9],[127.9,-14.9],[127.4,-15.1],[126.9,-15.2],[126.34,-15.1],[126.0,-15.1],[125.84,-15.13],[125.5,-15.27],[125.15,-15.44],[124.73,-15.62],[123.98,-15.91],[123.38,-16.31],[122.8,-16.6],[122.2,-17.2],[121.2,-17.6],[120.8,-17.8],[120.3,-17.9],[119.9,-17.8],[119.23,-17.81],[118.6,-17.82],[117.9,-17.6],[117.25,-17.48],[116.6,-17.3],[116.0,-16.9],[115.32,-16.31],[114.8,-16.1],[114.29,-15.82],[113.93,-15.65],[113.59,-15.39],[113.39,-15.25],[112.9,-15.2],[112.82,-15.12],[112.91,-15.01],[112.98,-14.94],[112.73,-15.53],[112.62,-16.08],[112.02,-16.36],[111.39,-16.56],[110.6,-16.67],[109.8,-16.9],[108.7,-16.9],[108.2,-16.85],[107.7,-16.8],[107.42,-16.59],[106.71,-16.54],[106.0,-16.5],[105.16,-15.91],[104.09,-15.85],[103.17,-15.44],[102.25,-15.02],[101.45,-14.95],[100.64,-14.88],[99.3,-14.56],[98.31,-14.28],[97.1,-13.9],[96.0,-13.71],[94.61,-13.46],[93.25,-13.17],[92.04,-12.96],[91.27,-12.7],[90.2,-12.6]]},"properties":{"stormId":"AU200809_03U","name":"Billy","start":"2008-12-16 00:00","end":"2009-01-03 18:00","positions":77,"minCentralPressure":950.0,"maxWindSpeed":48.9,"source":"Bureau of Meteorology Australian Tropical Cyclone Database"}},{"type":"Feature","geometry":{"type":"LineString","coordinates":[[138.3,-13.7],[138.0,-14.0],[137.8,-14.3],[137.4,-14.6],[137.1,-14.7],[136.5,-14.8],[135.7,-14.7],[135.0,-14.6],[134.4,-14.6],[133.9,-14.6],[133.3,-14.8],[132.6,-15.3],[132.0,-15.7],[131.3,-16.2],[130.5,-16.4],[129.5,-16.5],[128.7,-17.0]]},"properties":{"stormId":"AU200809_04U","name":"noname","start":"2008-12-21 00:00","end":"2008-12-25 00:00","positions":17,"minCentralPressure":998.0,"maxWindSpeed":15.4,"source":"Bureau of Meteorology Australian Tropical Cyclone Database"}},{"type":"Feature","geometry":{"type":"LineString","coordinates":[[138.93,-16.26],[139.3,-16.3],[139.59,-16.24],[140.05,-16.1],[140.6,-16.15],[141.2,-16.3],[141.85,-16.7],[142.45,-17.08]]},"properties":{"stormId":"AU200809_06U","name":"Charlotte","start":"2009-01-10 12:00","end":"2009-01-12 06:00","positions":8,"minCentralPressure":986.0,"maxWindSpeed":23.2,"source":"Bureau of Meteorology Australian Tropical Cyclone Database"}},{"type":"Feature","geometry":{"type":"LineString","coordinates":[[123.3,-17.3],[122.61,-17.61],[121.6,-17.8],[120.49,-18.05],[118.8,-18.5],[117.84,-18.6],[116.65,-18.59],[116.4,-18.7],[116.0,-19.34],[115.51,-20.18],[115.3,-20.7],[115.13,-21.25],[115.2,-21.6],[115.4,-22.0],[115.5,-22.5],[116.05,-24.07],[116.22,-25.22]]},"properties":{"stormId":"AU200809_08U","name":"Dominic","start":"2009-01-24 00:00","end":"2009-01-27 18:00","positions":17,"minCentralPressure":976.0,"maxWindSpeed":28.3,"source":"Bureau of Meteorology Australian Tropical Cyclone Database"}},{"type":"Feature","geometry":{"type":"LineString","coordinates":[[148.29,-16.29],[148.07,-16.37],[147.84,-16.47],[147.6,-16.59],[147.04,-17.18],[146.61,-17.69],[146.18,-17.86],[146.08,-17.89],[145.55,-18.05]]},"properties":{"stormId":"AU200809_09U","name":"Ellie","start":"2009-01-31 00:00","end":"2009-02-01 18:00","positions":9,"minCentralPressure":988.0,"maxWindSpeed":20.6,"source":"Bureau of Meteorology Australian Tropical Cyclone Database"}},{"type":"Feature","geometry":{"type":"LineString","coordinates":[[125.5,-15.5],[122.5,-15.47],[121.55,-15.34],[120.6,-15.2],[120.3,-15.0],[119.0,-15.0],[118.78,-15.59],[118.41,-16.0],[117.75,-16.2],[116.66,-16.2],[115.18,-16.28],[114.29,-16.19],[114.1,-16.0],[113.81,-16.0],[113.52,-16.0],[113.25,-16.0],[112.76,-16.44],[111.84,-16.27],[111.05,-16.1],[110.28,-16.08],[109.48,-16.38],[108.59,-16.62],[107.73,-16.99],[106.93,-17.72],[105.71,-18.27],[104.49,-18.92],[103.28,-19.34],[102.21,-19.83],[100.45,-20.61],[100.01,-20.89],[99.0,-21.15],[97.97,-21.48],[97.36,-21.68],[96.9,-21.5],[96.27,-21.05],[95.76,-20.75],[94.58,-20.37],[93.13,-20.02],[91.68,-19.67],[90.23,-19.32],[88.9,-19.0]]},"properties":{"stormId":"AU200809_10U","name":"Freddy","start":"2009-02-03 06:00","end":"2009-02-13 06:00","positions":41,"minCentralPressure":992.0,"maxWindSpeed":23.2,"source":"Bureau of Meteorology Australian Tropical Cyclone Database"}},{"type":"Feature","geometry":{"type":"LineString","coordinates":[[101.2,-9.7],[101.1,-10.1],[101.2,-10.4],[101.2,-10.7],[101.2,-10.9],[102.3,-11.3],[103.7,-12.1],[104.7,-12.8],[105.5,-13.6],[106.0,-14.0],[106.7,-13.6],[107.2,-13.5],[107.8,-13.7],[107.8,-14.3],[107.2,-14.4],[106.4,-14.3],[105.7,-14.8],[104.9,-16.0],[102.81,-16.6],[101.6,-16.5],[100.3,-17.0],[98.7,-18.5],[96.59,-19.44],[94.62,-20.6],[93.1,-21.5]]},"properties":{"stormId":"AU200809_16U","name":"Gabrielle","start":"2009-02-28 00:00","end":"2009-03-06 00:00","positions":25,"minCentralPressure":996.0,"maxWindSpeed":18.0,"source":"Bureau of Meteorology Australian Tropical Cyclone Database"}},{"type":"Feature","geometry":{"type":"LineString","coordinates":[[147.87,-12.94],[147.37,-13.22],[147.1,-13.37],[146.99,-14.0],[146.81,-14.54],[146.74,-14.85],[147.33,-15.47],[147.73,-16.24],[148.22,-17.05],[148.75,-17.92],[149.35,-18.54],[149.96,-19.26],[150.55,-19.99],[151.07,-20.75],[151.56,-21.18],[152.05,-21.6],[152.64,-22.16],[153.21,-22.79],[153.79,-23.29],[154.17,-23.81],[154.83,-24.19],[155.65,-24.75],[156.05,-24.77],[155.51,-24.74],[155.04,-24.26],[154.9,-23.35],[154.18,-22.82],[153.41,-22.32]]},"properties":{"stormId":"AU200809_17U","name":"Hamish","start":"2009-03-05 00:00","end":"2009-03-11 18:00","positions":28,"minCentralPressure":924.0,"maxWindSpeed":59.2,"source":"Bureau of Meteorology Australian Tropical Cyclone Database"}},{"type":"Feature","geometry":{"type":"LineString","coordinates":[[128.7,-10.0],[127.9,-10.2],[126.8,-10.4],[125.7,-10.6],[124.6,-10.8],[123.3,-11.2],[122.4,-12.0],[121.4,-12.2],[119.8,-12.4],[118.1,-12.8],[116.4,-13.0],[114.7,-13.1],[113.4,-13.5],[111.7,-13.6],[110.9,-13.8],[109.7,-14.5],[108.7,-15.2],[107.6,-16.0],[106.9,-16.3],[105.9,-16.2],[105.2,-16.2],[104.4,-16.1],[103.9,-16.0],[103.1,-15.9],[102.4,-15.9],[101.6,-16.1],[101.1,-16.2],[100.2,-16.2],[99.5,-16.4],[98.8,-16.6],[97.9,-16.8],[96.7,-17.1],[95.6,-17.3],[94.3,-17.5],[92.9,-18.2],[91.4,-18.7],[90.1,-19.2],[89.0,-19.6]]},"properties":{"stormId":"AU200809_18U","name":"Ilsa","start":"2009-03-15 00:00","end":"2009-03-24 06:00","positions":38,"minCentralPressure":958.0,"maxWindSpeed":46.3,"source":"Bureau of Meteorology Australian Tropical Cyclone Database"}},{"type":"Feature","geometry":{"type":"LineString","coordinates":[[153.5,-14.0],[154.0,-14.1],[154.2,-14.7],[155.25,-14.9],[156.6,-15.9],[157.25,-16.0],[157.9,-16.05],[159.6,-16.95],[160.0,-17.45]]},"properties":{"stormId":"AU200809_20U","name":"Jasper","start":"2009-03-22 12:00","end":"2009-03-24 01:30","positions":9,"minCentralPressure":985.0,"maxWindSpeed":25.7,"source":"Bureau of Meteorology Australian Tropical Cyclone Database"}},{"type":"Feature","geometry":{"type":"LineString","coordinates":[[133.3,-7.3],[133.0,-7.4],[132.6,-7.7],[132.3,-8.0],[131.9,-8.4],[131.5,-8.3],[131.0,-8.1],[130.6,-7.8],[130.3,-7.7],[130.0,-7.7],[129.7,-7.6],[129.6,-7.4],[129.9,-7.0],[130.8,-7.0],[131.5,-7.0],[132.0,-7.0],[132.5,-7.1],[132.8,-7.2],[133.0,-7.2],[133.2,-7.3],[133.2,-7.4],[133.0,-7.5],[132.9,-7.6],[132.9,-7.8],[133.0,-8.0],[133.2,-8.3],[133.5,-8.5],[134.0,-8.8],[134.5,-8.8],[134.8,-8.8],[135.0,-8.6],[135.1,-8.3],[135.4,-8.1],[135.6,-8.0],[135.8,-7.9],[135.7,-7.7],[135.4,-7.7],[135.1,-7.5],[135.0,-7.5],[134.9,-7.4],[134.8,-7.3],[134.6,-7.2],[134.5,-6.9],[134.4,-6.7],[134.4,-6.6],[134.3,-6.4],[134.2,-6.2],[134.1,-6.2],[133.9,-6.2],[133.8,-6.1],[133.6,-6.1],[133.4,-6.0],[133.3,-5.9],[133.0,-5.7],[133.1,-5.5],[133.2,-5.4],[133.2,-5.5],[133.2,-5.5],[133.1,-5.3],[133.0,-5.2],[132.8,-5.1],[132.7,-5.1],[132.5,-5.1],[132.4,-5.0],[132.1,-5.0],[131.9,-5.1],[131.7,-5.1],[131.4,-5.1],[131.2,-5.1],[131.0,-5.2],[130.8,-5.3],[130.5,-5.1]]},"properties":{"stormId":"AU200809_23U","name":"Kirrily","start":"2009-04-17 06:00","end":"2009-05-01 06:00","positions":72,"minCentralPressure":999.0,"maxWindSpeed":18.0,"source":"Bureau of Meteorology Australian Tropical Cyclone Database"}},{"type":"Feature","geometry":{"type":"LineString","coordinates":[[139.5,-8.9],[138.2,-9.2],[138.0,-9.5],[137.65,-9.65],[137.2,-9.8],[136.6,-9.9],[135.9,-9.9],[135.2,-9.9],[134.5,-10.0],[133.7,-10.3],[133.4,-10.4],[133.1,-10.5],[132.7,-10.7],[132.1,-11.3],[131.7,-11.8],[131.1,-12.2],[130.7,-12.5],[130.2,-13.0],[130.0,-13.1],[129.6,-13.2],[128.7,-13.1],[127.9,-12.6],[127.8,-12.2],[128.8,-12.4],[128.5,-13.0],[127.8,-13.0],[127.1,-13.1],[126.6,-13.2],[126.3,-13.6],[125.4,-14.3],[124.93,-14.59],[124.5,-15.1],[124.4,-15.22],[124.24,-15.34],[124.01,-15.91],[124.05,-16.15],[124.11,-16.31],[124.16,-16.47],[124.3,-16.9],[124.3,-16.9],[124.3,-16.9],[124.3,-16.92],[124.17,-17.06],[123.9,-17.2],[123.4,-17.1],[122.7,-16.7],[122.6,-16.6],[122.2,-16.9],[121.8,-17.2],[121.3,-17.5],[120.9,-17.8],[120.6,-18.3],[120.4,-18.5],[120.4,-18.7],[120.5,-19.0],[120.6,-19.4],[120.7,-19.7],[120.8,-20.0],[121.0,-20.5],[121.2,-21.1],[121.7,-21.9],[122.81,-22.56],[123.82,-23.41],[125.2,-24.5],[126.9,-25.3]]},"properties":{"stormId":"AU200910_01U","name":"Laurence","start":"2009-12-08 00:00","end":"2009-12-23 06:00","positions":65,"minCentralPressure":925.0,"maxWindSpeed":56.6,"source":"Bureau of Meteorology Australian Tropical Cyclone Database"}},{"type":"Feature","geometry":{"type":"LineString","coordinates":[[146.6,-14.05],[147.3,-14.15],[147.75,-14.5],[147.55,-14.7],[147.25,-14.65],[147.15,-14.6],[147.4,-14.55],[147.2,-14.4],[147.35,-14.2],[147.3,-14.3],[147.1,-14.4],[147.1,-14.4],[146.8,-14.6],[146.7,-14.7],[146.3,-13.7],[146.7,-13.6],[148.7,-13.6]]},"properties":{"stormId":"AU200910_05U","name":"Neville","start":"2010-01-19 12:00","end":"2010-01-23 12:00","positions":17,"minCentralPressure":997.0,"maxWindSpeed":18.0,"source":"Bureau of Meteorology Australian Tropical Cyclone Database"}},{"type":"Feature","geometry":{"type":"LineString","coordinates":[[123.0,-10.9],[122.9,-11.2],[122.9,-11.3],[122.5,-11.5],[122.5,-11.8],[122.4,-11.9],[122.3,-12.1],[122.2,-12.4],[122.3,-12.7],[122.5,-13.1],[123.2,-13.6],[123.3,-13.95],[123.5,-14.3],[124.1,-14.6],[124.4,-15.2],[124.5,-15.6],[124.5,-15.9],[124.4,-16.3],[124.4,-16.7],[124.4,-17.2],[124.4,-17.4],[124.2,-17.9],[124.0,-18.2],[123.8,-18.4],[123.6,-19.0],[123.3,-19.6],[122.9,-19.9],[122.4,-20.1]]},"properties":{"stormId":"AU200910_06U","name":"Magda","start":"2010-01-18 12:00","end":"2010-01-24 06:00","positions":28,"minCentralPressure":975.0,"maxWindSpeed":36.0,"source":"Bureau of Meteorology Australian Tropical Cyclone Database"}},{"type":"Feature","geometry":{"type":"LineString","coordinates":[[163.0,-8.3],[162.5,-9.0],[162.0,-9.2],[161.45,-9.4],[160.9,-9.6],[160.5,-10.0],[160.0,-11.0],[159.0,-11.9],[157.3,-13.2],[155.2,-14.5],[153.55,-15.65],[151.85,-16.4],[150.4,-16.3],[149.3,-16.5],[148.25,-16.15],[147.1,-15.75],[146.6,-15.95],[146.35,-16.3],[146.3,-16.95],[145.95,-17.6],[144.0,-18.4],[142.31,-18.2],[141.5,-18.3],[140.84,-18.24],[140.0,-18.0],[138.8,-17.5],[138.05,-16.6],[137.7,-16.2],[137.4,-16.1],[137.0,-16.3],[136.5,-16.1],[136.3,-15.95],[136.0,-16.0],[135.7,-16.2],[135.8,-16.1],[136.0,-16.1],[136.5,-15.9],[137.4,-15.9],[138.65,-16.1],[138.95,-16.15],[140.35,-17.6],[141.0,-18.0],[141.3,-18.4],[142.0,-19.1],[143.0,-20.5],[144.0,-21.5],[144.5,-22.5]]},"properties":{"stormId":"AU200910_07U","name":"Olga","start":"2010-01-20 00:00","end":"2010-01-31 00:00","positions":47,"minCentralPressure":983.0,"maxWindSpeed":25.7,"source":"Bureau of Meteorology Australian Tropical Cyclone Database"}},{"type":"Feature","geometry":{"type":"LineString","coordinates":[[160.0,-12.85],[159.5,-12.9],[159.0,-13.0],[158.65,-13.05],[158.35,-13.2],[158.1,-13.25],[157.95,-13.35],[157.95,-13.5],[157.95,-13.65],[157.95,-13.8],[157.95,-14.0],[158.0,-14.3],[157.85,-14.65],[157.75,-14.9],[157.65,-15.1],[157.5,-15.45],[157.3,-16.2],[156.6,-16.6],[156.05,-17.35],[155.55,-17.95],[154.25,-18.75],[152.85,-19.6],[151.25,-19.85],[149.8,-19.97],[148.68,-20.26],[148.12,-20.4],[147.29,-20.56],[146.53,-20.73],[145.34,-21.28]]},"properties":{"stormId":"AU200910_09U","name":"Ului","start":"2010-03-14 18:00","end":"2010-03-21 06:00","positions":29,"minCentralPressure":937.0,"maxWindSpeed":54.0,"source":"Bureau of Meteorology Australian Tropical Cyclone Database"}},{"type":"Feature","geometry":{"type":"LineString","coordinates":[[138.0,-8.5],[137.1,-8.8],[136.5,-9.1],[136.0,-9.2],[135.6,-9.3],[135.3,-9.4],[135.1,-9.4],[135.2,-9.9],[135.5,-10.3],[135.9,-10.5],[136.4,-10.7],[136.36,-11.0],[136.48,-11.27],[136.79,-11.64],[136.92,-12.29],[136.57,-12.59],[136.52,-12.71],[136.57,-12.89],[136.51,-13.09],[136.46,-12.9],[136.57,-13.05],[136.5,-13.04],[136.5,-12.91],[136.61,-12.94],[136.6,-13.09],[136.58,-13.18],[136.36,-13.24],[136.37,-13.23],[136.25,-13.33],[136.14,-13.37],[135.94,-13.3],[135.9,-13.28],[135.71,-13.19],[135.65,-13.13],[135.52,-13.13],[135.35,-13.19],[135.2,-13.2],[135.0,-13.2],[135.0,-13.3],[135.0,-13.5],[135.3,-13.9],[135.8,-14.1],[136.1,-14.1],[136.5,-14.2],[136.8,-14.7],[137.2,-15.3],[137.9,-16.1],[138.3,-16.3],[138.2,-16.5],[137.8,-16.7],[137.5,-16.8]]},"properties":{"stormId":"AU200910_11U","name":"Paul","start":"2010-03-24 12:00","end":"2010-04-02 12:00","positions":51,"minCentralPressure":971.0,"maxWindSpeed":36.0,"source":"Bureau of Meteorology Australian Tropical Cyclone Database"}},{"type":"Feature","geometry":{"type":"LineString","coordinates":[[93.3,-8.8],[93.1,-8.9],[93.1,-9.4],[93.0,-10.1],[92.9,-10.5],[92.7,-11.2],[92.5,-11.8],[92.4,-12.4],[92.4,-12.9],[92.4,-13.3],[92.4,-13.6],[92.4,-13.9],[92.3,-14.2],[92.0,-14.5],[91.8,-14.8],[91.5,-15.2],[91.4,-15.6],[91.6,-16.1],[92.2,-16.1],[92.2,-16.0],[92.1,-15.8],[91.8,-15.5],[91.5,-15.2],[91.1,-15.4],[90.7,-15.8],[90.2,-16.0]]},"properties":{"stormId":"AU200910_12U","name":"Robyn","start":"2010-04-01 00:00","end":"2010-04-07 06:00","positions":26,"minCentralPressure":980.0,"maxWindSpeed":30.9,"source":"Bureau of Meteorology Australian Tropical Cyclone Database"}},{"type":"Feature","geometry":{"type":"LineString","coordinates":[[117.5,-10.0],[117.4,-10.0],[117.2,-10.0],[117.0,-10.0],[116.8,-10.2],[116.5,-10.6],[116.2,-11.2],[115.9,-11.9],[115.6,-12.3],[115.3,-12.7],[114.92,-13.03],[114.7,-13.2],[114.3,-13.5],[114.0,-14.0],[113.7,-14.5],[113.3,-15.1],[113.1,-15.7],[112.8,-16.5],[112.6,-17.1],[111.9,-17.3],[111.3,-17.5],[110.5,-18.1],[109.7,-18.3],[108.32,-18.3],[107.0,-18.3],[105.5,-18.2],[104.3,-18.2]]},"properties":{"stormId":"AU200910_13U","name":"Sean","start":"2010-04-20 06:00","end":"2010-04-26 12:00","positions":27,"minCentralPressure":988.0,"maxWindSpeed":28.3,"source":"Bureau of Meteorology Australian Tropical Cyclone Database"}},{"type":"Feature","geometry":{"type":"LineString","coordinates":[[96.3,-7.5],[96.0,-7.7],[95.9,-7.8],[96.0,-8.0],[96.0,-8.1],[96.4,-8.5],[96.7,-8.8],[97.1,-9.0],[97.01,-9.7],[98.0,-10.4],[98.3,-11.2],[98.4,-11.5],[98.3,-11.8],[98.1,-12.2],[97.9,-12.6],[97.8,-13.2],[97.5,-13.8],[97.2,-14.3],[96.5,-14.5],[95.9,-14.8],[95.4,-15.0],[94.4,-14.9],[93.6,-14.8],[92.7,-15.1],[91.8,-15.4],[90.3,-15.8]]},"properties":{"stormId":"AU201011_01U","name":"Anggrek","start":"2010-10-30 00:00","end":"2010-11-05 06:00","positions":26,"minCentralPressure":995.0,"maxWindSpeed":20.6,"source":"Bureau of Meteorology Australian Tropical Cyclone Database"}},{"type":"Feature","geometry":{"type":"LineString","coordinates":[[86.4,-11.4],[86.07,-11.47],[85.97,-11.67],[85.9,-12.1],[86.1,-12.7],[85.77,-12.43],[85.44,-13.11],[85.3,-13.77],[85.5,-14.22],[85.65,-14.68],[85.9,-15.3],[86.22,-15.68],[86.67,-16.06],[87.34,-16.6],[88.58,-17.06],[89.46,-17.72],[90.5,-18.4],[91.5,-19.1],[92.8,-20.0],[93.3,-20.8],[93.7,-21.7],[93.9,-22.4],[94.5,-22.8],[95.9,-23.8]]},"properties":{"stormId":"AU201011_02U","name":"Abele","start":"2010-11-29 00:00","end":"2010-12-04 18:00","positions":24,"minCentralPressure":973.0,"maxWindSpeed":36.0,"source":"Bureau of Meteorology Australian Tropical Cyclone Database"}},{"type":"Feature","geometry":{"type":"LineString","coordinates":[[109.0,-18.2],[109.33,-19.13],[109.67,-20.07],[110.0,-21.0],[109.9,-20.5],[110.2,-20.8],[110.5,-21.1],[111.8,-21.8],[112.2,-22.5],[112.7,-22.6],[113.0,-22.6],[113.6,-23.0],[114.1,-23.3],[113.7,-23.9],[113.2,-24.6],[112.8,-25.2],[112.6,-25.8],[112.3,-26.4],[111.2,-27.7],[110.2,-29.0],[109.2,-29.7]]},"properties":{"stormId":"AU201011_03U","name":"noname","start":"2010-12-15 06:00","end":"2010-12-20 06:00","positions":21,"minCentralPressure":991.0,"maxWindSpeed":15.4,"source":"Bureau of Meteorology Australian Tropical Cyclone Database"}},{"type":"Feature","geometry":{"type":"LineString","coordinates":[[149.8,-14.7],[149.3,-15.1],[148.6,-15.5],[148.2,-16.0],[147.6,-16.5],[146.6,-16.6],[146.2,-17.0],[145.9,-17.1],[145.5,-17.2],[145.1,-17.4]]},"properties":{"stormId":"AU201011_05U","name":"Tasha","start":"2010-12-24 00:00","end":"2010-12-25 00:00","positions":10,"minCentralPressure":993.0,"maxWindSpeed":20.6,"source":"Bureau of Meteorology Australian Tropical Cyclone Database"}},{"type":"Feature","geometry":{"type":"LineString","coordinates":[[132.8,-14.5],[132.8,-14.5],[132.3,-14.7],[131.2,-15.0],[130.2,-15.1],[128.4,-15.5],[126.8,-15.6],[125.3,-16.0],[123.8,-16.3],[123.0,-16.7],[121.7,-17.3],[120.1,-18.0],[118.1,-18.8],[115.8,-19.2],[114.4,-19.3],[113.1,-19.3],[112.1,-19.6],[110.1,-20.3],[108.9,-20.6],[107.8,-20.3],[107.3,-19.9],[106.9,-19.4],[107.0,-19.2],[106.9,-19.8],[106.3,-20.7],[105.0,-21.1],[104.3,-21.0],[103.5,-20.9],[102.8,-20.8]]},"properties":{"stormId":"AU201011_06U","name":"noname","start":"2010-12-29 00:00","end":"2011-01-05 00:00","positions":29,"minCentralPressure":993.0,"maxWindSpeed":15.4,"source":"Bureau of Meteorology Australian Tropical Cyclone Database"}},{"type":"Feature","geometry":{"type":"LineString","coordinates":[[112.8,-15.1],[112.9,-15.15],[112.99,-15.2],[112.34,-15.2],[111.68,-15.2],[110.71,-15.11],[109.53,-15.16],[108.56,-15.0],[108.09,-15.0],[107.71,-14.91],[107.0,-15.0],[107.32,-15.0],[107.49,-15.0],[108.0,-15.41],[107.83,-15.8],[108.0,-15.8],[109.16,-15.86],[110.38,-15.8],[111.58,-16.09],[112.46,-16.3],[113.54,-16.3],[114.43,-16.1],[114.73,-15.83],[114.52,-15.61],[114.19,-15.62],[114.06,-15.88],[113.4,-15.71],[113.21,-16.04],[112.51,-16.2],[112.23,-15.87]]},"properties":{"stormId":"AU201011_09U","name":"Vince","start":"2011-01-09 06:00","end":"2011-01-16 12:00","positions":30,"minCentralPressure":986.0,"maxWindSpeed":20.6,"source":"Bureau of Meteorology Australian Tropical Cyclone Database"}},{"type":"Feature","geometry":{"type":"LineString","coordinates":[[150.2,-15.1],[150.2,-14.25],[149.8,-13.7],[150.0,-13.0],[150.4,-12.5],[150.9,-12.4],[151.5,-12.6],[151.8,-13.1],[151.9,-13.8],[152.1,-14.5],[152.5,-15.1],[153.3,-15.6],[154.95,-16.35],[156.75,-17.5],[158.05,-18.5],[158.75,-19.05],[160.0,-20.1],[160.6,-20.6],[162.8,-22.6],[165.0,-25.0],[167.5,-27.5],[168.7,-30.2],[169.3,-32.9],[169.9,-36.1],[172.0,-40.0]]},"properties":{"stormId":"AU201011_10U","name":"Zelia","start":"2011-01-12 18:00","end":"2011-01-18 06:00","positions":25,"minCentralPressure":943.0,"maxWindSpeed":51.4,"source":"Bureau of Meteorology Australian Tropical Cyclone Database"}},{"type":"Feature","geometry":{"type":"LineString","coordinates":[[146.2,-16.1],[146.65,-15.7],[147.1,-15.5],[148.0,-15.4],[148.9,-15.3],[151.0,-15.7],[153.2,-16.4],[155.2,-16.9],[156.3,-17.4],[158.5,-18.2],[159.8,-18.5],[160.6,-19.2],[160.8,-19.5],[160.6,-19.6],[159.9,-19.5],[159.7,-19.1],[159.5,-19.1],[158.5,-18.9],[157.7,-18.6],[156.6,-18.4],[155.6,-17.9],[155.1,-17.6],[154.4,-16.5],[155.9,-16.0],[155.5,-16.0],[155.2,-16.0],[154.9,-15.5],[154.6,-15.4],[154.3,-15.3],[153.7,-15.6],[153.3,-16.0],[152.5,-17.0],[151.0,-18.3],[149.5,-19.3],[148.2,-19.9],[147.9,-20.1],[146.6,-21.4],[144.9,-22.5]]},"properties":{"stormId":"AU201011_11U","name":"Anthony","start":"2011-01-22 00:00","end":"2011-01-31 00:00","positions":38,"minCentralPressure":988.0,"maxWindSpeed":25.7,"source":"Bureau of Meteorology Australian Tropical Cyclone Database"}},{"type":"Feature","geometry":{"type":"LineString","coordinates":[[129.0,-16.0],[129.4,-15.6],[129.3,-15.4],[129.1,-15.2],[129.0,-15.0],[129.4,-14.7],[129.3,-14.8],[128.7,-14.5],[129.0,-14.3],[129.1,-14.3],[129.1,-14.4],[128.4,-14.5],[126.9,-14.7],[126.4,-14.8],[126.0,-15.0],[125.0,-15.7],[124.0,-16.3],[123.1,-16.7],[121.7,-17.2],[120.7,-17.9],[119.5,-18.8],[118.1,-19.3],[116.9,-19.1],[115.8,-19.4],[115.0,-19.7],[114.0,-20.2],[112.9,-20.9],[111.5,-21.7],[110.1,-22.8],[108.8,-23.9],[108.3,-24.9],[108.0,-26.3],[107.8,-27.6],[108.3,-29.0],[109.5,-29.8],[110.9,-30.3],[112.3,-30.9],[113.4,-31.5]]},"properties":{"stormId":"AU201011_12U","name":"Bianca","start":"2011-01-21 00:00","end":"2011-01-30 06:00","positions":38,"minCentralPressure":949.0,"maxWindSpeed":48.9,"source":"Bureau of Meteorology Australian Tropical Cyclone Database"}},{"type":"Feature","geometry":{"type":"LineString","coordinates":[[160.5,-13.5],[158.6,-13.7],[156.7,-14.1],[155.0,-14.4],[153.2,-14.9],[151.7,-15.7],[149.7,-16.5],[148.1,-17.1],[146.8,-17.5],[146.03,-17.96],[145.0,-18.5],[143.1,-19.3],[141.5,-20.0],[140.6,-20.6]]},"properties":{"stormId":"AU201011_14U","name":"Yasi","start":"2011-01-31 12:00","end":"2011-02-03 12:00","positions":14,"minCentralPressure":929.0,"maxWindSpeed":56.6,"source":"Bureau of Meteorology Australian Tropical Cyclone Database"}},{"type":"Feature","geometry":{"type":"LineString","coordinates":[[118.6,-16.6],[117.47,-17.8],[115.41,-18.29],[114.35,-18.57],[112.68,-18.89],[112.18,-19.11],[111.96,-19.2],[111.83,-19.13],[111.62,-19.04],[111.4,-19.0],[111.1,-19.2],[110.94,-19.2],[110.61,-18.71],[110.64,-18.95],[110.33,-19.46],[110.0,-19.8],[109.38,-20.33],[108.78,-20.82],[108.29,-20.94],[108.13,-21.5],[107.89,-22.24],[107.76,-22.73],[107.52,-23.17],[107.35,-23.74],[106.76,-24.25],[106.01,-24.58],[105.11,-24.88],[104.13,-25.12],[103.14,-25.76],[102.52,-26.54],[102.11,-27.18],[102.0,-28.39],[102.24,-29.48],[102.7,-30.41],[102.5,-30.91],[102.5,-31.14],[102.57,-31.63]]},"properties":{"stormId":"AU201011_16U","name":"Dianne","start":"2011-02-14 06:00","end":"2011-02-23 06:00","positions":37,"minCentralPressure":960.0,"maxWindSpeed":38.6,"source":"Bureau of Meteorology Australian Tropical Cyclone Database"}},{"type":"Feature","geometry":{"type":"LineString","coordinates":[[132.0,-14.0],[131.9,-14.0],[131.0,-13.6],[130.5,-13.2],[130.7,-13.3],[130.4,-13.0],[130.61,-12.73],[130.5,-12.6],[130.66,-12.36],[130.72,-12.54],[130.99,-12.41],[131.02,-12.55],[130.94,-12.49],[130.98,-12.54],[131.03,-12.55],[131.17,-12.62],[131.34,-12.86],[131.1,-13.19],[130.76,-13.4],[130.6,-13.7],[130.69,-13.9],[130.5,-14.2],[130.26,-14.65],[130.21,-14.98],[130.0,-15.5],[129.1,-15.5],[128.5,-15.1],[128.2,-15.3],[127.4,-15.7],[126.5,-15.9],[125.15,-16.4],[123.65,-17.2],[122.0,-17.5],[121.6,-17.8],[120.1,-18.53],[119.1,-19.0],[118.4,-19.5],[117.7,-20.0],[117.3,-20.2],[117.0,-20.6],[116.9,-20.7],[116.3,-20.8],[115.4,-21.2],[114.8,-21.7],[114.1,-22.1],[113.3,-22.7],[112.5,-23.0],[111.7,-23.1],[110.82,-23.81],[109.73,-24.39],[108.62,-24.8],[107.6,-25.43],[106.84,-26.14],[105.89,-27.02],[105.5,-27.85],[104.88,-28.72],[104.29,-29.56],[104.09,-30.34],[103.94,-31.02],[104.18,-31.35],[104.0,-32.0]]},"properties":{"stormId":"AU201011_17U","name":"Carlos","start":"2011-02-14 00:00","end":"2011-02-27 00:00","positions":61,"minCentralPressure":969.0,"maxWindSpeed":33.4,"source":"Bureau of Meteorology Australian Tropical Cyclone Database"}},{"type":"Feature","geometry":{"type":"LineString","coordinates":[[132.8,-10.4],[132.8,-10.4],[132.8,-10.4],[132.7,-10.5],[132.5,-10.5],[132.3,-10.6],[131.8,-10.6],[131.5,-10.7],[131.2,-11.0],[131.0,-11.5],[130.7,-11.8],[130.3,-12.0],[129.8,-12.0],[129.4,-12.2],[129.1,-12.7],[128.7,-13.3],[127.7,-13.5],[127.0,-13.7],[126.6,-14.0],[126.0,-14.4],[125.5,-14.7],[125.0,-15.1],[124.5,-15.6],[124.11,-15.75],[123.7,-15.9],[123.56,-15.88],[123.5,-15.8],[123.4,-15.73],[123.3,-15.7]]},"properties":{"stormId":"AU201011_25U","name":"noname","start":"2011-03-29 00:00","end":"2011-04-05 00:00","positions":29,"minCentralPressure":994.0,"maxWindSpeed":20.6,"source":"Bureau of Meteorology Australian Tropical Cyclone Database"}},{"type":"Feature","geometry":{"type":"LineString","coordinates":[[125.5,-11.7],[125.8,-11.8],[125.96,-11.86],[126.0,-11.9],[125.93,-11.98],[126.1,-12.3],[126.2,-12.3],[126.3,-12.5],[126.3,-12.6],[126.1,-12.7],[126.0,-12.7],[125.9,-12.4],[125.4,-12.1],[125.1,-11.7],[124.8,-11.3],[124.7,-11.0],[124.4,-10.9],[124.2,-10.8],[124.2,-10.6],[124.3,-10.4],[124.5,-10.2],[124.4,-10.0]]},"properties":{"stormId":"AU201011_29U","name":"Errol","start":"2011-04-12 18:00","end":"2011-04-18 00:00","positions":22,"minCentralPressure":985.0,"maxWindSpeed":33.4,"source":"Bureau of Meteorology Australian Tropical Cyclone Database"}},{"type":"Feature","geometry":{"type":"LineString","coordinates":[[98.4,-5.5],[98.1,-7.0],[97.7,-7.4],[97.4,-7.7],[97.0,-8.2],[96.3,-8.9],[95.3,-9.7],[93.7,-10.5],[92.3,-11.2],[91.0,-11.7],[89.9,-12.1],[88.9,-12.1],[88.1,-12.2],[87.7,-12.2],[87.6,-12.2],[87.6,-12.4],[87.7,-12.7],[87.6,-13.1],[87.9,-13.5],[88.3,-13.7],[89.3,-14.0],[89.9,-14.3],[91.6,-14.8],[93.3,-15.5],[94.9,-16.2],[96.8,-17.3],[98.4,-18.5],[99.7,-19.2],[101.6,-20.6],[102.4,-21.2],[102.7,-21.5]]},"properties":{"stormId":"AU201112_01U","name":"Alenga","start":"2011-12-02 00:00","end":"2011-12-09 12:00","positions":31,"minCentralPressure":972.0,"maxWindSpeed":38.6,"source":"Bureau of Meteorology Australian Tropical Cyclone Database"}},{"type":"Feature","geometry":{"type":"LineString","coordinates":[[155.4,-13.8],[155.5,-13.9],[155.2,-13.7],[155.9,-14.3],[156.6,-15.3],[157.0,-16.3],[157.0,-17.0],[156.7,-17.9],[156.0,-18.5],[155.7,-19.1],[154.5,-19.5],[154.5,-19.8],[155.3,-21.1],[156.0,-22.0],[156.0,-22.0],[156.2,-22.0],[156.6,-22.0],[157.3,-22.65],[157.5,-23.7],[158.0,-24.05],[158.5,-24.3],[159.1,-24.9],[159.7,-25.5],[160.5,-25.9]]},"properties":{"stormId":"AU201112_02U","name":"unnamed","start":"2011-12-20 00:00","end":"2011-12-25 18:00","positions":24,"minCentralPressure":990.0,"maxWindSpeed":23.2,"source":"Bureau of Meteorology Australian Tropical Cyclone Database"}},{"type":"Feature","geometry":{"type":"LineString","coordinates":[[132.0,-10.6],[131.8,-10.6],[131.5,-10.6],[131.6,-10.4],[132.0,-10.4],[132.6,-10.4],[132.8,-10.7],[132.8,-11.0],[132.8,-11.3],[132.8,-11.6],[132.7,-12.0],[132.7,-12.5],[132.6,-12.9],[132.6,-13.2],[132.7,-13.4],[132.9,-13.7],[133.6,-14.0],[134.3,-14.0],[134.8,-14.0],[135.4,-14.1],[136.2,-14.1],[137.1,-14.3],[138.0,-14.4],[139.2,-14.4],[140.23,-14.0],[140.72,-13.7]]},"properties":{"stormId":"AU201112_04U","name":"Grant","start":"2011-12-23 12:00","end":"2011-12-29 12:00","positions":26,"minCentralPressure":976.0,"maxWindSpeed":30.9,"source":"Bureau of Meteorology Australian Tropical Cyclone Database"}},{"type":"Feature","geometry":{"type":"LineString","coordinates":[[118.0,-12.0],[117.8,-12.1],[119.9,-12.3],[119.6,-13.3],[119.5,-14.5],[119.5,-15.45],[119.45,-16.6],[119.42,-17.0],[119.4,-17.56],[119.4,-18.3],[119.14,-18.8],[118.9,-19.1],[118.9,-19.5],[118.9,-19.6],[118.88,-19.75],[118.82,-19.83],[118.8,-19.9],[118.78,-19.98],[118.76,-20.07],[118.73,-20.26],[118.71,-20.39],[118.58,-20.73],[118.41,-21.1],[118.3,-21.4],[118.2,-21.8],[118.2,-22.1],[118.2,-22.6],[118.0,-23.1],[117.7,-24.2],[117.65,-25.0],[117.5,-25.2]]},"properties":{"stormId":"AU201112_07U","name":"Heidi","start":"2012-01-09 00:00","end":"2012-01-13 08:00","positions":31,"minCentralPressure":960.0,"maxWindSpeed":41.2,"source":"Bureau of Meteorology Australian Tropical Cyclone Database"}},{"type":"Feature","geometry":{"type":"LineString","coordinates":[[116.0,-15.0],[114.5,-15.15],[113.0,-15.3],[112.0,-15.47],[111.0,-15.64],[110.22,-15.8],[109.4,-15.8],[108.3,-15.8],[108.4,-15.8],[108.45,-16.0],[108.58,-16.18],[108.9,-16.62],[109.35,-17.05],[109.67,-17.64],[109.98,-18.18],[110.54,-18.66],[110.8,-19.13],[110.64,-19.53],[110.68,-19.69],[110.7,-19.87],[110.86,-20.04],[111.12,-19.93],[111.2,-19.8],[111.2,-19.8],[111.13,-19.8],[110.95,-19.8],[110.68,-19.86],[110.61,-20.15],[110.23,-20.68],[109.79,-21.25],[109.38,-21.91],[108.91,-22.69],[108.18,-23.87],[107.72,-24.86],[107.82,-26.19],[107.89,-27.5],[108.5,-28.53],[109.37,-29.14],[110.8,-29.8],[111.91,-29.8],[113.15,-29.93],[114.1,-29.78],[115.0,-29.5]]},"properties":{"stormId":"AU201112_11U","name":"Iggy","start":"2012-01-23 12:00","end":"2012-02-03 00:00","positions":43,"minCentralPressure":974.0,"maxWindSpeed":30.9,"source":"Bureau of Meteorology Australian Tropical Cyclone Database"}},{"type":"Feature","geometry":{"type":"LineString","coordinates":[[140.86,-15.28],[140.58,-15.24],[140.8,-15.4],[140.8,-15.5],[141.3,-15.1],[142.0,-14.8],[142.9,-15.1],[143.7,-15.2],[145.3,-15.2],[147.4,-15.8],[148.5,-16.5],[149.3,-17.0],[149.7,-17.2],[149.9,-17.3],[150.2,-17.3],[150.7,-17.2],[151.3,-17.1],[152.3,-17.1],[153.8,-17.4],[155.2,-17.3],[156.2,-16.9],[157.8,-16.9],[158.8,-16.9],[160.2,-17.2],[161.7,-17.5]]},"properties":{"stormId":"AU201112_12U","name":"Jasmine","start":"2012-01-31 18:00","end":"2012-02-06 18:00","positions":25,"minCentralPressure":973.0,"maxWindSpeed":33.4,"source":"Bureau of Meteorology Australian Tropical Cyclone Database"}},{"type":"Feature","geometry":{"type":"LineString","coordinates":[[101.3,-10.4],[100.93,-10.92],[100.57,-11.45],[100.2,-11.97],[99.55,-12.77],[98.59,-13.53],[97.5,-14.0],[96.1,-14.5],[94.7,-14.7],[94.1,-14.9],[93.19,-15.13],[91.52,-15.53],[90.18,-15.84],[89.72,-15.97]]},"properties":{"stormId":"AU201112_15U","name":"Koji","start":"2012-03-05 12:00","end":"2012-03-08 09:00","positions":14,"minCentralPressure":986.0,"maxWindSpeed":25.7,"source":"Bureau of Meteorology Australian Tropical Cyclone Database"}},{"type":"Feature","geometry":{"type":"LineString","coordinates":[[112.0,-16.5],[113.0,-17.5],[114.0,-18.5],[114.17,-18.4],[114.34,-18.29],[114.51,-18.2],[114.66,-18.24],[114.8,-18.28],[114.93,-18.34],[115.0,-18.44],[115.01,-18.51],[115.07,-18.57],[115.3,-18.8],[114.79,-18.73],[113.97,-18.21],[113.26,-17.34],[112.92,-16.73],[112.99,-16.13],[112.93,-15.6],[113.09,-15.6],[113.34,-15.67],[113.51,-15.54],[113.82,-15.4],[114.86,-15.56],[115.84,-16.14],[116.88,-16.47],[117.99,-16.83],[118.9,-17.6],[119.5,-18.5],[119.9,-19.7],[120.0,-20.0],[120.2,-20.4],[120.4,-21.4],[120.4,-23.5],[120.4,-24.3],[120.4,-27.1]]},"properties":{"stormId":"AU201112_16U","name":"Lua","start":"2012-03-10 00:00","end":"2012-03-18 06:00","positions":36,"minCentralPressure":935.0,"maxWindSpeed":43.7,"source":"Bureau of Meteorology Australian Tropical Cyclone Database"}},{"type":"Feature","geometry":{"type":"LineString","coordinates":[[131.7,-10.2],[131.1,-10.3],[130.4,-10.3],[129.8,-10.39],[129.2,-10.5],[128.6,-10.9],[128.09,-11.3],[127.9,-11.7],[127.9,-12.2],[128.0,-12.5],[128.1,-13.1],[128.2,-13.7],[128.4,-14.4],[129.0,-14.8],[130.0,-15.0],[131.4,-15.7],[132.7,-16.5],[133.5,-16.8],[134.2,-17.0],[135.1,-17.0],[136.0,-17.0],[137.5,-17.3],[139.3,-17.1],[140.4,-16.7],[141.4,-16.8],[141.4,-16.9],[141.3,-17.0],[141.0,-17.0],[140.8,-16.7],[140.8,-16.8],[140.9,-16.8],[141.0,-17.0],[141.1,-17.1],[141.2,-17.2],[141.4,-18.1],[141.8,-18.8],[142.1,-19.8],[142.5,-20.5],[142.8,-21.06],[143.6,-21.8],[144.5,-22.6],[145.7,-22.8],[147.1,-22.5]]},"properties":{"stormId":"AU201112_17U","name":"noname","start":"2012-03-11 00:00","end":"2012-03-21 12:00","positions":43,"minCentralPressure":993.0,"maxWindSpeed":15.4,"source":"Bureau of Meteorology Australian Tropical Cyclone Database"}},{"type":"Feature","geometry":{"type":"LineString","coordinates":[[152.6,-9.0],[152.6,-9.3],[152.7,-9.6],[152.7,-9.9],[152.8,-10.2],[153.0,-10.5],[153.2,-10.8],[153.6,-11.1],[154.0,-11.2],[154.4,-11.4],[154.8,-11.5],[155.0,-11.4],[154.8,-11.0],[154.5,-10.5],[154.0,-10.2],[153.5,-10.0],[153.4,-9.7]]},"properties":{"stormId":"AU201112_21U","name":"noname","start":"2012-06-27 00:00","end":"2012-07-01 00:00","positions":17,"minCentralPressure":996.0,"maxWindSpeed":20.6,"source":"Bureau of Meteorology Australian Tropical Cyclone Database"}},{"type":"Feature","geometry":{"type":"LineString","coordinates":[[164.9,-7.5],[164.2,-8.1],[164.0,-9.0],[163.3,-9.6],[162.5,-10.1],[161.9,-10.4],[161.4,-10.7],[160.9,-11.0],[160.5,-11.3],[160.2,-11.8],[159.9,-12.3],[159.9,-12.6],[160.2,-12.9],[160.4,-13.5],[160.7,-14.1],[160.9,-14.6],[161.0,-15.2],[161.0,-15.9],[161.1,-16.4],[161.4,-16.8],[161.7,-17.5],[161.5,-18.0],[161.4,-18.4],[161.6,-19.1],[162.0,-19.4],[162.5,-19.5]]},"properties":{"stormId":"AU201213_03U","name":"Freda","start":"2012-12-26 12:00","end":"2013-01-01 18:00","positions":26,"minCentralPressure":940.0,"maxWindSpeed":51.4,"source":"Bureau of Meteorology Australian Tropical Cyclone Database"}},{"type":"Feature","geometry":{"type":"LineString","coordinates":[[116.2,-13.4],[115.1,-13.5],[114.0,-13.5],[113.6,-14.0],[113.2,-14.4],[112.9,-14.8],[112.7,-15.1],[112.5,-15.4],[111.4,-15.5],[111.1,-16.3],[110.9,-17.2],[110.8,-18.0],[110.6,-18.9],[110.4,-20.1],[110.2,-21.3],[110.1,-22.6],[109.8,-23.9],[108.9,-25.4],[108.1,-26.8],[108.0,-28.5],[108.7,-30.2],[110.0,-30.9]]},"properties":{"stormId":"AU201213_04U","name":"Mitchell","start":"2012-12-26 12:00","end":"2012-12-31 18:00","positions":22,"minCentralPressure":988.0,"maxWindSpeed":23.2,"source":"Bureau of Meteorology Australian Tropical Cyclone Database"}},{"type":"Feature","geometry":{"type":"LineString","coordinates":[[125.8,-10.0],[126.3,-10.0],[126.0,-10.5],[125.8,-10.5],[125.5,-10.5],[125.0,-10.8],[123.7,-11.1],[122.9,-11.2],[121.8,-11.4],[121.4,-11.3],[120.7,-11.3],[119.9,-11.6],[119.1,-11.9],[118.4,-12.1],[117.8,-12.2],[117.2,-12.4],[116.7,-12.6],[116.4,-13.0],[116.1,-13.4],[115.9,-13.7],[115.7,-14.4],[115.2,-15.6],[114.99,-16.3],[114.4,-16.6],[113.8,-17.0],[113.2,-17.6],[112.7,-17.9],[112.3,-18.3],[112.0,-18.6],[112.0,-19.3],[111.6,-19.9],[111.3,-20.5],[110.8,-21.4],[110.4,-22.3],[110.1,-23.3],[110.0,-24.3],[109.9,-25.3],[109.7,-26.5],[109.5,-27.6],[109.2,-28.8],[109.0,-30.0],[109.5,-31.1]]},"properties":{"stormId":"AU201213_05U","name":"Narelle","start":"2013-01-05 00:00","end":"2013-01-15 06:00","positions":42,"minCentralPressure":930.0,"maxWindSpeed":54.0,"source":"Bureau of Meteorology Australian Tropical Cyclone Database"}},{"type":"Feature","geometry":{"type":"LineString","coordinates":[[136.8,-16.3],[137.0,-16.3],[137.3,-16.3],[139.1,-15.7],[140.2,-15.9],[140.7,-15.9],[141.3,-15.5],[141.7,-15.0],[142.1,-14.3],[143.2,-14.1],[144.3,-14.6],[144.8,-15.5],[144.8,-15.8],[144.6,-16.1],[144.8,-16.9],[145.0,-17.9],[145.6,-18.8],[146.9,-19.9],[147.7,-21.2],[148.2,-21.5],[148.6,-22.4],[149.3,-22.9],[149.3,-23.0],[149.1,-23.2],[148.6,-23.3],[148.5,-23.6],[149.4,-24.0],[150.0,-24.6],[150.1,-25.5],[150.4,-26.4],[150.9,-26.9],[151.0,-27.0],[151.1,-27.3],[150.9,-28.9],[151.1,-31.1]]},"properties":{"stormId":"AU201213_07U","name":"Oswald","start":"2013-01-20 00:00","end":"2013-01-28 12:00","positions":35,"minCentralPressure":988.0,"maxWindSpeed":20.6,"source":"Bureau of Meteorology Australian Tropical Cyclone Database"}},{"type":"Feature","geometry":{"type":"LineString","coordinates":[[123.52,-16.54],[123.2,-16.9],[123.19,-16.89],[123.0,-17.12],[122.9,-17.25],[122.71,-17.44],[122.4,-17.86],[122.18,-18.12],[121.6,-18.3],[121.7,-18.6],[121.1,-19.0],[121.15,-19.19],[120.8,-19.3],[120.5,-19.3],[120.2,-19.35],[119.9,-19.4],[119.3,-19.57],[118.8,-19.8],[118.7,-19.8],[118.57,-19.85],[118.35,-19.9],[118.1,-19.93],[117.9,-19.9],[117.8,-19.7],[117.9,-19.85],[117.7,-20.2],[117.4,-20.5],[117.3,-20.8],[117.2,-21.0]]},"properties":{"stormId":"AU201213_08U","name":"Peta","start":"2013-01-20 03:00","end":"2013-01-23 09:00","positions":29,"minCentralPressure":988.0,"maxWindSpeed":23.2,"source":"Bureau of Meteorology Australian Tropical Cyclone Database"}},{"type":"Feature","geometry":{"type":"LineString","coordinates":[[125.89,-13.03],[124.59,-13.35],[123.3,-13.68],[122.0,-14.0],[121.12,-14.4],[120.24,-14.8],[119.36,-15.21],[118.5,-15.61],[118.36,-15.94],[118.21,-16.27],[118.2,-16.64],[118.21,-16.94],[118.26,-17.06],[118.38,-17.19],[118.52,-17.32],[118.91,-17.53],[119.06,-17.97],[119.2,-18.39],[119.2,-18.71],[119.1,-19.0],[119.1,-19.2],[119.1,-19.2],[119.1,-19.2],[119.1,-19.2],[119.3,-19.3],[119.4,-19.6],[119.5,-19.8],[119.6,-20.0],[119.65,-20.05],[119.8,-20.2],[120.0,-20.3],[120.1,-20.6],[120.3,-21.0],[120.5,-21.2],[120.72,-22.05],[120.74,-23.0],[121.0,-24.0],[121.0,-26.0]]},"properties":{"stormId":"AU201213_10U","name":"Rusty","start":"2013-02-21 06:00","end":"2013-03-01 00:00","positions":38,"minCentralPressure":944.0,"maxWindSpeed":46.3,"source":"Bureau of Meteorology Australian Tropical Cyclone Database"}},{"type":"Feature","geometry":{"type":"LineString","coordinates":[[101.8,-11.9],[102.1,-12.0],[103.5,-12.5],[103.5,-12.5],[104.0,-13.0],[103.6,-13.5],[102.7,-13.9],[102.0,-14.1],[101.6,-14.0],[101.7,-14.1],[100.5,-14.0],[100.2,-13.2],[99.8,-13.0],[99.1,-12.8],[98.4,-12.2],[98.4,-12.1],[98.4,-11.9],[98.4,-12.4],[98.0,-12.7],[97.8,-12.8],[98.2,-13.4],[98.4,-14.1],[98.4,-14.3],[98.3,-14.5],[97.9,-14.8],[98.0,-15.0],[98.0,-15.4],[98.1,-15.4],[98.3,-15.4],[98.4,-15.4],[98.8,-15.3],[99.2,-14.9],[99.7,-14.5],[100.4,-14.4]]},"properties":{"stormId":"AU201213_11U","name":"noname","start":"2013-02-20 00:00","end":"2013-02-28 06:00","positions":34,"minCentralPressure":990.0,"maxWindSpeed":23.2,"source":"Bureau of Meteorology Australian Tropical Cyclone Database"}},{"type":"Feature","geometry":{"type":"LineString","coordinates":[[149.4,-17.9],[150.1,-17.6],[151.4,-17.2],[152.4,-17.1],[153.4,-17.1],[153.8,-16.9],[153.7,-16.5],[153.9,-16.1],[154.7,-15.9],[155.2,-15.5],[155.7,-15.2],[156.4,-15.0],[156.9,-15.0],[157.1,-15.1],[157.4,-15.2],[157.7,-15.1],[158.3,-15.3],[158.9,-15.5],[159.4,-15.5],[159.9,-15.7],[160.4,-15.9],[161.0,-16.2],[161.1,-16.5],[161.4,-16.8],[161.7,-17.1],[161.7,-17.6],[162.1,-18.3],[161.8,-19.0],[161.9,-19.9],[161.8,-20.9],[161.8,-21.8],[161.8,-22.5],[161.6,-23.4],[161.8,-24.6],[161.8,-25.8],[161.7,-27.2],[161.2,-29.1],[161.1,-30.7],[161.4,-31.4],[161.3,-31.7],[161.3,-32.3]]},"properties":{"stormId":"AU201213_13U","name":"Sandra","start":"2013-03-05 00:00","end":"2013-03-15 00:00","positions":41,"minCentralPressure":930.0,"maxWindSpeed":51.4,"source":"Bureau of Meteorology Australian Tropical Cyclone Database"}},{"type":"Feature","geometry":{"type":"LineString","coordinates":[[140.2,-11.7],[141.2,-11.4],[143.4,-11.5],[144.4,-11.9],[146.2,-12.1],[147.2,-13.5],[147.9,-13.9],[148.6,-14.3],[149.2,-14.7],[149.8,-15.0],[151.3,-15.2],[152.3,-15.4],[153.3,-15.7],[153.9,-16.1],[154.1,-16.4],[154.1,-16.8],[154.0,-17.0],[153.9,-17.3],[153.7,-17.7],[153.5,-18.2],[153.3,-18.6],[153.0,-18.8],[151.9,-19.3],[150.5,-19.6],[148.0,-18.2]]},"properties":{"stormId":"AU201213_14U","name":"Tim","start":"2013-03-12 12:00","end":"2013-03-20 06:00","positions":25,"minCentralPressure":985.0,"maxWindSpeed":25.7,"source":"Bureau of Meteorology Australian Tropical Cyclone Database"}},{"type":"Feature","geometry":{"type":"LineString","coordinates":[[99.2,-5.7],[99.4,-6.1],[99.6,-6.8],[100.0,-7.8],[100.4,-8.2],[100.9,-8.7],[101.3,-9.2],[101.6,-9.4],[102.0,-9.9],[102.3,-10.5],[102.5,-11.4],[102.8,-12.4],[103.1,-13.3],[103.3,-14.1],[103.5,-14.9],[103.8,-15.4],[104.0,-15.8],[104.1,-16.4],[104.3,-17.3],[104.6,-18.8],[104.9,-20.2],[105.3,-21.8],[105.6,-24.5]]},"properties":{"stormId":"AU201213_17U","name":"Victoria","start":"2013-04-06 12:00","end":"2013-04-12 00:00","positions":23,"minCentralPressure":971.0,"maxWindSpeed":38.6,"source":"Bureau of Meteorology Australian Tropical Cyclone Database"}},{"type":"Feature","geometry":{"type":"LineString","coordinates":[[153.9,-12.0],[153.6,-12.3],[153.2,-12.7],[152.9,-13.0],[152.0,-13.3],[151.0,-13.6],[150.2,-13.8],[149.5,-14.1],[148.9,-14.1],[148.2,-14.1],[147.5,-13.8],[146.5,-13.7],[145.6,-13.0],[144.5,-12.4],[142.8,-11.7]]},"properties":{"stormId":"AU201213_18U","name":"Zane","start":"2013-04-28 12:00","end":"2013-05-02 00:00","positions":15,"minCentralPressure":981.0,"maxWindSpeed":33.4,"source":"Bureau of Meteorology Australian Tropical Cyclone Database"}},{"type":"Feature","geometry":{"type":"LineString","coordinates":[[113.4,-10.7],[114.0,-11.3],[114.6,-11.7],[115.4,-12.0],[116.1,-12.3],[116.6,-12.7],[117.5,-13.3],[118.4,-13.7],[119.4,-14.3],[120.5,-14.5],[121.7,-14.6],[122.8,-14.6],[123.8,-14.6],[124.6,-14.5],[125.6,-14.0],[126.6,-13.8],[128.0,-13.5],[129.5,-13.3],[130.3,-13.4],[131.0,-13.4],[132.0,-13.5],[133.0,-13.3],[133.6,-13.3],[134.4,-13.4],[135.6,-13.5],[136.5,-13.8],[136.8,-14.4],[136.9,-14.8],[136.9,-15.3],[137.1,-15.6],[137.6,-15.9],[137.5,-16.2],[137.0,-16.5],[136.0,-16.4],[135.8,-16.3],[136.0,-15.8],[136.7,-15.8],[137.1,-16.0],[137.3,-16.0],[137.5,-16.0],[137.4,-15.8],[136.9,-15.8]]},"properties":{"stormId":"AU201314_01U","name":"Alessia","start":"2013-11-20 00:00","end":"2013-11-30 00:00","positions":42,"minCentralPressure":993.0,"maxWindSpeed":20.6,"source":"Bureau of Meteorology Australian Tropical Cyclone Database"}},{"type":"Feature","geometry":{"type":"LineString","coordinates":[[98.7,-8.2],[98.0,-8.4],[97.9,-8.6],[97.7,-8.9],[97.6,-9.0],[97.3,-9.3],[96.8,-9.9],[96.0,-10.5],[95.2,-11.0],[94.5,-11.4],[93.6,-11.6],[92.8,-11.9],[92.1,-12.1],[91.2,-12.6],[90.3,-12.9],[89.5,-13.3]]},"properties":{"stormId":"AU201314_03U","name":"Bruce","start":"2013-12-16 06:00","end":"2013-12-20 00:00","positions":16,"minCentralPressure":952.0,"maxWindSpeed":48.9,"source":"Bureau of Meteorology Australian Tropical Cyclone Database"}},{"type":"Feature","geometry":{"type":"LineString","coordinates":[[123.6,-12.2],[123.0,-12.5],[123.0,-12.5],[122.73,-12.77],[122.5,-13.12],[122.2,-14.0],[122.0,-14.21],[121.79,-14.42],[121.69,-14.6],[121.59,-14.92],[121.5,-15.3],[120.84,-15.78],[120.44,-16.08],[120.15,-16.57],[119.64,-17.25],[119.3,-17.8],[119.0,-18.5],[118.6,-18.9],[118.2,-19.6],[118.0,-19.9],[117.7,-20.4],[117.4,-20.7],[117.1,-21.1],[117.0,-21.5],[117.0,-22.1],[117.5,-23.9],[118.75,-25.08],[120.3,-26.1],[122.4,-27.54],[124.5,-29.1]]},"properties":{"stormId":"AU201314_04U","name":"Christine","start":"2013-12-25 18:00","end":"2014-01-01 06:00","positions":30,"minCentralPressure":948.0,"maxWindSpeed":46.3,"source":"Bureau of Meteorology Australian Tropical Cyclone Database"}},{"type":"Feature","geometry":{"type":"LineString","coordinates":[[155.3,-14.1],[155.0,-14.4],[154.3,-14.7],[153.5,-14.9],[152.7,-15.0],[152.2,-15.0],[151.8,-15.2],[151.4,-15.4],[151.1,-16.0],[150.8,-16.5],[150.5,-16.7],[150.1,-16.8],[149.3,-17.1],[148.9,-17.4],[148.7,-17.5],[148.6,-17.5],[148.5,-17.8],[148.3,-18.1],[148.4,-18.3],[148.6,-18.9],[148.7,-19.4],[148.5,-20.1],[148.5,-20.2],[148.0,-20.7],[147.9,-21.3],[147.3,-22.0],[146.8,-22.3],[146.5,-22.6],[146.2,-22.7]]},"properties":{"stormId":"AU201314_07U","name":"Dylan","start":"2014-01-27 00:00","end":"2014-01-31 12:00","positions":29,"minCentralPressure":978.0,"maxWindSpeed":30.9,"source":"Bureau of Meteorology Australian Tropical Cyclone Database"}},{"type":"Feature","geometry":{"type":"LineString","coordinates":[[129.3,-13.6],[129.5,-14.0],[129.7,-13.8],[129.7,-13.8],[129.3,-13.7],[129.3,-14.0],[129.9,-14.0],[131.1,-14.1],[132.0,-14.5],[133.1,-15.0],[133.8,-15.9],[134.8,-16.3],[135.65,-16.52],[136.9,-16.4],[138.4,-17.3],[139.4,-17.6],[139.7,-17.4],[140.1,-17.3],[140.5,-17.1],[140.9,-17.1],[141.1,-17.0],[141.3,-16.6],[141.3,-16.5],[141.3,-16.4],[141.3,-16.6],[141.3,-16.6],[141.2,-16.7],[141.0,-16.7],[140.9,-16.9],[140.7,-17.2],[140.5,-17.4],[140.4,-17.3],[140.3,-17.4],[140.6,-17.0],[140.6,-16.9],[140.5,-16.8],[140.5,-16.6],[140.7,-16.4],[140.9,-16.3],[141.2,-16.2],[141.2,-16.5],[141.0,-16.6],[140.75,-16.8],[140.3,-17.5],[139.8,-17.7],[139.3,-17.8],[138.8,-17.4],[138.2,-17.2],[137.6,-17.3],[136.7,-17.4],[135.9,-17.5],[135.1,-17.9],[134.2,-18.4],[133.5,-18.8],[132.9,-19.3],[131.95,-20.3],[131.0,-21.3]]},"properties":{"stormId":"AU201314_08U","name":"Fletcher","start":"2014-01-30 00:00","end":"2014-02-12 00:00","positions":57,"minCentralPressure":992.0,"maxWindSpeed":18.0,"source":"Bureau of Meteorology Australian Tropical Cyclone Database"}},{"type":"Feature","geometry":{"type":"LineString","coordinates":[[123.0,-13.2],[123.7,-13.2],[124.6,-13.1],[125.3,-13.2],[126.0,-13.4],[127.1,-13.8],[127.7,-14.0],[128.05,-14.16],[128.4,-14.3],[128.8,-14.6],[129.2,-14.8],[129.5,-14.91],[129.8,-15.1],[130.0,-15.2],[130.3,-15.3],[130.6,-15.3],[131.2,-15.3],[132.1,-15.6],[132.8,-15.8],[133.5,-16.4],[133.3,-17.0],[132.7,-17.5],[132.4,-17.8],[132.0,-17.8],[131.3,-17.6],[130.7,-17.4],[130.1,-17.1],[129.7,-16.7],[129.2,-16.3],[128.9,-16.0],[128.7,-16.0],[128.3,-15.9],[127.9,-16.0],[127.5,-16.2],[127.0,-16.4],[126.4,-16.7],[125.7,-17.0],[124.9,-17.2],[124.2,-17.4],[123.8,-17.9],[123.1,-18.5],[122.5,-19.0],[121.9,-19.7],[121.8,-20.2],[121.6,-20.6],[121.5,-21.0],[121.5,-21.7],[121.5,-22.5],[121.7,-23.5],[121.8,-24.0],[122.2,-24.3],[122.6,-24.7],[122.9,-25.0],[123.3,-25.4],[124.7,-25.7],[126.1,-25.9],[127.5,-26.2],[128.9,-26.5]]},"properties":{"stormId":"AU201314_09U","name":"noname","start":"2014-02-01 00:00","end":"2014-02-14 00:00","positions":58,"minCentralPressure":984.0,"maxWindSpeed":28.3,"source":"Bureau of Meteorology Australian Tropical Cyclone Database"}},{"type":"Feature","geometry":{"type":"LineString","coordinates":[[149.1,-17.0],[150.4,-17.9],[151.4,-18.6],[152.1,-19.1],[152.7,-19.7],[153.0,-20.0],[152.8,-20.3],[152.7,-20.4],[152.2,-20.5],[151.35,-20.2],[150.6,-19.6],[150.4,-18.5],[150.6,-17.1],[151.6,-15.5],[152.8,-14.6],[154.4,-13.8],[155.9,-13.6],[157.4,-13.9],[159.2,-14.4],[160.6,-15.4],[161.6,-16.8],[162.6,-18.6],[163.3,-20.3],[164.4,-22.0],[165.0,-23.4],[165.8,-24.6],[166.4,-25.6]]},"properties":{"stormId":"AU201314_10U","name":"Edna","start":"2014-01-31 06:00","end":"2014-02-06 00:00","positions":27,"minCentralPressure":985.0,"maxWindSpeed":25.7,"source":"Bureau of Meteorology Australian Tropical Cyclone Database"}},{"type":"Feature","geometry":{"type":"LineString","coordinates":[[151.8,-14.5],[151.1,-14.7],[150.6,-15.0],[150.0,-15.2],[149.6,-15.5],[149.6,-15.8],[150.1,-16.4],[150.0,-17.0],[149.7,-17.7],[149.7,-18.0],[150.1,-18.4],[150.6,-18.7],[150.9,-18.9],[151.2,-19.0],[151.5,-18.9],[151.4,-18.3],[151.2,-17.8],[151.4,-17.5],[152.6,-17.1],[153.6,-16.4],[154.6,-15.5],[156.6,-14.8],[158.6,-14.1]]},"properties":{"stormId":"AU201314_13U","name":"Hadi","start":"2014-03-07 00:00","end":"2014-03-12 12:00","positions":23,"minCentralPressure":992.0,"maxWindSpeed":20.6,"source":"Bureau of Meteorology Australian Tropical Cyclone Database"}},{"type":"Feature","geometry":{"type":"LineString","coordinates":[[137.9,-9.0],[138.6,-9.5],[138.8,-9.7],[139.1,-9.9],[139.4,-10.2],[139.8,-10.8],[140.0,-11.2],[140.1,-11.7],[140.1,-12.5],[140.2,-12.6],[140.8,-12.7],[141.1,-13.0],[141.38,-13.33],[141.6,-13.7],[141.7,-13.9],[141.8,-14.3],[141.8,-14.3],[141.7,-14.2],[141.5,-14.2],[141.4,-14.5],[141.0,-14.8],[140.0,-15.0],[139.0,-15.0],[138.5,-14.8],[138.0,-14.6],[138.2,-14.5],[138.5,-14.4],[138.9,-14.3],[139.4,-14.0],[139.7,-13.3],[140.0,-12.7],[139.7,-11.9],[139.0,-11.4],[138.9,-11.2],[138.6,-11.1],[138.5,-10.9],[138.3,-10.6],[137.8,-10.5],[137.1,-10.4],[136.3,-10.2],[135.9,-10.2],[135.3,-10.2],[133.5,-10.1],[132.5,-9.8],[131.1,-9.6],[129.7,-9.6],[127.9,-9.6],[125.9,-9.0],[124.0,-8.6],[122.25,-8.45],[120.5,-8.3],[118.75,-8.15],[117.0,-8.0],[115.5,-8.5],[114.0,-9.0],[111.72,-9.12],[109.45,-9.25],[108.1,-9.6],[107.1,-9.6],[106.1,-9.9],[105.42,-10.03],[105.1,-10.38],[104.78,-11.25],[104.4,-12.21],[104.11,-12.97],[103.7,-13.8],[103.6,-14.56],[103.6,-15.41],[103.6,-16.29],[103.66,-17.02],[103.74,-17.72],[103.85,-18.43],[104.17,-19.23],[104.0,-19.9],[103.58,-20.46],[103.47,-21.14],[102.9,-21.9],[102.0,-21.6],[101.21,-21.4],[99.81,-21.34],[98.36,-21.21],[96.93,-21.02]]},"properties":{"stormId":"AU201314_14U","name":"Gillian","start":"2014-03-07 00:00","end":"2014-03-27 06:00","positions":82,"minCentralPressure":927.0,"maxWindSpeed":61.7,"source":"Bureau of Meteorology Australian Tropical Cyclone Database"}},{"type":"Feature","geometry":{"type":"LineString","coordinates":[[158.9,-10.6],[159.0,-10.4],[158.7,-10.3],[158.6,-10.3],[158.8,-10.7],[158.7,-10.8],[158.5,-10.8],[158.3,-10.8],[158.1,-11.0],[157.0,-11.3],[156.6,-11.4],[156.5,-11.6],[156.4,-11.8],[156.2,-11.9],[155.8,-12.0],[155.1,-12.2],[154.1,-12.2],[154.0,-12.2],[153.8,-12.2],[153.6,-12.3],[153.5,-12.2],[153.5,-12.0],[153.5,-11.9],[153.2,-11.8],[152.9,-11.7],[152.7,-11.5],[152.4,-11.4],[152.0,-11.4],[151.0,-11.3],[150.4,-11.3],[149.5,-11.4],[148.7,-11.6],[147.9,-12.1],[147.1,-12.6],[146.4,-12.8],[146.0,-13.3],[145.7,-13.7],[145.4,-14.4],[145.3,-14.71],[145.25,-14.95],[145.1,-15.2],[145.0,-15.5],[145.0,-15.9],[145.3,-16.5],[145.8,-17.2],[146.1,-18.1],[147.0,-19.1],[148.4,-20.1],[149.2,-20.4],[150.2,-20.8],[151.5,-21.8],[153.2,-22.7],[155.0,-23.6],[156.8,-24.6],[157.9,-25.3],[158.8,-25.9],[159.9,-26.2],[160.5,-26.4]]},"properties":{"stormId":"AU201314_15U","name":"Ita","start":"2014-04-02 00:00","end":"2014-04-15 12:00","positions":58,"minCentralPressure":922.0,"maxWindSpeed":61.7,"source":"Bureau of Meteorology Australian Tropical Cyclone Database"}},{"type":"Feature","geometry":{"type":"LineString","coordinates":[[99.0,-10.0],[98.0,-11.0],[97.06,-10.93],[96.07,-10.86],[95.3,-10.9],[94.6,-11.5],[93.8,-11.4],[93.5,-11.6],[93.2,-11.7],[92.7,-11.8],[91.6,-12.2],[91.3,-12.5],[91.1,-13.0],[90.9,-13.4],[90.6,-13.9],[90.6,-14.3],[90.7,-14.6],[90.7,-14.7],[91.0,-14.8],[91.4,-15.3],[92.1,-15.5],[92.7,-16.1],[93.3,-16.5],[93.5,-16.5],[94.51,-17.1],[95.3,-17.9]]},"properties":{"stormId":"AU201314_16U","name":"Jack","start":"2014-04-16 00:00","end":"2014-04-22 06:00","positions":26,"minCentralPressure":966.0,"maxWindSpeed":38.6,"source":"Bureau of Meteorology Australian Tropical Cyclone Database"}},{"type":"Feature","geometry":{"type":"LineString","coordinates":[[101.5,-8.5],[100.3,-8.5],[99.7,-8.5],[99.0,-8.6],[98.1,-8.8],[96.8,-8.9],[95.7,-9.0],[94.9,-9.0],[94.0,-9.1],[93.5,-9.3],[92.9,-9.4],[92.0,-9.4],[91.1,-9.3],[90.3,-9.2],[89.6,-9.0],[89.1,-8.9],[88.8,-8.7],[88.3,-8.5]]},"properties":{"stormId":"AU201415_02U","name":"Bakung","start":"2014-12-09 18:00","end":"2014-12-14 00:00","positions":18,"minCentralPressure":994.0,"maxWindSpeed":23.2,"source":"Bureau of Meteorology Australian Tropical Cyclone Database"}},{"type":"Feature","geometry":{"type":"LineString","coordinates":[[100.5,-7.5],[100.63,-7.71],[100.79,-8.14],[100.74,-8.6],[100.69,-9.02],[100.61,-9.19],[100.5,-9.4],[100.6,-9.5],[100.8,-9.5],[100.8,-9.9],[100.0,-10.7],[99.3,-10.7],[98.8,-10.8],[97.8,-10.9],[97.5,-11.1],[96.79,-11.99],[96.0,-12.2],[95.5,-12.3],[95.0,-12.2],[94.4,-12.3],[94.2,-12.4],[94.0,-12.5],[93.8,-12.7],[93.5,-12.9],[93.2,-13.0],[93.0,-13.1],[92.8,-13.3],[92.7,-13.5],[92.6,-13.6],[92.3,-13.9],[92.0,-14.3],[91.7,-14.6],[91.5,-15.1],[90.9,-15.7],[90.3,-16.5],[89.9,-16.7]]},"properties":{"stormId":"AU201415_04U","name":"Kate","start":"2014-12-21 15:00","end":"2014-12-30 03:00","positions":36,"minCentralPressure":955.0,"maxWindSpeed":46.3,"source":"Bureau of Meteorology Australian Tropical Cyclone Database"}},{"type":"Feature","geometry":{"type":"LineString","coordinates":[[142.1,-12.0],[141.3,-12.0],[140.2,-11.2],[140.2,-11.1],[139.92,-11.63],[139.37,-11.66],[139.0,-11.5],[138.8,-11.4],[138.3,-11.3],[137.8,-11.3],[137.1,-11.1],[136.6,-10.9],[136.4,-10.9],[136.38,-11.12],[136.1,-11.3],[135.7,-11.65],[135.4,-12.0],[135.03,-12.17],[134.94,-12.4],[134.6,-13.2],[133.8,-14.0],[133.2,-14.4],[132.2,-15.4],[131.8,-15.9]]},"properties":{"stormId":"AU201415_13U","name":"Lam","start":"2015-02-15 12:00","end":"2015-02-21 00:00","positions":24,"minCentralPressure":942.0,"maxWindSpeed":51.4,"source":"Bureau of Meteorology Australian Tropical Cyclone Database"}},{"type":"Feature","geometry":{"type":"LineString","coordinates":[[152.3,-15.0],[153.9,-14.6],[155.0,-14.3],[155.5,-14.4],[155.6,-14.8],[156.1,-15.2],[156.1,-15.6],[155.8,-16.4],[155.3,-17.2],[154.3,-18.1],[153.2,-19.1],[152.0,-20.0],[150.85,-20.55],[150.6,-20.55],[150.5,-20.85],[150.5,-21.6],[150.5,-22.2],[150.47,-22.57],[150.45,-22.75],[150.5,-23.2],[150.6,-23.8],[151.3,-24.6],[151.8,-25.4]]},"properties":{"stormId":"AU201415_14U","name":"Marcia","start":"2015-02-16 06:00","end":"2015-02-20 18:00","positions":23,"minCentralPressure":932.0,"maxWindSpeed":56.6,"source":"Bureau of Meteorology Australian Tropical Cyclone Database"}},{"type":"Feature","geometry":{"type":"LineString","coordinates":[[112.5,-14.0],[112.79,-13.91],[113.21,-13.79],[113.71,-13.71],[114.34,-13.72],[114.97,-13.74],[115.6,-13.76],[115.8,-14.2],[115.95,-14.6],[116.09,-15.0],[116.15,-15.57],[116.03,-16.49],[115.99,-17.11],[115.32,-17.7],[115.0,-18.54],[114.64,-19.91],[114.1,-20.9],[113.74,-22.21],[113.57,-23.69],[113.4,-24.3],[113.31,-24.92],[113.89,-26.19],[114.68,-27.58],[115.47,-28.97],[116.8,-31.1],[117.5,-32.1],[118.57,-32.91],[120.0,-34.0]]},"properties":{"stormId":"AU201415_16U","name":"Olwyn","start":"2015-03-08 14:00","end":"2015-03-14 16:00","positions":28,"minCentralPressure":955.0,"maxWindSpeed":38.6,"source":"Bureau of Meteorology Australian Tropical Cyclone Database"}},{"type":"Feature","geometry":{"type":"LineString","coordinates":[[151.3,-12.4],[150.9,-12.4],[150.4,-12.5],[149.9,-12.5],[149.6,-12.6],[149.0,-13.0],[148.3,-13.2],[147.5,-13.5],[146.8,-13.8],[146.4,-13.8],[146.0,-13.9],[145.8,-13.8],[145.4,-13.9],[145.1,-13.9],[144.9,-13.8],[145.1,-13.5],[145.3,-13.3],[145.2,-13.3],[145.0,-13.2],[145.0,-13.1],[145.5,-13.2],[145.8,-13.1],[146.8,-13.3],[147.7,-13.3],[148.5,-13.3],[148.8,-13.5],[149.5,-13.5],[149.8,-13.8],[149.9,-13.9],[150.0,-14.1],[149.7,-14.1],[149.8,-14.2],[149.7,-14.3],[149.7,-14.7],[149.7,-14.9],[149.4,-15.0],[149.2,-15.0],[149.0,-15.0],[148.7,-14.8],[148.2,-14.7],[147.6,-14.6],[146.9,-14.7],[146.0,-14.7],[145.0,-14.7],[144.93,-14.68],[144.55,-14.6],[144.1,-14.5],[143.2,-14.4],[142.2,-14.4],[141.2,-14.1],[140.2,-13.7],[139.2,-13.7],[138.3,-13.4],[137.5,-13.0],[137.1,-12.8],[136.7,-12.6],[136.4,-12.4],[136.1,-12.2],[135.9,-11.9],[135.6,-11.7],[135.4,-11.7],[135.2,-11.7],[134.9,-11.7],[134.7,-11.6],[134.5,-11.5],[134.4,-11.4],[134.3,-11.4],[134.2,-11.5],[134.1,-11.5],[134.0,-11.6],[133.8,-11.9],[133.5,-12.2],[132.8,-12.5],[132.3,-12.5],[132.0,-12.5],[131.7,-12.8],[130.6,-13.0],[130.14,-13.5],[129.6,-13.5],[129.2,-13.4],[128.72,-13.4],[127.98,-13.48],[126.9,-13.4],[126.2,-13.3]]},"properties":{"stormId":"AU201415_17U","name":"Nathan","start":"2015-03-09 00:00","end":"2015-03-27 00:00","positions":84,"minCentralPressure":969.0,"maxWindSpeed":41.2,"source":"Bureau of Meteorology Australian Tropical Cyclone Database"}},{"type":"Feature","geometry":{"type":"LineString","coordinates":[[86.9,-10.2],[86.6,-10.3],[86.3,-10.9],[86.8,-11.6],[87.0,-11.8],[87.4,-12.2],[88.2,-12.9],[88.7,-13.45],[89.4,-14.1],[90.2,-14.8],[91.0,-15.8],[92.1,-16.8],[93.3,-17.9],[94.7,-19.0],[96.1,-20.1],[97.5,-21.1],[97.9,-21.2]]},"properties":{"stormId":"AU201415_19U","name":"Ikola","start":"2015-04-04 06:00","end":"2015-04-08 03:00","positions":17,"minCentralPressure":953.0,"maxWindSpeed":48.9,"source":"Bureau of Meteorology Australian Tropical Cyclone Database"}},{"type":"Feature","geometry":{"type":"LineString","coordinates":[[115.0,-12.0],[114.5,-12.0],[114.17,-12.82],[113.71,-13.56],[112.0,-14.0],[111.5,-14.2],[110.79,-14.51],[110.09,-14.81],[109.6,-15.2],[109.29,-15.35],[109.18,-15.81],[109.1,-16.29],[109.35,-17.0],[109.95,-17.8],[110.83,-18.92],[111.83,-19.83],[112.99,-20.59],[113.6,-21.2],[114.2,-21.7],[114.5,-22.1],[114.7,-22.3]]},"properties":{"stormId":"AU201415_21U","name":"Quang","start":"2015-04-27 00:00","end":"2015-05-01 12:00","positions":21,"minCentralPressure":950.0,"maxWindSpeed":51.4,"source":"Bureau of Meteorology Australian Tropical Cyclone Database"}},{"type":"Feature","geometry":{"type":"LineString","coordinates":[[163.4,-4.0],[162.5,-4.1],[161.9,-3.8],[161.5,-3.7],[161.2,-4.0],[161.0,-4.3],[160.6,-5.0],[160.2,-5.4],[160.0,-5.9],[159.5,-6.3],[159.1,-6.7],[159.0,-6.9],[159.2,-6.8],[159.67,-6.63],[160.2,-6.3],[160.5,-6.4],[160.6,-6.9],[160.8,-7.7]]},"properties":{"stormId":"AU201415_24U","name":"Raquel","start":"2015-06-28 18:00","end":"2015-07-03 00:00","positions":18,"minCentralPressure":996.0,"maxWindSpeed":18.0,"source":"Bureau of Meteorology Australian Tropical Cyclone Database"}},{"type":"Feature","geometry":{"type":"LineString","coordinates":[[135.7,-15.6],[136.2,-15.8],[135.6,-16.3],[133.8,-16.0],[132.7,-16.0],[132.3,-15.5],[132.4,-15.5],[131.8,-14.3],[131.5,-13.6],[131.2,-13.3],[131.2,-12.5],[131.7,-12.6],[132.3,-13.4],[132.0,-14.0],[131.1,-14.0],[131.0,-14.3],[131.5,-13.9],[132.3,-14.1],[132.5,-14.6],[132.7,-14.7],[133.3,-15.1],[133.5,-15.3],[134.0,-15.4],[134.6,-15.4],[135.6,-15.7],[135.8,-16.0],[136.1,-16.0],[136.1,-16.2],[136.0,-16.4],[135.9,-16.9],[135.9,-17.0],[136.0,-17.2],[136.3,-17.8],[137.0,-18.2],[136.75,-19.35],[136.5,-20.5],[136.5,-20.88],[136.5,-21.25],[136.5,-21.63],[136.5,-22.0],[137.0,-22.63],[137.5,-23.25],[138.0,-23.88],[138.5,-24.5]]},"properties":{"stormId":"AU201516_05U","name":"noname","start":"2015-12-21 06:00","end":"2016-01-01 00:00","positions":44,"minCentralPressure":994.0,"maxWindSpeed":15.4,"source":"Bureau of Meteorology Australian Tropical Cyclone Database"}},{"type":"Feature","geometry":{"type":"LineString","coordinates":[[118.5,-13.0],[118.5,-13.3],[118.4,-14.0],[118.42,-14.51],[118.2,-15.4],[117.62,-16.33],[117.78,-16.54],[117.92,-16.8],[118.03,-17.21],[118.13,-17.55],[118.22,-17.74],[118.33,-17.91],[118.6,-18.0],[118.9,-18.7],[119.3,-19.2],[119.8,-19.9],[120.0,-21.3],[120.2,-22.5],[122.13,-24.33],[124.07,-26.17],[126.0,-28.0]]},"properties":{"stormId":"AU201516_08U","name":"Stan","start":"2016-01-27 00:00","end":"2016-02-01 00:00","positions":21,"minCentralPressure":980.0,"maxWindSpeed":28.3,"source":"Bureau of Meteorology Australian Tropical Cyclone Database"}},{"type":"Feature","geometry":{"type":"LineString","coordinates":[[94.4,-10.5],[95.0,-10.6],[95.6,-9.7],[96.7,-10.1],[97.6,-10.0],[97.9,-10.1],[97.3,-10.6],[96.8,-11.1],[96.1,-11.6],[95.4,-11.9],[94.3,-11.9],[94.2,-12.4],[93.0,-13.1],[92.0,-13.6],[91.1,-14.1],[90.4,-15.1]]},"properties":{"stormId":"AU201516_09U","name":"Uriah","start":"2016-02-10 18:00","end":"2016-02-14 12:00","positions":16,"minCentralPressure":987.0,"maxWindSpeed":25.7,"source":"Bureau of Meteorology Australian Tropical Cyclone Database"}},{"type":"Feature","geometry":{"type":"LineString","coordinates":[[153.89,-17.37],[153.96,-16.81],[154.17,-16.34],[154.63,-16.02],[155.62,-16.01],[156.42,-16.21],[156.8,-16.5],[157.4,-16.75],[157.9,-16.9],[158.3,-16.8],[158.8,-17.1],[159.4,-17.2],[159.8,-18.1],[160.0,-19.0],[160.2,-20.0],[160.5,-21.0],[160.3,-22.6],[160.3,-24.1],[159.7,-25.3],[159.2,-26.0],[159.0,-26.0],[158.7,-25.6],[158.5,-25.2],[158.5,-25.0],[158.5,-24.5],[158.5,-24.2]]},"properties":{"stormId":"AU201516_10U","name":"Tatiana","start":"2016-02-09 06:00","end":"2016-02-15 12:00","positions":26,"minCentralPressure":980.0,"maxWindSpeed":28.3,"source":"Bureau of Meteorology Australian Tropical Cyclone Database"}},{"type":"Feature","geometry":{"type":"LineString","coordinates":[[137.4,-15.5],[137.5,-15.8],[136.9,-15.9],[137.2,-15.8],[137.8,-15.8],[137.9,-15.5],[138.4,-15.6],[139.4,-16.0],[140.3,-16.4],[141.1,-16.55]]},"properties":{"stormId":"AU201516_14U","name":"noname","start":"2016-03-14 00:00","end":"2016-03-16 06:00","positions":10,"minCentralPressure":998.0,"maxWindSpeed":15.4,"source":"Bureau of Meteorology Australian Tropical Cyclone Database"}},{"type":"Feature","geometry":{"type":"LineString","coordinates":[[129.5,-10.5],[129.2,-11.0],[129.3,-11.4],[129.4,-11.6],[129.6,-11.7],[129.7,-11.8],[129.7,-12.1],[129.4,-12.5],[129.0,-13.0],[128.7,-13.8],[128.5,-14.7],[128.4,-15.2],[128.3,-15.5],[128.0,-15.9],[127.6,-16.6],[126.7,-17.7],[126.0,-18.2],[125.0,-18.5],[124.0,-19.5],[123.7,-19.8],[124.0,-20.5]]},"properties":{"stormId":"AU201617_06U","name":"noname","start":"2016-12-18 06:00","end":"2016-12-23 00:00","positions":21,"minCentralPressure":994.0,"maxWindSpeed":15.4,"source":"Bureau of Meteorology Australian Tropical Cyclone Database"}},{"type":"Feature","geometry":{"type":"LineString","coordinates":[[116.0,-15.0],[115.69,-15.23],[115.3,-15.6],[114.95,-15.68],[114.55,-15.6],[113.59,-15.56],[113.2,-14.8],[113.9,-14.4],[114.08,-14.51],[113.98,-14.56],[113.9,-14.7],[114.02,-14.45],[114.22,-14.17],[114.31,-14.49],[114.37,-14.33],[114.22,-14.05],[114.33,-14.28],[114.45,-14.22],[115.3,-14.3],[116.1,-14.7],[116.78,-14.81],[117.73,-15.05],[118.7,-15.4],[119.7,-16.0],[120.76,-16.43],[121.9,-16.9],[122.6,-17.2],[122.6,-17.7]]},"properties":{"stormId":"AU201617_07U","name":"Yvette","start":"2016-12-18 12:00","end":"2016-12-25 06:00","positions":28,"minCentralPressure":987.0,"maxWindSpeed":23.2,"source":"Bureau of Meteorology Australian Tropical Cyclone Database"}},{"type":"Feature","geometry":{"type":"LineString","coordinates":[[128.06,-15.68],[127.56,-15.71],[126.5,-15.71],[126.0,-15.7],[124.28,-15.58],[123.46,-16.36],[121.8,-16.7],[120.7,-17.5],[119.8,-18.1],[118.3,-18.6],[117.5,-19.0],[116.5,-19.4],[114.8,-20.1],[113.0,-20.3],[111.95,-20.11],[110.75,-19.85],[110.1,-19.6],[109.6,-19.3],[108.8,-19.1],[108.28,-19.4],[107.4,-19.8],[106.3,-20.2]]},"properties":{"stormId":"AU201617_14U","name":"noname","start":"2017-01-25 00:00","end":"2017-01-30 06:00","positions":22,"minCentralPressure":986.0,"maxWindSpeed":23.2,"source":"Bureau of Meteorology Australian Tropical Cyclone Database"}},{"type":"Feature","geometry":{"type":"LineString","coordinates":[[137.1,-17.0],[136.2,-16.2],[138.0,-15.9],[139.2,-15.5],[139.6,-16.1],[139.5,-16.3],[139.2,-16.6],[138.5,-16.8],[138.2,-16.8],[137.7,-17.0],[136.8,-16.5],[136.2,-16.4],[136.0,-15.9],[136.5,-15.4],[136.3,-15.3],[136.0,-15.0],[136.1,-14.6],[136.6,-14.6],[136.9,-14.9],[137.0,-15.2],[137.0,-15.2],[137.05,-15.2],[137.1,-15.3],[137.4,-15.7],[137.55,-15.6],[137.6,-15.5],[137.73,-15.47],[138.0,-16.0],[137.9,-16.8],[137.6,-16.7],[137.7,-16.3],[137.9,-16.3],[138.3,-16.8],[138.2,-17.0]]},"properties":{"stormId":"AU201617_19U","name":"Alfred","start":"2017-02-15 06:00","end":"2017-02-22 12:00","positions":34,"minCentralPressure":987.0,"maxWindSpeed":25.7,"source":"Bureau of Meteorology Australian Tropical Cyclone Database"}},{"type":"Feature","geometry":{"type":"LineString","coordinates":[[138.5,-9.0],[139.0,-9.5],[138.5,-9.3],[137.5,-8.5],[135.6,-8.1],[134.8,-7.9],[134.2,-7.8],[133.7,-7.7],[133.4,-7.8],[132.9,-7.9],[133.1,-8.0],[133.0,-8.9],[132.4,-9.6],[131.8,-9.8],[131.4,-10.4],[130.8,-11.5],[130.5,-11.7],[130.0,-11.8],[129.9,-11.9],[129.7,-12.2],[129.1,-12.6],[128.5,-13.3],[128.18,-14.0],[127.8,-14.4],[127.5,-14.9],[127.3,-15.2],[127.1,-15.5]]},"properties":{"stormId":"AU201617_20U","name":"Blanche","start":"2017-03-01 00:00","end":"2017-03-06 12:00","positions":27,"minCentralPressure":984.0,"maxWindSpeed":28.3,"source":"Bureau of Meteorology Australian Tropical Cyclone Database"}},{"type":"Feature","geometry":{"type":"LineString","coordinates":[[122.0,-13.2],[120.77,-13.18],[119.0,-13.5],[118.6,-13.58],[118.2,-14.09],[117.8,-14.72],[117.7,-15.36],[117.68,-16.18],[117.44,-17.05],[117.1,-17.4],[117.0,-17.44],[116.8,-17.55],[117.3,-18.1],[117.95,-18.7],[118.3,-19.5],[118.4,-20.0],[118.5,-20.3],[118.4,-20.5],[118.7,-20.8],[119.2,-21.4],[119.2,-22.5]]},"properties":{"stormId":"AU201617_22U","name":"Unnamed","start":"2017-03-19 12:00","end":"2017-03-23 18:00","positions":21,"minCentralPressure":985.0,"maxWindSpeed":25.7,"source":"Bureau of Meteorology Australian Tropical Cyclone Database"}},{"type":"Feature","geometry":{"type":"LineString","coordinates":[[96.0,-10.0],[97.33,-10.26],[98.53,-10.28],[99.3,-11.0],[99.76,-11.38],[100.19,-12.15],[100.6,-12.7],[100.7,-13.3],[100.71,-13.34],[100.8,-13.95],[100.79,-14.31],[100.55,-14.59],[100.4,-14.87],[100.3,-15.3],[100.3,-15.6],[100.06,-15.7],[99.82,-15.79],[99.58,-15.89],[99.34,-15.98],[98.6,-15.7],[98.13,-15.4],[97.82,-15.4],[97.2,-15.4],[97.0,-15.4],[96.47,-15.22],[96.16,-15.3],[95.84,-15.65],[95.29,-15.5],[94.71,-15.6],[94.06,-15.75],[93.2,-15.9],[92.69,-16.5],[91.8,-16.25],[91.3,-16.2]]},"properties":{"stormId":"AU201617_23U","name":"Caleb","start":"2017-03-21 18:00","end":"2017-03-30 00:00","positions":34,"minCentralPressure":994.0,"maxWindSpeed":23.2,"source":"Bureau of Meteorology Australian Tropical Cyclone Database"}},{"type":"Feature","geometry":{"type":"LineString","coordinates":[[151.6,-14.1],[151.5,-14.5],[151.3,-15.3],[151.3,-15.9],[151.6,-16.4],[151.8,-16.8],[152.1,-17.0],[152.1,-17.3],[152.1,-17.6],[152.0,-17.7],[151.7,-17.9],[151.4,-18.1],[151.1,-18.3],[150.7,-18.4],[150.5,-18.7],[150.4,-19.1],[150.15,-19.48],[149.73,-19.52],[149.26,-19.7],[148.91,-19.96],[148.67,-20.23],[148.4,-20.35],[147.85,-20.65],[147.3,-21.2],[146.9,-21.6],[146.9,-22.1],[147.4,-22.9],[148.0,-24.0],[148.8,-24.7],[152.7,-25.9],[153.1,-27.8],[154.2,-27.9],[156.1,-28.0],[157.1,-28.2],[158.1,-28.5],[158.65,-28.85],[159.2,-29.2]]},"properties":{"stormId":"AU201617_24U","name":"Debbie","start":"2017-03-23 06:00","end":"2017-04-01 00:00","positions":37,"minCentralPressure":949.0,"maxWindSpeed":48.9,"source":"Bureau of Meteorology Australian Tropical Cyclone Database"}},{"type":"Feature","geometry":{"type":"LineString","coordinates":[[115.0,-9.9],[114.27,-10.33],[113.54,-10.75],[112.82,-11.18],[112.1,-11.6],[111.87,-11.79],[111.3,-12.47],[111.18,-13.03],[110.9,-13.3],[110.71,-13.88],[110.4,-14.7],[110.3,-14.9],[110.4,-15.3],[110.4,-15.8],[110.4,-15.9],[110.4,-16.2],[109.9,-16.5],[109.46,-16.58],[108.7,-16.61],[108.4,-17.0],[107.51,-17.43],[106.7,-17.7],[105.32,-17.77],[104.2,-18.2],[103.0,-18.7],[101.91,-18.95],[100.95,-19.16],[100.2,-20.0],[99.4,-20.9],[98.8,-21.3],[98.2,-21.7]]},"properties":{"stormId":"AU201617_26U","name":"Ernie","start":"2017-04-04 06:00","end":"2017-04-11 18:00","positions":31,"minCentralPressure":924.0,"maxWindSpeed":61.7,"source":"Bureau of Meteorology Australian Tropical Cyclone Database"}},{"type":"Feature","geometry":{"type":"LineString","coordinates":[[134.1,-7.7],[134.0,-8.2],[133.9,-7.0],[133.2,-7.0],[132.5,-7.4],[132.6,-7.7],[132.3,-7.6],[131.8,-7.4],[132.0,-7.5],[132.2,-7.8],[132.8,-8.1],[132.8,-8.4],[132.9,-9.1],[132.5,-9.8],[132.2,-10.3],[132.3,-10.5],[132.15,-10.9],[132.1,-11.6],[131.8,-11.9],[131.2,-12.1],[131.0,-12.4],[130.4,-12.8],[129.6,-12.9],[129.0,-13.32],[127.6,-13.5],[125.2,-13.6],[123.8,-14.0],[122.0,-14.2],[121.0,-14.6],[119.7,-15.4],[118.9,-15.7],[118.1,-16.0],[117.6,-16.5],[116.9,-16.5],[116.1,-15.8]]},"properties":{"stormId":"AU201617_27U","name":"noname","start":"2017-04-07 00:00","end":"2017-04-15 12:00","positions":35,"minCentralPressure":998.0,"maxWindSpeed":15.4,"source":"Bureau of Meteorology Australian Tropical Cyclone Database"}},{"type":"Feature","geometry":{"type":"LineString","coordinates":[[145.5,-8.5],[145.35,-9.05],[145.2,-9.6],[144.5,-9.7],[142.5,-8.5],[141.3,-8.0],[140.5,-8.0],[140.4,-8.2],[139.4,-8.0],[138.5,-7.7],[137.6,-7.6],[137.1,-7.6],[136.9,-7.5],[136.7,-7.6],[136.5,-7.8],[135.7,-8.1],[134.5,-8.1],[133.9,-8.0],[133.2,-7.3],[132.9,-7.4],[132.6,-7.3],[132.1,-7.4],[131.5,-7.7],[131.7,-7.8],[131.4,-8.4],[130.7,-8.8],[130.3,-9.7],[129.3,-10.4],[128.2,-10.6],[127.4,-11.2],[126.4,-11.6],[125.6,-11.8],[125.1,-12.2],[124.3,-12.5],[123.8,-12.8],[123.6,-13.0],[123.2,-13.0],[122.6,-13.2],[122.1,-13.5],[121.9,-13.5],[121.8,-13.5],[122.0,-13.6],[121.6,-14.0],[121.3,-13.9],[120.9,-13.7]]},"properties":{"stormId":"AU201617_29U","name":"Frances","start":"2017-04-20 12:00","end":"2017-05-01 12:00","positions":45,"minCentralPressure":978.0,"maxWindSpeed":36.0,"source":"Bureau of Meteorology Australian Tropical Cyclone Database"}},{"type":"Feature","geometry":{"type":"LineString","coordinates":[[102.6,-8.3],[102.2,-8.9],[102.2,-9.5],[101.8,-9.8],[101.5,-10.2],[101.1,-10.6],[100.1,-10.8],[99.1,-10.4],[98.0,-10.3],[97.4,-10.5]]},"properties":{"stormId":"AU201617_30U","name":"Greg","start":"2017-04-29 00:00","end":"2017-05-01 06:00","positions":10,"minCentralPressure":995.0,"maxWindSpeed":23.2,"source":"Bureau of Meteorology Australian Tropical Cyclone Database"}},{"type":"Feature","geometry":{"type":"LineString","coordinates":[[109.5,-9.5],[109.4,-9.4],[109.3,-9.3],[109.3,-9.3],[109.3,-9.3],[109.4,-9.2],[109.5,-9.1],[109.6,-8.9],[109.9,-8.8],[110.4,-8.6],[110.8,-8.6],[111.3,-8.6],[111.4,-8.5],[111.0,-8.7],[111.0,-8.9],[111.0,-9.4],[111.5,-9.5]]},"properties":{"stormId":"AU201718_02U","name":"Cempaka","start":"2017-11-25 00:00","end":"2017-11-29 00:00","positions":17,"minCentralPressure":990.0,"maxWindSpeed":30.9,"source":"Bureau of Meteorology Australian Tropical Cyclone Database"}},{"type":"Feature","geometry":{"type":"LineString","coordinates":[[97.5,-7.8],[98.05,-7.9],[98.6,-8.1],[99.0,-8.2],[99.6,-8.26],[100.4,-8.5],[100.9,-8.4],[101.7,-8.4],[102.6,-8.6],[103.5,-8.6],[104.9,-8.8],[106.3,-9.1],[107.4,-9.2],[108.6,-9.6],[109.3,-9.7],[109.6,-10.2],[110.1,-10.5],[110.5,-10.7],[110.8,-10.6],[111.1,-10.8],[111.6,-11.2],[111.8,-11.5],[112.3,-12.5],[112.1,-13.8],[112.0,-14.9],[111.5,-15.4],[111.3,-16.4]]},"properties":{"stormId":"AU201718_03U","name":"Dahlia","start":"2017-11-27 12:00","end":"2017-12-04 00:00","positions":27,"minCentralPressure":987.0,"maxWindSpeed":25.7,"source":"Bureau of Meteorology Australian Tropical Cyclone Database"}},{"type":"Feature","geometry":{"type":"LineString","coordinates":[[123.37,-14.51],[123.32,-15.32],[122.96,-16.06],[122.88,-16.39],[122.86,-16.84],[122.35,-17.4],[122.2,-17.8],[122.1,-18.1],[121.7,-18.8],[121.6,-19.3],[121.6,-19.7],[121.66,-20.13],[122.07,-20.48],[122.6,-21.0]]},"properties":{"stormId":"AU201718_06U","name":"Hilda","start":"2017-12-26 00:00","end":"2017-12-29 00:00","positions":14,"minCentralPressure":980.0,"maxWindSpeed":28.3,"source":"Bureau of Meteorology Australian Tropical Cyclone Database"}},{"type":"Feature","geometry":{"type":"LineString","coordinates":[[96.1,-8.6],[95.8,-9.5],[95.4,-9.6],[95.2,-10.0],[94.4,-10.7],[93.8,-11.1],[93.5,-11.9],[92.4,-12.4],[91.4,-12.5],[90.6,-12.6]]},"properties":{"stormId":"AU201718_08U","name":"Irving","start":"2018-01-04 00:00","end":"2018-01-06 06:00","positions":10,"minCentralPressure":994.0,"maxWindSpeed":20.6,"source":"Bureau of Meteorology Australian Tropical Cyclone Database"}},{"type":"Feature","geometry":{"type":"LineString","coordinates":[[129.5,-13.0],[129.1,-13.25],[128.7,-13.5],[128.3,-13.75],[127.9,-14.0],[127.3,-15.4],[126.8,-15.8],[126.3,-15.8],[125.1,-16.2],[124.5,-16.4],[123.95,-16.45],[123.4,-16.5],[123.1,-16.2],[122.9,-16.1],[122.6,-16.2],[121.9,-16.7],[121.6,-16.8],[121.7,-17.4],[121.4,-18.1],[121.7,-18.63],[121.25,-19.17],[120.7,-19.7],[119.9,-20.1],[119.4,-20.6],[118.6,-21.3],[118.0,-22.2],[117.24,-23.26],[116.1,-24.46],[115.5,-25.4],[115.1,-26.2],[115.2,-26.8],[114.3,-27.65],[113.4,-28.5],[113.3,-29.2]]},"properties":{"stormId":"AU201718_09U","name":"Joyce","start":"2018-01-07 00:00","end":"2018-01-15 06:00","positions":34,"minCentralPressure":975.0,"maxWindSpeed":25.7,"source":"Bureau of Meteorology Australian Tropical Cyclone Database"}},{"type":"Feature","geometry":{"type":"LineString","coordinates":[[132.5,-10.0],[132.8,-10.6],[133.51,-11.12],[132.31,-12.41],[131.33,-13.24],[130.3,-13.7],[128.9,-14.1],[128.2,-14.6],[126.9,-14.7],[126.1,-15.2],[125.6,-16.1],[124.4,-16.9],[122.9,-17.2],[122.2,-17.3],[121.6,-17.8],[121.3,-18.2],[121.2,-18.5],[120.9,-18.9],[120.6,-19.3],[120.6,-19.1],[121.0,-19.1],[121.6,-19.2],[122.1,-19.8],[122.4,-20.3],[122.6,-21.0],[122.9,-21.5],[123.3,-22.1],[123.6,-22.6],[123.8,-23.1],[124.0,-23.8],[124.4,-24.4],[124.8,-25.0],[124.93,-26.05],[125.1,-27.1],[126.1,-28.4]]},"properties":{"stormId":"AU201718_17U","name":"Kelvin","start":"2018-02-12 18:00","end":"2018-02-21 06:00","positions":35,"minCentralPressure":955.0,"maxWindSpeed":41.2,"source":"Bureau of Meteorology Australian Tropical Cyclone Database"}},{"type":"Feature","geometry":{"type":"LineString","coordinates":[[129.0,-9.0],[129.0,-9.0],[129.5,-9.0],[130.0,-9.0],[130.7,-9.2],[131.1,-9.3],[131.5,-9.4],[132.1,-9.8],[132.5,-10.3],[132.2,-10.9],[131.9,-11.1],[131.7,-11.5],[131.5,-12.0],[131.0,-12.4],[130.1,-13.1],[129.3,-13.4],[128.7,-13.8],[127.7,-14.1],[126.4,-14.6],[125.1,-14.8],[124.1,-14.9],[123.5,-14.8],[122.8,-15.4],[121.1,-15.4],[119.7,-15.0],[118.3,-14.9],[116.9,-14.6],[115.5,-14.5],[113.6,-14.5],[112.2,-14.3],[110.9,-14.9],[109.6,-15.0],[108.4,-15.4],[107.4,-15.8],[106.7,-16.6],[106.4,-17.4],[106.0,-18.8],[105.9,-20.0],[105.9,-21.3],[106.1,-22.2],[106.6,-24.0],[107.1,-25.7],[107.4,-26.8],[107.5,-27.6],[107.93,-28.29],[108.36,-28.8]]},"properties":{"stormId":"AU201718_20U","name":"Marcus","start":"2018-03-14 00:00","end":"2018-03-25 00:00","positions":46,"minCentralPressure":905.0,"maxWindSpeed":69.5,"source":"Bureau of Meteorology Australian Tropical Cyclone Database"}},{"type":"Feature","geometry":{"type":"LineString","coordinates":[[160.1,-11.2],[160.1,-12.3],[160.0,-13.3],[160.0,-14.4],[160.1,-15.5],[160.0,-16.7],[159.9,-17.9],[159.7,-19.3],[158.9,-20.3],[158.0,-21.3],[156.8,-21.9],[156.4,-22.6],[156.4,-23.0],[156.3,-23.4],[156.3,-23.8]]},"properties":{"stormId":"AU201718_21U","name":"Linda","start":"2018-03-11 12:00","end":"2018-03-15 00:00","positions":15,"minCentralPressure":987.0,"maxWindSpeed":25.7,"source":"Bureau of Meteorology Australian Tropical Cyclone Database"}},{"type":"Feature","geometry":{"type":"LineString","coordinates":[[137.2,-7.6],[136.8,-7.8],[136.85,-8.31],[136.89,-8.75],[136.6,-9.2],[136.2,-9.5],[136.0,-9.8],[136.1,-9.8],[136.2,-9.9],[136.4,-9.9],[136.5,-9.9],[136.7,-9.9],[137.1,-9.9],[138.0,-10.4],[138.7,-11.2],[139.4,-12.1],[140.1,-12.6],[140.5,-13.0],[140.9,-13.5],[141.2,-13.9],[141.5,-14.4],[141.7,-15.0],[141.6,-15.4],[141.5,-15.8],[141.4,-16.1],[141.3,-16.45],[141.35,-16.6],[141.5,-16.8],[141.6,-16.9],[141.7,-16.8],[142.1,-16.9],[142.43,-16.8],[142.77,-16.7],[143.1,-16.6],[142.6,-16.7],[141.8,-16.73],[141.0,-16.77],[140.2,-16.8]]},"properties":{"stormId":"AU201718_22U","name":"Nora","start":"2018-03-20 00:00","end":"2018-03-28 00:00","positions":38,"minCentralPressure":960.0,"maxWindSpeed":43.7,"source":"Bureau of Meteorology Australian Tropical Cyclone Database"}},{"type":"Feature","geometry":{"type":"LineString","coordinates":[[161.5,-13.7],[160.4,-13.9],[159.8,-14.2],[159.6,-14.3],[159.2,-14.4],[158.9,-14.5],[158.8,-14.7],[158.6,-15.3],[158.4,-15.8],[158.2,-16.5],[158.0,-17.2],[158.0,-17.8],[158.0,-18.5],[158.0,-19.3],[158.1,-20.1],[158.3,-20.6],[158.8,-21.5],[159.0,-22.3],[159.1,-22.6],[159.17,-22.53],[158.9,-22.8],[156.3,-22.1],[155.3,-21.4],[155.2,-20.4],[154.9,-19.7],[154.3,-19.2],[153.6,-18.4],[153.0,-17.6],[151.8,-16.9],[150.9,-16.2],[150.1,-15.5],[149.8,-15.1],[149.5,-15.0],[149.4,-15.3],[149.2,-15.6],[149.3,-15.9],[149.29,-16.5],[148.6,-16.75],[148.7,-16.8],[148.8,-16.8],[148.8,-17.0],[149.0,-17.1],[149.5,-17.9],[149.9,-18.3],[150.3,-19.0],[150.5,-19.15],[150.9,-19.3],[151.5,-19.5],[151.6,-19.5],[152.3,-19.7],[152.9,-20.1],[153.2,-20.3],[153.2,-19.8],[153.6,-19.5],[153.65,-19.1],[153.3,-18.7],[153.2,-18.3],[153.0,-17.7],[153.0,-17.1],[153.34,-16.66],[153.5,-16.4],[153.9,-16.1],[154.3,-15.6],[154.3,-15.0],[154.3,-14.5],[154.3,-14.1],[154.3,-13.6],[154.4,-13.3],[154.6,-13.0]]},"properties":{"stormId":"AU201718_24U","name":"Iris","start":"2018-03-23 18:00","end":"2018-04-09 18:00","positions":69,"minCentralPressure":982.0,"maxWindSpeed":28.3,"source":"Bureau of Meteorology Australian Tropical Cyclone Database"}},{"type":"Feature","geometry":{"type":"LineString","coordinates":[[155.6,-8.7],[155.4,-9.8],[154.9,-10.4],[154.6,-11.0],[154.5,-11.5],[154.4,-11.9],[154.4,-12.3],[154.3,-13.0],[154.3,-13.9],[154.5,-14.1],[154.7,-14.6],[154.9,-15.2],[155.1,-15.6],[155.4,-15.7],[155.8,-16.0],[156.2,-16.0],[156.1,-15.9],[155.4,-16.2],[155.1,-16.6],[154.8,-17.0],[154.5,-17.1],[154.2,-17.2],[153.4,-17.1],[152.5,-17.1],[151.6,-16.7],[151.2,-16.1],[151.0,-15.9],[150.8,-15.8],[150.7,-15.8],[150.5,-15.8],[150.3,-15.9],[150.0,-16.0],[149.7,-16.0],[149.2,-16.3],[148.5,-16.3],[147.6,-16.3],[147.3,-16.1],[146.9,-16.1],[146.3,-16.1],[145.4,-16.3],[144.1,-16.1],[142.9,-15.9],[141.7,-15.7],[140.8,-15.4],[140.0,-15.4],[139.2,-15.1],[138.8,-14.9],[137.9,-14.8],[137.6,-14.8],[137.1,-14.9],[136.6,-14.9],[136.1,-15.1],[136.0,-15.3],[135.9,-15.3],[135.9,-15.2],[136.3,-15.1],[136.9,-15.1],[137.3,-15.3],[137.9,-15.1],[139.0,-15.1],[140.6,-15.3],[141.4,-16.18],[141.6,-16.3],[142.1,-16.8],[142.6,-17.0],[144.0,-17.6],[145.2,-17.8],[146.1,-17.8],[146.6,-18.0],[148.3,-18.7],[149.9,-19.3],[150.0,-19.6],[150.0,-20.0],[150.4,-20.8],[150.9,-20.6],[151.4,-20.4],[152.0,-20.0],[152.5,-19.7],[153.0,-20.0],[153.1,-20.1],[153.2,-19.9],[152.5,-19.8],[151.8,-19.4],[151.6,-18.4],[151.2,-17.9],[150.6,-17.4],[150.0,-16.9],[149.9,-16.7],[149.6,-16.6],[149.3,-16.6]]},"properties":{"stormId":"AU201819_04U","name":"Owen","start":"2018-11-30 00:00","end":"2018-12-21 00:00","positions":90,"minCentralPressure":956.0,"maxWindSpeed":43.7,"source":"Bureau of Meteorology Australian Tropical Cyclone Database"}},{"type":"Feature","geometry":{"type":"LineString","coordinates":[[93.1,-7.7],[92.5,-7.9],[92.1,-7.9],[91.9,-8.0],[91.7,-8.4],[91.5,-8.7],[91.0,-8.8],[90.8,-9.3],[90.3,-10.0],[89.6,-10.3],[89.0,-10.9],[88.4,-11.7]]},"properties":{"stormId":"AU201819_05U","name":"Kenanga","start":"2018-12-14 06:00","end":"2018-12-17 00:00","positions":12,"minCentralPressure":992.0,"maxWindSpeed":25.7,"source":"Bureau of Meteorology Australian Tropical Cyclone Database"}},{"type":"Feature","geometry":{"type":"LineString","coordinates":[[144.9,-11.6],[144.6,-11.9],[144.4,-12.1],[144.4,-12.7],[144.1,-13.0],[143.9,-13.2],[143.5,-13.4],[142.8,-13.2],[141.8,-13.0],[140.8,-12.9],[139.7,-12.9],[139.5,-12.5],[140.3,-12.7],[140.6,-12.7],[141.2,-12.7],[141.95,-12.75],[142.8,-12.6],[143.6,-12.8],[144.6,-12.9],[146.0,-13.0],[147.9,-13.0],[150.1,-13.5],[152.4,-14.3],[153.7,-14.8],[154.9,-15.2],[155.5,-15.6],[155.8,-15.9],[155.9,-15.9],[155.9,-16.0],[155.9,-15.9],[155.7,-15.8],[156.0,-15.7],[156.1,-15.9],[155.9,-16.3],[155.2,-16.9],[154.6,-17.0],[154.5,-17.0],[154.2,-17.3],[153.3,-17.8],[152.5,-18.2],[151.8,-18.4],[151.1,-18.9],[150.8,-19.4],[150.0,-19.9],[149.5,-19.8],[149.0,-19.9],[148.5,-20.0]]},"properties":{"stormId":"AU201819_07U","name":"Penny","start":"2018-12-28 12:00","end":"2019-01-09 00:00","positions":47,"minCentralPressure":985.0,"maxWindSpeed":28.3,"source":"Bureau of Meteorology Australian Tropical Cyclone Database"}},{"type":"Feature","geometry":{"type":"LineString","coordinates":[[105.8,-13.3],[104.9,-13.2],[103.6,-13.1],[102.3,-12.9],[100.7,-12.7],[99.2,-12.4],[98.0,-12.3],[97.2,-12.2],[96.6,-12.2],[96.0,-12.1],[95.4,-12.1],[94.9,-12.0],[94.5,-12.0],[94.1,-12.0],[93.6,-12.1],[93.1,-12.2],[92.6,-12.3],[91.7,-12.2],[90.8,-12.0],[90.0,-11.7],[89.4,-11.7],[89.3,-11.7],[89.2,-11.8],[89.2,-11.7],[89.2,-11.5],[89.5,-11.5],[90.0,-11.3],[90.6,-11.2],[90.8,-11.5],[90.9,-11.9],[91.3,-12.2],[91.7,-12.4],[92.0,-12.4],[92.4,-12.2],[92.9,-11.9],[93.7,-11.5],[94.8,-11.0],[96.1,-11.0],[97.0,-11.2],[98.2,-11.3],[99.9,-11.3],[101.3,-11.8]]},"properties":{"stormId":"AU201819_11U","name":"noname","start":"2019-01-19 00:00","end":"2019-01-29 06:00","positions":42,"minCentralPressure":998.0,"maxWindSpeed":20.6,"source":"Bureau of Meteorology Australian Tropical Cyclone Database"}},{"type":"Feature","geometry":{"type":"LineString","coordinates":[[128.4,-8.9],[128.4,-9.6],[128.3,-10.1],[127.7,-10.5],[126.6,-10.8],[126.1,-11.3],[125.3,-12.3],[124.6,-13.0],[124.2,-13.8],[123.3,-14.5],[122.7,-15.7],[121.7,-16.6],[120.8,-16.9],[120.0,-17.0],[119.4,-16.7],[119.1,-16.7],[118.8,-16.7],[118.3,-16.8],[118.0,-16.9],[117.6,-16.8],[117.4,-17.0],[117.1,-17.5],[116.3,-17.6],[115.4,-17.5],[114.6,-17.5],[113.7,-17.6],[112.7,-17.9],[111.5,-18.0],[110.5,-18.1],[109.6,-18.2],[108.9,-18.5],[108.1,-18.6],[107.3,-18.9],[106.3,-19.25],[105.5,-19.5],[104.3,-19.7],[103.2,-20.1],[102.2,-20.3],[101.4,-20.2],[100.5,-20.3],[99.6,-20.6],[98.7,-20.4],[98.1,-20.1],[97.5,-19.8],[97.1,-19.3],[96.7,-19.4],[96.2,-19.2],[95.7,-19.1],[95.1,-19.0],[94.3,-19.0],[93.5,-19.2]]},"properties":{"stormId":"AU201819_12U","name":"Riley","start":"2019-01-21 00:00","end":"2019-02-02 12:00","positions":51,"minCentralPressure":970.0,"maxWindSpeed":36.0,"source":"Bureau of Meteorology Australian Tropical Cyclone Database"}},{"type":"Feature","geometry":{"type":"LineString","coordinates":[[160.5,-15.3],[161.5,-14.8],[163.2,-14.3],[164.1,-14.0],[164.7,-13.8],[164.6,-14.0],[165.3,-14.0],[165.8,-14.4],[164.8,-14.8],[164.1,-14.3],[165.0,-14.0],[165.3,-14.7],[165.3,-15.1],[165.6,-15.3],[165.0,-15.6],[165.1,-15.3],[164.7,-15.3],[164.5,-15.3],[164.2,-15.4],[164.1,-15.3],[163.8,-15.3],[163.9,-15.5],[164.1,-15.3],[164.1,-15.4],[164.3,-15.8],[164.2,-16.1],[164.1,-16.55],[163.9,-17.4],[163.4,-18.1],[163.0,-18.6],[162.8,-19.0],[162.5,-19.7],[162.3,-20.0],[162.0,-20.3],[161.6,-20.9],[161.4,-21.1],[161.0,-21.4],[160.9,-21.8],[160.5,-22.1],[160.0,-22.6],[159.9,-23.2],[159.7,-23.9],[159.3,-24.6],[159.1,-25.7],[159.4,-26.9],[159.8,-27.1],[160.5,-27.5],[161.2,-28.3],[162.0,-28.2],[162.2,-27.6],[162.8,-27.0],[163.4,-26.4],[164.0,-25.7],[164.7,-24.9],[165.4,-24.0],[166.0,-23.5],[166.5,-22.9],[167.0,-22.3],[167.25,-21.3],[167.5,-20.3],[167.6,-19.7],[167.7,-19.1]]},"properties":{"stormId":"AU201819_14U","name":"Oma","start":"2019-02-11 06:00","end":"2019-02-26 12:00","positions":62,"minCentralPressure":966.0,"maxWindSpeed":36.0,"source":"Bureau of Meteorology Australian Tropical Cyclone Database"}},{"type":"Feature","geometry":{"type":"LineString","coordinates":[[114.7,-11.2],[114.3,-12.0],[113.9,-12.2],[113.7,-12.3],[113.5,-12.3],[113.3,-12.1],[112.9,-12.2],[112.2,-12.2],[111.3,-11.8],[110.0,-12.0],[109.0,-11.9],[107.4,-11.7],[106.2,-11.2],[105.1,-10.8],[104.0,-10.3],[102.8,-9.6],[101.4,-9.2],[100.3,-8.8],[99.4,-8.8],[98.3,-8.4],[98.1,-8.7],[97.6,-9.7],[97.1,-10.2],[96.4,-11.1],[95.8,-11.7],[95.6,-11.9],[95.5,-12.4],[95.3,-12.8],[95.1,-13.6],[94.9,-14.0],[94.7,-14.4],[94.2,-14.7],[93.8,-14.8],[93.4,-15.0],[92.9,-15.3],[92.3,-15.7],[91.4,-16.1],[90.9,-16.1],[90.6,-16.3],[90.2,-16.5]]},"properties":{"stormId":"AU201819_17U","name":"Savannah","start":"2019-03-08 00:00","end":"2019-03-17 18:00","positions":40,"minCentralPressure":953.0,"maxWindSpeed":48.9,"source":"Bureau of Meteorology Australian Tropical Cyclone Database"}},{"type":"Feature","geometry":{"type":"LineString","coordinates":[[122.7,-13.0],[122.7,-13.24],[122.4,-13.4],[121.7,-13.8],[120.8,-14.0],[120.4,-14.1],[120.3,-14.2],[120.0,-15.1],[119.1,-15.2],[118.3,-15.5],[118.0,-15.8],[117.6,-15.9],[117.7,-16.4],[117.5,-16.9],[117.3,-17.3],[117.0,-17.45],[116.9,-17.6],[116.9,-17.7],[116.9,-17.9],[117.0,-18.2],[117.03,-18.6],[117.1,-19.0],[117.3,-19.3],[117.5,-19.7],[117.6,-20.0],[117.6,-20.1],[117.7,-20.3],[117.7,-20.3],[117.5,-20.4],[117.1,-20.4],[116.9,-20.4],[116.4,-20.4],[115.7,-20.9],[114.9,-21.5],[114.4,-21.8],[113.6,-21.9],[112.8,-22.3],[112.3,-22.9],[112.0,-22.9],[111.2,-22.6],[110.2,-22.2]]},"properties":{"stormId":"AU201819_19U","name":"Veronica","start":"2019-03-18 00:00","end":"2019-03-28 00:00","positions":41,"minCentralPressure":928.0,"maxWindSpeed":59.2,"source":"Bureau of Meteorology Australian Tropical Cyclone Database"}},{"type":"Feature","geometry":{"type":"LineString","coordinates":[[146.6,-10.7],[146.8,-11.4],[146.5,-12.2],[146.0,-12.2],[145.6,-12.2],[145.3,-12.5],[145.0,-12.8],[144.6,-12.9],[144.1,-13.0],[143.7,-13.0],[143.5,-12.9],[143.2,-12.9],[142.6,-13.2],[142.1,-13.1],[141.9,-13.0],[141.8,-12.9],[141.6,-12.8],[141.4,-12.9],[141.2,-13.2],[141.0,-13.7],[140.3,-14.1],[139.7,-14.3],[139.3,-14.7],[138.7,-15.2],[138.1,-15.5],[137.6,-15.9],[137.3,-16.1],[136.7,-16.6],[135.9,-17.4],[135.2,-18.4],[135.0,-19.0],[135.0,-20.2],[135.1,-20.5],[135.5,-20.9],[136.2,-21.2],[137.0,-21.2],[137.2,-21.3],[137.5,-21.0],[138.5,-21.0],[139.0,-21.0],[139.5,-20.6],[140.0,-20.5],[141.0,-21.0],[142.5,-21.0],[143.0,-20.5],[143.0,-20.7]]},"properties":{"stormId":"AU201819_20U","name":"Trevor","start":"2019-03-17 00:00","end":"2019-03-27 18:00","positions":46,"minCentralPressure":944.0,"maxWindSpeed":51.4,"source":"Bureau of Meteorology Australian Tropical Cyclone Database"}},{"type":"Feature","geometry":{"type":"LineString","coordinates":[[133.0,-7.0],[133.35,-7.5],[133.2,-8.0],[132.85,-8.6],[130.8,-9.4],[130.0,-10.2],[129.11,-10.6],[128.55,-11.2],[128.0,-11.6],[127.5,-11.6],[126.57,-11.7],[125.84,-11.64],[125.03,-11.83],[124.0,-12.1],[122.88,-12.32],[121.76,-12.55],[120.6,-13.0],[119.74,-13.26],[118.8,-13.63],[117.82,-13.91],[117.0,-14.6],[116.3,-15.4],[115.73,-15.97],[115.16,-16.2],[114.79,-16.24],[114.4,-16.2],[114.05,-16.31],[112.9,-16.8],[112.3,-16.8],[111.4,-16.9],[110.7,-17.0],[109.1,-17.3],[108.5,-17.6],[107.39,-17.77],[106.24,-17.53],[105.3,-17.1],[104.0,-16.9],[103.0,-16.7]]},"properties":{"stormId":"AU201819_21U","name":"Wallace","start":"2019-04-03 00:00","end":"2019-04-12 06:00","positions":38,"minCentralPressure":986.0,"maxWindSpeed":28.3,"source":"Bureau of Meteorology Australian Tropical Cyclone Database"}},{"type":"Feature","geometry":{"type":"LineString","coordinates":[[128.8,-5.0],[129.1,-5.2],[129.4,-5.4],[129.4,-5.5],[129.4,-5.6],[129.3,-5.7],[129.2,-5.8],[129.2,-6.0],[129.2,-6.2],[129.2,-6.5],[129.1,-6.7],[129.0,-7.0],[128.8,-7.6],[128.7,-8.1],[128.6,-8.6],[128.7,-9.0],[129.0,-9.2],[129.1,-9.4],[128.9,-9.4],[128.8,-9.4],[128.6,-9.3],[128.1,-9.2],[127.6,-9.0],[127.1,-8.7]]},"properties":{"stormId":"AU201819_25U","name":"Lili","start":"2019-05-05 12:00","end":"2019-05-11 06:00","positions":24,"minCentralPressure":996.0,"maxWindSpeed":20.6,"source":"Bureau of Meteorology Australian Tropical Cyclone Database"}},{"type":"Feature","geometry":{"type":"LineString","coordinates":[[160.2,-10.1],[160.1,-10.8],[160.1,-11.3],[160.0,-11.8],[159.9,-12.2],[159.9,-13.0],[159.8,-13.9],[159.7,-14.6],[159.7,-15.1],[159.7,-15.7],[159.5,-16.0],[159.1,-16.2],[158.7,-16.2],[157.9,-16.1],[156.9,-16.0],[155.7,-15.9],[154.3,-15.6],[152.9,-15.5],[151.5,-15.2],[150.4,-14.9],[149.1,-14.5],[147.6,-14.5],[146.3,-13.9],[145.1,-13.2],[143.8,-12.8],[142.4,-12.6],[141.0,-12.1],[139.6,-11.6],[138.4,-11.2],[137.2,-11.0],[136.2,-10.8],[135.2,-10.3],[133.9,-9.9],[132.7,-9.5],[131.7,-8.7],[130.8,-8.2],[129.9,-7.7],[129.0,-7.4],[128.1,-7.0]]},"properties":{"stormId":"AU201819_26U","name":"Ann","start":"2019-05-09 00:00","end":"2019-05-18 12:00","positions":39,"minCentralPressure":990.0,"maxWindSpeed":28.3,"source":"Bureau of Meteorology Australian Tropical Cyclone Database"}},{"type":"Feature","geometry":{"type":"LineString","coordinates":[[121.3,-12.9],[121.4,-12.9],[121.5,-13.3],[121.4,-14.3],[121.3,-15.3],[121.9,-15.5],[122.2,-16.0],[122.3,-17.0],[122.2,-17.5],[121.9,-17.7],[121.7,-18.1],[121.1,-18.6],[120.8,-19.1],[120.8,-19.7],[120.5,-20.2],[119.7,-20.4],[119.5,-20.6],[119.6,-21.2]]},"properties":{"stormId":"AU201920_02U","name":"Blake","start":"2020-01-04 12:00","end":"2020-01-08 12:00","positions":18,"minCentralPressure":986.0,"maxWindSpeed":23.2,"source":"Bureau of Meteorology Australian Tropical Cyclone Database"}},{"type":"Feature","geometry":{"type":"LineString","coordinates":[[135.5,-9.4],[135.8,-9.5],[136.0,-9.5],[136.3,-9.6],[136.6,-9.6],[136.6,-9.7],[136.7,-10.0],[137.7,-10.8],[137.4,-11.1],[137.0,-11.2],[136.6,-11.2],[136.1,-11.1],[135.4,-11.3],[135.0,-11.6],[134.5,-12.0],[134.1,-12.1],[133.7,-12.4],[133.2,-12.8],[132.7,-12.9],[131.7,-13.1],[130.6,-12.6],[130.0,-12.6],[129.5,-12.8],[128.5,-12.8],[127.3,-12.9],[126.3,-13.1],[125.7,-13.3],[125.2,-13.5],[123.5,-13.9],[122.2,-14.1],[120.7,-14.8],[118.7,-15.7],[117.2,-16.3],[115.6,-16.9],[114.0,-17.2],[112.4,-17.5],[111.2,-17.6],[110.1,-17.9],[109.2,-18.3],[108.2,-18.9],[107.4,-19.4],[106.5,-20.1],[105.8,-20.7],[104.5,-21.2],[104.0,-22.0],[103.7,-22.8],[103.4,-23.3],[103.1,-23.8],[103.0,-24.3],[102.7,-24.3],[102.2,-24.1],[101.2,-23.6],[100.2,-23.2],[99.3,-22.9],[98.5,-22.6],[97.7,-22.3],[96.8,-22.0]]},"properties":{"stormId":"AU201920_03U","name":"Claudia","start":"2020-01-05 06:00","end":"2020-01-19 00:00","positions":57,"minCentralPressure":963.0,"maxWindSpeed":41.2,"source":"Bureau of Meteorology Australian Tropical Cyclone Database"}},{"type":"Feature","geometry":{"type":"LineString","coordinates":[[129.3,-16.7],[129.0,-16.6],[128.7,-16.5],[127.8,-16.2],[127.1,-16.0],[126.4,-16.1],[125.7,-16.2],[124.8,-16.4],[124.0,-16.5],[122.9,-16.6],[122.0,-16.8],[121.6,-16.7],[120.2,-16.8],[119.7,-17.3],[119.2,-17.6],[118.4,-17.4],[117.9,-17.5],[117.4,-17.9],[117.0,-18.1],[116.9,-18.3],[116.8,-18.6],[116.7,-18.8],[116.5,-19.1],[116.45,-19.4],[116.4,-19.6],[116.45,-19.7],[116.5,-19.8],[116.5,-19.9],[116.55,-20.1],[116.6,-20.25],[116.65,-20.4],[116.7,-20.6],[116.75,-20.75],[116.8,-20.9],[117.0,-21.2],[117.2,-21.5],[117.4,-21.9],[117.5,-22.6],[117.5,-23.1],[117.6,-23.5],[117.6,-23.8],[117.7,-24.1],[117.7,-24.7],[117.8,-25.3],[118.0,-25.7]]},"properties":{"stormId":"AU201920_05U","name":"Damien","start":"2020-02-03 00:00","end":"2020-02-10 12:00","positions":45,"minCentralPressure":955.0,"maxWindSpeed":43.7,"source":"Bureau of Meteorology Australian Tropical Cyclone Database"}},{"type":"Feature","geometry":{"type":"LineString","coordinates":[[163.1,-13.1],[162.0,-14.0],[162.7,-13.5],[161.2,-13.7],[162.55,-13.7],[163.9,-13.7],[163.7,-13.7],[163.6,-13.6],[163.4,-14.0],[163.5,-14.4],[163.5,-14.7],[163.6,-14.9],[163.8,-15.4],[163.9,-15.9],[163.4,-16.3],[162.9,-16.9],[162.9,-17.3],[162.9,-17.8],[162.7,-18.6],[162.7,-18.9],[162.8,-19.6],[162.9,-20.6],[162.7,-21.4],[162.7,-22.4],[162.3,-23.5],[162.0,-24.2],[161.7,-25.7],[161.0,-27.4],[160.5,-28.8],[160.0,-30.1],[159.4,-31.5],[158.7,-33.0],[158.6,-33.9],[159.1,-34.7],[159.6,-36.1],[159.8,-37.4],[160.5,-39.5],[161.2,-40.5],[162.9,-42.0],[163.9,-44.3],[164.3,-45.3],[164.6,-45.8],[164.2,-46.3],[162.8,-47.2],[161.0,-48.6]]},"properties":{"stormId":"AU201920_06U","name":"Uesi","start":"2020-02-06 06:00","end":"2020-02-17 06:00","positions":45,"minCentralPressure":975.0,"maxWindSpeed":36.0,"source":"Bureau of Meteorology Australian Tropical Cyclone Database"}},{"type":"Feature","geometry":{"type":"LineString","coordinates":[[139.8,-13.4],[139.4,-13.4],[139.1,-13.3],[138.8,-13.4],[138.6,-13.5],[138.5,-13.6],[138.6,-13.7],[138.8,-13.8],[138.8,-14.0],[138.9,-14.4],[139.3,-15.7],[139.1,-16.1],[138.5,-16.5],[137.5,-16.74],[137.0,-16.7],[136.4,-17.1],[135.8,-17.5],[134.8,-17.4],[134.0,-17.0],[133.7,-16.8],[133.1,-16.6],[132.6,-16.4],[131.9,-16.1],[131.3,-15.7],[130.7,-15.5],[130.0,-15.3],[129.7,-15.3],[128.7,-15.2],[128.0,-15.2],[127.0,-15.3],[126.0,-15.5],[125.1,-15.6],[124.5,-16.2],[123.8,-16.8],[123.6,-17.3],[123.4,-17.9],[123.8,-18.2],[124.5,-18.5],[125.2,-18.6],[126.2,-18.8],[126.8,-18.8],[127.8,-18.6],[128.53,-18.63],[129.27,-18.67],[130.0,-18.7],[130.8,-19.0],[132.5,-19.2],[133.25,-19.5],[134.0,-19.8]]},"properties":{"stormId":"AU201920_07U","name":"Esther","start":"2020-02-21 00:00","end":"2020-03-04 00:00","positions":49,"minCentralPressure":985.0,"maxWindSpeed":18.0,"source":"Bureau of Meteorology Australian Tropical Cyclone Database"}},{"type":"Feature","geometry":{"type":"LineString","coordinates":[[119.0,-12.0],[119.1,-12.1],[119.2,-12.2],[119.15,-12.25],[119.1,-12.3],[118.9,-12.6],[118.6,-13.0],[118.4,-13.3],[118.2,-13.7],[117.8,-14.2],[117.5,-14.6],[117.4,-14.9],[117.1,-15.2],[116.75,-15.5],[116.5,-15.8],[116.1,-15.9],[115.5,-16.0],[115.1,-16.1],[114.8,-16.2],[114.6,-16.4],[114.5,-16.5],[114.3,-16.6],[114.1,-16.6],[113.7,-16.6],[113.3,-16.5],[113.0,-16.4],[112.6,-16.2],[112.2,-16.1],[111.4,-15.8],[111.2,-15.6],[111.1,-15.5],[111.0,-15.4],[111.0,-15.1]]},"properties":{"stormId":"AU201920_08U","name":"Ferdinand","start":"2020-02-22 00:00","end":"2020-03-01 00:00","positions":33,"minCentralPressure":951.0,"maxWindSpeed":48.9,"source":"Bureau of Meteorology Australian Tropical Cyclone Database"}},{"type":"Feature","geometry":{"type":"LineString","coordinates":[[113.0,-11.0],[113.0,-11.2],[113.8,-10.8],[114.7,-11.2],[116.0,-12.2],[116.0,-13.0],[116.5,-13.8],[116.8,-14.6],[117.2,-15.4],[116.9,-16.4],[116.1,-17.3],[115.9,-18.2],[115.1,-18.9],[114.9,-19.8],[114.8,-20.8],[114.5,-22.0],[114.4,-22.8],[114.5,-23.8],[114.7,-26.9]]},"properties":{"stormId":"AU201920_09U","name":"noname","start":"2020-03-09 00:00","end":"2020-03-14 00:00","positions":19,"minCentralPressure":995.0,"maxWindSpeed":23.2,"source":"Bureau of Meteorology Australian Tropical Cyclone Database"}},{"type":"Feature","geometry":{"type":"LineString","coordinates":[[149.1,-14.1],[151.7,-14.9],[153.0,-16.0],[153.7,-16.4],[154.7,-16.8],[156.6,-17.0],[158.4,-18.0],[160.0,-19.0],[161.4,-20.1],[163.5,-21.6],[165.5,-23.2],[168.5,-25.3]]},"properties":{"stormId":"AU201920_10U","name":"Gretel","start":"2020-03-13 00:00","end":"2020-03-15 18:00","positions":12,"minCentralPressure":980.0,"maxWindSpeed":28.3,"source":"Bureau of Meteorology Australian Tropical Cyclone Database"}},{"type":"Feature","geometry":{"type":"LineString","coordinates":[[145.3,-9.9],[145.0,-9.9],[144.7,-9.8],[144.7,-9.4],[144.9,-9.2],[145.1,-9.0],[145.3,-8.8],[145.6,-8.6],[145.9,-8.4],[145.8,-8.2],[145.6,-8.1],[145.4,-8.5],[145.6,-8.9]]},"properties":{"stormId":"AU201920_11U","name":"noname","start":"2020-03-31 00:00","end":"2020-04-03 00:00","positions":13,"minCentralPressure":999.0,"maxWindSpeed":15.4,"source":"Bureau of Meteorology Australian Tropical Cyclone Database"}},{"type":"Feature","geometry":{"type":"LineString","coordinates":[[154.7,-8.8],[155.0,-9.0],[155.4,-9.0],[155.9,-9.2],[156.4,-9.4],[156.8,-9.8],[157.8,-10.0],[159.0,-10.2],[161.5,-10.7],[162.2,-11.9],[163.0,-12.7],[164.0,-13.6],[164.2,-13.9],[164.9,-14.3],[165.3,-14.6],[165.8,-15.0],[165.7,-15.6],[165.5,-15.6],[165.6,-15.4],[166.2,-15.5],[166.9,-15.6],[167.8,-15.8],[168.8,-16.0],[169.6,-16.4],[171.2,-16.6],[172.3,-17.1],[174.0,-17.3],[175.8,-17.8],[177.9,-18.9],[180.0,-19.7],[-178.0,-20.6],[-175.4,-22.1],[-173.2,-23.2],[-169.9,-24.7],[-167.6,-25.9],[-164.6,-27.4],[-161.4,-29.3],[-158.0,-31.0],[-154.0,-33.0],[-151.0,-34.0],[-148.0,-35.0]]},"properties":{"stormId":"AU201920_12U","name":"Harold","start":"2020-04-01 00:00","end":"2020-04-11 00:00","positions":41,"minCentralPressure":920.0,"maxWindSpeed":64.3,"source":"Bureau of Meteorology Australian Tropical Cyclone Database"}},{"type":"Feature","geometry":{"type":"LineString","coordinates":[[95.1,-4.0],[95.0,-4.25],[94.8,-4.5],[94.7,-4.8],[94.5,-5.0],[94.4,-5.2],[94.3,-5.4],[94.1,-5.6],[94.0,-5.8],[93.6,-6.1],[93.1,-6.6],[92.9,-7.2],[92.7,-7.9],[92.7,-8.5],[93.0,-9.2],[93.2,-9.7],[93.5,-10.4],[94.2,-11.4],[95.0,-12.6],[96.1,-14.1],[97.8,-15.7]]},"properties":{"stormId":"AU201920_17U","name":"Mangga","start":"2020-05-18 00:00","end":"2020-05-23 00:00","positions":21,"minCentralPressure":996.0,"maxWindSpeed":18.0,"source":"Bureau of Meteorology Australian Tropical Cyclone Database"}},{"type":"Feature","geometry":{"type":"LineString","coordinates":[[105.7,-8.5],[105.78,-8.53],[106.2,-8.7],[106.2,-8.6],[107.1,-9.0],[107.7,-9.55],[108.3,-10.1],[108.1,-10.1],[108.1,-10.4],[108.15,-10.7],[108.2,-11.0],[107.7,-11.2],[107.6,-11.2],[108.1,-11.0],[108.6,-10.9],[109.1,-11.1],[109.9,-11.6],[110.7,-12.4],[111.0,-13.3],[111.5,-14.2],[112.4,-14.7],[113.9,-15.6],[115.46,-16.91],[117.12,-19.36],[118.2,-20.39],[119.1,-21.2]]},"properties":{"stormId":"AU202021_02U","name":"noname","start":"2020-12-04 06:00","end":"2020-12-11 06:00","positions":26,"minCentralPressure":990.0,"maxWindSpeed":23.2,"source":"Bureau of Meteorology Australian Tropical Cyclone Database"}},{"type":"Feature","geometry":{"type":"LineString","coordinates":[[136.4,-13.81],[136.65,-14.14],[136.87,-14.71],[136.93,-14.86],[137.0,-15.0],[137.4,-15.2],[138.0,-15.4],[138.53,-15.95],[139.1,-16.2],[139.6,-16.5],[140.8,-17.4],[141.5,-17.6],[142.0,-17.7]]},"properties":{"stormId":"AU202021_05U","name":"Imogen","start":"2021-01-01 00:00","end":"2021-01-04 00:00","positions":13,"minCentralPressure":985.0,"maxWindSpeed":25.7,"source":"Bureau of Meteorology Australian Tropical Cyclone Database"}},{"type":"Feature","geometry":{"type":"LineString","coordinates":[[101.0,-9.7],[100.5,-9.6],[99.8,-9.3],[100.05,-9.6],[100.3,-9.9],[100.66,-10.14],[100.84,-10.26],[101.02,-10.38],[101.2,-10.49],[101.5,-10.3],[101.64,-11.3],[101.79,-11.89],[101.95,-12.2],[102.1,-12.5],[102.5,-13.14],[102.5,-13.7],[101.3,-14.1],[100.25,-14.9],[99.17,-15.4],[98.06,-15.81],[97.0,-16.8],[95.15,-17.2],[93.0,-17.5]]},"properties":{"stormId":"AU202021_06U","name":"noname","start":"2021-01-05 00:00","end":"2021-01-10 12:00","positions":23,"minCentralPressure":999.0,"maxWindSpeed":18.0,"source":"Bureau of Meteorology Australian Tropical Cyclone Database"}},{"type":"Feature","geometry":{"type":"LineString","coordinates":[[97.3,-12.1],[97.2,-12.9],[96.8,-13.3],[96.5,-13.8],[96.2,-14.4],[95.7,-14.7],[95.3,-15.1],[94.8,-15.7],[94.2,-16.1],[93.4,-16.4],[92.7,-16.8],[92.2,-17.1],[91.5,-17.4],[90.8,-17.8],[90.0,-18.3],[89.4,-18.8]]},"properties":{"stormId":"AU202021_07U","name":"Joshua","start":"2021-01-13 18:00","end":"2021-01-17 12:00","positions":16,"minCentralPressure":990.0,"maxWindSpeed":23.2,"source":"Bureau of Meteorology Australian Tropical Cyclone Database"}},{"type":"Feature","geometry":{"type":"LineString","coordinates":[[132.5,-10.9],[131.3,-10.7],[129.7,-10.7],[128.6,-10.8],[127.6,-10.8],[126.5,-10.8],[125.6,-11.2],[124.8,-11.8],[123.6,-12.4],[122.8,-12.9],[121.5,-13.8],[120.7,-14.6],[120.3,-15.0],[119.9,-15.8],[119.8,-16.6],[119.8,-17.5],[119.9,-18.3],[120.5,-19.5],[121.1,-20.6],[122.1,-21.5],[123.2,-22.3],[124.0,-23.2]]},"properties":{"stormId":"AU202021_08U","name":"noname","start":"2021-01-18 00:00","end":"2021-01-23 06:00","positions":22,"minCentralPressure":992.0,"maxWindSpeed":18.0,"source":"Bureau of Meteorology Australian Tropical Cyclone Database"}},{"type":"Feature","geometry":{"type":"LineString","coordinates":[[146.5,-13.5],[146.35,-13.56],[146.14,-13.64],[146.0,-13.7],[146.3,-14.1],[146.42,-14.12],[146.47,-14.8],[146.5,-15.1],[146.5,-15.4],[146.5,-15.8],[146.5,-16.3],[146.7,-17.0],[147.1,-17.8],[147.5,-18.2],[147.6,-18.3],[147.4,-18.2],[147.0,-17.8]]},"properties":{"stormId":"AU202021_09U","name":"Kimi","start":"2021-01-15 06:00","end":"2021-01-19 06:00","positions":17,"minCentralPressure":990.0,"maxWindSpeed":23.2,"source":"Bureau of Meteorology Australian Tropical Cyclone Database"}},{"type":"Feature","geometry":{"type":"LineString","coordinates":[[106.7,-13.1],[104.5,-12.9],[102.6,-12.5],[100.9,-12.6],[99.2,-12.6],[98.1,-12.4],[97.8,-12.3],[97.3,-12.6],[97.4,-12.7],[97.6,-12.9],[97.5,-13.1],[97.4,-13.2],[97.5,-13.3],[97.7,-13.8],[97.5,-14.2],[97.6,-14.3],[97.7,-15.04],[97.8,-15.6],[97.52,-15.83],[97.3,-16.1],[96.82,-16.5],[96.45,-16.85],[96.11,-17.19],[95.9,-17.41],[95.7,-17.7],[95.4,-18.0],[95.1,-18.4],[94.6,-19.0],[94.2,-19.3],[93.2,-19.2],[92.1,-19.2],[91.3,-19.4],[90.4,-19.4],[89.0,-19.2]]},"properties":{"stormId":"AU202021_10U","name":"noname","start":"2021-01-19 12:00","end":"2021-01-27 18:00","positions":34,"minCentralPressure":994.0,"maxWindSpeed":20.6,"source":"Bureau of Meteorology Australian Tropical Cyclone Database"}},{"type":"Feature","geometry":{"type":"LineString","coordinates":[[137.8,-13.7],[138.3,-14.2],[138.8,-14.7],[138.6,-14.8],[138.9,-15.3],[139.5,-15.4],[140.1,-15.0],[140.5,-15.1],[141.0,-15.1],[141.4,-14.9],[141.8,-14.7],[142.0,-14.6],[142.2,-14.5],[142.4,-14.4],[142.7,-14.4],[142.9,-14.3],[143.2,-14.2],[143.4,-14.2],[143.7,-14.1],[144.7,-13.7],[145.8,-13.3],[147.2,-13.1],[148.1,-13.1],[149.0,-13.1],[150.2,-13.3],[151.5,-13.7],[152.4,-14.0],[153.6,-13.9],[155.4,-13.3],[157.5,-13.3],[158.4,-14.0],[160.5,-14.5],[162.6,-15.6],[163.5,-17.0],[164.8,-17.2],[166.1,-18.3],[167.1,-19.4],[167.5,-20.2],[167.3,-22.0],[167.09,-22.34],[166.5,-22.7]]},"properties":{"stormId":"AU202021_11U","name":"Lucas","start":"2021-01-24 12:00","end":"2021-02-03 12:00","positions":41,"minCentralPressure":975.0,"maxWindSpeed":30.9,"source":"Bureau of Meteorology Australian Tropical Cyclone Database"}},{"type":"Feature","geometry":{"type":"LineString","coordinates":[[127.71,-15.15],[127.25,-15.17],[126.8,-15.2],[126.9,-15.5],[126.3,-16.2],[126.0,-16.3],[125.78,-16.57],[125.56,-16.85],[125.4,-17.12],[124.8,-17.6],[124.45,-18.2],[124.1,-18.8],[123.2,-19.7],[122.7,-20.3],[121.8,-20.8],[120.5,-20.7],[119.4,-20.7],[119.2,-20.5],[118.2,-21.1],[117.2,-21.5],[116.2,-22.0],[115.8,-22.8],[115.1,-23.7],[114.4,-23.9],[114.4,-23.6],[114.4,-23.8],[114.5,-23.7],[114.6,-23.1],[114.1,-24.3],[113.6,-24.4],[113.4,-24.6],[113.0,-24.6],[112.3,-25.0],[112.0,-24.9],[112.8,-25.0],[112.8,-25.1],[113.1,-26.4],[113.4,-27.1],[113.8,-28.0],[114.2,-29.3],[114.7,-30.3],[115.1,-31.4],[115.8,-32.6],[115.9,-34.0],[116.2,-35.5]]},"properties":{"stormId":"AU202021_12U","name":"noname","start":"2021-01-28 00:00","end":"2021-02-08 00:00","positions":45,"minCentralPressure":990.0,"maxWindSpeed":18.0,"source":"Bureau of Meteorology Australian Tropical Cyclone Database"}},{"type":"Feature","geometry":{"type":"LineString","coordinates":[[127.7,-12.9],[126.0,-12.8],[124.5,-12.8],[122.8,-13.2],[120.9,-13.3],[118.4,-13.3],[116.3,-13.2],[114.6,-12.8],[112.4,-12.8],[109.7,-12.6],[108.0,-12.2],[107.0,-12.4],[105.8,-12.9],[104.0,-13.3],[102.3,-13.8],[100.5,-14.23],[98.9,-14.5],[97.1,-14.5],[95.8,-14.5],[95.0,-14.8],[94.1,-15.3],[93.4,-16.0],[92.6,-16.4],[92.2,-16.8],[91.7,-17.1],[91.3,-17.5],[90.9,-17.7],[90.4,-17.8],[90.0,-17.9],[89.6,-18.2],[89.6,-18.4],[89.6,-18.6],[89.7,-18.6],[90.0,-18.6],[90.35,-18.6],[90.8,-18.8],[91.4,-19.0],[92.0,-19.2],[92.6,-19.9],[93.1,-20.4],[93.6,-21.1],[94.0,-21.7],[94.5,-22.4],[94.6,-23.0],[94.9,-23.7],[95.3,-24.4],[95.7,-25.1],[96.2,-25.8],[96.6,-26.5],[96.7,-27.3],[96.9,-27.9],[97.2,-28.5],[96.7,-28.7],[96.7,-28.1],[97.3,-28.1],[97.7,-28.8],[98.2,-29.6],[98.3,-30.3],[98.1,-30.9],[97.9,-31.5]]},"properties":{"stormId":"AU202021_15U","name":"Marian","start":"2021-02-22 06:00","end":"2021-03-09 00:00","positions":60,"minCentralPressure":951.0,"maxWindSpeed":46.3,"source":"Bureau of Meteorology Australian Tropical Cyclone Database"}},{"type":"Feature","geometry":{"type":"LineString","coordinates":[[148.9,-14.4],[149.4,-15.2],[149.9,-15.7],[149.5,-16.0],[148.6,-16.5],[148.2,-17.0],[148.2,-17.0],[148.1,-17.2],[147.6,-17.2],[147.5,-17.3],[146.9,-16.6],[147.1,-16.3],[147.3,-15.3],[147.6,-15.1],[148.0,-14.9],[148.1,-14.8],[148.0,-14.6],[148.1,-14.8],[147.9,-14.9],[148.0,-14.8],[148.2,-14.9],[148.7,-15.2],[149.5,-15.5],[150.6,-15.4],[152.6,-15.8],[154.6,-16.7],[156.9,-17.8],[159.1,-18.8],[161.6,-19.9]]},"properties":{"stormId":"AU202021_17U","name":"Niran","start":"2021-02-26 18:00","end":"2021-03-05 18:00","positions":29,"minCentralPressure":936.0,"maxWindSpeed":56.6,"source":"Bureau of Meteorology Australian Tropical Cyclone Database"}},{"type":"Feature","geometry":{"type":"LineString","coordinates":[[97.2,-12.1],[96.7,-12.2],[96.2,-12.1],[95.8,-11.57],[95.4,-11.7],[95.0,-12.1],[94.3,-12.2],[93.7,-12.3],[93.3,-12.3],[93.2,-12.2],[92.8,-12.3],[92.2,-12.8],[92.0,-12.5],[92.0,-12.5],[91.8,-12.4],[91.8,-12.15],[91.5,-11.9],[91.7,-11.9],[91.6,-11.8],[92.1,-11.6],[91.9,-11.3],[91.5,-11.8],[92.1,-11.6],[91.55,-11.25],[91.1,-11.0],[90.8,-10.9],[90.6,-10.6],[90.0,-10.2]]},"properties":{"stormId":"AU202021_21U","name":"noname","start":"2021-03-20 00:00","end":"2021-03-26 18:00","positions":28,"minCentralPressure":1000.0,"maxWindSpeed":18.0,"source":"Bureau of Meteorology Australian Tropical Cyclone Database"}},{"type":"Feature","geometry":{"type":"LineString","coordinates":[[122.1,-11.1],[122.2,-11.0],[122.4,-10.7],[123.0,-10.5],[123.7,-10.7],[123.7,-10.6],[123.6,-10.6],[123.6,-10.4],[123.4,-10.2],[123.3,-10.2],[122.6,-10.7],[122.0,-10.7],[121.3,-11.0],[120.4,-11.1],[119.8,-11.1],[119.5,-11.6],[119.2,-11.9],[118.8,-12.6],[117.8,-13.1],[116.7,-14.1],[115.7,-14.9],[114.1,-15.6],[112.3,-16.0],[111.7,-16.8],[111.5,-17.7],[111.3,-18.7],[110.4,-19.2],[109.5,-19.8],[108.9,-20.0],[108.3,-20.5],[107.9,-20.5],[107.7,-21.1],[108.9,-21.7],[109.7,-22.4],[110.5,-24.3],[112.0,-26.2],[114.4,-28.2],[115.9,-29.4],[117.2,-30.6],[120.2,-33.5]]},"properties":{"stormId":"AU202021_22U","name":"Seroja","start":"2021-04-02 12:00","end":"2021-04-12 00:00","positions":40,"minCentralPressure":967.0,"maxWindSpeed":33.4,"source":"Bureau of Meteorology Australian Tropical Cyclone Database"}},{"type":"Feature","geometry":{"type":"LineString","coordinates":[[102.7,-10.4],[103.1,-10.6],[103.6,-11.0],[104.6,-11.4],[104.8,-12.6],[104.5,-13.6],[104.8,-14.1],[104.9,-14.5],[105.2,-14.8],[105.2,-15.2],[105.4,-15.9],[105.3,-16.3],[105.2,-16.3],[105.6,-16.2],[105.9,-16.4],[105.8,-16.5],[105.6,-16.3],[105.7,-16.1],[105.8,-16.2],[105.5,-16.1],[105.6,-15.8],[105.3,-15.7],[105.6,-14.8],[106.8,-14.3],[107.7,-14.2],[109.3,-14.9],[110.7,-15.7],[112.2,-17.0],[112.9,-19.0],[112.9,-21.2],[111.1,-23.9]]},"properties":{"stormId":"AU202021_23U","name":"Odette","start":"2021-04-03 00:00","end":"2021-04-10 12:00","positions":31,"minCentralPressure":986.0,"maxWindSpeed":25.7,"source":"Bureau of Meteorology Australian Tropical Cyclone Database"}},{"type":"Feature","geometry":{"type":"LineString","coordinates":[[89.87,-9.5],[91.0,-9.5],[91.5,-9.5],[91.8,-9.5],[92.0,-9.3],[93.0,-9.4],[93.5,-9.6],[94.2,-10.1],[95.1,-10.5],[95.4,-10.7],[96.0,-10.8],[96.4,-11.3],[97.2,-12.4],[98.1,-12.5],[99.0,-12.9],[100.45,-13.18],[101.8,-13.7],[103.5,-13.8]]},"properties":{"stormId":"AU202021_24U","name":"noname","start":"2021-04-06 18:00","end":"2021-04-11 00:00","positions":18,"minCentralPressure":1000.0,"maxWindSpeed":18.0,"source":"Bureau of Meteorology Australian Tropical Cyclone Database"}},{"type":"Feature","geometry":{"type":"LineString","coordinates":[[103.1,-9.8],[103.7,-10.5],[104.3,-10.3],[104.9,-10.4],[105.2,-10.5],[105.7,-10.7],[105.9,-11.2],[106.0,-11.6],[106.4,-11.7],[106.9,-12.0],[107.6,-12.5],[108.0,-12.9],[108.0,-13.3],[107.9,-13.4],[107.7,-13.5],[107.5,-13.6],[107.3,-13.8],[107.0,-13.8],[106.8,-13.9],[106.6,-14.0],[105.9,-14.3],[105.4,-14.1],[104.8,-14.2],[104.4,-14.2],[103.7,-14.5],[102.6,-14.5]]},"properties":{"stormId":"AU202122_02U","name":"Paddy","start":"2021-11-19 06:00","end":"2021-11-25 12:00","positions":26,"minCentralPressure":992.0,"maxWindSpeed":23.2,"source":"Bureau of Meteorology Australian Tropical Cyclone Database"}},{"type":"Feature","geometry":{"type":"LineString","coordinates":[[101.7,-6.6],[102.0,-6.7],[102.4,-6.9],[102.5,-7.5],[102.6,-8.3],[102.6,-9.0],[102.6,-9.4],[102.2,-9.7],[101.8,-9.9],[101.2,-10.0],[100.9,-9.8],[100.5,-9.4],[99.6,-9.2],[98.9,-9.1],[98.4,-9.0],[97.9,-8.7],[97.2,-8.5],[96.7,-8.4],[96.7,-8.3],[97.0,-8.2],[97.3,-7.8],[97.8,-7.5],[98.5,-7.4],[99.5,-7.6],[100.9,-7.8],[102.3,-8.1],[103.5,-8.6],[104.6,-9.0],[105.7,-9.5],[106.5,-10.0],[106.6,-10.6],[106.7,-11.3],[106.5,-12.0],[106.2,-12.5],[105.6,-13.1],[105.1,-13.4],[104.6,-13.8],[103.8,-14.1],[103.1,-14.3],[102.4,-14.6],[101.5,-14.7],[100.7,-15.2],[99.6,-15.7],[98.5,-16.1],[97.4,-16.5],[96.3,-16.9],[95.2,-17.5],[94.1,-17.6],[92.9,-17.8]]},"properties":{"stormId":"AU202122_05U","name":"Teratai","start":"2021-11-29 18:00","end":"2021-12-11 18:00","positions":49,"minCentralPressure":996.0,"maxWindSpeed":20.6,"source":"Bureau of Meteorology Australian Tropical Cyclone Database"}},{"type":"Feature","geometry":{"type":"LineString","coordinates":[[155.0,-9.0],[155.1,-9.5],[155.2,-9.6],[155.3,-9.7],[155.5,-9.8],[155.6,-10.1],[155.6,-10.3],[155.7,-10.4],[156.1,-10.5],[156.5,-10.8],[156.6,-11.6],[156.9,-12.6],[157.0,-13.6],[157.7,-14.7],[158.0,-15.5],[158.9,-16.4],[159.7,-17.4],[161.2,-18.3],[162.2,-19.2],[163.8,-20.0],[165.4,-21.2],[167.3,-22.2],[169.1,-23.3],[170.6,-24.3],[172.5,-25.2]]},"properties":{"stormId":"AU202122_07U","name":"Ruby","start":"2021-12-09 00:00","end":"2021-12-15 00:00","positions":25,"minCentralPressure":977.0,"maxWindSpeed":30.9,"source":"Bureau of Meteorology Australian Tropical Cyclone Database"}},{"type":"Feature","geometry":{"type":"LineString","coordinates":[[130.0,-8.7],[129.9,-9.2],[129.8,-9.8],[129.9,-10.2],[130.1,-10.5],[130.1,-11.0],[130.1,-11.5],[130.0,-11.9],[130.2,-12.5],[130.5,-12.7],[130.6,-13.3],[130.6,-13.7],[130.6,-13.9],[130.6,-14.0],[130.3,-13.5],[130.6,-13.4],[131.5,-13.6],[132.6,-13.8],[133.7,-14.0],[135.4,-14.3],[136.8,-14.5],[138.1,-15.0],[139.8,-15.2],[141.5,-15.4],[143.4,-15.9],[146.1,-17.2],[147.4,-17.5],[149.2,-17.8],[150.6,-17.9],[151.8,-18.4],[153.3,-19.4],[154.5,-20.0],[155.3,-20.6],[155.8,-21.0],[156.7,-21.3],[157.5,-21.7],[158.3,-22.8],[158.8,-24.0],[159.0,-25.8],[158.6,-26.5],[158.3,-27.1],[157.7,-27.5],[157.3,-27.9],[157.3,-28.1],[157.0,-28.1],[156.2,-28.0],[156.0,-27.6],[155.8,-26.9],[155.2,-26.6],[155.7,-26.0],[155.7,-25.6],[155.8,-25.2],[155.2,-25.2],[154.7,-25.2],[154.3,-25.0],[153.9,-24.8],[153.3,-25.0],[153.0,-25.0],[152.75,-25.25],[152.5,-25.5],[152.2,-25.8]]},"properties":{"stormId":"AU202122_08U","name":"Seth","start":"2021-12-23 12:00","end":"2022-01-07 06:00","positions":61,"minCentralPressure":982.0,"maxWindSpeed":28.3,"source":"Bureau of Meteorology Australian Tropical Cyclone Database"}},{"type":"Feature","geometry":{"type":"LineString","coordinates":[[147.5,-11.9],[147.8,-12.8],[147.9,-13.2],[147.9,-13.7],[147.1,-14.0],[146.7,-14.1],[145.9,-14.1],[144.9,-14.1],[144.5,-14.1],[144.2,-14.2],[144.0,-14.4],[143.7,-14.6],[142.8,-14.6],[141.5,-14.5],[141.1,-14.5],[139.7,-15.1],[138.2,-14.9],[136.7,-14.8],[135.5,-14.6],[133.7,-14.5],[132.6,-14.9],[131.6,-15.1],[130.5,-15.4],[129.4,-15.5],[127.9,-15.8],[126.8,-16.0],[126.4,-16.2],[125.7,-16.8],[125.4,-17.07],[125.1,-17.38],[125.0,-17.9],[124.8,-18.8],[124.97,-19.71],[125.59,-20.99],[126.3,-21.8],[127.27,-23.34],[127.87,-24.1],[128.43,-24.7],[129.0,-25.3],[129.9,-26.0]]},"properties":{"stormId":"AU202122_10U","name":"Tiffany","start":"2022-01-08 00:00","end":"2022-01-17 06:00","positions":40,"minCentralPressure":988.0,"maxWindSpeed":28.3,"source":"Bureau of Meteorology Australian Tropical Cyclone Database"}},{"type":"Feature","geometry":{"type":"LineString","coordinates":[[147.5,-14.1],[148.03,-13.93],[148.6,-13.6],[149.5,-14.0],[149.8,-14.18],[150.16,-14.34],[150.9,-14.5],[151.7,-14.7],[152.1,-14.9],[152.4,-15.0],[152.82,-14.96],[153.1,-14.9],[153.4,-14.8],[153.8,-14.8],[154.9,-15.1],[156.5,-16.0],[157.7,-16.3],[158.3,-16.7]]},"properties":{"stormId":"AU202122_16U","name":"noname","start":"2022-01-29 18:00","end":"2022-02-03 00:00","positions":18,"minCentralPressure":995.0,"maxWindSpeed":18.0,"source":"Bureau of Meteorology Australian Tropical Cyclone Database"}},{"type":"Feature","geometry":{"type":"LineString","coordinates":[[163.6,-19.1],[164.5,-19.0],[165.3,-19.0],[166.1,-19.0],[167.1,-19.1],[167.6,-19.1],[168.4,-19.3],[168.7,-19.0],[168.8,-19.3],[168.9,-19.7],[168.8,-20.0],[168.9,-20.6],[168.8,-21.1],[167.9,-22.2],[166.9,-23.0],[166.5,-23.8],[165.9,-25.0],[166.2,-26.7],[166.1,-28.8],[166.3,-31.8],[166.4,-33.5],[168.1,-34.5],[170.2,-36.3]]},"properties":{"stormId":"AU202122_18U","name":"Dovi","start":"2022-02-07 00:00","end":"2022-02-12 12:00","positions":23,"minCentralPressure":942.0,"maxWindSpeed":46.3,"source":"Bureau of Meteorology Australian Tropical Cyclone Database"}},{"type":"Feature","geometry":{"type":"LineString","coordinates":[[99.6,-12.9],[98.7,-12.8],[98.3,-12.7],[97.6,-12.6],[96.8,-12.8],[96.3,-12.9],[96.1,-13.1],[95.8,-13.2],[95.3,-13.5],[94.4,-13.8],[93.5,-14.3],[92.2,-14.7],[90.9,-14.8],[89.4,-14.6]]},"properties":{"stormId":"AU202122_22U","name":"Vernon","start":"2022-02-23 00:00","end":"2022-02-26 06:00","positions":14,"minCentralPressure":950.0,"maxWindSpeed":51.4,"source":"Bureau of Meteorology Australian Tropical Cyclone Database"}},{"type":"Feature","geometry":{"type":"LineString","coordinates":[[128.7,-12.7],[128.4,-12.8],[127.9,-12.6],[127.7,-12.4],[127.8,-12.4],[127.8,-12.5],[127.6,-12.7],[127.6,-12.8],[127.6,-12.9],[127.5,-12.9],[127.5,-13.4],[127.1,-13.85],[126.7,-14.25],[126.6,-14.3],[126.4,-14.45],[126.0,-14.9],[125.5,-15.5],[125.1,-15.6],[124.9,-16.0],[124.2,-16.5],[123.6,-16.7],[122.55,-16.7],[122.15,-17.0],[122.0,-17.4],[121.95,-18.2],[121.0,-18.9],[120.6,-19.5],[120.53,-19.75],[121.0,-20.2],[121.6,-21.0],[122.1,-22.1],[122.9,-22.7],[123.4,-22.7],[123.9,-22.7]]},"properties":{"stormId":"AU202122_23U","name":"Anika","start":"2022-02-24 00:00","end":"2022-03-04 00:00","positions":34,"minCentralPressure":978.0,"maxWindSpeed":25.7,"source":"Bureau of Meteorology Australian Tropical Cyclone Database"}},{"type":"Feature","geometry":{"type":"LineString","coordinates":[[88.2,-12.0],[88.7,-11.5],[89.1,-11.3],[89.6,-11.0],[89.9,-11.0],[90.6,-11.1],[91.3,-11.4],[91.7,-12.0],[91.5,-13.5],[90.8,-14.5],[89.3,-14.7]]},"properties":{"stormId":"AU202122_25U","name":"noname","start":"2022-02-25 06:00","end":"2022-02-27 06:00","positions":11,"minCentralPressure":996.0,"maxWindSpeed":23.2,"source":"Bureau of Meteorology Australian Tropical Cyclone Database"}},{"type":"Feature","geometry":{"type":"LineString","coordinates":[[107.0,-11.1],[105.9,-11.6],[105.4,-12.6],[104.2,-13.2],[103.0,-14.0],[102.0,-14.5],[100.9,-15.3],[99.8,-16.1],[98.7,-16.6],[98.0,-16.8],[97.3,-17.1],[96.5,-17.3],[95.5,-17.5],[94.7,-17.8],[93.6,-18.2],[92.9,-19.2],[92.5,-20.0],[92.8,-20.4],[93.2,-22.0],[93.6,-23.1],[93.8,-23.7]]},"properties":{"stormId":"AU202122_27U","name":"Billy","start":"2022-03-12 18:00","end":"2022-03-17 18:00","positions":21,"minCentralPressure":988.0,"maxWindSpeed":25.7,"source":"Bureau of Meteorology Australian Tropical Cyclone Database"}},{"type":"Feature","geometry":{"type":"LineString","coordinates":[[118.9,-11.1],[118.1,-11.2],[117.5,-11.2],[116.9,-11.4],[116.0,-11.5],[115.1,-11.9],[114.5,-12.5],[113.8,-13.0],[113.4,-14.0],[112.1,-14.9],[111.1,-15.3],[110.4,-16.0],[110.0,-16.4],[109.6,-16.5],[109.3,-16.6],[109.1,-17.1],[109.0,-17.6],[108.9,-17.8],[108.8,-18.5],[108.4,-19.0],[108.1,-19.2],[107.6,-19.3],[107.3,-19.8],[107.3,-21.0],[107.0,-22.0],[106.8,-24.1],[107.0,-25.0],[107.8,-27.5]]},"properties":{"stormId":"AU202122_28U","name":"Charlotte","start":"2022-03-18 18:00","end":"2022-03-25 06:00","positions":28,"minCentralPressure":956.0,"maxWindSpeed":46.3,"source":"Bureau of Meteorology Australian Tropical Cyclone Database"}},{"type":"Feature","geometry":{"type":"LineString","coordinates":[[108.8,-15.6],[109.4,-16.2],[109.6,-17.3],[110.0,-18.4],[111.2,-19.6],[111.6,-20.5],[112.1,-22.1],[112.4,-23.5],[112.5,-25.2],[112.8,-26.2],[112.5,-27.4],[112.1,-27.8],[111.8,-27.9],[112.1,-27.5],[112.6,-27.2],[113.0,-26.9],[113.6,-27.2]]},"properties":{"stormId":"AU202122_30U","name":"noname","start":"2022-03-30 00:00","end":"2022-04-03 00:00","positions":17,"minCentralPressure":1004.0,"maxWindSpeed":12.9,"source":"Bureau of Meteorology Australian Tropical Cyclone Database"}},{"type":"Feature","geometry":{"type":"LineString","coordinates":[[102.1,-14.0],[102.9,-14.1],[103.4,-13.9],[104.2,-14.1],[104.7,-14.2],[104.6,-14.0],[104.5,-13.1],[104.9,-12.7],[106.1,-13.0],[107.4,-13.0],[108.2,-12.9],[109.9,-13.5],[110.7,-13.9],[111.5,-14.0],[111.8,-13.5],[111.9,-13.8],[112.0,-14.1]]},"properties":{"stormId":"AU202122_34U","name":"noname","start":"2022-04-25 12:00","end":"2022-04-29 12:00","positions":17,"minCentralPressure":998.0,"maxWindSpeed":18.0,"source":"Bureau of Meteorology Australian Tropical Cyclone Database"}},{"type":"Feature","geometry":{"type":"LineString","coordinates":[[88.4,-7.0],[88.5,-7.1],[88.7,-7.2],[89.4,-7.6],[90.1,-8.7],[90.1,-9.4],[90.1,-10.1],[90.1,-10.3],[90.4,-10.5],[90.5,-11.0],[90.7,-11.9],[90.7,-12.5],[90.9,-13.2],[91.0,-14.1],[91.4,-15.1],[91.9,-16.5],[92.7,-17.7],[93.4,-18.7],[93.7,-19.4],[95.6,-19.2]]},"properties":{"stormId":"AU202122_36U","name":"Karim","start":"2022-05-06 12:00","end":"2022-05-11 06:00","positions":20,"minCentralPressure":982.0,"maxWindSpeed":30.9,"source":"Bureau of Meteorology Australian Tropical Cyclone Database"}},{"type":"Feature","geometry":{"type":"LineString","coordinates":[[100.1,-12.0],[100.2,-12.1],[100.1,-12.8],[100.2,-13.5],[100.5,-13.7],[100.9,-14.2],[100.7,-14.1],[100.7,-13.9],[100.9,-13.2],[101.6,-12.8],[102.0,-12.0],[103.3,-11.7],[104.4,-11.5]]},"properties":{"stormId":"AU202122_37U","name":"noname","start":"2022-04-23 18:00","end":"2022-04-26 18:00","positions":13,"minCentralPressure":996.0,"maxWindSpeed":20.6,"source":"Bureau of Meteorology Australian Tropical Cyclone Database"}},{"type":"Feature","geometry":{"type":"LineString","coordinates":[[92.0,-7.5],[92.2,-8.1],[92.5,-8.6],[93.1,-8.8],[93.8,-9.2],[93.9,-9.6],[94.4,-10.2],[94.6,-10.4],[94.9,-11.0],[94.7,-11.7],[94.5,-12.2],[94.2,-12.7],[93.8,-13.3],[93.3,-13.6],[92.9,-14.0],[92.6,-14.0],[92.3,-13.9],[91.9,-13.8],[91.6,-13.8],[91.2,-13.5],[90.5,-13.2],[89.8,-13.1]]},"properties":{"stormId":"AU202223_01U","name":"noname","start":"2022-07-27 00:00","end":"2022-08-01 06:00","positions":22,"minCentralPressure":993.0,"maxWindSpeed":23.2,"source":"Bureau of Meteorology Australian Tropical Cyclone Database"}},{"type":"Feature","geometry":{"type":"LineString","coordinates":[[94.5,-5.5],[94.6,-6.0],[95.0,-6.7],[95.2,-7.3],[95.2,-7.9],[94.7,-8.5],[94.3,-9.1],[93.9,-9.3],[93.4,-9.4],[93.0,-9.7],[92.5,-10.2],[91.4,-10.4],[90.4,-10.8],[89.5,-11.1]]},"properties":{"stormId":"AU202223_02U","name":"noname","start":"2022-11-02 00:00","end":"2022-11-05 06:00","positions":14,"minCentralPressure":1000.0,"maxWindSpeed":18.0,"source":"Bureau of Meteorology Australian Tropical Cyclone Database"}},{"type":"Feature","geometry":{"type":"LineString","coordinates":[[97.8,-9.9],[98.0,-10.3],[97.3,-10.3],[97.2,-10.3],[97.0,-10.5],[96.2,-10.5],[96.1,-10.5],[96.0,-10.6],[95.6,-10.8],[94.1,-10.8],[92.6,-10.2],[91.5,-9.5],[91.8,-8.8],[92.4,-8.6],[93.3,-8.5],[93.8,-8.4],[94.1,-8.5],[94.5,-8.7],[94.2,-8.9],[93.3,-9.2],[92.9,-9.9],[93.3,-10.5],[93.7,-11.2],[93.4,-11.6],[92.7,-11.7],[92.6,-11.8],[93.0,-11.8],[93.2,-12.1],[93.2,-12.2],[93.3,-12.3],[93.4,-12.7],[93.4,-13.1],[93.1,-13.5],[92.9,-13.8],[92.6,-14.0],[91.8,-14.2],[91.3,-14.1],[90.4,-13.9],[90.0,-13.7]]},"properties":{"stormId":"AU202223_05U","name":"Darian","start":"2022-12-12 00:00","end":"2022-12-21 12:00","positions":39,"minCentralPressure":915.0,"maxWindSpeed":64.3,"source":"Bureau of Meteorology Australian Tropical Cyclone Database"}},{"type":"Feature","geometry":{"type":"LineString","coordinates":[[128.3,-10.2],[128.6,-10.8],[128.8,-11.6],[129.0,-12.0],[129.2,-12.5],[129.4,-12.8],[129.7,-13.3],[130.0,-13.6],[130.0,-13.8],[130.0,-14.3],[130.1,-14.7],[130.4,-15.2],[130.5,-15.9],[131.0,-16.3],[131.6,-17.0],[131.7,-18.0],[132.3,-18.8],[132.6,-19.3],[132.8,-19.6],[133.1,-20.0],[133.5,-20.4],[134.0,-20.7],[134.8,-21.1],[135.4,-21.1],[135.7,-21.4],[136.1,-21.4],[135.6,-21.1],[135.2,-21.0],[134.7,-20.6],[134.22,-19.96],[133.74,-19.32],[133.2,-19.0],[132.0,-18.7],[130.5,-18.4],[129.0,-18.1],[127.6,-18.1],[126.9,-18.1],[126.6,-17.9],[125.9,-17.5],[126.0,-16.6],[126.4,-16.2],[127.2,-16.3],[127.7,-16.7],[128.2,-17.1],[127.9,-17.8],[127.55,-17.8],[127.2,-17.8],[126.7,-17.6],[126.9,-17.2],[127.4,-17.4],[127.3,-17.4],[127.3,-17.5],[127.3,-17.9],[127.1,-18.3],[126.3,-18.6],[125.1,-18.7],[124.5,-18.7],[123.8,-18.7],[122.9,-18.3],[123.3,-17.9],[123.3,-18.5],[123.2,-18.7],[122.8,-18.8],[123.0,-18.6],[123.2,-18.7],[123.7,-19.0],[124.4,-19.1],[125.1,-19.3],[126.1,-19.9],[127.0,-20.13],[127.9,-20.37],[128.8,-20.6],[129.2,-20.8],[129.8,-20.8],[130.22,-20.8],[130.6,-20.9],[131.0,-21.1]]},"properties":{"stormId":"AU202223_06U","name":"Ellie","start":"2022-12-21 06:00","end":"2023-01-08 06:00","positions":77,"minCentralPressure":988.0,"maxWindSpeed":20.6,"source":"Bureau of Meteorology Australian Tropical Cyclone Database"}},{"type":"Feature","geometry":{"type":"LineString","coordinates":[[147.8,-17.8],[149.6,-17.9],[150.8,-18.7],[152.5,-19.6],[154.6,-20.5],[155.8,-20.8],[159.0,-22.0],[162.26,-23.1],[164.0,-24.8],[166.0,-25.1]]},"properties":{"stormId":"AU202223_07U","name":"noname","start":"2023-01-06 00:00","end":"2023-01-08 06:00","positions":10,"minCentralPressure":994.0,"maxWindSpeed":18.0,"source":"Bureau of Meteorology Australian Tropical Cyclone Database"}},{"type":"Feature","geometry":{"type":"LineString","coordinates":[[159.6,-15.2],[159.3,-15.5],[159.3,-15.8],[158.65,-16.05],[158.0,-16.3],[157.3,-17.2],[158.0,-16.8],[159.8,-17.4],[160.7,-17.9]]},"properties":{"stormId":"AU202223_08U","name":"Irene","start":"2023-01-15 12:00","end":"2023-01-17 18:00","positions":9,"minCentralPressure":1000.0,"maxWindSpeed":12.9,"source":"Bureau of Meteorology Australian Tropical Cyclone Database"}},{"type":"Feature","geometry":{"type":"LineString","coordinates":[[90.2,-12.7],[90.0,-12.6],[90.0,-12.4],[90.0,-12.5],[91.5,-12.3],[92.1,-12.2],[93.6,-12.3],[94.7,-12.4],[95.5,-12.4],[96.9,-12.3],[98.0,-12.0],[99.2,-12.0],[99.9,-12.2],[99.4,-12.7],[99.0,-13.1],[98.5,-13.6],[97.76,-14.0],[97.0,-14.4],[95.6,-15.2],[94.3,-15.4],[93.0,-15.5],[90.7,-15.9],[90.0,-16.4]]},"properties":{"stormId":"AU202223_11U","name":"Dingani","start":"2023-02-03 12:00","end":"2023-02-09 00:00","positions":23,"minCentralPressure":996.0,"maxWindSpeed":18.0,"source":"Bureau of Meteorology Australian Tropical Cyclone Database"}},{"type":"Feature","geometry":{"type":"LineString","coordinates":[[117.5,-11.6],[117.6,-11.4],[117.9,-10.9],[118.3,-10.6],[118.6,-11.2],[118.7,-11.8],[118.8,-12.3],[118.6,-12.7],[118.4,-13.2],[117.8,-14.0],[117.1,-14.2],[116.0,-14.6],[115.0,-14.8],[114.46,-15.06],[113.64,-15.52],[113.0,-15.9],[111.9,-15.9],[111.0,-15.9],[110.5,-15.55],[109.9,-15.4],[109.2,-15.5],[108.1,-15.3],[107.4,-15.1],[106.8,-14.9],[105.88,-14.75],[105.0,-14.7],[104.0,-14.7],[103.0,-14.8],[101.9,-14.9],[101.02,-14.93],[100.0,-15.0],[99.0,-15.1],[97.9,-15.1],[96.8,-15.1],[95.6,-15.3],[94.51,-15.33],[93.4,-15.4],[92.5,-15.3],[91.2,-15.3],[90.0,-15.3]]},"properties":{"stormId":"AU202223_13U","name":"Freddy","start":"2023-02-04 18:00","end":"2023-02-14 12:00","positions":40,"minCentralPressure":951.0,"maxWindSpeed":48.9,"source":"Bureau of Meteorology Australian Tropical Cyclone Database"}},{"type":"Feature","geometry":{"type":"LineString","coordinates":[[163.1,-11.3],[161.0,-11.8],[159.4,-12.1],[158.2,-12.0],[157.4,-11.9],[156.5,-12.2],[155.8,-12.1],[155.1,-12.7],[154.8,-13.1],[153.6,-14.0],[153.6,-14.8],[153.4,-15.5],[152.8,-16.0],[152.7,-16.3],[152.7,-17.0],[152.8,-17.8],[153.6,-18.8],[154.5,-19.7],[156.2,-20.7],[157.8,-21.8],[160.0,-23.4],[162.3,-24.9],[164.7,-26.3],[165.7,-27.8],[166.8,-28.6],[168.2,-29.3],[169.7,-29.7]]},"properties":{"stormId":"AU202223_14U","name":"Gabrielle","start":"2023-02-05 06:00","end":"2023-02-11 18:00","positions":27,"minCentralPressure":958.0,"maxWindSpeed":41.2,"source":"Bureau of Meteorology Australian Tropical Cyclone Database"}},{"type":"Feature","geometry":{"type":"LineString","coordinates":[[117.0,-18.5],[116.88,-18.5],[116.7,-18.5],[116.5,-18.3],[116.58,-18.15],[116.7,-18.1],[117.0,-18.0],[117.07,-17.85],[117.2,-17.8],[117.5,-17.5],[117.7,-17.1],[118.3,-16.6],[120.1,-16.0],[120.4,-15.52],[121.28,-14.8],[122.5,-14.1],[122.92,-14.02],[124.0,-13.9],[125.3,-13.7],[126.4,-13.9],[127.4,-14.5],[128.5,-15.0],[129.5,-15.8],[129.6,-16.1],[130.2,-17.0],[130.9,-17.4],[131.4,-17.9],[130.6,-17.8],[130.7,-17.2],[131.0,-17.0],[131.2,-17.1],[131.9,-17.32],[132.7,-17.36],[133.5,-17.4],[133.8,-17.3],[134.47,-17.14],[135.21,-17.03],[135.96,-16.91],[136.7,-16.8],[137.16,-16.6],[137.28,-16.39],[137.4,-16.18],[137.5,-16.0],[138.03,-16.03],[138.09,-16.09],[138.16,-16.16],[138.0,-16.0],[137.9,-16.3],[138.13,-16.53],[138.37,-16.77],[138.6,-17.0],[138.15,-17.43],[138.3,-17.52],[138.45,-17.61],[138.6,-17.7],[139.1,-17.98],[139.7,-17.95],[140.3,-17.92],[140.7,-18.0],[140.63,-18.4],[140.49,-18.6],[140.34,-18.8],[140.2,-19.0],[140.0,-19.1]]},"properties":{"stormId":"AU202223_16U","name":"noname","start":"2023-02-22 14:00","end":"2023-03-10 06:00","positions":64,"minCentralPressure":994.0,"maxWindSpeed":20.6,"source":"Bureau of Meteorology Australian Tropical Cyclone Database"}},{"type":"Feature","geometry":{"type":"LineString","coordinates":[[149.28,-14.5],[151.4,-14.1],[153.1,-12.6],[155.2,-12.3],[156.9,-11.8],[158.2,-12.0],[159.3,-12.5],[160.6,-12.8]]},"properties":{"stormId":"AU202223_18U","name":"Kevin","start":"2023-02-27 12:00","end":"2023-03-01 06:00","positions":8,"minCentralPressure":992.0,"maxWindSpeed":15.4,"source":"Bureau of Meteorology Australian Tropical Cyclone Database"}},{"type":"Feature","geometry":{"type":"LineString","coordinates":[[96.9,-11.2],[98.2,-11.6],[98.9,-12.0],[99.6,-12.5],[100.4,-13.1],[101.2,-13.7],[102.4,-14.1],[103.2,-14.4],[103.9,-14.7],[104.8,-15.2],[105.5,-15.8],[105.9,-16.4],[106.2,-16.8],[106.5,-17.3],[106.8,-17.7],[107.0,-18.2],[107.1,-18.6],[107.1,-19.1],[107.1,-19.4],[106.9,-19.5],[106.1,-19.7],[105.7,-19.8],[105.3,-19.8],[104.9,-19.9],[104.3,-19.9],[104.0,-19.9],[103.7,-19.6],[103.2,-19.5],[102.6,-19.5]]},"properties":{"stormId":"AU202223_21U","name":"Herman","start":"2023-03-28 00:00","end":"2023-04-04 00:00","positions":29,"minCentralPressure":930.0,"maxWindSpeed":59.2,"source":"Bureau of Meteorology Australian Tropical Cyclone Database"}},{"type":"Feature","geometry":{"type":"LineString","coordinates":[[133.0,-7.6],[132.8,-7.8],[132.0,-8.4],[131.1,-8.92],[130.8,-8.8],[130.7,-9.0],[130.4,-9.1],[130.4,-9.2],[129.7,-9.7],[129.3,-9.7],[129.0,-10.3],[128.6,-11.1],[127.7,-11.4],[126.8,-11.81],[125.5,-12.1],[124.69,-12.2],[123.6,-12.5],[123.0,-12.9],[122.9,-13.3],[122.1,-13.7],[121.6,-14.1],[121.5,-14.6],[120.6,-15.3],[120.2,-15.5],[119.9,-15.6],[119.7,-16.1],[119.5,-16.5],[119.1,-17.1],[119.0,-17.7],[118.7,-18.7],[119.1,-19.4],[119.7,-20.0],[120.0,-20.4],[121.3,-21.4],[123.4,-22.0],[126.5,-22.2],[128.5,-22.6],[130.5,-23.0]]},"properties":{"stormId":"AU202223_23U","name":"Ilsa","start":"2023-04-06 00:00","end":"2023-04-15 00:00","positions":38,"minCentralPressure":930.0,"maxWindSpeed":64.3,"source":"Bureau of Meteorology Australian Tropical Cyclone Database"}},{"type":"Feature","geometry":{"type":"LineString","coordinates":[[164.8,-8.4],[164.0,-8.4],[162.7,-8.5],[162.0,-8.2],[160.8,-8.0],[159.2,-7.5],[158.1,-8.0],[157.9,-8.2],[157.8,-8.5],[157.4,-8.9],[157.3,-9.1],[157.2,-9.4],[157.2,-9.5],[157.3,-10.1],[157.3,-10.5],[157.2,-11.1],[157.2,-11.5],[157.0,-11.7],[157.0,-12.0],[156.9,-12.6],[156.8,-13.1],[156.7,-13.7],[156.6,-14.2],[156.6,-14.4],[156.4,-14.9],[156.2,-15.2],[155.9,-15.4],[155.6,-15.6],[155.3,-15.6],[154.9,-15.7],[154.2,-16.3],[153.5,-16.9],[152.7,-17.3],[151.2,-17.4],[150.2,-17.7],[149.6,-17.5],[149.0,-17.0],[148.5,-16.6],[148.0,-16.2],[147.7,-15.9],[147.5,-15.7],[147.0,-15.5],[146.3,-15.7],[145.8,-15.8],[145.4,-15.9],[144.9,-15.9],[144.4,-16.0],[144.2,-16.0],[143.7,-16.0],[143.3,-15.8],[143.2,-15.8],[142.9,-15.8],[142.5,-15.8],[142.4,-15.8],[142.3,-15.9],[141.9,-16.1],[141.6,-15.9],[141.6,-15.4],[141.4,-15.7],[142.3,-15.9]]},"properties":{"stormId":"AU202324_02U","name":"Jasper","start":"2023-12-02 12:00","end":"2023-12-17 00:00","positions":60,"minCentralPressure":926.0,"maxWindSpeed":59.2,"source":"Bureau of Meteorology Australian Tropical Cyclone Database"}},{"type":"Feature","geometry":{"type":"LineString","coordinates":[[93.2,-9.8],[93.1,-9.9],[93.2,-10.1],[94.0,-10.6],[94.1,-10.8],[94.5,-11.3],[94.4,-11.0],[94.1,-10.8],[93.9,-10.6],[93.5,-10.1],[93.1,-9.7],[93.3,-9.3],[93.9,-9.7],[93.8,-9.6],[93.9,-9.5],[93.9,-9.5],[94.0,-9.6],[94.0,-9.6],[94.1,-9.6],[94.2,-9.9],[94.2,-10.2],[94.0,-10.5],[93.8,-11.0],[93.7,-11.3],[93.6,-11.8],[93.4,-12.2],[93.2,-12.4],[93.1,-12.6],[92.8,-12.5],[92.8,-12.4],[92.8,-12.4],[92.5,-12.5],[92.5,-12.3],[92.3,-12.1],[92.2,-12.2],[92.0,-12.1],[91.8,-12.3],[91.7,-12.3],[91.7,-12.3],[91.5,-12.2],[91.4,-12.5],[91.5,-12.6],[91.6,-12.7],[91.5,-13.0],[91.5,-13.4],[91.3,-13.6],[91.2,-13.9],[91.0,-14.0],[90.9,-14.2],[91.0,-14.5],[90.7,-14.8],[90.1,-15.1],[89.47,-15.5],[88.51,-15.88],[87.58,-16.42],[86.42,-16.85],[85.27,-17.53],[83.95,-18.16],[83.03,-18.7],[81.99,-18.91],[80.82,-19.29],[79.32,-19.56],[77.93,-19.9],[76.42,-20.28],[74.81,-20.86],[73.32,-21.54],[71.97,-22.59],[71.07,-23.73],[70.75,-25.1],[70.87,-26.43],[71.57,-27.91],[72.6,-28.95],[74.2,-29.88],[76.19,-30.71],[79.16,-31.48]]},"properties":{"stormId":"AU202324_04U","name":"Anggrek","start":"2024-01-12 12:00","end":"2024-01-31 00:00","positions":75,"minCentralPressure":950.0,"maxWindSpeed":51.4,"source":"Bureau of Meteorology Australian Tropical Cyclone Database"}},{"type":"Feature","geometry":{"type":"LineString","coordinates":[[150.9,-15.2],[151.9,-14.8],[152.2,-14.6],[153.21,-14.58],[154.3,-14.5],[154.7,-14.4],[155.4,-14.4],[155.7,-14.2],[156.4,-13.6],[156.2,-13.6],[155.8,-13.7],[155.6,-14.1],[156.3,-14.4],[155.9,-14.7],[155.2,-14.8],[154.6,-14.8],[154.6,-15.2],[154.4,-15.3],[154.1,-15.4],[153.9,-15.4],[154.2,-15.4],[154.0,-15.7],[153.9,-15.9],[153.9,-16.1],[153.6,-16.3],[153.4,-16.8],[153.3,-17.1],[153.2,-17.3],[152.7,-17.1],[152.3,-17.3],[150.9,-17.4],[150.0,-17.6],[149.2,-18.1],[148.4,-18.3],[147.8,-18.7],[146.4,-19.1],[145.3,-19.8],[144.6,-20.6],[144.1,-21.3],[143.0,-21.7],[142.0,-22.3],[141.9,-22.3],[142.1,-22.4],[142.0,-21.9],[142.1,-21.2],[142.3,-21.0],[142.2,-21.5],[142.0,-21.8],[141.7,-22.0],[141.7,-22.2],[141.4,-22.6],[141.3,-22.8],[141.4,-22.8],[141.4,-22.9],[141.0,-22.7],[140.5,-21.8],[140.2,-21.2],[139.7,-20.3],[139.6,-19.6],[139.5,-18.8],[139.3,-18.0],[139.5,-17.5],[139.8,-17.3],[139.6,-17.35],[139.1,-17.2],[139.0,-17.3],[138.6,-17.8],[138.2,-18.3],[138.3,-18.6],[138.0,-19.3],[137.9,-20.1],[138.2,-21.1],[138.0,-22.3],[138.5,-23.4],[138.7,-24.6],[139.7,-26.2],[140.7,-27.2],[141.9,-28.1],[143.7,-29.6]]},"properties":{"stormId":"AU202324_05U","name":"Kirrily","start":"2024-01-17 00:00","end":"2024-02-05 06:00","positions":79,"minCentralPressure":973.0,"maxWindSpeed":33.4,"source":"Bureau of Meteorology Australian Tropical Cyclone Database"}},{"type":"Feature","geometry":{"type":"LineString","coordinates":[[154.4,-24.4],[154.9,-24.9],[155.2,-24.5],[155.4,-23.8],[156.2,-23.1],[156.4,-22.1],[157.4,-21.4],[158.0,-20.8],[159.4,-20.4],[160.7,-20.5],[161.3,-20.0],[162.0,-19.8],[162.4,-19.0],[162.7,-18.9],[163.0,-18.3],[163.1,-18.3],[163.2,-18.0],[163.4,-18.0],[162.0,-17.9],[160.4,-17.8],[160.0,-18.0],[160.2,-18.2],[160.0,-18.0],[159.9,-18.1],[159.6,-18.1],[159.5,-17.9],[158.9,-17.3],[158.8,-16.8],[159.0,-16.3],[159.5,-15.9],[159.8,-15.7],[161.0,-15.6],[162.6,-15.6],[163.0,-15.6],[163.7,-15.8],[164.2,-16.2],[165.0,-16.5],[165.4,-16.6],[166.4,-16.9],[167.6,-17.0],[169.1,-17.1],[170.3,-17.5],[171.9,-18.2],[173.1,-18.7],[174.2,-19.1],[175.1,-19.1],[175.5,-18.8],[175.9,-19.0],[176.2,-19.1],[176.7,-19.2],[176.4,-19.2],[176.2,-19.0],[175.6,-18.8]]},"properties":{"stormId":"AU202324_06U","name":"noname","start":"2024-01-31 00:00","end":"2024-02-13 00:00","positions":53,"minCentralPressure":995.0,"maxWindSpeed":15.4,"source":"Bureau of Meteorology Australian Tropical Cyclone Database"}},{"type":"Feature","geometry":{"type":"LineString","coordinates":[[136.7,-15.12],[136.8,-15.1],[137.0,-15.0],[137.2,-14.9],[137.4,-14.8],[137.8,-15.0],[137.9,-15.4],[137.8,-15.6],[137.6,-15.6],[137.4,-15.7],[137.3,-16.1],[136.9,-16.2],[136.6,-16.4],[136.3,-16.9],[135.6,-17.4],[134.7,-17.6],[134.1,-18.0],[133.1,-18.2],[132.4,-18.2],[131.5,-18.5],[130.4,-18.7],[129.4,-18.7],[129.0,-18.2],[128.9,-18.0],[128.7,-18.0],[128.3,-18.1],[127.8,-18.0],[127.2,-17.7],[126.5,-17.3],[125.3,-16.1],[124.6,-15.9],[124.2,-15.9],[123.6,-15.7],[122.8,-15.4],[121.8,-15.6],[120.5,-16.2],[119.2,-16.9],[118.0,-17.2],[116.5,-17.4],[115.1,-17.9],[114.0,-18.2],[113.7,-19.1],[113.4,-20.0],[113.2,-21.0],[113.3,-22.2],[113.4,-23.4],[113.55,-23.75],[113.6,-24.1],[113.8,-24.6],[114.0,-25.4],[114.4,-26.1],[114.6,-26.9]]},"properties":{"stormId":"AU202324_07U","name":"Lincoln","start":"2024-02-14 00:00","end":"2024-02-25 12:00","positions":52,"minCentralPressure":990.0,"maxWindSpeed":23.2,"source":"Bureau of Meteorology Australian Tropical Cyclone Database"}},{"type":"Feature","geometry":{"type":"LineString","coordinates":[[89.8,-10.2],[91.0,-9.6],[92.0,-9.9],[92.9,-10.0],[93.9,-10.2],[93.9,-10.4],[94.0,-10.7],[93.7,-11.3],[93.5,-11.5],[93.8,-11.5],[94.2,-11.9],[95.2,-11.8],[95.8,-12.1],[97.3,-12.4],[97.8,-12.2],[99.1,-11.8],[100.6,-11.7],[101.8,-12.3],[102.5,-12.3],[104.7,-12.8],[105.5,-13.4],[106.2,-13.5],[107.4,-13.4],[108.8,-13.9],[109.0,-14.0],[110.7,-14.5],[112.0,-15.3],[113.0,-15.4],[113.8,-15.6],[114.9,-16.2],[115.2,-16.9],[115.3,-17.0],[115.3,-17.3],[115.2,-17.5],[115.0,-17.7],[114.8,-17.6],[114.5,-17.3],[114.1,-17.2],[113.9,-17.2],[113.8,-17.3],[113.7,-17.3],[112.9,-17.3],[112.8,-17.3],[112.7,-17.3],[112.6,-17.2],[112.4,-17.3],[112.3,-17.6],[112.1,-17.8],[111.9,-18.0],[111.7,-18.1],[111.4,-17.9],[110.8,-17.8],[110.2,-17.7],[109.6,-17.7],[108.7,-17.7],[107.9,-17.8],[106.8,-17.9],[105.8,-17.9],[104.7,-17.8],[103.7,-17.7],[102.6,-17.8],[101.1,-18.0],[99.5,-18.3],[97.9,-18.6],[96.5,-19.0],[94.7,-19.9],[93.8,-20.5],[92.3,-21.2],[91.4,-22.1],[90.2,-22.7],[89.3,-23.0],[88.2,-23.4],[87.1,-24.0],[86.4,-24.6],[86.2,-25.6]]},"properties":{"stormId":"AU202324_08U","name":"Neville","start":"2024-03-07 00:00","end":"2024-03-25 12:00","positions":75,"minCentralPressure":948.0,"maxWindSpeed":51.4,"source":"Bureau of Meteorology Australian Tropical Cyclone Database"}},{"type":"Feature","geometry":{"type":"LineString","coordinates":[[130.86,-11.66],[131.28,-11.63],[131.7,-11.6],[133.2,-11.5],[134.5,-12.1],[135.1,-12.2],[136.4,-12.4],[136.9,-13.0],[137.2,-13.5],[137.5,-13.8],[137.9,-13.9],[137.75,-14.2],[137.6,-14.3],[137.55,-14.4],[137.4,-14.8],[137.3,-14.9],[137.2,-15.1],[137.2,-15.2],[137.1,-15.6],[137.05,-15.8],[137.0,-15.9],[136.95,-16.0],[136.85,-16.1],[136.8,-16.2],[136.6,-16.5],[136.2,-17.0],[135.6,-17.6],[135.0,-17.9],[134.3,-17.9],[133.4,-17.9],[132.8,-17.8],[132.1,-17.7],[131.4,-17.4],[130.5,-17.0],[130.1,-16.6]]},"properties":{"stormId":"AU202324_09U","name":"Megan","start":"2024-03-13 12:00","end":"2024-03-21 06:00","positions":35,"minCentralPressure":950.0,"maxWindSpeed":46.3,"source":"Bureau of Meteorology Australian Tropical Cyclone Database"}},{"type":"Feature","geometry":{"type":"LineString","coordinates":[[119.5,-11.0],[119.7,-11.5],[119.9,-11.9],[119.9,-12.2],[119.95,-12.5],[120.0,-12.6],[120.1,-12.7],[120.1,-13.1],[120.1,-13.6],[119.85,-14.1],[119.45,-14.4],[119.2,-14.8],[119.1,-15.4],[119.0,-15.8],[118.8,-16.2],[118.7,-16.5],[118.5,-16.6],[118.1,-16.7],[117.5,-17.2],[116.7,-17.6],[116.4,-17.9],[116.3,-18.4],[116.1,-18.9],[115.6,-19.8],[115.2,-20.4],[114.7,-21.0],[114.0,-21.7],[113.7,-22.1],[113.6,-22.2],[113.6,-22.2]]},"properties":{"stormId":"AU202324_11U","name":"Olga","start":"2024-04-04 12:00","end":"2024-04-11 18:00","positions":30,"minCentralPressure":933.0,"maxWindSpeed":56.6,"source":"Bureau of Meteorology Australian Tropical Cyclone Database"}},{"type":"Feature","geometry":{"type":"LineString","coordinates":[[151.8,-10.6],[151.8,-11.5],[152.5,-12.2],[153.2,-12.9],[153.8,-13.2],[154.3,-13.7],[155.3,-14.2],[155.7,-14.6],[156.0,-14.9],[156.2,-15.0],[156.0,-14.7],[155.2,-14.0],[154.5,-13.6]]},"properties":{"stormId":"AU202324_13U","name":"Paul","start":"2024-04-09 12:00","end":"2024-04-12 12:00","positions":13,"minCentralPressure":994.0,"maxWindSpeed":25.7,"source":"Bureau of Meteorology Australian Tropical Cyclone Database"}},{"type":"Feature","geometry":{"type":"LineString","coordinates":[[95.5,-8.9],[96.0,-9.0],[95.7,-8.9],[95.8,-8.9],[96.0,-9.0],[95.5,-8.7],[95.3,-8.7],[95.1,-8.8],[94.9,-8.8],[94.5,-8.8],[94.8,-8.8],[94.1,-8.9],[93.7,-8.8],[93.4,-9.6],[93.0,-10.4],[92.7,-11.2],[92.0,-12.1],[91.3,-13.0],[90.9,-13.8],[90.7,-14.6],[90.8,-15.3],[91.3,-16.0],[91.9,-16.7],[93.0,-17.0],[93.5,-17.5],[93.9,-18.0],[94.5,-18.4],[94.3,-18.5],[94.4,-18.6],[94.4,-18.7],[94.0,-18.7],[93.8,-18.6],[93.6,-18.7],[92.7,-18.8]]},"properties":{"stormId":"AU202425_01U","name":"Robyn","start":"2024-11-23 06:00","end":"2024-12-01 12:00","positions":34,"minCentralPressure":985.0,"maxWindSpeed":28.3,"source":"Bureau of Meteorology Australian Tropical Cyclone Database"}},{"type":"Feature","geometry":{"type":"LineString","coordinates":[[96.7,-12.5],[96.2,-12.3],[95.2,-11.8],[94.6,-10.8],[94.5,-10.8],[94.7,-11.0],[94.7,-11.5],[94.3,-11.6],[93.8,-11.8],[94.1,-12.0],[94.5,-11.9],[94.7,-11.7],[94.9,-11.5],[95.8,-11.9],[96.3,-12.4],[96.7,-13.2],[96.5,-13.8],[96.1,-14.1],[96.3,-14.5],[96.4,-14.9],[96.5,-15.4],[96.2,-15.8],[95.7,-16.4],[95.2,-16.8],[94.2,-17.1],[93.2,-17.1],[92.2,-17.2],[91.1,-17.4],[89.9,-17.7]]},"properties":{"stormId":"AU202425_07U","name":"noname","start":"2024-12-24 00:00","end":"2024-12-31 00:00","positions":29,"minCentralPressure":999.0,"maxWindSpeed":18.0,"source":"Bureau of Meteorology Australian Tropical Cyclone Database"}},{"type":"Feature","geometry":{"type":"LineString","coordinates":[[106.5,-13.0],[106.0,-13.6],[105.0,-13.8],[104.7,-13.9],[104.5,-13.7],[104.0,-13.7],[103.6,-14.2],[103.6,-15.0],[103.6,-16.1],[103.2,-16.9],[103.3,-17.3],[103.5,-17.4],[103.3,-17.6],[102.9,-18.0],[102.6,-18.7],[102.3,-18.8],[102.2,-18.85],[102.1,-18.9],[101.63,-18.84],[101.12,-18.51],[101.0,-18.0],[100.9,-17.7],[100.5,-17.3],[99.6,-16.85]]},"properties":{"stormId":"AU202425_09U","name":"noname","start":"2025-01-08 00:00","end":"2025-01-13 12:00","positions":24,"minCentralPressure":1000.0,"maxWindSpeed":20.6,"source":"Bureau of Meteorology Australian Tropical Cyclone Database"}},{"type":"Feature","geometry":{"type":"LineString","coordinates":[[122.2,-17.7],[121.7,-18.2],[120.7,-18.9],[120.2,-19.1],[119.2,-19.5],[117.9,-19.3],[117.5,-18.8],[117.2,-19.1],[116.1,-19.4],[115.2,-19.5],[114.4,-20.1],[113.3,-20.4],[112.4,-21.1],[111.6,-21.7],[111.1,-22.1],[110.7,-22.5],[109.8,-23.2],[109.1,-24.0],[108.3,-24.9],[107.7,-25.9],[107.4,-26.5],[107.0,-27.3],[107.1,-27.8],[107.3,-28.2],[107.5,-28.5],[107.8,-29.3],[108.2,-30.2]]},"properties":{"stormId":"AU202425_11U","name":"Sean","start":"2025-01-17 00:00","end":"2025-01-23 06:00","positions":27,"minCentralPressure":942.0,"maxWindSpeed":48.9,"source":"Bureau of Meteorology Australian Tropical Cyclone Database"}},{"type":"Feature","geometry":{"type":"LineString","coordinates":[[120.0,-13.5],[119.8,-13.5],[119.6,-13.6],[119.1,-13.7],[118.8,-13.9],[118.1,-14.1],[116.9,-14.3],[116.3,-14.3],[116.5,-14.3],[115.7,-15.0],[115.1,-15.0],[114.2,-15.1],[113.6,-15.1],[113.1,-15.1],[112.1,-15.3],[111.2,-15.4],[110.6,-15.55],[109.4,-15.8],[108.2,-15.6],[107.3,-15.0],[106.7,-14.8],[105.8,-14.8],[104.7,-14.8],[103.3,-14.7],[102.6,-14.8],[101.9,-14.8],[101.4,-15.2],[100.0,-15.9],[98.4,-15.9],[97.5,-15.7],[96.5,-15.6],[95.6,-15.7],[95.3,-15.6],[94.9,-15.5],[94.6,-15.5],[93.8,-15.1],[93.6,-15.0],[93.4,-14.7],[93.3,-14.5],[93.3,-14.3],[93.1,-14.3],[92.6,-14.5],[92.2,-14.8],[92.0,-15.0],[91.8,-15.6],[91.6,-15.9],[91.0,-16.7],[90.7,-17.7],[90.1,-18.8]]},"properties":{"stormId":"AU202425_14U","name":"Taliah","start":"2025-01-31 12:00","end":"2025-02-12 12:00","positions":49,"minCentralPressure":964.0,"maxWindSpeed":38.6,"source":"Bureau of Meteorology Australian Tropical Cyclone Database"}},{"type":"Feature","geometry":{"type":"LineString","coordinates":[[106.3,-14.5],[105.9,-14.4],[105.6,-14.5],[105.1,-14.7],[104.1,-15.0],[103.1,-15.1],[102.4,-15.3],[101.1,-15.3],[100.2,-15.3],[98.9,-15.3],[98.1,-15.4],[97.3,-15.6],[96.2,-16.1],[95.0,-16.5],[93.6,-16.6],[92.1,-16.9],[91.0,-17.2],[90.0,-17.6],[88.91,-17.9],[88.0,-18.18],[86.73,-18.42],[85.63,-18.66],[84.72,-18.67],[84.05,-18.84],[83.25,-18.98],[82.43,-19.22],[81.65,-19.48],[80.69,-19.56],[79.53,-19.71],[78.24,-19.73],[77.01,-19.88],[75.83,-20.04],[74.5,-20.24],[73.31,-20.28],[72.4,-20.29],[71.48,-20.36],[70.67,-20.46],[70.01,-20.54],[69.64,-20.92],[69.17,-21.48],[68.69,-22.15],[68.37,-22.96],[68.34,-23.92],[68.33,-24.85],[68.85,-25.77],[69.27,-26.81],[69.91,-27.96],[70.12,-28.91],[70.39,-30.09],[70.64,-31.07],[72.14,-32.55],[73.7,-34.24],[75.81,-36.5],[79.48,-39.6]]},"properties":{"stormId":"AU202425_15U","name":"Vince","start":"2025-01-31 00:00","end":"2025-02-13 06:00","positions":54,"minCentralPressure":925.0,"maxWindSpeed":61.7,"source":"Bureau of Meteorology Australian Tropical Cyclone Database"}},{"type":"Feature","geometry":{"type":"LineString","coordinates":[[125.4,-14.1],[125.0,-14.1],[124.5,-14.1],[123.9,-14.5],[123.5,-14.5],[123.8,-14.6],[123.4,-14.9],[122.8,-14.7],[121.8,-14.5],[121.7,-15.1],[121.1,-15.0],[120.5,-15.6],[120.1,-16.3],[119.6,-16.7],[119.6,-17.4],[119.4,-18.1],[119.3,-18.5],[118.7,-18.9],[118.6,-19.0],[118.4,-19.13],[118.15,-18.99],[118.32,-19.13],[118.23,-19.31],[118.29,-19.25],[118.64,-19.48],[119.08,-19.92],[119.13,-20.23],[119.55,-20.95],[119.6,-21.3],[119.6,-21.4]]},"properties":{"stormId":"AU202425_18U","name":"Zelia","start":"2025-02-08 00:00","end":"2025-02-14 18:00","positions":30,"minCentralPressure":927.0,"maxWindSpeed":59.2,"source":"Bureau of Meteorology Australian Tropical Cyclone Database"}},{"type":"Feature","geometry":{"type":"LineString","coordinates":[[125.3,-12.1],[124.4,-12.4],[123.3,-12.5],[122.2,-12.7],[121.3,-13.1],[120.0,-13.8],[119.2,-13.9],[118.2,-14.0],[117.3,-14.7],[116.2,-15.0],[115.3,-15.1],[113.9,-15.1],[112.52,-15.0],[111.7,-15.2],[110.6,-15.3],[109.6,-15.4],[108.3,-16.0],[107.3,-16.6],[106.1,-17.2],[105.3,-17.7],[104.6,-18.2],[103.6,-19.0],[103.1,-19.6],[102.9,-20.1],[102.5,-21.1],[102.1,-21.9],[102.1,-22.9],[102.2,-23.8],[102.4,-24.7],[102.9,-25.7],[103.8,-26.4],[104.4,-26.6],[103.9,-26.5],[102.5,-25.8],[101.8,-25.0]]},"properties":{"stormId":"AU202425_21U","name":"Bianca","start":"2025-02-19 00:00","end":"2025-02-27 12:00","positions":35,"minCentralPressure":954.0,"maxWindSpeed":48.9,"source":"Bureau of Meteorology Australian Tropical Cyclone Database"}},{"type":"Feature","geometry":{"type":"LineString","coordinates":[[148.4,-13.7],[148.6,-14.3],[149.1,-14.7],[149.4,-15.0],[149.7,-15.2],[150.2,-15.1],[150.7,-14.6],[151.4,-14.3],[151.8,-14.0],[152.9,-14.1],[153.4,-14.2],[153.7,-14.0],[154.0,-13.8],[154.2,-13.7],[154.4,-13.9],[154.5,-14.05],[154.55,-14.25],[154.65,-14.3],[154.9,-14.35],[154.95,-14.5],[155.05,-14.7],[155.1,-15.2],[155.35,-15.4],[155.45,-16.1],[155.4,-16.7],[155.4,-17.6],[155.6,-18.0],[155.6,-18.5],[155.6,-19.2],[155.7,-20.0],[155.7,-20.43],[155.6,-20.75],[155.4,-21.5],[155.4,-21.8],[155.4,-22.2],[155.4,-22.75],[155.5,-23.4],[155.8,-23.95],[156.2,-24.2],[156.9,-25.0],[157.2,-25.75],[157.9,-26.4],[158.3,-26.7],[158.6,-27.0],[159.4,-27.3],[159.1,-28.1],[158.4,-27.8],[157.5,-28.2],[156.5,-27.5],[156.5,-27.15],[156.7,-27.4],[156.25,-27.55],[155.6,-27.3],[155.4,-27.25],[155.6,-27.3],[155.05,-27.3],[154.6,-27.7],[154.05,-27.8],[153.8,-27.5],[153.4,-27.25],[153.4,-27.05],[153.35,-26.9],[153.3,-27.0],[153.15,-27.0],[153.1,-27.0],[152.95,-26.95],[151.85,-26.55]]},"properties":{"stormId":"AU202425_22U","name":"Alfred","start":"2025-02-21 00:00","end":"2025-03-08 18:00","positions":67,"minCentralPressure":954.0,"maxWindSpeed":46.3,"source":"Bureau of Meteorology Australian Tropical Cyclone Database"}},{"type":"Feature","geometry":{"type":"LineString","coordinates":[[106.8,-12.7],[104.9,-12.9],[102.0,-12.6],[100.65,-12.78],[99.2,-13.2],[97.3,-13.4],[96.8,-13.0],[96.5,-12.8],[96.5,-13.2],[95.6,-13.45],[95.2,-13.7],[95.0,-13.0],[94.6,-12.8],[95.5,-13.24],[96.1,-13.7],[96.34,-14.42],[96.44,-14.96],[96.56,-15.05],[97.5,-15.3],[97.9,-15.35],[98.3,-15.4],[98.25,-15.3],[98.5,-15.15],[98.3,-14.6],[98.1,-14.4],[98.1,-13.8],[98.05,-13.05],[98.4,-12.85],[99.7,-12.85],[100.3,-13.2],[100.8,-13.2],[101.8,-12.9],[102.4,-13.4],[103.0,-13.7]]},"properties":{"stormId":"AU202425_25U","name":"noname","start":"2025-03-17 00:00","end":"2025-03-25 06:00","positions":34,"minCentralPressure":991.0,"maxWindSpeed":23.2,"source":"Bureau of Meteorology Australian Tropical Cyclone Database"}},{"type":"Feature","geometry":{"type":"LineString","coordinates":[[116.0,-12.6],[115.8,-12.8],[115.3,-13.0],[114.7,-13.5],[114.2,-14.2],[113.6,-14.6],[113.0,-15.4],[112.1,-15.8],[111.3,-16.3],[110.6,-16.5],[109.9,-16.6],[109.1,-16.8],[108.3,-17.1],[107.1,-17.3],[105.6,-17.6],[104.1,-17.7],[103.2,-17.5],[102.1,-17.2],[101.0,-16.9],[100.1,-16.7],[99.2,-16.7],[98.0,-16.6],[96.9,-16.6],[95.9,-16.7],[94.5,-17.1],[93.1,-17.3],[91.9,-17.6],[91.0,-18.0],[90.1,-18.6],[89.37,-19.3],[88.79,-20.09],[88.22,-21.04],[87.95,-21.95],[87.91,-22.42],[88.18,-23.19],[88.56,-23.94],[88.89,-24.51],[88.78,-24.81],[88.62,-24.89],[88.62,-24.92],[88.7,-24.91],[88.35,-24.99],[87.55,-25.27],[86.38,-25.5],[85.6,-25.21],[84.36,-24.88],[82.57,-24.7],[80.77,-24.74]]},"properties":{"stormId":"AU202425_27U","name":"Courtney","start":"2025-03-22 12:00","end":"2025-04-03 06:00","positions":48,"minCentralPressure":934.0,"maxWindSpeed":56.6,"source":"Bureau of Meteorology Australian Tropical Cyclone Database"}},{"type":"Feature","geometry":{"type":"LineString","coordinates":[[121.0,-14.3],[121.3,-13.8],[121.9,-13.7],[122.5,-13.8],[122.9,-13.9],[123.5,-14.3],[123.7,-14.9],[123.7,-15.5],[123.9,-16.4],[123.9,-17.1],[124.1,-18.3],[124.2,-19.1],[124.3,-19.7],[124.3,-20.2],[124.3,-20.2]]},"properties":{"stormId":"AU202425_28U","name":"Dianne","start":"2025-03-26 18:00","end":"2025-03-30 06:00","positions":15,"minCentralPressure":984.0,"maxWindSpeed":25.7,"source":"Bureau of Meteorology Australian Tropical Cyclone Database"}},{"type":"Feature","geometry":{"type":"LineString","coordinates":[[132.3,-8.6],[131.6,-8.5],[131.2,-8.4],[130.55,-8.6],[130.3,-8.6],[130.0,-8.7],[129.6,-8.8],[129.3,-9.1],[128.9,-10.0],[128.4,-10.4],[127.5,-11.1],[126.9,-11.2],[126.4,-11.5],[126.1,-11.8],[125.3,-12.4],[124.5,-12.7],[124.0,-13.1],[123.4,-13.2],[123.0,-13.4],[123.0,-13.7],[122.9,-13.7],[122.5,-13.8],[122.2,-13.8],[121.7,-13.8],[120.8,-13.9],[120.1,-13.9],[119.65,-14.0],[119.1,-14.12],[118.9,-14.3],[118.85,-14.7],[118.92,-14.98],[119.4,-15.18],[120.5,-15.4],[122.2,-15.4],[123.36,-15.65],[124.21,-15.86],[124.53,-16.04],[124.78,-16.18]]},"properties":{"stormId":"AU202425_29U","name":"Errol","start":"2025-04-09 12:00","end":"2025-04-18 12:00","positions":38,"minCentralPressure":936.0,"maxWindSpeed":56.6,"source":"Bureau of Meteorology Australian Tropical Cyclone Database"}},{"type":"Feature","geometry":{"type":"LineString","coordinates":[[135.2,-9.5],[135.0,-9.1],[135.5,-8.5],[136.2,-8.4],[136.7,-8.9],[137.0,-9.4],[137.8,-9.8],[138.34,-10.25],[138.9,-11.0],[139.7,-11.3],[140.3,-11.6],[140.8,-11.9],[141.4,-12.1],[141.2,-12.6],[141.0,-12.6],[141.0,-12.5],[141.1,-12.3],[140.9,-12.6],[140.3,-12.5],[139.5,-12.5],[138.5,-12.2],[137.7,-11.9],[136.65,-11.4],[135.5,-11.0],[134.9,-10.6],[134.2,-10.2],[133.1,-10.0],[132.8,-9.9],[132.4,-9.7]]},"properties":{"stormId":"AU202425_30U","name":"noname","start":"2025-04-16 00:00","end":"2025-04-23 00:00","positions":29,"minCentralPressure":998.0,"maxWindSpeed":18.0,"source":"Bureau of Meteorology Australian Tropical Cyclone Database"}},{"type":"Feature","geometry":{"type":"LineString","coordinates":[[138.0,-7.7],[138.0,-7.4],[137.7,-7.3],[137.5,-7.2],[137.1,-7.5],[137.3,-7.5],[137.7,-7.7],[137.9,-8.2],[138.2,-8.7],[138.5,-8.8],[138.1,-8.8],[137.9,-8.6],[137.75,-8.46],[137.6,-8.3],[137.6,-7.9]]},"properties":{"stormId":"AU202425_33U","name":"noname","start":"2025-05-09 00:00","end":"2025-05-12 12:00","positions":15,"minCentralPressure":1000.0,"maxWindSpeed":18.0,"source":"Bureau of Meteorology Australian Tropical Cyclone Database"}},{"type":"Feature","geometry":{"type":"LineString","coordinates":[[125.0,-11.5],[126.0,-11.5],[126.6,-11.3],[127.1,-11.0],[127.8,-10.9],[128.6,-10.9],[129.0,-10.7],[129.6,-10.6],[130.1,-10.5],[130.4,-10.2],[130.7,-10.1],[131.15,-9.9],[131.6,-9.7],[132.1,-9.6],[132.6,-9.6],[132.7,-9.6],[132.9,-9.6],[133.4,-9.9],[133.4,-10.0],[133.2,-10.0],[132.9,-10.1],[132.6,-10.3],[132.5,-10.7],[132.3,-10.9],[132.3,-11.1],[132.1,-11.4],[131.9,-11.6],[131.7,-11.7],[131.4,-11.8],[131.2,-11.85],[130.95,-11.9],[130.8,-12.0],[130.6,-12.1],[130.4,-12.2],[130.1,-12.35],[129.85,-12.5],[129.7,-12.7],[129.5,-12.9],[129.3,-13.2],[129.1,-13.3],[128.9,-13.5],[128.7,-13.6],[128.6,-13.8],[128.4,-13.9],[128.2,-13.9],[128.1,-14.0],[128.0,-14.2],[127.9,-14.3],[127.85,-14.4],[127.85,-14.45],[127.8,-14.5],[127.7,-14.55],[127.65,-14.55],[127.6,-14.5],[127.5,-14.6],[127.4,-14.7],[127.4,-14.8],[127.4,-15.0],[127.3,-15.1],[127.2,-15.25]]},"properties":{"stormId":"AU202526_02U","name":"Fina","start":"2025-11-15 18:00","end":"2025-11-26 06:00","positions":60,"minCentralPressure":938.0,"maxWindSpeed":54.0,"source":"Bureau of Meteorology Australian Tropical Cyclone Database"}},{"type":"Feature","geometry":{"type":"LineString","coordinates":[[113.0,-12.4],[112.8,-11.8],[112.5,-11.4],[113.1,-11.3],[113.3,-11.3],[113.1,-11.8],[113.3,-12.1],[112.7,-12.7],[111.8,-12.5],[110.9,-12.0],[110.2,-12.0],[109.4,-12.0],[108.9,-12.0],[108.3,-12.1],[107.9,-12.1],[107.8,-12.2],[107.6,-12.2],[107.3,-12.1],[106.9,-12.0],[106.3,-12.1],[105.6,-12.1],[104.8,-11.8],[103.8,-11.6],[103.0,-11.9],[102.7,-12.1],[102.4,-12.3],[102.0,-12.7],[101.1,-12.8],[100.7,-12.8],[100.3,-12.7],[99.7,-12.5],[99.3,-12.6],[99.0,-12.3],[98.6,-12.1],[98.2,-11.9],[97.9,-11.8],[97.3,-11.9],[96.7,-11.9],[95.8,-12.1],[94.9,-12.1],[94.3,-12.3],[93.5,-12.0],[92.4,-12.0],[91.7,-11.8],[90.8,-11.8],[90.0,-11.8]]},"properties":{"stormId":"AU202526_03U","name":"Grant","start":"2025-12-15 18:00","end":"2025-12-27 00:00","positions":46,"minCentralPressure":987.0,"maxWindSpeed":25.7,"source":"Bureau of Meteorology Australian Tropical Cyclone Database"}},{"type":"Feature","geometry":{"type":"LineString","coordinates":[[100.2,-5.1],[100.5,-5.5],[100.5,-6.2],[100.1,-6.9],[99.8,-7.4],[99.4,-7.7],[98.5,-7.9],[97.5,-8.0],[96.6,-8.4],[95.7,-8.6],[94.6,-8.7],[94.1,-9.1],[93.2,-9.6],[92.1,-10.0],[91.4,-10.2],[91.0,-10.3],[90.7,-10.7],[91.2,-10.8],[91.4,-10.8],[91.6,-10.8],[92.2,-11.0],[92.79,-11.0],[93.1,-11.0],[93.5,-11.4],[93.5,-11.6],[93.2,-11.7],[93.0,-12.0],[92.5,-11.7],[91.9,-11.6],[91.5,-11.1],[91.5,-10.9],[91.8,-10.3],[91.2,-9.8]]},"properties":{"stormId":"AU202526_05U","name":"Bakung","start":"2025-12-10 12:00","end":"2025-12-18 12:00","positions":33,"minCentralPressure":957.0,"maxWindSpeed":46.3,"source":"Bureau of Meteorology Australian Tropical Cyclone Database"}},{"type":"Feature","geometry":{"type":"LineString","coordinates":[[135.0,-9.1],[134.7,-9.2],[134.4,-9.2],[134.4,-9.2],[134.1,-9.2],[134.1,-9.0],[134.5,-8.8],[134.3,-8.0],[134.0,-8.0],[134.2,-8.0],[134.5,-8.1],[135.3,-7.9],[135.83,-7.88],[136.2,-8.0],[137.0,-8.8],[137.1,-9.7],[137.1,-10.6],[136.8,-11.3],[136.5,-12.1],[136.8,-13.0],[136.4,-13.7],[136.3,-14.8],[136.85,-15.84],[137.5,-16.22],[137.96,-16.64],[138.2,-17.0],[137.77,-17.17],[137.34,-17.34],[136.9,-17.51],[136.47,-17.69],[136.04,-17.86],[136.0,-18.1],[135.83,-18.13],[135.67,-18.17],[135.5,-18.2],[135.2,-18.0],[134.8,-17.83],[134.4,-17.67],[134.0,-17.5],[133.5,-17.4],[133.1,-17.2],[133.1,-17.05],[133.2,-16.9],[133.7,-16.9],[134.1,-17.0],[134.4,-17.05],[134.7,-17.1],[135.2,-17.15],[135.3,-16.8],[135.4,-16.5],[135.9,-16.0],[136.7,-16.2],[138.1,-17.0],[138.7,-17.2],[139.0,-17.3],[139.3,-18.2],[139.1,-18.5],[139.8,-19.0],[140.2,-19.4],[140.1,-19.8],[140.8,-20.1],[141.3,-20.2],[140.7,-20.1],[140.4,-20.0],[140.3,-20.1],[140.7,-20.1],[139.3,-19.8],[139.8,-19.8],[140.7,-19.9],[141.1,-20.4],[141.0,-20.8],[141.6,-20.9],[141.5,-20.8],[141.4,-20.6],[141.4,-20.6],[141.5,-20.6]]},"properties":{"stormId":"AU202526_07U","name":"noname","start":"2025-12-14 12:00","end":"2026-01-02 06:00","positions":76,"minCentralPressure":991.0,"maxWindSpeed":15.4,"source":"Bureau of Meteorology Australian Tropical Cyclone Database"}},{"type":"Feature","geometry":{"type":"LineString","coordinates":[[119.0,-11.9],[119.4,-11.8],[119.6,-11.9],[119.8,-12.2],[119.7,-12.6],[119.5,-13.1],[119.4,-13.6],[119.4,-14.1],[119.4,-14.6],[119.55,-15.2],[119.8,-15.7],[120.44,-16.1],[121.19,-16.3],[122.07,-16.47],[122.74,-16.6],[123.24,-16.69],[123.73,-16.78],[124.39,-16.81],[124.9,-16.9],[125.5,-17.1],[126.1,-17.4],[126.9,-17.3],[127.7,-17.1],[128.1,-16.3],[128.6,-15.9]]},"properties":{"stormId":"AU202526_08U","name":"Hayley","start":"2025-12-27 00:00","end":"2026-01-01 06:00","positions":25,"minCentralPressure":953.0,"maxWindSpeed":46.3,"source":"Bureau of Meteorology Australian Tropical Cyclone Database"}},{"type":"Feature","geometry":{"type":"LineString","coordinates":[[103.5,-9.0],[104.4,-9.4],[106.0,-10.3],[107.1,-11.4],[107.7,-12.3],[108.3,-13.1],[108.9,-14.1],[109.1,-14.65],[109.4,-15.2],[109.35,-16.1],[108.9,-16.6],[108.0,-16.8],[107.0,-16.7],[105.7,-16.7],[104.5,-16.7],[103.4,-16.7],[102.1,-17.1],[100.7,-17.2]]},"properties":{"stormId":"AU202526_10U","name":"Iggy","start":"2025-12-31 00:00","end":"2026-01-04 06:00","positions":18,"minCentralPressure":997.0,"maxWindSpeed":20.6,"source":"Bureau of Meteorology Australian Tropical Cyclone Database"}},{"type":"Feature","geometry":{"type":"LineString","coordinates":[[88.9,-9.0],[89.6,-8.8],[90.12,-8.16],[91.7,-8.0],[92.9,-7.8],[94.5,-7.9],[95.9,-8.4],[97.0,-9.65],[97.6,-11.0],[97.2,-12.05],[96.7,-13.4],[96.3,-14.5],[95.5,-15.2],[94.75,-15.7],[94.3,-16.4],[93.6,-16.8],[93.0,-17.2],[92.4,-18.0],[91.8,-18.3],[91.3,-18.3],[91.0,-18.4],[90.4,-18.0],[89.6,-18.0],[88.2,-17.7]]},"properties":{"stormId":"AU202526_11U","name":"Jenna","start":"2026-01-03 00:00","end":"2026-01-08 18:00","positions":24,"minCentralPressure":967.0,"maxWindSpeed":46.3,"source":"Bureau of Meteorology Australian Tropical Cyclone Database"}},{"type":"Feature","geometry":{"type":"LineString","coordinates":[[152.2,-15.3],[152.0,-15.3],[151.6,-15.2],[150.6,-15.2],[150.0,-15.0],[149.3,-14.8],[148.5,-14.5],[148.4,-14.4],[148.3,-14.4],[148.2,-14.5],[148.1,-14.9],[148.0,-15.7],[148.0,-16.5],[148.0,-16.9],[148.0,-17.4],[147.9,-18.1],[148.0,-18.5],[147.9,-19.1],[147.7,-19.5],[147.6,-19.8],[147.1,-20.8],[146.9,-20.5],[146.7,-20.3],[146.1,-20.1],[145.7,-19.8],[145.2,-20.2],[144.5,-20.7],[143.7,-20.7],[143.0,-20.9],[142.8,-20.0],[142.3,-19.4],[141.2,-19.3],[140.7,-19.5],[140.0,-20.1],[139.6,-19.6]]},"properties":{"stormId":"AU202526_12U","name":"Koji","start":"2026-01-07 00:00","end":"2026-01-14 18:00","positions":35,"minCentralPressure":987.0,"maxWindSpeed":28.3,"source":"Bureau of Meteorology Australian Tropical Cyclone Database"}},{"type":"Feature","geometry":{"type":"LineString","coordinates":[[117.5,-11.3],[118.1,-11.9],[118.4,-12.1],[118.4,-12.4],[118.6,-12.6],[118.7,-12.9],[119.5,-13.6],[120.2,-14.6],[120.4,-15.3],[121.3,-15.7],[122.05,-16.45],[122.65,-16.8],[123.1,-17.35],[123.55,-17.85],[123.6,-18.0],[123.7,-18.4],[123.9,-19.0],[123.7,-19.6],[123.6,-20.1],[123.7,-20.8],[123.7,-22.0],[123.7,-22.8],[124.2,-23.8],[124.6,-24.7],[124.9,-25.4],[125.2,-25.5],[125.5,-25.7],[125.8,-26.3]]},"properties":{"stormId":"AU202526_16U","name":"Luana","start":"2026-01-21 12:00","end":"2026-01-28 06:00","positions":28,"minCentralPressure":985.0,"maxWindSpeed":25.7,"source":"Bureau of Meteorology Australian Tropical Cyclone Database"}},{"type":"Feature","geometry":{"type":"LineString","coordinates":[[136.4,-15.6],[136.8,-15.9],[137.2,-16.0],[137.2,-16.5],[136.9,-17.0],[136.5,-16.9],[135.3,-16.7],[134.4,-16.8],[133.4,-16.9],[132.4,-16.7],[131.7,-16.2],[131.8,-15.7],[132.2,-16.0],[132.0,-16.4],[131.9,-16.7],[131.6,-17.0],[131.6,-17.0],[131.2,-17.2],[131.4,-16.8],[131.0,-16.7],[130.9,-16.9],[130.8,-16.8],[130.4,-17.0],[129.4,-16.9],[129.0,-16.6],[128.2,-16.7],[127.0,-16.8],[125.9,-17.1],[124.7,-17.9],[123.8,-17.7],[122.8,-17.7],[122.2,-17.7],[121.85,-17.7],[121.1,-18.3],[120.0,-18.5],[119.6,-18.6],[119.2,-18.8],[118.4,-19.0],[117.5,-19.5],[116.7,-20.0],[116.1,-20.2],[115.6,-20.6],[114.7,-21.3],[114.1,-21.5],[113.7,-22.15],[113.45,-23.2],[113.2,-24.3],[113.6,-25.2],[114.2,-26.0],[114.5,-26.3],[115.5,-27.3],[116.8,-27.9],[118.0,-28.5]]},"properties":{"stormId":"AU202526_21U","name":"Mitchell","start":"2026-01-29 06:00","end":"2026-02-10 12:00","positions":53,"minCentralPressure":963.0,"maxWindSpeed":38.6,"source":"Bureau of Meteorology Australian Tropical Cyclone Database"}},{"type":"Feature","geometry":{"type":"LineString","coordinates":[[101.7,-11.4],[101.83,-10.8],[101.9,-10.4],[102.8,-10.4],[104.0,-10.6],[104.3,-10.8],[104.8,-11.0],[105.7,-11.3],[106.7,-11.4],[107.0,-11.6],[107.8,-11.8],[108.4,-11.8],[108.8,-11.7],[109.2,-11.7],[109.3,-11.5],[110.1,-11.5],[111.6,-11.2],[113.5,-10.7],[116.0,-10.9],[118.8,-11.9],[120.45,-13.1],[121.2,-14.1],[121.2,-14.9],[120.9,-15.8],[120.2,-16.9]]},"properties":{"stormId":"AU202526_28U","name":"noname","start":"2026-02-28 18:00","end":"2026-03-06 18:00","positions":25,"minCentralPressure":990.0,"maxWindSpeed":23.2,"source":"Bureau of Meteorology Australian Tropical Cyclone Database"}},{"type":"Feature","geometry":{"type":"LineString","coordinates":[[152.9,-16.5],[152.7,-15.7],[152.8,-15.1],[152.5,-15.1],[152.1,-15.0],[151.7,-15.0],[151.1,-14.8],[150.8,-14.5],[150.7,-14.1],[150.5,-14.4],[150.0,-14.8],[149.8,-15.1],[148.9,-15.6],[147.5,-16.1],[147.0,-16.1],[146.4,-16.1],[146.0,-16.6],[145.8,-17.9],[143.4,-18.7],[142.5,-19.1],[141.4,-19.9],[141.5,-19.9],[141.0,-19.8],[140.7,-20.0],[140.7,-20.2],[141.7,-20.8]]},"properties":{"stormId":"AU202526_29U","name":"noname","start":"2026-03-02 00:00","end":"2026-03-08 06:00","positions":26,"minCentralPressure":995.0,"maxWindSpeed":18.0,"source":"Bureau of Meteorology Australian Tropical Cyclone Database"}},{"type":"Feature","geometry":{"type":"LineString","coordinates":[[121.7,-16.3],[121.0,-16.1],[120.4,-16.0],[120.2,-16.1],[120.1,-16.3],[119.5,-16.7],[118.4,-17.55],[116.7,-17.7],[114.8,-16.9],[113.5,-15.8],[113.3,-15.9],[112.7,-16.0],[112.2,-16.1],[111.2,-16.6],[110.1,-17.2],[109.1,-17.5],[107.7,-17.5],[106.7,-17.9],[105.4,-18.0],[104.4,-18.2],[103.6,-18.2],[102.9,-18.3],[102.3,-18.5],[101.8,-18.1],[101.5,-18.0],[100.6,-17.9],[99.9,-17.3],[99.6,-17.1],[98.5,-16.3],[97.3,-16.0],[96.1,-15.9],[95.4,-15.5],[94.7,-15.3],[93.6,-15.4]]},"properties":{"stormId":"AU202526_30U","name":"noname","start":"2026-03-03 18:00","end":"2026-03-12 00:00","positions":34,"minCentralPressure":992.0,"maxWindSpeed":18.0,"source":"Bureau of Meteorology Australian Tropical Cyclone Database"}},{"type":"Feature","geometry":{"type":"LineString","coordinates":[[159.8,-12.7],[159.3,-13.1],[158.9,-13.0],[157.8,-13.2],[158.0,-13.0],[157.5,-12.7],[157.2,-12.3],[156.8,-12.3],[156.3,-12.7],[155.3,-12.4],[154.3,-12.2],[153.4,-12.2],[151.8,-12.6],[150.6,-12.9],[149.3,-13.2],[147.7,-13.6],[146.4,-13.5],[145.5,-13.6],[144.25,-13.6],[143.6,-13.4],[143.2,-13.3],[142.7,-13.2],[142.25,-13.35],[141.8,-13.4],[141.1,-13.3],[139.9,-13.1],[138.8,-13.0],[137.9,-13.0],[136.9,-13.15],[136.4,-13.3],[135.9,-13.45],[135.3,-13.55],[134.3,-13.55],[132.4,-13.9],[131.4,-14.0],[130.0,-14.3],[129.4,-14.4],[128.0,-14.7],[126.8,-15.2],[125.3,-15.4],[124.6,-15.4],[123.8,-15.7],[122.7,-16.5],[121.4,-16.9],[120.2,-17.2],[119.1,-17.55],[118.0,-17.8],[117.2,-18.3],[116.2,-18.8],[115.4,-19.5],[114.7,-20.3],[114.1,-21.1],[113.65,-22.3],[113.8,-23.5],[114.6,-25.2],[115.4,-27.2],[116.9,-29.6],[118.5,-32.2]]},"properties":{"stormId":"AU202526_34U","name":"Narelle","start":"2026-03-15 06:00","end":"2026-03-28 06:00","positions":58,"minCentralPressure":931.0,"maxWindSpeed":59.2,"source":"Bureau of Meteorology Australian Tropical Cyclone Database"}},{"type":"Feature","geometry":{"type":"LineString","coordinates":[[160.0,-10.7],[158.6,-10.6],[158.2,-10.3],[157.7,-10.0],[157.3,-10.3],[156.6,-10.3],[156.0,-10.3],[155.6,-10.4],[155.8,-9.9],[155.7,-9.5],[155.5,-9.4],[155.5,-9.2],[155.1,-9.1],[154.6,-9.0],[154.4,-8.9],[154.4,-8.8],[154.4,-9.0],[154.5,-9.3],[154.6,-9.4],[154.6,-9.5],[154.8,-9.6],[155.2,-9.7],[155.65,-9.7],[156.0,-9.8],[156.3,-10.0],[156.4,-9.9],[156.3,-9.7],[156.05,-9.44],[155.8,-9.0],[155.8,-8.7],[155.8,-8.6],[155.4,-8.6],[155.1,-8.5],[154.6,-8.4],[154.3,-8.2],[154.5,-8.1],[154.5,-8.2],[154.4,-8.4],[154.3,-8.3],[154.4,-8.1],[154.6,-7.9],[155.1,-8.0],[155.1,-8.4],[155.4,-9.2],[155.6,-10.0],[155.5,-10.5],[154.9,-11.1]]},"properties":{"stormId":"AU202526_37U","name":"Maila","start":"2026-04-01 06:00","end":"2026-04-12 12:00","positions":47,"minCentralPressure":929.0,"maxWindSpeed":56.6,"source":"Bureau of Meteorology Australian Tropical Cyclone Database"}}]}