{"type":"FeatureCollection","features":[{"type":"Feature","id":1,"geometry":{"type":"Point","coordinates":[148.95732300000009,-35.448369999999954]},"properties":{"OBJECTID":1,"Site_ID":"ACT001","Jurisdiction":"ACT","LGA":"Unincorporated ACT","Site_Name":"Birrigai Outdoor School","Site_Address":"164 Tidbinbilla Rd Paddys River 2620","Public_Access":"No - Emergency Services Only"}},{"type":"Feature","id":2,"geometry":{"type":"Point","coordinates":[148.94258000000002,-35.440349999999967]},"properties":{"OBJECTID":2,"Site_ID":"ACT901","Jurisdiction":"ACT","LGA":"Unincorporated ACT","Site_Name":"Tidbinbilla National Park Visitors Centre","Site_Address":"Tidbinbilla Reserve Rd, Paddys River ACT 2620","Public_Access":"Yes"}},{"type":"Feature","id":3,"geometry":{"type":"Point","coordinates":[149.06577000000004,-35.531304999999975]},"properties":{"OBJECTID":3,"Site_ID":"ACT902","Jurisdiction":"ACT","LGA":"Unincorporated ACT","Site_Name":"Namadgi National Park Visitors Centre","Site_Address":"Naas Rd, Tharwa ACT 2620","Public_Access":"Yes"}},{"type":"Feature","id":4,"geometry":{"type":"Point","coordinates":[149.00926500000003,-35.332713999999953]},"properties":{"OBJECTID":4,"Site_ID":"ACT903","Jurisdiction":"ACT","LGA":"Unincorporated ACT","Site_Name":"Rivers RFS Base","Site_Address":"903 Cotter Rd, Stromlo ACT 2611","Public_Access":"No - Emergency Services Only"}},{"type":"Feature","id":5,"geometry":{"type":"Point","coordinates":[149.0698920000001,-35.168761999999958]},"properties":{"OBJECTID":5,"Site_ID":"ACT904","Jurisdiction":"ACT","LGA":"Unincorporated ACT","Site_Name":"Hall RFS Base","Site_Address":"Loftus St, Hall ACT 2618","Public_Access":"No - Emergency Services Only"}},{"type":"Feature","id":6,"geometry":{"type":"Point","coordinates":[148.95683300000007,-35.441832999999974]},"properties":{"OBJECTID":6,"Site_ID":"ACT905","Jurisdiction":"ACT","LGA":"Unincorporated ACT","Site_Name":"Tidbinbilla RFS Base","Site_Address":"Tidbinbilla Rd, Paddys River ACT 2620","Public_Access":"No - Emergency Services Only"}},{"type":"Feature","id":7,"geometry":{"type":"Point","coordinates":[149.1508530000001,-35.499815999999953]},"properties":{"OBJECTID":7,"Site_ID":"ACT906","Jurisdiction":"ACT","LGA":"Unincorporated ACT","Site_Name":"Guises Creek RFS Base","Site_Address":"8686 Monaro Hwy, Tuggeranong ACT 2901","Public_Access":"No - Emergency Services Only"}},{"type":"Feature","id":8,"geometry":{"type":"Point","coordinates":[149.06677800000011,-35.509666999999979]},"properties":{"OBJECTID":8,"Site_ID":"ACT907","Jurisdiction":"ACT","LGA":"Unincorporated ACT","Site_Name":"Southern Districts RFS Base","Site_Address":"North St, Tharwa ACT 2620","Public_Access":"No - Emergency Services Only"}},{"type":"Feature","id":9,"geometry":{"type":"Point","coordinates":[148.82930600000009,-35.442360999999948]},"properties":{"OBJECTID":9,"Site_ID":"ACT908","Jurisdiction":"ACT","LGA":"Unincorporated ACT","Site_Name":"Bendora Dam Parks & Conservation Service Depot","Site_Address":"1370 Bendora Rd, Cotter River ACT 2611","Public_Access":"No - Emergency Services Only"}},{"type":"Feature","id":10,"geometry":{"type":"Point","coordinates":[149.00461100000007,-35.691777999999942]},"properties":{"OBJECTID":10,"Site_ID":"ACT909","Jurisdiction":"ACT","LGA":"Unincorporated ACT","Site_Name":"Glendale Parks & Conservation Service Depot","Site_Address":"Brandy Flat Rd, Booth ACT 2620","Public_Access":"No - Emergency Services Only"}},{"type":"Feature","id":11,"geometry":{"type":"Point","coordinates":[148.98543400000005,-35.743146999999965]},"properties":{"OBJECTID":11,"Site_ID":"ACT910","Jurisdiction":"ACT","LGA":"Unincorporated ACT","Site_Name":"Gudgenby Homestead Parks & Conservation Service Depot","Site_Address":"Boboyan Rd, Booth ACT 2620","Public_Access":"No - Emergency Services Only"}},{"type":"Feature","id":12,"geometry":{"type":"Point","coordinates":[148.95458300000007,-35.320832999999936]},"properties":{"OBJECTID":12,"Site_ID":"ACT911","Jurisdiction":"ACT","LGA":"Unincorporated ACT","Site_Name":"Murrumbidgee Parks & Conservation Service Depot","Site_Address":"Cotter Rd, Stromlo ACT 2611","Public_Access":"No - Emergency Services Only"}},{"type":"Feature","id":13,"geometry":{"type":"Point","coordinates":[149.17097500000011,-35.379451999999958]},"properties":{"OBJECTID":13,"Site_ID":"ACT912","Jurisdiction":"ACT","LGA":"Unincorporated ACT","Site_Name":"ESA Communications Centre","Site_Address":"82 David Warren Rd, Hume ACT 2620","Public_Access":"No - Emergency Services Only"}},{"type":"Feature","id":14,"geometry":{"type":"Point","coordinates":[149.17308700000001,-35.379231999999945]},"properties":{"OBJECTID":14,"Site_ID":"ACT913","Jurisdiction":"ACT","LGA":"Unincorporated ACT","Site_Name":"ESA Training Centre","Site_Address":"89 David Warren Rd, Hume ACT 2620","Public_Access":"No - Emergency Services Only"}},{"type":"Feature","id":15,"geometry":{"type":"Point","coordinates":[149.61770100000001,-33.424447999999984]},"properties":{"OBJECTID":15,"Site_ID":"NSW002","Jurisdiction":"NSW","LGA":"Bathurst","Site_Name":"RFS Chifley Fire Control Centre","Site_Address":"27 Hampden Park Rd, Kelso NSW 2795","Public_Access":"No - Emergency Services Only"}},{"type":"Feature","id":16,"geometry":{"type":"Point","coordinates":[149.61790000000008,-33.42429999999996]},"properties":{"OBJECTID":16,"Site_ID":"NSW003","Jurisdiction":"NSW","LGA":"Bathurst","Site_Name":"Chifley Fire Control Centre","Site_Address":"NSW Rural Fire Service, 27 Hampden Park Rd, Kelso NSW 2795","Public_Access":"No - Emergency Services Only"}},{"type":"Feature","id":17,"geometry":{"type":"Point","coordinates":[145.8379000000001,-31.490899999999954]},"properties":{"OBJECTID":17,"Site_ID":"NSW004","Jurisdiction":"NSW","LGA":"Cobar","Site_Name":"NSW RFS Cobar","Site_Address":"NSW RFS Cobar, 3 Railway Pde N, Cobar NSW 2835","Public_Access":"No - Emergency Services Only"}},{"type":"Feature","id":18,"geometry":{"type":"Point","coordinates":[149.27930000000003,-31.259899999999959]},"properties":{"OBJECTID":18,"Site_ID":"NSW005","Jurisdiction":"NSW","LGA":"Warrumbungle","Site_Name":"Warrumbungle Shire (Coonabarabran), Fire Control Centre","Site_Address":"Fire Control Centre, 12086 Jackson St, Coonabarabran NSW 2357","Public_Access":"No - Emergency Services Only"}},{"type":"Feature","id":19,"geometry":{"type":"Point","coordinates":[148.37430000000006,-30.946599999999933]},"properties":{"OBJECTID":19,"Site_ID":"NSW006","Jurisdiction":"NSW","LGA":"Coonamble","Site_Name":"Coonamble RFS","Site_Address":"1 Buckley Dr, Coonamble NSW 2829","Public_Access":"No - Emergency Services Only"}},{"type":"Feature","id":20,"geometry":{"type":"Point","coordinates":[148.57030000000009,-32.21569999999997]},"properties":{"OBJECTID":20,"Site_ID":"NSW008","Jurisdiction":"NSW","LGA":"Dubbo","Site_Name":"Dubbo Regional Council (Orana)","Site_Address":"8 Judy Jakins Dr, Dubbo NSW 2830","Public_Access":"No - Emergency Services Only"}},{"type":"Feature","id":21,"geometry":{"type":"Point","coordinates":[148.00796400000002,-33.385706999999968]},"properties":{"OBJECTID":21,"Site_ID":"NSW009","Jurisdiction":"NSW","LGA":"Forbes","Site_Name":"Forbes Town Hall","Site_Address":"2 Court St, Forbes NSW 2871","Public_Access":"Yes"}},{"type":"Feature","id":22,"geometry":{"type":"Point","coordinates":[148.00880000000006,-33.377199999999959]},"properties":{"OBJECTID":22,"Site_ID":"NSW010","Jurisdiction":"NSW","LGA":"Forbes","Site_Name":"Forbes Fire Control Centre","Site_Address":"Forbes Fire Control Centre, 26 Union St, Forbes NSW 2871","Public_Access":"No - Emergency Services Only"}},{"type":"Feature","id":23,"geometry":{"type":"Point","coordinates":[147.15080000000012,-33.087599999999952]},"properties":{"OBJECTID":23,"Site_ID":"NSW011","Jurisdiction":"NSW","LGA":"Lachlan","Site_Name":"Lachlan, NSW RFS","Site_Address":"23 Marsden St, Condobolin NSW 2877","Public_Access":"No - Emergency Services Only"}},{"type":"Feature","id":24,"geometry":{"type":"Point","coordinates":[150.14413600000012,-33.48113799999993]},"properties":{"OBJECTID":24,"Site_ID":"NSW012","Jurisdiction":"NSW","LGA":"Lithgow","Site_Name":"Civic Ballroom","Site_Address":"Geordie St, Lithgow NSW 2790","Public_Access":"Yes"}},{"type":"Feature","id":25,"geometry":{"type":"Point","coordinates":[150.08561800000007,-33.383013999999946]},"properties":{"OBJECTID":25,"Site_ID":"NSW013","Jurisdiction":"NSW","LGA":"Lithgow","Site_Name":"Wallerawang RFS","Site_Address":"94 Wolgan Rd, Lidsdale NSW 2790","Public_Access":"No - Emergency Services Only"}},{"type":"Feature","id":26,"geometry":{"type":"Point","coordinates":[150.21468600000003,-33.042152999999928]},"properties":{"OBJECTID":26,"Site_ID":"NSW014","Jurisdiction":"NSW","LGA":"Lithgow","Site_Name":"Glen Alice RFS","Site_Address":"Jamison St, Glen Alice NSW 2849","Public_Access":"No - Emergency Services Only"}},{"type":"Feature","id":27,"geometry":{"type":"Point","coordinates":[150.19895000000008,-33.606197999999949]},"properties":{"OBJECTID":27,"Site_ID":"NSW015","Jurisdiction":"NSW","LGA":"Lithgow","Site_Name":"Kanimbla RFS","Site_Address":"Lot 7082 Blackheath Creek Rd, Kanimbla NSW 2790","Public_Access":"No - Emergency Services Only"}},{"type":"Feature","id":28,"geometry":{"type":"Point","coordinates":[149.90885700000001,-33.524644999999964]},"properties":{"OBJECTID":28,"Site_ID":"NSW016","Jurisdiction":"NSW","LGA":"Lithgow","Site_Name":"Tarana RFS","Site_Address":"Sodwalls Rd, Tarana NSW 2787","Public_Access":"No - Emergency Services Only"}},{"type":"Feature","id":29,"geometry":{"type":"Point","coordinates":[150.21895700000005,-33.479003999999975]},"properties":{"OBJECTID":29,"Site_ID":"NSW017","Jurisdiction":"NSW","LGA":"Lithgow","Site_Name":"Clarence/Dargan RFS","Site_Address":"Chifley Rd, Clarence NSW 2790","Public_Access":"No - Emergency Services Only"}},{"type":"Feature","id":30,"geometry":{"type":"Point","coordinates":[149.8869380000001,-33.384246999999959]},"properties":{"OBJECTID":30,"Site_ID":"NSW018","Jurisdiction":"NSW","LGA":"Bathurst","Site_Name":"Sunny Corner/Meadow Flat RFS","Site_Address":"Bathurst St, Sunny Corner NSW 2795","Public_Access":"Yes"}},{"type":"Feature","id":31,"geometry":{"type":"Point","coordinates":[149.8765810000001,-33.296495999999934]},"properties":{"OBJECTID":31,"Site_ID":"NSW019","Jurisdiction":"NSW","LGA":"Lithgow","Site_Name":"Dark Corner RFS","Site_Address":"1048 Dark Corner Rd, Dark Corner NSW 2795","Public_Access":"No - Emergency Services Only"}},{"type":"Feature","id":32,"geometry":{"type":"Point","coordinates":[150.1554000000001,-33.485499999999945]},"properties":{"OBJECTID":32,"Site_ID":"NSW020","Jurisdiction":"NSW","LGA":"Lithgow","Site_Name":"Lithgow Fire Control Centre","Site_Address":"NSW Rural Fire Service, 4 Silcock St, Pottery Estate NSW 2790","Public_Access":"No - Emergency Services Only"}},{"type":"Feature","id":33,"geometry":{"type":"Point","coordinates":[149.86198200000001,-32.96320099999997]},"properties":{"OBJECTID":33,"Site_ID":"NSW021","Jurisdiction":"NSW","LGA":"Mid-Western","Site_Name":"Illford (Cudgegong) (Briagde Station)","Site_Address":"43 Ilford Hall Rd, Ilford NSW 2850","Public_Access":"No - Emergency Services Only"}},{"type":"Feature","id":34,"geometry":{"type":"Point","coordinates":[149.59860000000003,-32.610999999999933]},"properties":{"OBJECTID":34,"Site_ID":"NSW022","Jurisdiction":"NSW","LGA":"Mid-Western","Site_Name":"Cudgegong, NSW RFS","Site_Address":"54-70 Depot Rd, Mudgee NSW 2850","Public_Access":"No - Emergency Services Only"}},{"type":"Feature","id":35,"geometry":{"type":"Point","coordinates":[148.24700000000007,-32.239599999999939]},"properties":{"OBJECTID":35,"Site_ID":"NSW023","Jurisdiction":"NSW","LGA":"Narromine","Site_Name":"Narromine, NSW RFS","Site_Address":"103-107 Manildra St, Narromine NSW 2821","Public_Access":"No - Emergency Services Only"}},{"type":"Feature","id":36,"geometry":{"type":"Point","coordinates":[149.85600000000011,-33.699299999999937]},"properties":{"OBJECTID":36,"Site_ID":"NSW024","Jurisdiction":"NSW","LGA":"Oberon","Site_Name":"Oberon Fire Control Centre","Site_Address":"12 North St, Oberon NSW 2787","Public_Access":"No - Emergency Services Only"}},{"type":"Feature","id":37,"geometry":{"type":"Point","coordinates":[149.08370000000002,-33.327099999999973]},"properties":{"OBJECTID":37,"Site_ID":"NSW025","Jurisdiction":"NSW","LGA":"Orange","Site_Name":"Orange City Council (Canobolas)","Site_Address":"1385 Forest Rd, Orange NSW 2800","Public_Access":"No - Emergency Services Only"}},{"type":"Feature","id":38,"geometry":{"type":"Point","coordinates":[149.72250000000008,-31.825799999999958]},"properties":{"OBJECTID":38,"Site_ID":"NSW027","Jurisdiction":"NSW","LGA":"Warrumbungle","Site_Name":"Coolah, NSW RFS","Site_Address":"2 Martin St, Coolah NSW 2843, Australia","Public_Access":"No - Emergency Services Only"}},{"type":"Feature","id":39,"geometry":{"type":"Point","coordinates":[148.94540000000006,-32.549799999999948]},"properties":{"OBJECTID":39,"Site_ID":"NSW028","Jurisdiction":"NSW","LGA":"Dubbo","Site_Name":"Wellington, Emergency Services","Site_Address":"Wellington Shire State Emergency Services, 71 Gisborne St, Wellington NSW 2820","Public_Access":"No - Emergency Services Only"}},{"type":"Feature","id":40,"geometry":{"type":"Point","coordinates":[147.19090000000006,-31.553299999999979]},"properties":{"OBJECTID":40,"Site_ID":"NSW029","Jurisdiction":"NSW","LGA":"Bogan","Site_Name":"Nyngan, NSW RFS","Site_Address":"100 Lawlor St, Nyngan NSW 2825","Public_Access":"No - Emergency Services Only"}},{"type":"Feature","id":41,"geometry":{"type":"Point","coordinates":[145.84727300000009,-29.318284999999946]},"properties":{"OBJECTID":41,"Site_ID":"NSW030","Jurisdiction":"NSW","LGA":"Bourke","Site_Name":"RFS - Enngonia","Site_Address":"20 Belalie St Enngonia 2840","Public_Access":"No - Emergency Services Only"}},{"type":"Feature","id":42,"geometry":{"type":"Point","coordinates":[144.15005000000008,-29.702766999999938]},"properties":{"OBJECTID":42,"Site_ID":"NSW031","Jurisdiction":"NSW","LGA":"Bourke","Site_Name":"RFS - Wanaaring","Site_Address":"101 Vicary St Wanaaring 2840","Public_Access":"No - Emergency Services Only"}},{"type":"Feature","id":43,"geometry":{"type":"Point","coordinates":[145.11678500000005,-30.533420999999976]},"properties":{"OBJECTID":43,"Site_ID":"NSW032","Jurisdiction":"NSW","LGA":"Bourke","Site_Name":"RFS - Louth","Site_Address":"40 Bloxham St Louth 2840","Public_Access":"No - Emergency Services Only"}},{"type":"Feature","id":44,"geometry":{"type":"Point","coordinates":[146.40252300000009,-30.66228499999994]},"properties":{"OBJECTID":44,"Site_ID":"NSW033","Jurisdiction":"NSW","LGA":"Bourke","Site_Name":"RFS - Byrock","Site_Address":"9 Merrere St Byrock 2831","Public_Access":"No - Emergency Services Only"}},{"type":"Feature","id":45,"geometry":{"type":"Point","coordinates":[145.95178600000008,-30.041684999999973]},"properties":{"OBJECTID":45,"Site_ID":"NSW034","Jurisdiction":"NSW","LGA":"Bourke","Site_Name":"Bourke FCC","Site_Address":"Bourke FCC, Airport Road North Bourke NSW 2840, Australia","Public_Access":"No - Emergency Services Only"}},{"type":"Feature","id":46,"geometry":{"type":"Point","coordinates":[146.85810000000004,-29.962199999999939]},"properties":{"OBJECTID":46,"Site_ID":"NSW035","Jurisdiction":"NSW","LGA":"Brewarrina","Site_Name":"Brewarrina, NSW RFS","Site_Address":"36-38 Bourke St, Brewarrina NSW 2839, Australia","Public_Access":"No - Emergency Services Only"}},{"type":"Feature","id":47,"geometry":{"type":"Point","coordinates":[143.37500000000011,-31.561599999999942]},"properties":{"OBJECTID":47,"Site_ID":"NSW036","Jurisdiction":"NSW","LGA":"Central Darling","Site_Name":"Central Darling, NSW RFS","Site_Address":"84 Reid St, Wilcannia NSW 2836, Australia","Public_Access":"No - Emergency Services Only"}},{"type":"Feature","id":48,"geometry":{"type":"Point","coordinates":[144.30120000000011,-32.900199999999984]},"properties":{"OBJECTID":48,"Site_ID":"NSW037","Jurisdiction":"NSW","LGA":"Central Darling","Site_Name":"Ivanhoe, NSW RFS","Site_Address":"Lot 9/32 Columbus St, Ivanhoe NSW 2878, Australia","Public_Access":"No - Emergency Services Only"}},{"type":"Feature","id":49,"geometry":{"type":"Point","coordinates":[142.0449000000001,-34.095899999999972]},"properties":{"OBJECTID":49,"Site_ID":"NSW038","Jurisdiction":"NSW","LGA":"Wentworth","Site_Name":"Wentworth (Dareton)/Lower Western, NSW RFS","Site_Address":"58-60 Mitchell Ave, Dareton NSW 2717, Australia","Public_Access":"No - Emergency Services Only"}},{"type":"Feature","id":50,"geometry":{"type":"Point","coordinates":[151.02800000000002,-32.661599999999964]},"properties":{"OBJECTID":50,"Site_ID":"NSW039","Jurisdiction":"NSW","LGA":"Singleton","Site_Name":"Bulga FCC (Singleton Hunter Valley FCC)","Site_Address":"2161 Putty Rd, Bulga NSW 2330, Australia","Public_Access":"No - Emergency Services Only"}},{"type":"Feature","id":51,"geometry":{"type":"Point","coordinates":[151.49230000000011,-33.23479999999995]},"properties":{"OBJECTID":51,"Site_ID":"NSW040","Jurisdiction":"NSW","LGA":"Central Coast (NSW)","Site_Name":"Central Coast Fire Control Centre","Site_Address":"105 Arizona Rd, Charmhaven NSW 2263","Public_Access":"No - Emergency Services Only"}},{"type":"Feature","id":52,"geometry":{"type":"Point","coordinates":[151.29180000000008,-33.447999999999979]},"properties":{"OBJECTID":52,"Site_ID":"NSW042","Jurisdiction":"NSW","LGA":"Central Coast (NSW)","Site_Name":"Gosford, NSW RFS","Site_Address":"155 Woy Woy Rd, Kariong NSW 2250","Public_Access":"No - Emergency Services Only"}},{"type":"Feature","id":53,"geometry":{"type":"Point","coordinates":[151.59330000000011,-32.903599999999983]},"properties":{"OBJECTID":53,"Site_ID":"NSW044","Jurisdiction":"NSW","LGA":"Lake Macquarie","Site_Name":"City of Lake Macquarie (Wyong), NSW RFS","Site_Address":"1A George Booth Dr, West Wallsend NSW 2286","Public_Access":"No - Emergency Services Only"}},{"type":"Feature","id":54,"geometry":{"type":"Point","coordinates":[151.57180000000005,-32.773499999999956]},"properties":{"OBJECTID":54,"Site_ID":"NSW046","Jurisdiction":"NSW","LGA":"Maitland","Site_Name":"Lower Hunter, East Maitland FCC","Site_Address":"East Maitland FCC, 110 Mount Vincent Rd, East Maitland NSW 2323","Public_Access":"No - Emergency Services Only"}},{"type":"Feature","id":55,"geometry":{"type":"Point","coordinates":[150.90671900000007,-32.264389999999935]},"properties":{"OBJECTID":55,"Site_ID":"NSW047","Jurisdiction":"NSW","LGA":"Muswellbrook","Site_Name":"Muswellbrook Shire Council EOC","Site_Address":"5 11 Industrial Cl Muswellbrook 2333","Public_Access":"No - Emergency Services Only"}},{"type":"Feature","id":56,"geometry":{"type":"Point","coordinates":[150.90770000000009,-32.264699999999948]},"properties":{"OBJECTID":56,"Site_ID":"NSW048","Jurisdiction":"NSW","LGA":"Muswellbrook","Site_Name":"Muswellbrook, NSW RFS","Site_Address":"9-11 Industrial Cl, Muswellbrook NSW 2333","Public_Access":"No - Emergency Services Only"}},{"type":"Feature","id":57,"geometry":{"type":"Point","coordinates":[151.74530000000004,-32.762720999999942]},"properties":{"OBJECTID":57,"Site_ID":"NSW049","Jurisdiction":"NSW","LGA":"Port Stephens","Site_Name":"Port Stephens Emergency Operation Centre / Port Stephens Council Administration Building","Site_Address":"116 Adelaide St, Raymond Terrace NSW 2324","Public_Access":"No - Emergency Services Only"}},{"type":"Feature","id":58,"geometry":{"type":"Point","coordinates":[151.15662000000009,-32.545149999999978]},"properties":{"OBJECTID":58,"Site_ID":"NSW050","Jurisdiction":"NSW","LGA":"Singleton","Site_Name":"Hunter Valley Mines Rescue Station","Site_Address":"6 Lachlan Av, Singleton Heights NSW 2330","Public_Access":"No - Emergency Services Only"}},{"type":"Feature","id":59,"geometry":{"type":"Point","coordinates":[150.65956600000004,-32.952770999999984]},"properties":{"OBJECTID":59,"Site_ID":"NSW053","Jurisdiction":"NSW","LGA":"Singleton","Site_Name":"Putty Fire Station","Site_Address":"427 Putty Valley Rd, Putty NSW 2330","Public_Access":"Yes"}},{"type":"Feature","id":60,"geometry":{"type":"Point","coordinates":[150.84565800000007,-32.837961999999948]},"properties":{"OBJECTID":60,"Site_ID":"NSW055","Jurisdiction":"NSW","LGA":"Singleton","Site_Name":"Howes Valley (Hunter Valley) (Brigade Station)","Site_Address":"5396 Putty Rd Howes Valley 2330","Public_Access":"No - Emergency Services Only"}},{"type":"Feature","id":61,"geometry":{"type":"Point","coordinates":[150.35790000000009,-32.139299999999935]},"properties":{"OBJECTID":61,"Site_ID":"NSW057","Jurisdiction":"NSW","LGA":"Upper Hunter","Site_Name":"Merriwa, NSW RFS","Site_Address":"68-70 Bettington St, Merriwa NSW 2329, Australia","Public_Access":"No - Emergency Services Only"}},{"type":"Feature","id":62,"geometry":{"type":"Point","coordinates":[150.16680000000008,-35.72199999999998]},"properties":{"OBJECTID":62,"Site_ID":"NSW058","Jurisdiction":"NSW","LGA":"Eurobodalla","Site_Name":"Planning & Environment Office","Site_Address":"NSW RFS - 63 Cranbrook Rd Batemans Bay NSW 2536","Public_Access":"No - Emergency Services Only"}},{"type":"Feature","id":63,"geometry":{"type":"Point","coordinates":[149.90028800000005,-36.116544999999974]},"properties":{"OBJECTID":63,"Site_ID":"NSW059","Jurisdiction":"NSW","LGA":"Eurobodalla","Site_Name":"Nerrigundah (FSC) (Brigade Station)","Site_Address":"3 Gulph St Nerrigundah 2545","Public_Access":"No - Emergency Services Only"}},{"type":"Feature","id":64,"geometry":{"type":"Point","coordinates":[149.71768200000008,-36.172346999999945]},"properties":{"OBJECTID":64,"Site_ID":"NSW060","Jurisdiction":"NSW","LGA":"Eurobodalla","Site_Name":"Belowra (FSC) (Brigade Station)","Site_Address":"2603 Belowra Rd Belowra 2545","Public_Access":"No - Emergency Services Only"}},{"type":"Feature","id":65,"geometry":{"type":"Point","coordinates":[150.17530000000011,-35.717199999999934]},"properties":{"OBJECTID":65,"Site_ID":"NSW061","Jurisdiction":"NSW","LGA":"Eurobodalla","Site_Name":"Command Area South Eastern","Site_Address":"NSW RFS - Lot 26 7 Kylie Cr Batemans Bay NSW 2536","Public_Access":"No - Emergency Services Only"}},{"type":"Feature","id":66,"geometry":{"type":"Point","coordinates":[150.07210000000009,-35.910799999999938]},"properties":{"OBJECTID":66,"Site_ID":"NSW062","Jurisdiction":"NSW","LGA":"Eurobodalla","Site_Name":"Eurobodalla (Moruya), NSW RFS","Site_Address":"NSW RFS - Lot 11 30 Campbell St Moruya NSW 2537","Public_Access":"No - Emergency Services Only"}},{"type":"Feature","id":67,"geometry":{"type":"Point","coordinates":[150.12850000000003,-35.81129999999996]},"properties":{"OBJECTID":67,"Site_ID":"NSW063","Jurisdiction":"NSW","LGA":"Eurobodalla","Site_Name":"Mogo Training Centre ","Site_Address":"Bimbimbie Rd, Mogo NSW 2536, Australia","Public_Access":"No - Emergency Services Only"}},{"type":"Feature","id":68,"geometry":{"type":"Point","coordinates":[149.7605410000001,-30.348075999999935]},"properties":{"OBJECTID":68,"Site_ID":"NSW065","Jurisdiction":"NSW","LGA":"Narrabri","Site_Name":"Narrabri FCC (Narrabri)","Site_Address":"4 Old Newell Hwy, Narrabri NSW 2390, Australia","Public_Access":"No - Emergency Services Only"}},{"type":"Feature","id":69,"geometry":{"type":"Point","coordinates":[150.86550000000011,-31.108899999999949]},"properties":{"OBJECTID":69,"Site_ID":"NSW066","Jurisdiction":"NSW","LGA":"Tamworth","Site_Name":"Tamworth FCC ","Site_Address":"177 Country Road Westdale","Public_Access":"No - Emergency Services Only"}},{"type":"Feature","id":70,"geometry":{"type":"Point","coordinates":[152.2750880000001,-30.741730999999959]},"properties":{"OBJECTID":70,"Site_ID":"NSW067","Jurisdiction":"NSW","LGA":"Armidale","Site_Name":"Lower Creek RFS","Site_Address":"8575 Kempsey Rd Lower Creek 2440","Public_Access":"No - Emergency Services Only"}},{"type":"Feature","id":71,"geometry":{"type":"Point","coordinates":[151.62170000000003,-30.527799999999957]},"properties":{"OBJECTID":71,"Site_ID":"NSW068","Jurisdiction":"NSW","LGA":"Armidale","Site_Name":"Armidale FCC ","Site_Address":"41 Shand Dr, Armidale NSW 2350","Public_Access":"No - Emergency Services Only"}},{"type":"Feature","id":72,"geometry":{"type":"Point","coordinates":[152.35241700000006,-30.399449999999945]},"properties":{"OBJECTID":72,"Site_ID":"NSW069","Jurisdiction":"NSW","LGA":"Armidale","Site_Name":"Ebor (Arimdiale) (Brigade Station)","Site_Address":"9 Ebor St Ebor 2453","Public_Access":"No - Emergency Services Only"}},{"type":"Feature","id":73,"geometry":{"type":"Point","coordinates":[150.23160000000007,-30.982599999999934]},"properties":{"OBJECTID":73,"Site_ID":"NSW071","Jurisdiction":"NSW","LGA":"Gunnedah","Site_Name":"Gunnedah, NSW RFS","Site_Address":"12-20 Bennett Rd, Gunnedah NSW 2380","Public_Access":"No - Emergency Services Only"}},{"type":"Feature","id":74,"geometry":{"type":"Point","coordinates":[150.57773200000008,-29.531559999999956]},"properties":{"OBJECTID":74,"Site_ID":"NSW072","Jurisdiction":"NSW","LGA":"Gwydir","Site_Name":"Gwydir Shire Council Works Depot","Site_Address":"1 J A Mcgregor Dr, Warialda NSW 2402","Public_Access":"No - Emergency Services Only"}},{"type":"Feature","id":75,"geometry":{"type":"Point","coordinates":[150.57020300000011,-29.868455999999981]},"properties":{"OBJECTID":75,"Site_ID":"NSW073","Jurisdiction":"NSW","LGA":"Gwydir","Site_Name":"Bingara Rural Fire Service Building","Site_Address":"4 Memorial Av Bingara 2404","Public_Access":"No - Emergency Services Only"}},{"type":"Feature","id":76,"geometry":{"type":"Point","coordinates":[150.57020000000011,-29.868399999999951]},"properties":{"OBJECTID":76,"Site_ID":"NSW075","Jurisdiction":"NSW","LGA":"Gwydir","Site_Name":"Bingara, NSW Rural Fire Service","Site_Address":"NSW Rural Fire Service, 4 Memorial Av, Bingara NSW 2404,","Public_Access":"No - Emergency Services Only"}},{"type":"Feature","id":77,"geometry":{"type":"Point","coordinates":[151.13890000000004,-29.757599999999968]},"properties":{"OBJECTID":77,"Site_ID":"NSW076","Jurisdiction":"NSW","LGA":"Inverell","Site_Name":"Inverell (Northern Tablelands), NSW RFS","Site_Address":"NSW RFS - 52 Burtenshaw Rd Inverell NSW 2360","Public_Access":"No - Emergency Services Only"}},{"type":"Feature","id":78,"geometry":{"type":"Point","coordinates":[150.67330000000004,-31.502299999999934]},"properties":{"OBJECTID":78,"Site_ID":"NSW077","Jurisdiction":"NSW","LGA":"Liverpool Plains","Site_Name":"Liverpool Range, NSW RFS","Site_Address":"124 Pryor St, Quirindi NSW 2343","Public_Access":"No - Emergency Services Only"}},{"type":"Feature","id":79,"geometry":{"type":"Point","coordinates":[149.85350000000005,-29.479599999999948]},"properties":{"OBJECTID":79,"Site_ID":"NSW079","Jurisdiction":"NSW","LGA":"Moree Plains","Site_Name":"Moree Office, NSW RFS","Site_Address":"NSW RFS - 52 Tycannah St Moree NSW 2400","Public_Access":"No - Emergency Services Only"}},{"type":"Feature","id":80,"geometry":{"type":"Point","coordinates":[152.3745090000001,-28.926154999999937]},"properties":{"OBJECTID":80,"Site_ID":"NSW082","Jurisdiction":"NSW","LGA":"Tenterfield","Site_Name":"Drake (Tenterfield) (Brigade Station)","Site_Address":"7027 Fairfield St Drake Village 2469","Public_Access":"No - Emergency Services Only"}},{"type":"Feature","id":81,"geometry":{"type":"Point","coordinates":[152.01300000000003,-29.057399999999973]},"properties":{"OBJECTID":81,"Site_ID":"NSW083","Jurisdiction":"NSW","LGA":"Tenterfield","Site_Name":"Tenterfield (Northern Tablelands), NSW RFS","Site_Address":"NSW RFS - Tenterfield Fire Control Centre, 3 Francis St Tenterfield NSW 2372","Public_Access":"No - Emergency Services Only"}},{"type":"Feature","id":82,"geometry":{"type":"Point","coordinates":[153.49890000000005,-28.551999999999964]},"properties":{"OBJECTID":82,"Site_ID":"NSW084","Jurisdiction":"NSW","LGA":"Byron","Site_Name":"Ballina Fcd (Far North Coast)","Site_Address":"NSW RFS - Bushfire Shed, 34 Gordon St Mullumbimby NSW 2482","Public_Access":"No - Emergency Services Only"}},{"type":"Feature","id":83,"geometry":{"type":"Point","coordinates":[152.9972120000001,-30.474124999999958]},"properties":{"OBJECTID":83,"Site_ID":"NSW085","Jurisdiction":"NSW","LGA":"Bellingen","Site_Name":"Raleigh Depot","Site_Address":"14 Alex Pike Dr, Raleigh NSW 2454","Public_Access":"No - Emergency Services Only"}},{"type":"Feature","id":84,"geometry":{"type":"Point","coordinates":[153.01950000000011,-30.495499999999936]},"properties":{"OBJECTID":84,"Site_ID":"NSW086","Jurisdiction":"NSW","LGA":"Bellingen","Site_Name":"Urunga, NSW RFS","Site_Address":"5 Orara Streets (Cnr Bowra Street) Urunga 2455","Public_Access":"No - Emergency Services Only"}},{"type":"Feature","id":85,"geometry":{"type":"Point","coordinates":[153.05671300000006,-28.878908999999965]},"properties":{"OBJECTID":85,"Site_ID":"NSW087","Jurisdiction":"NSW","LGA":"Richmond Valley","Site_Name":"Lismore / Casino (Northern Rivers), NSW RFS","Site_Address":"NSW RFS - 40A Neville Bienke Memorial Dr Casino NSW 2470","Public_Access":"No - Emergency Services Only"}},{"type":"Feature","id":86,"geometry":{"type":"Point","coordinates":[153.02890000000002,-29.63149999999996]},"properties":{"OBJECTID":86,"Site_ID":"NSW089","Jurisdiction":"NSW","LGA":"Clarence Valley","Site_Name":"Clarence Valley RFS","Site_Address":"15 Coldstream St, Ulmarra NSW 2462, Australia","Public_Access":"No - Emergency Services Only"}},{"type":"Feature","id":87,"geometry":{"type":"Point","coordinates":[152.54171500000007,-30.209176999999954]},"properties":{"OBJECTID":87,"Site_ID":"NSW090","Jurisdiction":"NSW","LGA":"Clarence Valley","Site_Name":"Tryingham Clarence Valley (Briagde Station)","Site_Address":"8436 Armidale Rd Tyringham 2453","Public_Access":"No - Emergency Services Only"}},{"type":"Feature","id":88,"geometry":{"type":"Point","coordinates":[153.12070000000006,-30.311999999999955]},"properties":{"OBJECTID":88,"Site_ID":"NSW091","Jurisdiction":"NSW","LGA":"Coffs Harbour","Site_Name":"Coffs Harbour City Council (Coffs Harbour)","Site_Address":"NSW RFS - Mid North Coast Fire Control Centre (FCC) 1 Aviation Dr Coffs Harbour NSW 2450","Public_Access":"No - Emergency Services Only"}},{"type":"Feature","id":89,"geometry":{"type":"Point","coordinates":[151.95540000000005,-32.028799999999933]},"properties":{"OBJECTID":89,"Site_ID":"NSW093","Jurisdiction":"NSW","LGA":"Mid-Coast","Site_Name":"Gloucester, NSW RFS","Site_Address":"3-5 Lowe St, Gloucester NSW 2422","Public_Access":"No - Emergency Services Only"}},{"type":"Feature","id":90,"geometry":{"type":"Point","coordinates":[152.83073100000001,-31.069932999999935]},"properties":{"OBJECTID":90,"Site_ID":"NSW094","Jurisdiction":"NSW","LGA":"Kempsey","Site_Name":"Council Depot","Site_Address":"57-59 Dangar St, West Kempsey NSW 2440","Public_Access":"No - Emergency Services Only"}},{"type":"Feature","id":91,"geometry":{"type":"Point","coordinates":[152.83114000000012,-31.079169999999976]},"properties":{"OBJECTID":91,"Site_ID":"NSW095","Jurisdiction":"NSW","LGA":"Kempsey","Site_Name":"EOC","Site_Address":"5 Elbow St West Kempsey 2440","Public_Access":"No - Emergency Services Only"}},{"type":"Feature","id":92,"geometry":{"type":"Point","coordinates":[152.81410000000005,-31.062399999999968]},"properties":{"OBJECTID":92,"Site_ID":"NSW096","Jurisdiction":"NSW","LGA":"Kempsey","Site_Name":"Kempsey (Lower North Coast), NSW RFS","Site_Address":"175-177 River St, West Kempsey NSW 2440","Public_Access":"No - Emergency Services Only"}},{"type":"Feature","id":93,"geometry":{"type":"Point","coordinates":[153.00360000000012,-28.621599999999944]},"properties":{"OBJECTID":93,"Site_ID":"NSW097","Jurisdiction":"NSW","LGA":"Kyogle","Site_Name":"NSW RFS - Kyogle","Site_Address":"10 Ettrick St Kyogle NSW 2474","Public_Access":"No - Emergency Services Only"}},{"type":"Feature","id":94,"geometry":{"type":"Point","coordinates":[152.28193500000009,-31.712926999999979]},"properties":{"OBJECTID":94,"Site_ID":"NSW098","Jurisdiction":"NSW","LGA":"Mid-Coast","Site_Name":"Bobin (Mid Coast) (Brigade Station)","Site_Address":"Lot 7007 Bulga Rd, Bobin NSW 2429","Public_Access":"No - Emergency Services Only"}},{"type":"Feature","id":95,"geometry":{"type":"Point","coordinates":[152.71643000000006,-30.76800099999997]},"properties":{"OBJECTID":95,"Site_ID":"NSW099","Jurisdiction":"NSW","LGA":"Nambucca Valley","Site_Name":"Taylors Arm Fire Station","Site_Address":"Taylors Arm Rd Taylors Arm 2447","Public_Access":"No - Emergency Services Only"}},{"type":"Feature","id":96,"geometry":{"type":"Point","coordinates":[152.66574000000003,-30.578734999999938]},"properties":{"OBJECTID":96,"Site_ID":"NSW100","Jurisdiction":"NSW","LGA":"Nambucca Valley","Site_Name":"Girralong Fire Station","Site_Address":"2652 North Arm Rd North Arm 2484","Public_Access":"No - Emergency Services Only"}},{"type":"Feature","id":97,"geometry":{"type":"Point","coordinates":[152.93610000000001,-30.710899999999981]},"properties":{"OBJECTID":97,"Site_ID":"NSW101","Jurisdiction":"NSW","LGA":"Nambucca Valley","Site_Name":"Nambucca (Lower North Coast), NSW RFS","Site_Address":"27 Kelly Cl, Macksville NSW 2447","Public_Access":"No - Emergency Services Only"}},{"type":"Feature","id":98,"geometry":{"type":"Point","coordinates":[152.95602600000007,-29.084421999999961]},"properties":{"OBJECTID":98,"Site_ID":"NSW102","Jurisdiction":"NSW","LGA":"Richmond Valley","Site_Name":"Rappville Northern Rivers (Brigade Station)","Site_Address":"9 Pearse St Rappville 2469","Public_Access":"No - Emergency Services Only"}},{"type":"Feature","id":99,"geometry":{"type":"Point","coordinates":[152.47268800000006,-32.013218999999935]},"properties":{"OBJECTID":99,"Site_ID":"NSW104","Jurisdiction":"NSW","LGA":"Mid-Coast","Site_Name":"Rainbow Flat (Mid Coast) (Brigade Station)","Site_Address":"2 Bonvale Cl, Rainbow Flat NSW 2430","Public_Access":"No - Emergency Services Only"}},{"type":"Feature","id":100,"geometry":{"type":"Point","coordinates":[152.4593000000001,-31.899399999999957]},"properties":{"OBJECTID":100,"Site_ID":"NSW105","Jurisdiction":"NSW","LGA":"Mid-Coast","Site_Name":"Great Lakes, NSW RFS","Site_Address":"Bldg 1, 28 Muldoon St, Taree NSW 2430","Public_Access":"No - Emergency Services Only"}},{"type":"Feature","id":101,"geometry":{"type":"Point","coordinates":[153.54196500000012,-28.173724999999934]},"properties":{"OBJECTID":101,"Site_ID":"NSW106","Jurisdiction":"NSW","LGA":"Tweed","Site_Name":"Tweed Heads Police Station","Site_Address":"83 Wharf St Tweed Heads 2485","Public_Access":"No - Emergency Services Only"}},{"type":"Feature","id":102,"geometry":{"type":"Point","coordinates":[153.41940000000011,-28.336399999999969]},"properties":{"OBJECTID":102,"Site_ID":"NSW107","Jurisdiction":"NSW","LGA":"Tweed","Site_Name":"Tweed (Far North Coast), NSW RFS","Site_Address":"NSW RFS - RFS Lot 1 92 Lundberg Dr South Murwillumbah NSW 2484","Public_Access":"No - Emergency Services Only"}},{"type":"Feature","id":103,"geometry":{"type":"Point","coordinates":[150.28026900000009,-33.50645099999997]},"properties":{"OBJECTID":103,"Site_ID":"NSW108","Jurisdiction":"NSW","LGA":"Blue Mountains","Site_Name":"Bell (Blue Mtns) (Brigade Station)","Site_Address":"13 14 Sandham Rd Bell 2786","Public_Access":"No - Emergency Services Only"}},{"type":"Feature","id":104,"geometry":{"type":"Point","coordinates":[150.30110000000002,-33.709699999999941]},"properties":{"OBJECTID":104,"Site_ID":"NSW111","Jurisdiction":"NSW","LGA":"Blue Mountains","Site_Name":"Blue Mountains City Council","Site_Address":"3-9 Valley Rd, Katoomba NSW 2780, ","Public_Access":"No - Emergency Services Only"}},{"type":"Feature","id":105,"geometry":{"type":"Point","coordinates":[151.22270000000003,-33.692199999999957]},"properties":{"OBJECTID":105,"Site_ID":"NSW112","Jurisdiction":"NSW","LGA":"Northern Beaches","Site_Name":"Northern Beaches City Council ","Site_Address":"NSW Rural Fire Services, Gate 4, Lot 300 Kamber Rd, Terrey Hills NSW 2084","Public_Access":"No - Emergency Services Only"}},{"type":"Feature","id":106,"geometry":{"type":"Point","coordinates":[150.67020000000002,-33.773999999999944]},"properties":{"OBJECTID":106,"Site_ID":"NSW113","Jurisdiction":"NSW","LGA":"Penrith","Site_Name":"Penrith City Council (Regentville, Cumberland)","Site_Address":"RFS Regentville, 8-12 Jeanette St, ","Public_Access":"No - Emergency Services Only"}},{"type":"Feature","id":107,"geometry":{"type":"Point","coordinates":[150.67020000000002,-33.773999999999944]},"properties":{"OBJECTID":107,"Site_ID":"NSW114","Jurisdiction":"NSW","LGA":"Penrith","Site_Name":"Cumberland, RFS Regentville","Site_Address":"RFS Regentville, 8-12 Jeanette St, Regentville NSW 2745","Public_Access":"No - Emergency Services Only"}},{"type":"Feature","id":108,"geometry":{"type":"Point","coordinates":[152.73350000000005,-31.463199999999972]},"properties":{"OBJECTID":108,"Site_ID":"NSW115","Jurisdiction":"NSW","LGA":"Port Macquarie-Hastings","Site_Name":"Wauchop FCC","Site_Address":"108 Cameron St, Wauchope NSW 2446","Public_Access":"No - Emergency Services Only"}},{"type":"Feature","id":109,"geometry":{"type":"Point","coordinates":[151.00920000000008,-33.681599999999946]},"properties":{"OBJECTID":109,"Site_ID":"NSW116","Jurisdiction":"NSW","LGA":"The Hills","Site_Name":"The Hills Shire Council (Kenthurst), NSW RFS","Site_Address":"1A Angus Rd, Kenthurst NSW 2156","Public_Access":"No - Emergency Services Only"}},{"type":"Feature","id":110,"geometry":{"type":"Point","coordinates":[146.95568200000002,-36.071751999999947]},"properties":{"OBJECTID":110,"Site_ID":"NSW122","Jurisdiction":"NSW","LGA":"Albury","Site_Name":"Emergency Operations Centre","Site_Address":"25 Airport Dr, East Albury NSW 2640","Public_Access":"No - Emergency Services Only"}},{"type":"Feature","id":111,"geometry":{"type":"Point","coordinates":[146.95570000000009,-36.071699999999964]},"properties":{"OBJECTID":111,"Site_ID":"NSW123","Jurisdiction":"NSW","LGA":"Albury","Site_Name":"Albury, NSW Rural Fire Service","Site_Address":"NSW Rural Fire Service, 25 Airport Dr, East Albury NSW 2640","Public_Access":"No - Emergency Services Only"}},{"type":"Feature","id":112,"geometry":{"type":"Point","coordinates":[146.96210000000008,-36.064599999999984]},"properties":{"OBJECTID":112,"Site_ID":"NSW124","Jurisdiction":"NSW","LGA":"Albury","Site_Name":"Albury Area Command","Site_Address":"NSW RFS - Unit 5 32 Fallon St Thurgoona NSW 2640","Public_Access":"No - Emergency Services Only"}},{"type":"Feature","id":113,"geometry":{"type":"Point","coordinates":[146.97497700000008,-33.64031499999993]},"properties":{"OBJECTID":113,"Site_ID":"NSW125","Jurisdiction":"NSW","LGA":"Bland","Site_Name":"Ungarie RFS (Bland Temora)","Site_Address":"54 Ungarie St, Ungarie NSW 2669","Public_Access":"No - Emergency Services Only"}},{"type":"Feature","id":114,"geometry":{"type":"Point","coordinates":[147.22655700000007,-33.923633999999936]},"properties":{"OBJECTID":114,"Site_ID":"NSW126","Jurisdiction":"NSW","LGA":"Bland","Site_Name":"State Emergency Service West Wyalong, NSW RFS","Site_Address":"1 Neeld St West Wyalong 2671","Public_Access":"No - Emergency Services Only"}},{"type":"Feature","id":115,"geometry":{"type":"Point","coordinates":[147.22693800000002,-33.923888999999974]},"properties":{"OBJECTID":115,"Site_ID":"NSW127","Jurisdiction":"NSW","LGA":"Bland","Site_Name":"Bland NSW, RFS","Site_Address":"NSW RFS - 221 Neeld St Wyalong NSW 2671","Public_Access":"No - Emergency Services Only"}},{"type":"Feature","id":116,"geometry":{"type":"Point","coordinates":[146.35790000000009,-35.988399999999956]},"properties":{"OBJECTID":116,"Site_ID":"NSW128","Jurisdiction":"NSW","LGA":"Federation","Site_Name":"Corowa, NSW RFS","Site_Address":"NSW RFS - Soaring Centre Corowa Aerodrome 311 Redlands Rd Corowa NSW 2646","Public_Access":"No - Emergency Services Only"}},{"type":"Feature","id":117,"geometry":{"type":"Point","coordinates":[144.94700000000012,-35.551299999999969]},"properties":{"OBJECTID":117,"Site_ID":"NSW129","Jurisdiction":"NSW","LGA":"Edward River","Site_Name":"Edward River Council (Deniliquin) (Mid Murray)","Site_Address":"Macknight Drive Deniliquin NSW 2710","Public_Access":"No - Emergency Services Only"}},{"type":"Feature","id":118,"geometry":{"type":"Point","coordinates":[146.05450000000008,-34.286499999999933]},"properties":{"OBJECTID":118,"Site_ID":"NSW130","Jurisdiction":"NSW","LGA":"Griffith","Site_Name":"Griffith, NSW RFS ","Site_Address":"NSW RFS - 200 Wakaden St Griffith NSW 2680","Public_Access":"No - Emergency Services Only"}},{"type":"Feature","id":119,"geometry":{"type":"Point","coordinates":[144.84323700000004,-34.508876999999984]},"properties":{"OBJECTID":119,"Site_ID":"NSW131","Jurisdiction":"NSW","LGA":"Hay","Site_Name":"Hay Shire Council Chambers","Site_Address":"134 Lachlan St, Hay NSW 2711","Public_Access":"Yes"}},{"type":"Feature","id":120,"geometry":{"type":"Point","coordinates":[144.83360000000005,-34.497499999999945]},"properties":{"OBJECTID":120,"Site_ID":"NSW132","Jurisdiction":"NSW","LGA":"Hay","Site_Name":"Hay, NSW RFS","Site_Address":"NSW RFS - Building SES Service Depot 19 Dunera Way Hay NSW 2711","Public_Access":"No - Emergency Services Only"}},{"type":"Feature","id":121,"geometry":{"type":"Point","coordinates":[146.55148600000007,-34.746217999999942]},"properties":{"OBJECTID":121,"Site_ID":"NSW133","Jurisdiction":"NSW","LGA":"Narrandera","Site_Name":"Emergency Operations Centre","Site_Address":"17-19 Twynam St, Narrandera NSW 2700","Public_Access":"No - Emergency Services Only"}},{"type":"Feature","id":122,"geometry":{"type":"Point","coordinates":[147.32990000000007,-35.129199999999969]},"properties":{"OBJECTID":122,"Site_ID":"NSW135","Jurisdiction":"NSW","LGA":"Wagga Wagga","Site_Name":"Riverina FCC (Wagga Wagga)","Site_Address":"NSW RFS - Lot 12 208 Fernleigh Rd Ashmont NSW 2650","Public_Access":"No - Emergency Services Only"}},{"type":"Feature","id":123,"geometry":{"type":"Point","coordinates":[147.3298430000001,-35.12926699999997]},"properties":{"OBJECTID":123,"Site_ID":"NSW137","Jurisdiction":"NSW","LGA":"Wagga Wagga","Site_Name":"Bob Osborne Skills Centre","Site_Address":"208 Fernleigh Rd Ashmont 2650","Public_Access":"Yes"}},{"type":"Feature","id":124,"geometry":{"type":"Point","coordinates":[149.83490000000006,-36.685899999999947]},"properties":{"OBJECTID":124,"Site_ID":"NSW148","Jurisdiction":"NSW","LGA":"Bega Valley","Site_Name":"Bega Valley Shire (Bega), NSW RFS","Site_Address":"NSW RFS - Lot 13 14 Maher St Bega NSW 2550","Public_Access":"No - Emergency Services Only"}},{"type":"Feature","id":125,"geometry":{"type":"Point","coordinates":[149.91190900000004,-37.245961999999963]},"properties":{"OBJECTID":125,"Site_ID":"NSW149","Jurisdiction":"NSW","LGA":"Bega Valley","Site_Name":"Wonboyn (FSC) (Brigade Station)","Site_Address":"42 Gleeson Rd Wonboyn 2551","Public_Access":"No - Emergency Services Only"}},{"type":"Feature","id":126,"geometry":{"type":"Point","coordinates":[149.14990000000012,-36.224999999999966]},"properties":{"OBJECTID":126,"Site_ID":"NSW150","Jurisdiction":"NSW","LGA":"Snowy Monaro","Site_Name":"Snowy Monaro, NSW RFS","Site_Address":"NSW RFS - Cooma FCC 11 Geebung St Polo Flat NSW 2630","Public_Access":"No - Emergency Services Only"}},{"type":"Feature","id":127,"geometry":{"type":"Point","coordinates":[149.3463690000001,-36.177773999999943]},"properties":{"OBJECTID":127,"Site_ID":"NSW151","Jurisdiction":"NSW","LGA":"Snowy Monaro","Site_Name":"Numerella (Cooma) (Brigade Station)","Site_Address":"6 Umeralla St Numeralla 2630","Public_Access":"No - Emergency Services Only"}},{"type":"Feature","id":128,"geometry":{"type":"Point","coordinates":[149.39124300000003,-36.067907999999932]},"properties":{"OBJECTID":128,"Site_ID":"NSW152","Jurisdiction":"NSW","LGA":"Snowy Monaro","Site_Name":"Peak View (Cooma) (Brigade Station)","Site_Address":"1586 Peak View Rd Peak View 2630","Public_Access":"No - Emergency Services Only"}},{"type":"Feature","id":129,"geometry":{"type":"Point","coordinates":[148.04092000000003,-34.638929999999959]},"properties":{"OBJECTID":129,"Site_ID":"NSW153","Jurisdiction":"NSW","LGA":"Cootamundra-Gundagai","Site_Name":"Bradman Street Depot","Site_Address":"61 Pinkerton Rd Cootamundra 2590","Public_Access":"No - Emergency Services Only"}},{"type":"Feature","id":130,"geometry":{"type":"Point","coordinates":[148.11518600000011,-35.052765999999963]},"properties":{"OBJECTID":130,"Site_ID":"NSW154","Jurisdiction":"NSW","LGA":"Cootamundra-Gundagai","Site_Name":"CGRC Works Depot","Site_Address":"48 William St Gundagai 2722","Public_Access":"No - Emergency Services Only"}},{"type":"Feature","id":131,"geometry":{"type":"Point","coordinates":[148.22010000000012,-35.301199999999938]},"properties":{"OBJECTID":131,"Site_ID":"NSW155","Jurisdiction":"NSW","LGA":"Snowy Valleys","Site_Name":"Riverina Highlands, NSW RFS","Site_Address":"NSW RFS - Lot 1 76 Capper St Tumut NSW 2720","Public_Access":"No - Emergency Services Only"}},{"type":"Feature","id":132,"geometry":{"type":"Point","coordinates":[149.70360000000005,-34.759799999999984]},"properties":{"OBJECTID":132,"Site_ID":"NSW156","Jurisdiction":"NSW","LGA":"Goulburn Mulwaree","Site_Name":"Goulburn, NSW RFS","Site_Address":"NSW RFS - Lot 1 84 Combermere St Goulburn NSW 2580","Public_Access":"No - Emergency Services Only"}},{"type":"Feature","id":133,"geometry":{"type":"Point","coordinates":[148.3882000000001,-34.560499999999934]},"properties":{"OBJECTID":133,"Site_ID":"NSW157","Jurisdiction":"NSW","LGA":"Hilltops","Site_Name":"Harden, Rural Fire Service","Site_Address":"Rural Fire Service, 4559 Burley Griffin Way, Cunningar NSW 2587","Public_Access":"No - Emergency Services Only"}},{"type":"Feature","id":134,"geometry":{"type":"Point","coordinates":[150.59090000000003,-34.895099999999957]},"properties":{"OBJECTID":134,"Site_ID":"NSW158","Jurisdiction":"NSW","LGA":"Shoalhaven","Site_Name":"City of Shoalhaven (Nowra), NSW Rural Fire Service","Site_Address":"NSW Rural Fire Service, 92 Albatross Rd, South Nowra NSW 2541","Public_Access":"No - Emergency Services Only"}},{"type":"Feature","id":135,"geometry":{"type":"Point","coordinates":[149.24630000000002,-35.349299999999971]},"properties":{"OBJECTID":135,"Site_ID":"NSW159","Jurisdiction":"NSW","LGA":"Queanbeyan-Palerang","Site_Name":"Queanbeyan-Palerang Regional Council (Lake George) ","Site_Address":"16 Ellerton Dr Queanbeyan East NSW 2620","Public_Access":"No - Emergency Services Only"}},{"type":"Feature","id":136,"geometry":{"type":"Point","coordinates":[149.79090000000008,-35.450099999999964]},"properties":{"OBJECTID":136,"Site_ID":"NSW160","Jurisdiction":"NSW","LGA":"Queanbeyan-Palerang","Site_Name":"Lake George (Braidwood), NSW RFS","Site_Address":"39 Gillamatong Ln, Braidwood NSW 2622, Australia","Public_Access":"No - Emergency Services Only"}},{"type":"Feature","id":137,"geometry":{"type":"Point","coordinates":[150.7908000000001,-34.559299999999951]},"properties":{"OBJECTID":137,"Site_ID":"NSW161","Jurisdiction":"NSW","LGA":"Shellharbour","Site_Name":"City of Shellharbour (Albion Park)","Site_Address":"Illawarra FCC, 37 Airport Rd, Albion Park Rail NSW 2527 ","Public_Access":"No - Emergency Services Only"}},{"type":"Feature","id":138,"geometry":{"type":"Point","coordinates":[149.25040000000001,-36.90319999999997]},"properties":{"OBJECTID":138,"Site_ID":"NSW163","Jurisdiction":"NSW","LGA":"Snowy Monaro","Site_Name":"Bombala, NSW RFS","Site_Address":"NSW RFS - Lot 2 Cathcart Rd Bombala NSW 2632","Public_Access":"No - Emergency Services Only"}},{"type":"Feature","id":139,"geometry":{"type":"Point","coordinates":[148.82740000000001,-36.367099999999937]},"properties":{"OBJECTID":139,"Site_ID":"NSW164","Jurisdiction":"NSW","LGA":"Snowy Monaro","Site_Name":"Snowy River, NSW RFS","Site_Address":"NSW RFS - 9 Bolton St Berridale NSW 2628","Public_Access":"No - Emergency Services Only"}},{"type":"Feature","id":140,"geometry":{"type":"Point","coordinates":[148.1209520000001,-36.217000999999982]},"properties":{"OBJECTID":140,"Site_ID":"NSW167","Jurisdiction":"NSW","LGA":"Snowy Valleys","Site_Name":"Khancoban Works Depot","Site_Address":"Lot 1 Mitchell Av, Khancoban NSW 2642","Public_Access":"No - Emergency Services Only"}},{"type":"Feature","id":141,"geometry":{"type":"Point","coordinates":[147.69836200000009,-35.926846999999952]},"properties":{"OBJECTID":141,"Site_ID":"NSW169","Jurisdiction":"NSW","LGA":"Snowy Valleys","Site_Name":"Jingellic (SBT) (Brigade Station)","Site_Address":"3211 River Rd, Jingellic NSW 2642","Public_Access":"No - Emergency Services Only"}},{"type":"Feature","id":142,"geometry":{"type":"Point","coordinates":[148.14724300000012,-35.52378299999998]},"properties":{"OBJECTID":142,"Site_ID":"NSW170","Jurisdiction":"NSW","LGA":"Snowy Valleys","Site_Name":"Batlow (Snowy Valley) (Brigade Station)","Site_Address":"106 108 Pioneer St Batlow 2730","Public_Access":"No - Emergency Services Only"}},{"type":"Feature","id":143,"geometry":{"type":"Point","coordinates":[149.46900000000005,-34.448899999999981]},"properties":{"OBJECTID":143,"Site_ID":"NSW171","Jurisdiction":"NSW","LGA":"Upper Lachlan","Site_Name":"Southern Tablelands (Upper Lachlan), NSW RFS","Site_Address":"40 Mcintosh Rd, Crookwell NSW 2583","Public_Access":"No - Emergency Services Only"}},{"type":"Feature","id":144,"geometry":{"type":"Point","coordinates":[148.15970000000004,-33.891999999999939]},"properties":{"OBJECTID":144,"Site_ID":"NSW172","Jurisdiction":"NSW","LGA":"Weddin","Site_Name":"Weddin, NSW RFS","Site_Address":"16 Melyra St, Grenfell NSW 2810","Public_Access":"No - Emergency Services Only"}},{"type":"Feature","id":145,"geometry":{"type":"Point","coordinates":[150.52287400000012,-34.30526999999995]},"properties":{"OBJECTID":145,"Site_ID":"NSW173","Jurisdiction":"NSW","LGA":"Wingecarribee","Site_Name":"Balmoral (Southern Highlands) (Briagde Station)","Site_Address":"67 Railway Pde, Balmoral NSW 2571","Public_Access":"No - Emergency Services Only"}},{"type":"Feature","id":146,"geometry":{"type":"Point","coordinates":[150.43540000000007,-34.44969999999995]},"properties":{"OBJECTID":146,"Site_ID":"NSW174","Jurisdiction":"NSW","LGA":"Wingecarribee","Site_Name":"Wingecarribee, NSW RFS","Site_Address":"16 Priestley St, Mittagong NSW 2575","Public_Access":"No - Emergency Services Only"}},{"type":"Feature","id":147,"geometry":{"type":"Point","coordinates":[148.91350000000011,-34.844939999999951]},"properties":{"OBJECTID":147,"Site_ID":"NSW176","Jurisdiction":"NSW","LGA":"Yass Valley","Site_Name":"Council Admin Building","Site_Address":"209 Comur St Yass 2582","Public_Access":"Yes"}},{"type":"Feature","id":148,"geometry":{"type":"Point","coordinates":[148.90770000000009,-34.822699999999941]},"properties":{"OBJECTID":148,"Site_ID":"NSW177","Jurisdiction":"NSW","LGA":"Yass Valley","Site_Name":"Southern Tablelands (Yass Valley), NSW RFS","Site_Address":"NSW RFS - 1410 Yass Valley Way Yass NSW 2582 ","Public_Access":"No - Emergency Services Only"}},{"type":"Feature","id":149,"geometry":{"type":"Point","coordinates":[149.12733500000002,-36.23537099999993]},"properties":{"OBJECTID":149,"Site_ID":"NSW179","Jurisdiction":"NSW","LGA":"Snowy Monaro","Site_Name":"EOC - Council Chambers Cooma","Site_Address":"81 Commissioner St Cooma 2630","Public_Access":"No - Emergency Services Only"}},{"type":"Feature","id":150,"geometry":{"type":"Point","coordinates":[150.84710000000007,-34.03959999999995]},"properties":{"OBJECTID":150,"Site_ID":"NSW180","Jurisdiction":"NSW","LGA":"Campbelltown (NSW)","Site_Name":"Macarthur, State Emergency Service","Site_Address":"State Emergency Service, 3-5 Alderney St, Minto NSW 2566","Public_Access":"No - Emergency Services Only"}},{"type":"Feature","id":151,"geometry":{"type":"Point","coordinates":[150.60120000000006,-34.192299999999932]},"properties":{"OBJECTID":151,"Site_ID":"NSW181","Jurisdiction":"NSW","LGA":"Wollondilly","Site_Name":"Southern Highlands FCC (Picton)","Site_Address":"65 Bridge St, Picton NSW 2571","Public_Access":"No - Emergency Services Only"}},{"type":"Feature","id":152,"geometry":{"type":"Point","coordinates":[147.52370000000008,-34.446199999999976]},"properties":{"OBJECTID":152,"Site_ID":"NSW191","Jurisdiction":"NSW","LGA":"Temora","Site_Name":"Temora NSW RFS","Site_Address":"NSW RFS - 104-108 Vesper St Temora NSW 2666, ","Public_Access":"No - Emergency Services Only"}},{"type":"Feature","id":153,"geometry":{"type":"Point","coordinates":[151.00882500000012,-34.088456999999948]},"properties":{"OBJECTID":153,"Site_ID":"NSW193","Jurisdiction":"NSW","LGA":"Sutherland","Site_Name":"Sutherland Shire (Heathcote), NSW RFS","Site_Address":"126 Wilson Pde, Heathcote NSW 2233","Public_Access":"No - Emergency Services Only"}},{"type":"Feature","id":154,"geometry":{"type":"Point","coordinates":[145.95166100000006,-30.041748999999982]},"properties":{"OBJECTID":154,"Site_ID":"NSW194","Jurisdiction":"NSW","LGA":"Bourke","Site_Name":"Bourke Unit","Site_Address":"Cnr Sid Coleman Dr & Arthur Airport Road Bourke NSW 2840","Public_Access":"No - Emergency Services Only"}},{"type":"Feature","id":155,"geometry":{"type":"Point","coordinates":[148.64880000000005,-33.844299999999976]},"properties":{"OBJECTID":155,"Site_ID":"NSW207","Jurisdiction":"NSW","LGA":"Cowra","Site_Name":"Cowra Area Command","Site_Address":"23 Johnstone Way Cowra NSW 2794","Public_Access":"No - Emergency Services Only"}},{"type":"Feature","id":156,"geometry":{"type":"Point","coordinates":[153.29565500000001,-29.769237999999973]},"properties":{"OBJECTID":156,"Site_ID":"NSW208","Jurisdiction":"NSW","LGA":"Clarence Valley","Site_Name":"Minnie Water Wooli SLSC","Site_Address":"5 Sandon Rd Minnie Water 2462","Public_Access":"Yes"}},{"type":"Feature","id":157,"geometry":{"type":"Point","coordinates":[153.23024600000008,-29.982552999999939]},"properties":{"OBJECTID":157,"Site_ID":"NSW209","Jurisdiction":"NSW","LGA":"Coffs Harbour","Site_Name":"Red Rock Corindi SLSC","Site_Address":"Lawson St, Red Rock NSW 2456","Public_Access":"Yes"}},{"type":"Feature","id":158,"geometry":{"type":"Point","coordinates":[153.02706300000011,-30.522147999999959]},"properties":{"OBJECTID":158,"Site_ID":"NSW210","Jurisdiction":"NSW","LGA":"Bellingen","Site_Name":"Urunga SLSC","Site_Address":"277 Hungry Head Rd Urunga 2455","Public_Access":"Yes"}},{"type":"Feature","id":159,"geometry":{"type":"Point","coordinates":[153.01553000000001,-30.638768999999968]},"properties":{"OBJECTID":159,"Site_ID":"NSW211","Jurisdiction":"NSW","LGA":"Nambucca Valley","Site_Name":"Nambucca Heads SLSC","Site_Address":"478 Headland Dr Nambucca Heads 2448","Public_Access":"Yes"}},{"type":"Feature","id":160,"geometry":{"type":"Point","coordinates":[153.05239600000004,-31.054488999999933]},"properties":{"OBJECTID":160,"Site_ID":"NSW212","Jurisdiction":"NSW","LGA":"Kempsey","Site_Name":"Hat Head SLSC","Site_Address":"7 Myrtle St Hat Head 2440","Public_Access":"Yes"}},{"type":"Feature","id":161,"geometry":{"type":"Point","coordinates":[152.74346700000001,-31.842648999999938]},"properties":{"OBJECTID":161,"Site_ID":"NSW213","Jurisdiction":"NSW","LGA":"Mid-Coast","Site_Name":"Crowdy Head SLSC","Site_Address":"557 Crowdy Head Rd Crowdy Head 2427","Public_Access":"Yes"}},{"type":"Feature","id":162,"geometry":{"type":"Point","coordinates":[152.59144400000002,-31.970819999999947]},"properties":{"OBJECTID":162,"Site_ID":"NSW214","Jurisdiction":"NSW","LGA":"Mid-Coast","Site_Name":"Taree Old Bar SLSC","Site_Address":"2 Ungala Rd Old Bar 2430","Public_Access":"Yes"}},{"type":"Feature","id":163,"geometry":{"type":"Point","coordinates":[151.05216800000005,-34.180400999999961]},"properties":{"OBJECTID":163,"Site_ID":"NSW216","Jurisdiction":"NSW","LGA":"Wollongong","Site_Name":"Era SLSC","Site_Address":"Coast Trk, Lilyvale NSW 2508","Public_Access":"Yes"}},{"type":"Feature","id":164,"geometry":{"type":"Point","coordinates":[151.04450600000007,-34.185023999999942]},"properties":{"OBJECTID":164,"Site_ID":"NSW217","Jurisdiction":"NSW","LGA":"Wollongong","Site_Name":"Burning Palms SLSC","Site_Address":"Coast Trk, Lilyvale NSW 2508","Public_Access":"Yes"}},{"type":"Feature","id":165,"geometry":{"type":"Point","coordinates":[150.58203800000001,-35.187435999999934]},"properties":{"OBJECTID":165,"Site_ID":"NSW218","Jurisdiction":"NSW","LGA":"Shoalhaven","Site_Name":"Sussex Inlet SLSC","Site_Address":"194 Pacificana Dr Sussex Inlet 2540","Public_Access":"Yes"}},{"type":"Feature","id":166,"geometry":{"type":"Point","coordinates":[146.05410300000005,-34.297922999999969]},"properties":{"OBJECTID":166,"Site_ID":"NSW219","Jurisdiction":"NSW","LGA":"Griffith","Site_Name":"NSW RFS - Hanwood Brigade","Site_Address":"49 Oakes Rd, Griffith NSW 2680","Public_Access":"No - Emergency Services Only"}},{"type":"Feature","id":167,"geometry":{"type":"Point","coordinates":[146.13457800000003,-34.274508999999966]},"properties":{"OBJECTID":167,"Site_ID":"NSW220","Jurisdiction":"NSW","LGA":"Griffith","Site_Name":"NSW RFS - Bilbul Shed","Site_Address":"2 Canal St, Bilbul NSW 2680","Public_Access":"No - Emergency Services Only"}},{"type":"Feature","id":168,"geometry":{"type":"Point","coordinates":[146.10352900000009,-34.25080399999996]},"properties":{"OBJECTID":168,"Site_ID":"NSW221","Jurisdiction":"NSW","LGA":"Griffith","Site_Name":"NSW RFS - Beelbangera Shed","Site_Address":"21 Beelbangera Rd, Beelbangera NSW 2680","Public_Access":"No - Emergency Services Only"}},{"type":"Feature","id":169,"geometry":{"type":"Point","coordinates":[146.02634100000012,-34.24648099999996]},"properties":{"OBJECTID":169,"Site_ID":"NSW222","Jurisdiction":"NSW","LGA":"Griffith","Site_Name":"NSW RFS - Wyangan Shed","Site_Address":"56 Todd Rd, Lake Wyangan NSW 2680","Public_Access":"No - Emergency Services Only"}},{"type":"Feature","id":170,"geometry":{"type":"Point","coordinates":[146.20466700000009,-34.368222999999944]},"properties":{"OBJECTID":170,"Site_ID":"NSW223","Jurisdiction":"NSW","LGA":"Leeton","Site_Name":"NSW RFS - Widgelli Brigade","Site_Address":"3725 Irrigation Way, Murrami NSW 2705","Public_Access":"No - Emergency Services Only"}},{"type":"Feature","id":171,"geometry":{"type":"Point","coordinates":[146.16271700000004,-34.176012999999955]},"properties":{"OBJECTID":171,"Site_ID":"NSW224","Jurisdiction":"NSW","LGA":"Griffith","Site_Name":"NSW RFS - Myall Park Brigade","Site_Address":"1617 Myall Park Rd Myall Park 2681","Public_Access":"No - Emergency Services Only"}},{"type":"Feature","id":172,"geometry":{"type":"Point","coordinates":[145.80307700000003,-34.27213699999993]},"properties":{"OBJECTID":172,"Site_ID":"NSW225","Jurisdiction":"NSW","LGA":"Griffith","Site_Name":"NSW RFS - Warrawidgee Brigade","Site_Address":"103 Casserley Rd, Warrawidgee NSW 2680","Public_Access":"No - Emergency Services Only"}},{"type":"Feature","id":173,"geometry":{"type":"Point","coordinates":[146.03133400000002,-34.291448999999943]},"properties":{"OBJECTID":173,"Site_ID":"NSW226","Jurisdiction":"NSW","LGA":"Griffith","Site_Name":"Woodside Hall (Showgrounds)","Site_Address":"12-32 Murrumbidgee Av, Griffith NSW 2680","Public_Access":"Yes"}},{"type":"Feature","id":174,"geometry":{"type":"Point","coordinates":[146.93865500000004,-36.070462999999961]},"properties":{"OBJECTID":174,"Site_ID":"NSW227","Jurisdiction":"NSW","LGA":"Albury","Site_Name":"Lauren Jackson Sports Centre, Evacuation Centre","Site_Address":"229 North St, East Albury NSW 2640","Public_Access":"Yes"}},{"type":"Feature","id":175,"geometry":{"type":"Point","coordinates":[151.67960900000003,-30.602262999999937]},"properties":{"OBJECTID":175,"Site_ID":"NSW228","Jurisdiction":"NSW","LGA":"Armidale","Site_Name":"Dangarsleigh Hall","Site_Address":"874 Dangarsleigh Rd Armidale 2350","Public_Access":"Yes"}},{"type":"Feature","id":176,"geometry":{"type":"Point","coordinates":[151.7383880000001,-30.400671999999929]},"properties":{"OBJECTID":176,"Site_ID":"NSW229","Jurisdiction":"NSW","LGA":"Armidale","Site_Name":"Puddledock Hall","Site_Address":"973 Puddledock Rd Puddledock 2350","Public_Access":"Yes"}},{"type":"Feature","id":177,"geometry":{"type":"Point","coordinates":[152.04337800000008,-30.511222999999973]},"properties":{"OBJECTID":177,"Site_ID":"NSW230","Jurisdiction":"NSW","LGA":"Armidale","Site_Name":"Wollomombi Hall","Site_Address":"100 Wollomombi Village Rd Wollomombi 2350","Public_Access":"Yes"}},{"type":"Feature","id":178,"geometry":{"type":"Point","coordinates":[151.90483800000004,-30.569108999999969]},"properties":{"OBJECTID":178,"Site_ID":"NSW231","Jurisdiction":"NSW","LGA":"Armidale","Site_Name":"Hillgrove Hall","Site_Address":"76 Brackin St Hillgrove 2350","Public_Access":"Yes"}},{"type":"Feature","id":179,"geometry":{"type":"Point","coordinates":[152.16783300000009,-30.292627999999979]},"properties":{"OBJECTID":179,"Site_ID":"NSW232","Jurisdiction":"NSW","LGA":"Armidale","Site_Name":"Wongwibinda Hall","Site_Address":"2390 Guyra Rd Wongwibinda 2350","Public_Access":"Yes"}},{"type":"Feature","id":180,"geometry":{"type":"Point","coordinates":[151.65852200000006,-30.019581999999957]},"properties":{"OBJECTID":180,"Site_ID":"NSW233","Jurisdiction":"NSW","LGA":"Armidale","Site_Name":"Ben Lomond Memorial Hall","Site_Address":"1239 Ben Lomond Rd Ben Lomond 2365","Public_Access":"Yes"}},{"type":"Feature","id":181,"geometry":{"type":"Point","coordinates":[149.84692300000006,-36.678624999999954]},"properties":{"OBJECTID":181,"Site_ID":"NSW234","Jurisdiction":"NSW","LGA":"Bega Valley","Site_Name":"Bega Showground","Site_Address":"1 Upper St Bega 2550","Public_Access":"Yes"}},{"type":"Feature","id":182,"geometry":{"type":"Point","coordinates":[150.07712600000002,-36.425667999999973]},"properties":{"OBJECTID":182,"Site_ID":"NSW235","Jurisdiction":"NSW","LGA":"Bega Valley","Site_Name":"Bermagui Surf Lifesaving Club","Site_Address":"1 7034 Lamont St Bermagui 2546","Public_Access":"Yes"}},{"type":"Feature","id":183,"geometry":{"type":"Point","coordinates":[149.91147500000011,-37.055619999999976]},"properties":{"OBJECTID":183,"Site_ID":"NSW236","Jurisdiction":"NSW","LGA":"Bega Valley","Site_Name":"Barclay Street Sporting Complex","Site_Address":"23 Barclay St Eden 2551","Public_Access":"Yes"}},{"type":"Feature","id":184,"geometry":{"type":"Point","coordinates":[149.83530100000007,-36.685630999999944]},"properties":{"OBJECTID":184,"Site_ID":"NSW238","Jurisdiction":"NSW","LGA":"Bega Valley","Site_Name":"Bega Valley Emergency Operations Centre (differs from NSW RF FCC)","Site_Address":"6 Maher St Bega 2550","Public_Access":"No - Emergency Services Only"}},{"type":"Feature","id":185,"geometry":{"type":"Point","coordinates":[145.68776400000002,-35.905401999999981]},"properties":{"OBJECTID":185,"Site_ID":"NSW239","Jurisdiction":"NSW","LGA":"Berrigan","Site_Name":"Barooga Recreation Ground","Site_Address":"261 Golf Course Rd Barooga 3644","Public_Access":"Yes"}},{"type":"Feature","id":186,"geometry":{"type":"Point","coordinates":[145.80447100000004,-35.648759999999982]},"properties":{"OBJECTID":186,"Site_ID":"NSW240","Jurisdiction":"NSW","LGA":"Berrigan","Site_Name":"Berrigan Recreation Reserve","Site_Address":"5 Jerilderie St Berrigan 2712","Public_Access":"Yes"}},{"type":"Feature","id":187,"geometry":{"type":"Point","coordinates":[145.80764800000009,-35.656732999999974]},"properties":{"OBJECTID":187,"Site_ID":"NSW241","Jurisdiction":"NSW","LGA":"Berrigan","Site_Name":"Berrigan War Memorial Hall","Site_Address":"104 Chanter St Berrigan 2712","Public_Access":"Yes"}},{"type":"Feature","id":188,"geometry":{"type":"Point","coordinates":[145.57216800000003,-35.638184999999964]},"properties":{"OBJECTID":188,"Site_ID":"NSW242","Jurisdiction":"NSW","LGA":"Berrigan","Site_Name":"Finley Recreation Reserve","Site_Address":"7 Pinnuck St Finley 2713","Public_Access":"Yes"}},{"type":"Feature","id":189,"geometry":{"type":"Point","coordinates":[145.56624500000009,-35.815886999999975]},"properties":{"OBJECTID":189,"Site_ID":"NSW243","Jurisdiction":"NSW","LGA":"Berrigan","Site_Name":"Tocumwal Recreation Reserve","Site_Address":"Lot 163 Kelly St, Tocumwal NSW 2714","Public_Access":"Yes"}},{"type":"Feature","id":190,"geometry":{"type":"Point","coordinates":[145.59399500000006,-35.812537999999961]},"properties":{"OBJECTID":190,"Site_ID":"NSW244","Jurisdiction":"NSW","LGA":"Berrigan","Site_Name":"Tocumwal Aerodrome","Site_Address":"55 Babingtons Rd Tocumwal 2714","Public_Access":"No - Emergency Services Only"}},{"type":"Feature","id":191,"geometry":{"type":"Point","coordinates":[145.56664600000011,-35.811811999999975]},"properties":{"OBJECTID":191,"Site_ID":"NSW245","Jurisdiction":"NSW","LGA":"Berrigan","Site_Name":"Tocumwal War Memorial Hall","Site_Address":"54 Deniliquin St Tocumwal 2714","Public_Access":"Yes"}},{"type":"Feature","id":192,"geometry":{"type":"Point","coordinates":[152.88674300000002,-30.244937999999934]},"properties":{"OBJECTID":192,"Site_ID":"NSW246","Jurisdiction":"NSW","LGA":"Coffs Harbour","Site_Name":"Ulong Showground","Site_Address":"13 Pine Av Ulong 2450","Public_Access":"Yes"}},{"type":"Feature","id":193,"geometry":{"type":"Point","coordinates":[152.10533000000009,-32.736853999999937]},"properties":{"OBJECTID":193,"Site_ID":"NSW248","Jurisdiction":"NSW","LGA":"Port Stephens","Site_Name":"Tomaree Library and Community Centre","Site_Address":"7 Community Cl Salamander Bay 2317","Public_Access":"Yes"}},{"type":"Feature","id":194,"geometry":{"type":"Point","coordinates":[151.8666760000001,-32.741643999999951]},"properties":{"OBJECTID":194,"Site_ID":"NSW249","Jurisdiction":"NSW","LGA":"Port Stephens","Site_Name":"Medowie Communirty Centre","Site_Address":"44 Ferodale Rd, Medowie NSW 2318","Public_Access":"Yes"}},{"type":"Feature","id":195,"geometry":{"type":"Point","coordinates":[151.74606500000004,-32.766034999999931]},"properties":{"OBJECTID":195,"Site_ID":"NSW250","Jurisdiction":"NSW","LGA":"Port Stephens","Site_Name":"Raymond Terrace Senior Citizens Community Hall","Site_Address":"17 Irrawang St Raymond Terrace 2324","Public_Access":"Yes"}},{"type":"Feature","id":196,"geometry":{"type":"Point","coordinates":[150.88864600000011,-32.26188099999996]},"properties":{"OBJECTID":196,"Site_ID":"NSW251","Jurisdiction":"NSW","LGA":"Muswellbrook","Site_Name":"Muswellbrook Shire Council Primary EOC","Site_Address":"126 Bridge St, Muswellbrook NSW 2333","Public_Access":"No - Emergency Services Only"}},{"type":"Feature","id":197,"geometry":{"type":"Point","coordinates":[150.89549700000009,-32.281750999999929]},"properties":{"OBJECTID":197,"Site_ID":"NSW252","Jurisdiction":"NSW","LGA":"Muswellbrook","Site_Name":"Muswellbrook Evacuation Centre","Site_Address":"Rutherford Rd, Muswellbrook NSW 2333","Public_Access":"Yes"}},{"type":"Feature","id":198,"geometry":{"type":"Point","coordinates":[151.74924200000009,-32.408022999999957]},"properties":{"OBJECTID":198,"Site_ID":"NSW253","Jurisdiction":"NSW","LGA":"Dungog","Site_Name":"Dungog Showground","Site_Address":"36-56 Abelard St, Dungog NSW 2420","Public_Access":"Yes"}},{"type":"Feature","id":199,"geometry":{"type":"Point","coordinates":[151.75384300000007,-32.403625999999974]},"properties":{"OBJECTID":199,"Site_ID":"NSW254","Jurisdiction":"NSW","LGA":"Dungog","Site_Name":"Doug Walters Pavilion","Site_Address":"40 Mackay St, Dungog NSW 2420","Public_Access":"Yes"}},{"type":"Feature","id":200,"geometry":{"type":"Point","coordinates":[151.78059200000007,-32.586003999999946]},"properties":{"OBJECTID":200,"Site_ID":"NSW255","Jurisdiction":"NSW","LGA":"Dungog","Site_Name":"Clarence Town School of Arts","Site_Address":"48 Grey St, Clarence Town NSW 2321","Public_Access":"Yes"}},{"type":"Feature","id":201,"geometry":{"type":"Point","coordinates":[151.6103250000001,-32.603146999999979]},"properties":{"OBJECTID":201,"Site_ID":"NSW256","Jurisdiction":"NSW","LGA":"Dungog","Site_Name":"EOC","Site_Address":"Lot 102 Webbers Creek Rd, Paterson NSW 2421","Public_Access":"No - Emergency Services Only"}},{"type":"Feature","id":202,"geometry":{"type":"Point","coordinates":[151.61787800000002,-32.600248999999963]},"properties":{"OBJECTID":202,"Site_ID":"NSW257","Jurisdiction":"NSW","LGA":"Dungog","Site_Name":"Paterson School of Arts Duke Street Paterson","Site_Address":"8 Duke St, Paterson NSW 2421","Public_Access":"Yes"}},{"type":"Feature","id":203,"geometry":{"type":"Point","coordinates":[151.55292100000008,-32.431067999999982]},"properties":{"OBJECTID":203,"Site_ID":"NSW258","Jurisdiction":"NSW","LGA":"Dungog","Site_Name":"Gresford School of Arts","Site_Address":"42 Park St, East Gresford NSW 2311","Public_Access":"Yes"}},{"type":"Feature","id":204,"geometry":{"type":"Point","coordinates":[151.56315600000005,-32.736453999999981]},"properties":{"OBJECTID":204,"Site_ID":"NSW259","Jurisdiction":"NSW","LGA":"Maitland","Site_Name":"Maitland Regional Sportsground","Site_Address":"2 James St, Maitland NSW 2320","Public_Access":"Yes"}},{"type":"Feature","id":205,"geometry":{"type":"Point","coordinates":[151.53114000000005,-32.764324999999928]},"properties":{"OBJECTID":205,"Site_ID":"NSW260","Jurisdiction":"NSW","LGA":"Maitland","Site_Name":"Gillieston Heights Community Centre","Site_Address":"25 Redwood Dr, Gillieston Heights NSW 2321","Public_Access":"Yes"}},{"type":"Feature","id":206,"geometry":{"type":"Point","coordinates":[151.13888400000008,-29.757630999999947]},"properties":{"OBJECTID":206,"Site_ID":"NSW261","Jurisdiction":"NSW","LGA":"Inverell","Site_Name":"Inverell EOC","Site_Address":"52 Burtenshaw Rd Inverell 2360","Public_Access":"No - Emergency Services Only"}},{"type":"Feature","id":207,"geometry":{"type":"Point","coordinates":[152.64971800000012,-30.722271999999975]},"properties":{"OBJECTID":207,"Site_ID":"NSW262","Jurisdiction":"NSW","LGA":"Nambucca Valley","Site_Name":"Burrapine Hall","Site_Address":"3253 Taylors Arm Rd Burrapine 2447","Public_Access":"Yes"}},{"type":"Feature","id":208,"geometry":{"type":"Point","coordinates":[152.76285300000006,-30.668740999999955]},"properties":{"OBJECTID":208,"Site_ID":"NSW263","Jurisdiction":"NSW","LGA":"Nambucca Valley","Site_Name":"South Arm Hall","Site_Address":"South Arm Rd South Arm 2460","Public_Access":"Yes"}},{"type":"Feature","id":209,"geometry":{"type":"Point","coordinates":[152.77768200000003,-30.425776999999982]},"properties":{"OBJECTID":209,"Site_ID":"NSW264","Jurisdiction":"NSW","LGA":"Bellingen","Site_Name":"Thora Hall","Site_Address":"2 Darkwood Rd Thora 2454","Public_Access":"Yes"}},{"type":"Feature","id":210,"geometry":{"type":"Point","coordinates":[152.53683500000011,-30.354370999999958]},"properties":{"OBJECTID":210,"Site_ID":"NSW265","Jurisdiction":"NSW","LGA":"Bellingen","Site_Name":"Deervale Hall","Site_Address":"1922 Deer Vale Rd Deer Vale 2453","Public_Access":"Yes"}},{"type":"Feature","id":211,"geometry":{"type":"Point","coordinates":[152.88966800000003,-30.508407999999974]},"properties":{"OBJECTID":211,"Site_ID":"NSW266","Jurisdiction":"NSW","LGA":"Bellingen","Site_Name":"Brierfield Hall","Site_Address":"900 Bowraville Rd Brierfield 2454","Public_Access":"Yes"}},{"type":"Feature","id":212,"geometry":{"type":"Point","coordinates":[152.7758070000001,-30.280496999999968]},"properties":{"OBJECTID":212,"Site_ID":"NSW267","Jurisdiction":"NSW","LGA":"Bellingen","Site_Name":"Megan Hall","Site_Address":"3 Richards Rd Megan 2453","Public_Access":"Yes"}},{"type":"Feature","id":213,"geometry":{"type":"Point","coordinates":[152.82721800000002,-31.073454999999967]},"properties":{"OBJECTID":213,"Site_ID":"NSW268","Jurisdiction":"NSW","LGA":"Kempsey","Site_Name":"Kempsey Showground","Site_Address":"19 Sea St, West Kempsey NSW 2440","Public_Access":"Yes"}},{"type":"Feature","id":214,"geometry":{"type":"Point","coordinates":[152.50807500000008,-30.81835099999995]},"properties":{"OBJECTID":214,"Site_ID":"NSW269","Jurisdiction":"NSW","LGA":"Kempsey","Site_Name":"Bellbrook Community Hall","Site_Address":"Main St Bellbrook 2440","Public_Access":"Yes"}},{"type":"Feature","id":215,"geometry":{"type":"Point","coordinates":[153.04744800000003,-30.889523999999938]},"properties":{"OBJECTID":215,"Site_ID":"NSW270","Jurisdiction":"NSW","LGA":"Kempsey","Site_Name":"Swr Country Club","Site_Address":"2 Sportmans Way, South West Rocks NSW 2431","Public_Access":"Yes"}},{"type":"Feature","id":216,"geometry":{"type":"Point","coordinates":[152.62777800000003,-30.930457999999931]},"properties":{"OBJECTID":216,"Site_ID":"NSW271","Jurisdiction":"NSW","LGA":"Kempsey","Site_Name":"Willawarrin Community Hall","Site_Address":"26 28 Main St Willawarrin 2440","Public_Access":"Yes"}},{"type":"Feature","id":217,"geometry":{"type":"Point","coordinates":[153.04531400000008,-28.884622999999976]},"properties":{"OBJECTID":217,"Site_ID":"NSW272","Jurisdiction":"NSW","LGA":"Richmond Valley","Site_Name":"Casino Showground","Site_Address":"10095 Summerland Way Casino 2470","Public_Access":"Yes"}},{"type":"Feature","id":218,"geometry":{"type":"Point","coordinates":[153.28623000000005,-28.98804999999993]},"properties":{"OBJECTID":218,"Site_ID":"NSW273","Jurisdiction":"NSW","LGA":"Richmond Valley","Site_Name":"Coraki Youth Hall","Site_Address":"75 77 Bridge St Coraki 2471","Public_Access":"Yes"}},{"type":"Feature","id":219,"geometry":{"type":"Point","coordinates":[153.34165000000007,-29.071639999999945]},"properties":{"OBJECTID":219,"Site_ID":"NSW274","Jurisdiction":"NSW","LGA":"Richmond Valley","Site_Name":"Woodburn Memorial Hall","Site_Address":"127 River St Woodburn 2472","Public_Access":"Yes"}},{"type":"Feature","id":220,"geometry":{"type":"Point","coordinates":[153.42836000000011,-29.119799999999941]},"properties":{"OBJECTID":220,"Site_ID":"NSW275","Jurisdiction":"NSW","LGA":"Richmond Valley","Site_Name":"Evans Head Senior Citizens Hall","Site_Address":"23 Cedar St Evans Head 2473","Public_Access":"Yes"}},{"type":"Feature","id":221,"geometry":{"type":"Point","coordinates":[150.55973900000004,-29.872187999999937]},"properties":{"OBJECTID":221,"Site_ID":"NSW276","Jurisdiction":"NSW","LGA":"Gwydir","Site_Name":"The Living Classroom","Site_Address":"1 Narrabri Rd, Bingara NSW 2404","Public_Access":"Yes"}},{"type":"Feature","id":222,"geometry":{"type":"Point","coordinates":[150.75241800000003,-29.250641999999971]},"properties":{"OBJECTID":222,"Site_ID":"NSW277","Jurisdiction":"NSW","LGA":"Gwydir","Site_Name":"Coolatai Hall","Site_Address":"1 3 Wallangra Rd Coolatai 2402","Public_Access":"Yes"}},{"type":"Feature","id":223,"geometry":{"type":"Point","coordinates":[150.25605700000006,-29.260783999999944]},"properties":{"OBJECTID":223,"Site_ID":"NSW278","Jurisdiction":"NSW","LGA":"Gwydir","Site_Name":"Crooble Hall","Site_Address":"Gil Gil Creek Rd, Crooble NSW 2400","Public_Access":"Yes"}},{"type":"Feature","id":224,"geometry":{"type":"Point","coordinates":[150.33877700000005,-29.584231999999929]},"properties":{"OBJECTID":224,"Site_ID":"NSW279","Jurisdiction":"NSW","LGA":"Gwydir","Site_Name":"Gravesend RSL Hall","Site_Address":"57 Railway Av, Gravesend NSW 2401","Public_Access":"Yes"}},{"type":"Feature","id":225,"geometry":{"type":"Point","coordinates":[149.85563700000012,-33.710178999999982]},"properties":{"OBJECTID":225,"Site_ID":"NSW280","Jurisdiction":"NSW","LGA":"Oberon","Site_Name":"Oberon Showground","Site_Address":"1 Ross St, Oberon NSW 2787","Public_Access":"Yes"}},{"type":"Feature","id":226,"geometry":{"type":"Point","coordinates":[149.74227500000006,-33.847945999999979]},"properties":{"OBJECTID":226,"Site_ID":"NSW281","Jurisdiction":"NSW","LGA":"Oberon","Site_Name":"Black Springs Hall","Site_Address":"2 Campbells River Rd, Black Springs NSW 2787","Public_Access":"Yes"}},{"type":"Feature","id":227,"geometry":{"type":"Point","coordinates":[146.56427000000008,-34.746289999999931]},"properties":{"OBJECTID":227,"Site_ID":"NSW282","Jurisdiction":"NSW","LGA":"Narrandera","Site_Name":"Narrandera Sportground Stadium","Site_Address":"2-32 Victoria Av, Narrandera NSW 2700","Public_Access":"Yes"}},{"type":"Feature","id":228,"geometry":{"type":"Point","coordinates":[146.71701000000007,-35.220920999999976]},"properties":{"OBJECTID":228,"Site_ID":"NSW283","Jurisdiction":"NSW","LGA":"Lockhart","Site_Name":"Lockhart Memorial Hall","Site_Address":"71 Green St, Lockhart NSW 2656","Public_Access":"Yes"}},{"type":"Feature","id":229,"geometry":{"type":"Point","coordinates":[146.84903900000006,-35.254050999999947]},"properties":{"OBJECTID":229,"Site_ID":"NSW284","Jurisdiction":"NSW","LGA":"Lockhart","Site_Name":"Milbrulong Hall","Site_Address":"Orange St Milbrulong 2656","Public_Access":"Yes"}},{"type":"Feature","id":230,"geometry":{"type":"Point","coordinates":[146.79737100000011,-35.465487999999937]},"properties":{"OBJECTID":230,"Site_ID":"NSW285","Jurisdiction":"NSW","LGA":"Lockhart","Site_Name":"Pleasant Hills Hall","Site_Address":"Ryan St Pleasant Hills 2658","Public_Access":"Yes"}},{"type":"Feature","id":231,"geometry":{"type":"Point","coordinates":[147.11887800000011,-35.270665999999949]},"properties":{"OBJECTID":231,"Site_ID":"NSW286","Jurisdiction":"NSW","LGA":"Lockhart","Site_Name":"The Rock Hall","Site_Address":"138 Urana St The Rock 2655","Public_Access":"Yes"}},{"type":"Feature","id":232,"geometry":{"type":"Point","coordinates":[147.58382400000005,-34.873071999999979]},"properties":{"OBJECTID":232,"Site_ID":"NSW287","Jurisdiction":"NSW","LGA":"Junee","Site_Name":"Junee Junction Recreation and Aquatic Centre","Site_Address":"151 Lorne St, Junee NSW 2663","Public_Access":"Yes"}},{"type":"Feature","id":233,"geometry":{"type":"Point","coordinates":[147.58217200000001,-34.868067999999937]},"properties":{"OBJECTID":233,"Site_ID":"NSW288","Jurisdiction":"NSW","LGA":"Junee","Site_Name":"Athenium Theatre","Site_Address":"89 Broadway St, Junee NSW 2663","Public_Access":"Yes"}},{"type":"Feature","id":234,"geometry":{"type":"Point","coordinates":[144.83903400000008,-34.497742999999957]},"properties":{"OBJECTID":234,"Site_ID":"NSW291","Jurisdiction":"NSW","LGA":"Hay","Site_Name":"Hay Showground","Site_Address":"Showground Rd, Hay NSW 2711","Public_Access":"Yes"}},{"type":"Feature","id":235,"geometry":{"type":"Point","coordinates":[144.88436400000012,-33.869076999999947]},"properties":{"OBJECTID":235,"Site_ID":"NSW292","Jurisdiction":"NSW","LGA":"Hay","Site_Name":"Booligal Hall","Site_Address":"Lachlan St, Booligal NSW 2711","Public_Access":"Yes"}},{"type":"Feature","id":236,"geometry":{"type":"Point","coordinates":[144.30126800000005,-34.475677999999959]},"properties":{"OBJECTID":236,"Site_ID":"NSW293","Jurisdiction":"NSW","LGA":"Hay","Site_Name":"Maude Hall","Site_Address":"Yang Yang St, Maude NSW 2711","Public_Access":"Yes"}},{"type":"Feature","id":237,"geometry":{"type":"Point","coordinates":[146.27107000000001,-35.339200999999946]},"properties":{"OBJECTID":237,"Site_ID":"NSW295","Jurisdiction":"NSW","LGA":"Federation","Site_Name":"Urana Aquatic Centre","Site_Address":"203 Federation Way Urana 2645","Public_Access":"Yes"}},{"type":"Feature","id":238,"geometry":{"type":"Point","coordinates":[146.00598400000001,-35.988194999999962]},"properties":{"OBJECTID":238,"Site_ID":"NSW296","Jurisdiction":"NSW","LGA":"Federation","Site_Name":"Mulwala Resource Centre","Site_Address":"71 Melbourne St, Mulwala NSW 2647","Public_Access":"Yes"}},{"type":"Feature","id":239,"geometry":{"type":"Point","coordinates":[146.30327200000011,-34.93459699999994]},"properties":{"OBJECTID":239,"Site_ID":"NSW297","Jurisdiction":"NSW","LGA":"Federation","Site_Name":"Morundah Community Theatre","Site_Address":"48 Browley St, Morundah NSW 2700","Public_Access":"Yes"}},{"type":"Feature","id":240,"geometry":{"type":"Point","coordinates":[146.58171500000003,-35.595132999999976]},"properties":{"OBJECTID":240,"Site_ID":"NSW298","Jurisdiction":"NSW","LGA":"Federation","Site_Name":"Rand Recreation Ground","Site_Address":"51 Kindra St, Rand NSW 2642","Public_Access":"Yes"}},{"type":"Feature","id":241,"geometry":{"type":"Point","coordinates":[146.1712510000001,-35.555459999999982]},"properties":{"OBJECTID":241,"Site_ID":"NSW299","Jurisdiction":"NSW","LGA":"Federation","Site_Name":"Oaklands Recreation Ground","Site_Address":"100 Patey St Oaklands 2646","Public_Access":"Yes"}},{"type":"Feature","id":242,"geometry":{"type":"Point","coordinates":[146.60582900000009,-35.109618999999952]},"properties":{"OBJECTID":242,"Site_ID":"NSW300","Jurisdiction":"NSW","LGA":"Federation","Site_Name":"Boree Creek Soldiers Hall","Site_Address":"Lot 28 Eades St, Boree Creek NSW 2652","Public_Access":"Yes"}},{"type":"Feature","id":243,"geometry":{"type":"Point","coordinates":[146.63313300000004,-35.982082999999932]},"properties":{"OBJECTID":243,"Site_ID":"NSW301","Jurisdiction":"NSW","LGA":"Federation","Site_Name":"Lowe Square Howlong","Site_Address":"82-120 Hawkins St, Howlong NSW 2643","Public_Access":"Yes"}},{"type":"Feature","id":244,"geometry":{"type":"Point","coordinates":[150.47399400000006,-35.355704999999944]},"properties":{"OBJECTID":244,"Site_ID":"NSW302","Jurisdiction":"NSW","LGA":"Shoalhaven","Site_Name":"Ulladulla Civic Centre","Site_Address":"81 Princes Hwy Ulladulla 2539","Public_Access":"Yes"}},{"type":"Feature","id":245,"geometry":{"type":"Point","coordinates":[150.60175600000002,-34.846849999999961]},"properties":{"OBJECTID":245,"Site_ID":"NSW303","Jurisdiction":"NSW","LGA":"Shoalhaven","Site_Name":"Shoalhaven Indoor Sports Centre","Site_Address":"90 Cambewarra Rd, Bomaderry NSW 2541","Public_Access":"Yes"}},{"type":"Feature","id":246,"geometry":{"type":"Point","coordinates":[150.69400900000005,-34.779628999999943]},"properties":{"OBJECTID":246,"Site_ID":"NSW304","Jurisdiction":"NSW","LGA":"Shoalhaven","Site_Name":"Berry Showground","Site_Address":"35 Alexandra St, Berry NSW 2535","Public_Access":"Yes"}},{"type":"Feature","id":247,"geometry":{"type":"Point","coordinates":[150.59131500000012,-34.875634999999932]},"properties":{"OBJECTID":247,"Site_ID":"NSW305","Jurisdiction":"NSW","LGA":"Shoalhaven","Site_Name":"Nowra Showground","Site_Address":"Worrigee St, Nowra NSW 2541","Public_Access":"Yes"}},{"type":"Feature","id":248,"geometry":{"type":"Point","coordinates":[150.43004800000006,-35.31983699999995]},"properties":{"OBJECTID":248,"Site_ID":"NSW306","Jurisdiction":"NSW","LGA":"Shoalhaven","Site_Name":"Milton Showground","Site_Address":"107 Croobyar Rd Milton 2538","Public_Access":"Yes"}},{"type":"Feature","id":249,"geometry":{"type":"Point","coordinates":[150.51049000000012,-35.258610999999974]},"properties":{"OBJECTID":249,"Site_ID":"NSW307","Jurisdiction":"NSW","LGA":"Shoalhaven","Site_Name":"Manyana Hall","Site_Address":"195 Sunset Strp Manyana 2539","Public_Access":"Yes"}},{"type":"Feature","id":250,"geometry":{"type":"Point","coordinates":[150.48890700000004,-35.269612999999936]},"properties":{"OBJECTID":250,"Site_ID":"NSW308","Jurisdiction":"NSW","LGA":"Shoalhaven","Site_Name":"Lake Conjola Community Centre","Site_Address":"Lake Conjola Entrance Rd Lake Conjola 2539","Public_Access":"Yes"}},{"type":"Feature","id":251,"geometry":{"type":"Point","coordinates":[150.53591500000005,-34.737146999999936]},"properties":{"OBJECTID":251,"Site_ID":"NSW309","Jurisdiction":"NSW","LGA":"Shoalhaven","Site_Name":"Kangaroo Valley Showground","Site_Address":"179 Moss Vale Rd, Kangaroo Valley NSW 2577","Public_Access":"Yes"}},{"type":"Feature","id":252,"geometry":{"type":"Point","coordinates":[151.39045300000009,-32.379308999999978]},"properties":{"OBJECTID":252,"Site_ID":"NSW310","Jurisdiction":"NSW","LGA":"Singleton","Site_Name":"Mirannie Hall","Site_Address":"2980 Mirannie Rd Mirannie 2330","Public_Access":"Yes"}},{"type":"Feature","id":253,"geometry":{"type":"Point","coordinates":[150.66129100000012,-32.953787999999975]},"properties":{"OBJECTID":253,"Site_ID":"NSW312","Jurisdiction":"NSW","LGA":"Singleton","Site_Name":"Putty Hall","Site_Address":"408 Putty Valley Rd Putty 2330","Public_Access":"Yes"}},{"type":"Feature","id":254,"geometry":{"type":"Point","coordinates":[151.30023900000003,-32.610856999999953]},"properties":{"OBJECTID":254,"Site_ID":"NSW314","Jurisdiction":"NSW","LGA":"Singleton","Site_Name":"Belford RFS","Site_Address":"699 Standen Dr, Lower Belford NSW 2335","Public_Access":"No - Emergency Services Only"}},{"type":"Feature","id":255,"geometry":{"type":"Point","coordinates":[151.16530000000012,-32.516949999999952]},"properties":{"OBJECTID":255,"Site_ID":"NSW315","Jurisdiction":"NSW","LGA":"Singleton","Site_Name":"Darlington RFS","Site_Address":"Bridgman Rd Wattle Ponds 2330","Public_Access":"No - Emergency Services Only"}},{"type":"Feature","id":256,"geometry":{"type":"Point","coordinates":[151.10320000000002,-32.746399999999937]},"properties":{"OBJECTID":256,"Site_ID":"NSW316","Jurisdiction":"NSW","LGA":"Singleton","Site_Name":"Broke Public Hall","Site_Address":"5 Adair St, Broke NSW 2330","Public_Access":"Yes"}},{"type":"Feature","id":257,"geometry":{"type":"Point","coordinates":[151.10308000000009,-32.750849999999957]},"properties":{"OBJECTID":257,"Site_ID":"NSW317","Jurisdiction":"NSW","LGA":"Singleton","Site_Name":"Broke RFS","Site_Address":"7001 Wollombi St Broke 2330","Public_Access":"No - Emergency Services Only"}},{"type":"Feature","id":258,"geometry":{"type":"Point","coordinates":[151.31470000000002,-32.531599999999969]},"properties":{"OBJECTID":258,"Site_ID":"NSW318","Jurisdiction":"NSW","LGA":"Singleton","Site_Name":"Glendon Brook RFS","Site_Address":"197 Glendonbrook Rd, Glendon Brook NSW 2330","Public_Access":"No - Emergency Services Only"}},{"type":"Feature","id":259,"geometry":{"type":"Point","coordinates":[151.20870200000002,-32.400777999999946]},"properties":{"OBJECTID":259,"Site_ID":"NSW319","Jurisdiction":"NSW","LGA":"Singleton","Site_Name":"Glennies Creek RFS","Site_Address":"275 Carrowbrook Rd Mount Olive 2330","Public_Access":"No - Emergency Services Only"}},{"type":"Feature","id":260,"geometry":{"type":"Point","coordinates":[151.21225200000003,-32.307401999999968]},"properties":{"OBJECTID":260,"Site_ID":"NSW320","Jurisdiction":"NSW","LGA":"Singleton","Site_Name":"Goorangoola RFS","Site_Address":"190 Goorangoola Creek Rd Goorangoola 2330","Public_Access":"No - Emergency Services Only"}},{"type":"Feature","id":261,"geometry":{"type":"Point","coordinates":[150.90326700000003,-32.491232999999966]},"properties":{"OBJECTID":261,"Site_ID":"NSW321","Jurisdiction":"NSW","LGA":"Singleton","Site_Name":"Jerry's Plains RFS","Site_Address":"71 Pagan St, Jerrys Plains NSW 2330","Public_Access":"No - Emergency Services Only"}},{"type":"Feature","id":262,"geometry":{"type":"Point","coordinates":[151.26446200000009,-32.218665999999928]},"properties":{"OBJECTID":262,"Site_ID":"NSW322","Jurisdiction":"NSW","LGA":"Singleton","Site_Name":"Mt Royal RFS","Site_Address":"637 Cassels Rd, Mount Royal NSW 2330","Public_Access":"No - Emergency Services Only"}},{"type":"Feature","id":263,"geometry":{"type":"Point","coordinates":[151.24773500000003,-32.581343999999945]},"properties":{"OBJECTID":263,"Site_ID":"NSW323","Jurisdiction":"NSW","LGA":"Singleton","Site_Name":"Scotts Flat RFS","Site_Address":"653 Glendon Rd, Roughit NSW 2330","Public_Access":"No - Emergency Services Only"}},{"type":"Feature","id":264,"geometry":{"type":"Point","coordinates":[151.40075600000011,-32.606687999999963]},"properties":{"OBJECTID":264,"Site_ID":"NSW324","Jurisdiction":"NSW","LGA":"Singleton","Site_Name":"Stanhope RFS","Site_Address":"Lot 1 Stanhope Rd, Stanhope NSW 2335","Public_Access":"No - Emergency Services Only"}},{"type":"Feature","id":265,"geometry":{"type":"Point","coordinates":[151.19647300000008,-32.608930999999984]},"properties":{"OBJECTID":265,"Site_ID":"NSW325","Jurisdiction":"NSW","LGA":"Singleton","Site_Name":"Whittingham RFS","Site_Address":"65 Range Rd Whittingham 2330","Public_Access":"No - Emergency Services Only"}},{"type":"Feature","id":266,"geometry":{"type":"Point","coordinates":[149.12169600000004,-36.240560999999957]},"properties":{"OBJECTID":266,"Site_ID":"NSW326","Jurisdiction":"NSW","LGA":"Snowy Monaro","Site_Name":"Cooma Showground","Site_Address":"10 Boundary St Cooma 2630","Public_Access":"Yes"}},{"type":"Feature","id":267,"geometry":{"type":"Point","coordinates":[148.62352300000009,-36.415102999999931]},"properties":{"OBJECTID":267,"Site_ID":"NSW327","Jurisdiction":"NSW","LGA":"Snowy Monaro","Site_Name":"Jindabyne Memorial Hall","Site_Address":"45 Kosciuszko Rd Jindabyne 2627","Public_Access":"Yes"}},{"type":"Feature","id":268,"geometry":{"type":"Point","coordinates":[148.82926000000009,-36.371009999999956]},"properties":{"OBJECTID":268,"Site_ID":"NSW328","Jurisdiction":"NSW","LGA":"Snowy Monaro","Site_Name":"Berridale Community Hall","Site_Address":"4 Myack St Berridale 2628","Public_Access":"Yes"}},{"type":"Feature","id":269,"geometry":{"type":"Point","coordinates":[149.23693500000002,-36.912192999999945]},"properties":{"OBJECTID":269,"Site_ID":"NSW329","Jurisdiction":"NSW","LGA":"Snowy Monaro","Site_Name":"Bombala Community Centre","Site_Address":"163 Maybe St Bombala 2632","Public_Access":"Yes"}},{"type":"Feature","id":270,"geometry":{"type":"Point","coordinates":[149.79104800000005,-35.450173999999947]},"properties":{"OBJECTID":270,"Site_ID":"NSW331","Jurisdiction":"NSW","LGA":"Queanbeyan-Palerang","Site_Name":"RFS Headquarters Bwd","Site_Address":"39 Gillamatong Lane Braidwood 2622","Public_Access":"No - Emergency Services Only"}},{"type":"Feature","id":271,"geometry":{"type":"Point","coordinates":[149.43972500000007,-35.261559999999974]},"properties":{"OBJECTID":271,"Site_ID":"NSW332","Jurisdiction":"NSW","LGA":"Queanbeyan-Palerang","Site_Name":"RFS/SES Headquarters Bungendore","Site_Address":"28 King St Bungendore 2621","Public_Access":"No - Emergency Services Only"}},{"type":"Feature","id":272,"geometry":{"type":"Point","coordinates":[149.7989070000001,-35.444630999999958]},"properties":{"OBJECTID":272,"Site_ID":"NSW333","Jurisdiction":"NSW","LGA":"Queanbeyan-Palerang","Site_Name":"National Theatre","Site_Address":"100 Wallace St Braidwood 2622","Public_Access":"Yes"}},{"type":"Feature","id":273,"geometry":{"type":"Point","coordinates":[151.00880000000006,-33.681549999999959]},"properties":{"OBJECTID":273,"Site_ID":"NSW334","Jurisdiction":"NSW","LGA":"The Hills","Site_Name":"The Hills Rural Fire Service District Office","Site_Address":"1 Angus Rd, Kenthurst NSW 2156","Public_Access":"No - Emergency Services Only"}},{"type":"Feature","id":274,"geometry":{"type":"Point","coordinates":[153.40083200000004,-28.326630999999963]},"properties":{"OBJECTID":274,"Site_ID":"NSW335","Jurisdiction":"NSW","LGA":"Tweed","Site_Name":"Tweed Shire Council Murwillumbah Auditorium","Site_Address":"10-14 Tumbulgum Rd, Murwillumbah NSW 2484","Public_Access":"Yes"}},{"type":"Feature","id":275,"geometry":{"type":"Point","coordinates":[153.5423770000001,-28.177199999999971]},"properties":{"OBJECTID":275,"Site_ID":"NSW336","Jurisdiction":"NSW","LGA":"Tweed","Site_Name":"Tweed Shire Council Civic Centre Auditorium","Site_Address":"17 Brett St, Tweed Heads NSW 2485","Public_Access":"Yes"}},{"type":"Feature","id":276,"geometry":{"type":"Point","coordinates":[153.27934000000005,-28.314709999999934]},"properties":{"OBJECTID":276,"Site_ID":"NSW337","Jurisdiction":"NSW","LGA":"Tweed","Site_Name":"Chillingham Public Hall","Site_Address":"3 Satinwood Pl, Chillingham NSW 2484","Public_Access":"Yes"}},{"type":"Feature","id":277,"geometry":{"type":"Point","coordinates":[153.56566500000008,-28.38696299999998]},"properties":{"OBJECTID":277,"Site_ID":"NSW338","Jurisdiction":"NSW","LGA":"Tweed","Site_Name":"Pottsville Beach Community Hall","Site_Address":"1 Tweed Coast Rd Pottsville 2489","Public_Access":"Yes"}},{"type":"Feature","id":278,"geometry":{"type":"Point","coordinates":[151.92258700000002,-31.238055999999972]},"properties":{"OBJECTID":278,"Site_ID":"NSW339","Jurisdiction":"NSW","LGA":"Walcha","Site_Name":"Yarrowitch Hall","Site_Address":"92 Upper Yarrowitch Rd Yarrowitch 2354","Public_Access":"Yes"}},{"type":"Feature","id":279,"geometry":{"type":"Point","coordinates":[151.71631100000002,-31.514035999999976]},"properties":{"OBJECTID":279,"Site_ID":"NSW340","Jurisdiction":"NSW","LGA":"Walcha","Site_Name":"Nowendoc Hall","Site_Address":"6452 Brackendale Rd, Nowendoc NSW 2354","Public_Access":"Yes"}},{"type":"Feature","id":280,"geometry":{"type":"Point","coordinates":[150.98649400000011,-33.38521099999997]},"properties":{"OBJECTID":280,"Site_ID":"NSW342","Jurisdiction":"NSW","LGA":"Hornsby","Site_Name":"Wisemans Ferry RFS Station","Site_Address":"5557 Old Northern Rd, Wisemans Ferry NSW 2775","Public_Access":"No - Emergency Services Only"}},{"type":"Feature","id":281,"geometry":{"type":"Point","coordinates":[151.00710800000002,-33.591980999999976]},"properties":{"OBJECTID":281,"Site_ID":"NSW343","Jurisdiction":"NSW","LGA":"The Hills","Site_Name":"Glenorie RFS Station","Site_Address":"2658 Old Northern Rd Glenorie 2157","Public_Access":"No - Emergency Services Only"}},{"type":"Feature","id":282,"geometry":{"type":"Point","coordinates":[150.95485600000006,-33.509166999999934]},"properties":{"OBJECTID":282,"Site_ID":"NSW344","Jurisdiction":"NSW","LGA":"The Hills","Site_Name":"Maroota South RFS Station","Site_Address":"965 Wisemans Ferry Rd, South Maroota NSW 2756","Public_Access":"No - Emergency Services Only"}},{"type":"Feature","id":283,"geometry":{"type":"Point","coordinates":[151.78270000000009,-32.587499999999977]},"properties":{"OBJECTID":283,"Site_ID":"NSW345","Jurisdiction":"NSW","LGA":"Dungog","Site_Name":"Clarence Town Sporting Reserve Facility","Site_Address":"Durham St, Clarence Town NSW 2321","Public_Access":"Yes"}},{"type":"Feature","id":284,"geometry":{"type":"Point","coordinates":[146.39087900000004,-35.998693999999944]},"properties":{"OBJECTID":284,"Site_ID":"NSW348","Jurisdiction":"NSW","LGA":"Federation","Site_Name":"Corowa Memorial Hall","Site_Address":"86-88 Sanger St, Corowa NSW 2646","Public_Access":"Yes"}},{"type":"Feature","id":285,"geometry":{"type":"Point","coordinates":[153.28624900000011,-28.990875999999957]},"properties":{"OBJECTID":285,"Site_ID":"NSW349","Jurisdiction":"NSW","LGA":"Richmond Valley","Site_Name":"Coraki SES Unit","Site_Address":"16-18 Adams St, Coraki NSW 2471","Public_Access":"No - Emergency Services Only"}},{"type":"Feature","id":286,"geometry":{"type":"Point","coordinates":[153.49493700000005,-28.545659999999941]},"properties":{"OBJECTID":286,"Site_ID":"NSW350","Jurisdiction":"NSW","LGA":"Byron","Site_Name":"Mullumbimby SES Unit","Site_Address":"33 Coolamon Scenic Dr, Mullumbimby NSW 2482","Public_Access":"No - Emergency Services Only"}},{"type":"Feature","id":287,"geometry":{"type":"Point","coordinates":[153.42913900000008,-29.01494299999996]},"properties":{"OBJECTID":287,"Site_ID":"NSW352","Jurisdiction":"NSW","LGA":"Richmond Valley","Site_Name":"Broadwater SES Unit","Site_Address":"81 Pacific Hwy, Broadwater NSW 2472","Public_Access":"No - Emergency Services Only"}},{"type":"Feature","id":288,"geometry":{"type":"Point","coordinates":[150.17726600000003,-35.705458999999962]},"properties":{"OBJECTID":288,"Site_ID":"NSW365","Jurisdiction":"NSW","LGA":"Eurobodalla","Site_Name":"Batemans Bay Community Hub","Site_Address":"3 Clyde St, Batemans Bay NSW 2536","Public_Access":"Yes"}},{"type":"Feature","id":289,"geometry":{"type":"Point","coordinates":[150.70491000000004,-35.131399999999928]},"properties":{"OBJECTID":289,"Site_ID":"NSW366","Jurisdiction":"NSW","LGA":"Unincorp. Other Territories","Site_Name":"Jervis Bay Primary School","Site_Address":"Dykes Av, Jervis Bay Territory NSW 2540","Public_Access":"Yes"}},{"type":"Feature","id":290,"geometry":{"type":"Point","coordinates":[151.57248900000002,-32.773007999999948]},"properties":{"OBJECTID":290,"Site_ID":"NSW901","Jurisdiction":"NSW","LGA":"Maitland","Site_Name":"East Maitland FCC","Site_Address":"110 Mount Vincent Rd, East Maitland NSW 2323","Public_Access":"No - Emergency Services Only"}},{"type":"Feature","id":291,"geometry":{"type":"Point","coordinates":[152.73395400000004,-31.463338999999962]},"properties":{"OBJECTID":291,"Site_ID":"NSW902","Jurisdiction":"NSW","LGA":"Port Macquarie-Hastings","Site_Name":"Wauchope FCC","Site_Address":"Lot 1, 108 Cameron St, Wauchope NSW 2446","Public_Access":"No - Emergency Services Only"}},{"type":"Feature","id":292,"geometry":{"type":"Point","coordinates":[151.15972000000011,-33.610946999999953]},"properties":{"OBJECTID":292,"Site_ID":"NSW903","Jurisdiction":"NSW","LGA":"Hornsby","Site_Name":"Hornsby FCC","Site_Address":"1049 Pacific Hwy, Cowan NSW 2081","Public_Access":"No - Emergency Services Only"}},{"type":"Feature","id":293,"geometry":{"type":"Point","coordinates":[150.79102400000011,-34.559376999999984]},"properties":{"OBJECTID":293,"Site_ID":"NSW904","Jurisdiction":"NSW","LGA":"Shellharbour","Site_Name":"Illawarra FCC","Site_Address":"37 Airport Rd, Albion Park Rail NSW 2527","Public_Access":"No - Emergency Services Only"}},{"type":"Feature","id":294,"geometry":{"type":"Point","coordinates":[151.49009100000012,-33.230224999999962]},"properties":{"OBJECTID":294,"Site_ID":"NSW905","Jurisdiction":"NSW","LGA":"Central Coast (NSW)","Site_Name":"Wyong FCC","Site_Address":"105 Arizona Rd, Charmhaven NSW 2263","Public_Access":"No - Emergency Services Only"}},{"type":"Feature","id":295,"geometry":{"type":"Point","coordinates":[151.72743300000002,-29.737019999999973]},"properties":{"OBJECTID":295,"Site_ID":"NSW906","Jurisdiction":"NSW","LGA":"Glen Innes Severn","Site_Name":"Glen Innes FCC","Site_Address":"100 Lambeth St, Glen Innes NSW 2370","Public_Access":"No - Emergency Services Only"}},{"type":"Feature","id":296,"geometry":{"type":"Point","coordinates":[153.05671900000004,-28.878755999999953]},"properties":{"OBJECTID":296,"Site_ID":"NSW907","Jurisdiction":"NSW","LGA":"Richmond Valley","Site_Name":"Casino FCC","Site_Address":"40 Neville Bienke Memorial Dr, Casino NSW 2470","Public_Access":"No - Emergency Services Only"}},{"type":"Feature","id":297,"geometry":{"type":"Point","coordinates":[149.83510600000011,-36.685667999999964]},"properties":{"OBJECTID":297,"Site_ID":"NSW908","Jurisdiction":"NSW","LGA":"Bega Valley","Site_Name":"Bega FCC","Site_Address":"Maher St, Bega NSW 2550","Public_Access":"No - Emergency Services Only"}},{"type":"Feature","id":298,"geometry":{"type":"Point","coordinates":[150.59064400000011,-34.89532399999996]},"properties":{"OBJECTID":298,"Site_ID":"NSW909","Jurisdiction":"NSW","LGA":"Shoalhaven","Site_Name":"Nowra FCC","Site_Address":"92 Albatross Rd, Nowra NSW 2541","Public_Access":"No - Emergency Services Only"}},{"type":"Feature","id":299,"geometry":{"type":"Point","coordinates":[152.8140820000001,-31.062373999999977]},"properties":{"OBJECTID":299,"Site_ID":"NSW910","Jurisdiction":"NSW","LGA":"Kempsey","Site_Name":"Kempsey FCC","Site_Address":"North St, West Kempsey NSW 2440","Public_Access":"No - Emergency Services Only"}},{"type":"Feature","id":300,"geometry":{"type":"Point","coordinates":[149.14973700000007,-36.225281999999936]},"properties":{"OBJECTID":300,"Site_ID":"NSW911","Jurisdiction":"NSW","LGA":"Snowy Monaro","Site_Name":"Cooma FCC","Site_Address":"11 Geebung St, Polo Flat NSW 2630","Public_Access":"No - Emergency Services Only"}},{"type":"Feature","id":301,"geometry":{"type":"Point","coordinates":[153.12080800000001,-30.312101999999982]},"properties":{"OBJECTID":301,"Site_ID":"NSW912","Jurisdiction":"NSW","LGA":"Coffs Harbour","Site_Name":"Coffs Harbour FCC","Site_Address":"1 Aviation Dr, Coffs Harbour NSW 2450","Public_Access":"No - Emergency Services Only"}},{"type":"Feature","id":302,"geometry":{"type":"Point","coordinates":[131.10884500000009,-13.237009999999941]},"properties":{"OBJECTID":302,"Site_ID":"NT001","Jurisdiction":"NT","LGA":"Coomalie","Site_Name":"Adelaide River School","Site_Address":"31 Memorial Tce Adelaide River 846","Public_Access":"Yes"}},{"type":"Feature","id":303,"geometry":{"type":"Point","coordinates":[136.42012100000011,-13.849725999999976]},"properties":{"OBJECTID":303,"Site_ID":"NT002","Jurisdiction":"NT","LGA":"Unincorporated NT","Site_Name":"Alyangula Area School","Site_Address":"Ayawarra Cr, Alyangula NT 885","Public_Access":"Yes"}},{"type":"Feature","id":304,"geometry":{"type":"Point","coordinates":[136.81270300000006,-13.859393999999952]},"properties":{"OBJECTID":304,"Site_ID":"NT003","Jurisdiction":"NT","LGA":"Groote Archipelago","Site_Name":"Alyarrmandumanja Umbakumba School","Site_Address":"38 Mamarika Rd, Umbakumba NT 822","Public_Access":"Yes"}},{"type":"Feature","id":305,"geometry":{"type":"Point","coordinates":[129.61806600000011,-16.427547999999945]},"properties":{"OBJECTID":305,"Site_ID":"NT004","Jurisdiction":"NT","LGA":"Victoria Daly","Site_Name":"Amanbidji School","Site_Address":"Amanbidji","Public_Access":"Yes"}},{"type":"Feature","id":306,"geometry":{"type":"Point","coordinates":[136.45933000000002,-13.98252999999994]},"properties":{"OBJECTID":306,"Site_ID":"NT005","Jurisdiction":"NT","LGA":"Groote Archipelago","Site_Name":"Angurugu School","Site_Address":"Lot 443 Angurugu Comm, Angurugu NT 822","Public_Access":"Yes"}},{"type":"Feature","id":307,"geometry":{"type":"Point","coordinates":[136.22584600000005,-13.200525999999968]},"properties":{"OBJECTID":307,"Site_ID":"NT006","Jurisdiction":"NT","LGA":"East Arnhem","Site_Name":"Baniyala Garrangali School","Site_Address":"22730 Central Arnhem Rd, West Arnhem NT 822","Public_Access":"Yes"}},{"type":"Feature","id":308,"geometry":{"type":"Point","coordinates":[131.02643200000011,-13.046536999999944]},"properties":{"OBJECTID":308,"Site_ID":"NT007","Jurisdiction":"NT","LGA":"Coomalie","Site_Name":"Batchelor Outdoor Education Centre","Site_Address":"6 Cutler Pl Batchelor 845","Public_Access":"Yes"}},{"type":"Feature","id":309,"geometry":{"type":"Point","coordinates":[136.30648100000008,-16.058126999999956]},"properties":{"OBJECTID":309,"Site_ID":"NT009","Jurisdiction":"NT","LGA":"Roper Gulf","Site_Name":"Borroloola School","Site_Address":"321 Robinson Rd Borroloola 854","Public_Access":"Yes"}},{"type":"Feature","id":310,"geometry":{"type":"Point","coordinates":[130.03969200000006,-15.769042999999954]},"properties":{"OBJECTID":310,"Site_ID":"NT010","Jurisdiction":"NT","LGA":"Victoria Daly","Site_Name":"Bulla Camp School","Site_Address":"2 Juluma Rd, Baines NT 852","Public_Access":"Yes"}},{"type":"Feature","id":311,"geometry":{"type":"Point","coordinates":[130.37837400000001,-12.75140399999998]},"properties":{"OBJECTID":311,"Site_ID":"NT011","Jurisdiction":"NT","LGA":"Unincorporated NT","Site_Name":"Dundee Beach School","Site_Address":"500 Namarada Dr, Dundee Beach NT 840","Public_Access":"Yes"}},{"type":"Feature","id":312,"geometry":{"type":"Point","coordinates":[135.90385600000002,-11.759858999999949]},"properties":{"OBJECTID":312,"Site_ID":"NT013","Jurisdiction":"NT","LGA":"East Arnhem","Site_Name":"Gäwa Christian School","Site_Address":"Gawa Rd, East Arnhem NT 822","Public_Access":"Yes"}},{"type":"Feature","id":313,"geometry":{"type":"Point","coordinates":[132.83534000000009,-12.675769999999943]},"properties":{"OBJECTID":313,"Site_ID":"NT015","Jurisdiction":"NT","LGA":"West Arnhem","Site_Name":"Jabiru Area School","Site_Address":"40 Waterhouse Rd Jabiru 886","Public_Access":"Yes"}},{"type":"Feature","id":314,"geometry":{"type":"Point","coordinates":[132.57727700000009,-11.148476999999957]},"properties":{"OBJECTID":314,"Site_ID":"NT016","Jurisdiction":"NT","LGA":"West Arnhem","Site_Name":"Mamaruni School","Site_Address":"12 Sheperdson Rd, Minjilang NT 0822","Public_Access":"Yes"}},{"type":"Feature","id":315,"geometry":{"type":"Point","coordinates":[134.22333000000003,-12.050409999999943]},"properties":{"OBJECTID":315,"Site_ID":"NT017","Jurisdiction":"NT","LGA":"West Arnhem","Site_Name":"Maningrida School","Site_Address":"Maningrida Internal, Maningrida NT 822","Public_Access":"Yes"}},{"type":"Feature","id":316,"geometry":{"type":"Point","coordinates":[135.43749100000002,-12.252626999999961]},"properties":{"OBJECTID":316,"Site_ID":"NT018","Jurisdiction":"NT","LGA":"East Arnhem","Site_Name":"Mäpuru Yirralka College","Site_Address":"15 Dhupuma Rd, East Arnhem NT 822","Public_Access":"Yes"}},{"type":"Feature","id":317,"geometry":{"type":"Point","coordinates":[131.31554200000005,-12.575890999999956]},"properties":{"OBJECTID":317,"Site_ID":"NT019","Jurisdiction":"NT","LGA":"Litchfield","Site_Name":"Middle Point School","Site_Address":"615 Anzac Pde Middle Point 822","Public_Access":"Yes"}},{"type":"Feature","id":318,"geometry":{"type":"Point","coordinates":[130.67244300000004,-11.419458999999961]},"properties":{"OBJECTID":318,"Site_ID":"NT020","Jurisdiction":"NT","LGA":"Tiwi Islands","Site_Name":"Milikapiti School","Site_Address":"Lot 261 Milikapiti Cmmn, Milikapiti NT 822","Public_Access":"Yes"}},{"type":"Feature","id":319,"geometry":{"type":"Point","coordinates":[130.63946700000008,-11.756797999999947]},"properties":{"OBJECTID":319,"Site_ID":"NT023","Jurisdiction":"NT","LGA":"Tiwi Islands","Site_Name":"Murrupurtiyanuwu Catholic Primary School","Site_Address":"Lot 854 Puruntatameri Lane, Wurrumiyanga NT 822","Public_Access":"Yes"}},{"type":"Feature","id":320,"geometry":{"type":"Point","coordinates":[130.32526900000005,-14.170080999999982]},"properties":{"OBJECTID":320,"Site_ID":"NT024","Jurisdiction":"NT","LGA":"West Daly","Site_Name":"Nganambala School","Site_Address":"1637 Emu Point Access Rd Nemarluk 822","Public_Access":"Yes"}},{"type":"Feature","id":321,"geometry":{"type":"Point","coordinates":[129.8818960000001,-14.352657999999963]},"properties":{"OBJECTID":321,"Site_ID":"NT025","Jurisdiction":"NT","LGA":"West Daly","Site_Name":"Nganmarriyanga School","Site_Address":"Lot 39 Palumpa Accs, Nganmarriyanga NT 822","Public_Access":"Yes"}},{"type":"Feature","id":322,"geometry":{"type":"Point","coordinates":[134.7329400000001,-14.72849999999994]},"properties":{"OBJECTID":322,"Site_ID":"NT026","Jurisdiction":"NT","LGA":"Roper Gulf","Site_Name":"Ngukurr School","Site_Address":"Lot 1 Ngukurr Rd, Ngukurr NT 852","Public_Access":"Yes"}},{"type":"Feature","id":323,"geometry":{"type":"Point","coordinates":[136.79099500000007,-12.189005999999949]},"properties":{"OBJECTID":323,"Site_ID":"NT027","Jurisdiction":"NT","LGA":"Unincorporated NT","Site_Name":"Nhulunbuy Christian School","Site_Address":"Eugenia Av, Nhulunbuy NT 880","Public_Access":"Yes"}},{"type":"Feature","id":324,"geometry":{"type":"Point","coordinates":[136.78327100000001,-12.186687999999947]},"properties":{"OBJECTID":324,"Site_ID":"NT028","Jurisdiction":"NT","LGA":"Unincorporated NT","Site_Name":"Nhulunbuy High School","Site_Address":"20 Matthew Flinders Way, Nhulunbuy NT 0880","Public_Access":"Yes"}},{"type":"Feature","id":325,"geometry":{"type":"Point","coordinates":[136.78489000000002,-12.182485999999926]},"properties":{"OBJECTID":325,"Site_ID":"NT029","Jurisdiction":"NT","LGA":"Unincorporated NT","Site_Name":"Nhulunbuy Primary School","Site_Address":"Chesterfield Cct, Nhulunbuy NT 0880","Public_Access":"Yes"}},{"type":"Feature","id":326,"geometry":{"type":"Point","coordinates":[135.74091400000009,-14.278332999999975]},"properties":{"OBJECTID":326,"Site_ID":"NT030","Jurisdiction":"NT","LGA":"Roper Gulf","Site_Name":"Numbulwar School","Site_Address":"68 Numbulwar Numbulwar 822","Public_Access":"Yes"}},{"type":"Feature","id":327,"geometry":{"type":"Point","coordinates":[129.52193000000011,-14.242975999999942]},"properties":{"OBJECTID":327,"Site_ID":"NT031","Jurisdiction":"NT","LGA":"West Daly","Site_Name":"Olsh Thamarrurr Catholic College","Site_Address":"1 Perdjert St Wadeye 822","Public_Access":"Yes"}},{"type":"Feature","id":328,"geometry":{"type":"Point","coordinates":[130.07685800000002,-14.149669999999958]},"properties":{"OBJECTID":328,"Site_ID":"NT032","Jurisdiction":"NT","LGA":"West Daly","Site_Name":"Peppimenarti School","Site_Address":"31 Peppimenarti Trk Peppimenarti 822","Public_Access":"Yes"}},{"type":"Feature","id":329,"geometry":{"type":"Point","coordinates":[130.41731300000004,-11.403561999999965]},"properties":{"OBJECTID":329,"Site_ID":"NT033","Jurisdiction":"NT","LGA":"Tiwi Islands","Site_Name":"Pularumpi School","Site_Address":"Lot 263 Pirlangimpi Rd, Pirlangimpi NT 822","Public_Access":"Yes"}},{"type":"Feature","id":330,"geometry":{"type":"Point","coordinates":[134.92619200000001,-12.326307999999926]},"properties":{"OBJECTID":330,"Site_ID":"NT034","Jurisdiction":"NT","LGA":"East Arnhem","Site_Name":"Ramingining School","Site_Address":"125 Lewangu Dr, Ramingining NT 822","Public_Access":"Yes"}},{"type":"Feature","id":331,"geometry":{"type":"Point","coordinates":[136.98052000000007,-16.75946399999998]},"properties":{"OBJECTID":331,"Site_ID":"NT035","Jurisdiction":"NT","LGA":"Roper Gulf","Site_Name":"Robinson River School","Site_Address":"Carew Rd Mataranka 852","Public_Access":"Yes"}},{"type":"Feature","id":332,"geometry":{"type":"Point","coordinates":[135.56757000000005,-12.02855999999997]},"properties":{"OBJECTID":332,"Site_ID":"NT036","Jurisdiction":"NT","LGA":"East Arnhem","Site_Name":"Shepherdson College","Site_Address":"Wakirana St, Galiwinku NT 822","Public_Access":"Yes"}},{"type":"Feature","id":333,"geometry":{"type":"Point","coordinates":[130.68812900000012,-13.750246999999945]},"properties":{"OBJECTID":333,"Site_ID":"NT037","Jurisdiction":"NT","LGA":"Victoria Daly","Site_Name":"St Francis Xavier Catholic School","Site_Address":"7333 Daly River Rd Nauiyu 822","Public_Access":"Yes"}},{"type":"Feature","id":334,"geometry":{"type":"Point","coordinates":[130.46513000000004,-15.648099999999943]},"properties":{"OBJECTID":334,"Site_ID":"NT038","Jurisdiction":"NT","LGA":"Victoria Daly","Site_Name":"Timber Creek School","Site_Address":"62 Wilson St, Timber Creek NT 852","Public_Access":"Yes"}},{"type":"Feature","id":335,"geometry":{"type":"Point","coordinates":[131.04168000000004,-13.733349999999973]},"properties":{"OBJECTID":335,"Site_ID":"NT039","Jurisdiction":"NT","LGA":"Victoria Daly","Site_Name":"Tipperary Station School","Site_Address":"Daly River Rd Tipperary 822","Public_Access":"Yes"}},{"type":"Feature","id":336,"geometry":{"type":"Point","coordinates":[130.89046100000007,-11.763074999999958]},"properties":{"OBJECTID":336,"Site_ID":"NT040","Jurisdiction":"NT","LGA":"Tiwi Islands","Site_Name":"Tiwi College","Site_Address":"Pickertaramoor, Tiwi Islands NT 822","Public_Access":"Yes"}},{"type":"Feature","id":337,"geometry":{"type":"Point","coordinates":[134.56407500000012,-14.710247999999979]},"properties":{"OBJECTID":337,"Site_ID":"NT041","Jurisdiction":"NT","LGA":"Roper Gulf","Site_Name":"Urapunga School","Site_Address":"Rittarangu St Wilton 852","Public_Access":"Yes"}},{"type":"Feature","id":338,"geometry":{"type":"Point","coordinates":[133.38928700000008,-11.647314999999935]},"properties":{"OBJECTID":338,"Site_ID":"NT042","Jurisdiction":"NT","LGA":"West Arnhem","Site_Name":"Warruwi School","Site_Address":"Warruwi Internal Rd, Warruwi NT 822","Public_Access":"Yes"}},{"type":"Feature","id":339,"geometry":{"type":"Point","coordinates":[130.65443100000005,-13.098818999999935]},"properties":{"OBJECTID":339,"Site_ID":"NT043","Jurisdiction":"NT","LGA":"Unincorporated NT","Site_Name":"Woolaning School","Site_Address":"5485 Litchfield Park Rd Rakula 822","Public_Access":"Yes"}},{"type":"Feature","id":340,"geometry":{"type":"Point","coordinates":[130.68079100000011,-13.711453999999947]},"properties":{"OBJECTID":340,"Site_ID":"NT044","Jurisdiction":"NT","LGA":"Victoria Daly","Site_Name":"Woolianna School","Site_Address":"496 Wooliana Rd Daly River 822","Public_Access":"Yes"}},{"type":"Feature","id":341,"geometry":{"type":"Point","coordinates":[130.63796500000001,-11.757608999999945]},"properties":{"OBJECTID":341,"Site_ID":"NT045","Jurisdiction":"NT","LGA":"Tiwi Islands","Site_Name":"Xavier Catholic College","Site_Address":"Lot 854 Puruntatameri Lane, Wurrumiyanga NT 822","Public_Access":"Yes"}},{"type":"Feature","id":342,"geometry":{"type":"Point","coordinates":[136.88800000000003,-12.252799999999979]},"properties":{"OBJECTID":342,"Site_ID":"NT046","Jurisdiction":"NT","LGA":"East Arnhem","Site_Name":"Laynhapuy Homelands School","Site_Address":"Galpu Rd, Yirrkala NT 880","Public_Access":"Yes"}},{"type":"Feature","id":343,"geometry":{"type":"Point","coordinates":[136.89452000000006,-12.251889999999946]},"properties":{"OBJECTID":343,"Site_ID":"NT047","Jurisdiction":"NT","LGA":"East Arnhem","Site_Name":"Yirrkala School","Site_Address":"Rankine Rd, Yirrkala NT 880","Public_Access":"Yes"}},{"type":"Feature","id":344,"geometry":{"type":"Point","coordinates":[135.22491400000001,-21.65375599999993]},"properties":{"OBJECTID":344,"Site_ID":"NT049","Jurisdiction":"NT","LGA":"Barkly","Site_Name":"Ampilatwatja School","Site_Address":"6 School Rd, Ampilatwatja NT 872","Public_Access":"Yes"}},{"type":"Feature","id":345,"geometry":{"type":"Point","coordinates":[130.83208400000001,-17.446033999999941]},"properties":{"OBJECTID":345,"Site_ID":"NT050","Jurisdiction":"NT","LGA":"Victoria Daly","Site_Name":"Kalkaringi School","Site_Address":"Kalkarindji Int, Kalkarindji NT 0852","Public_Access":"Yes"}},{"type":"Feature","id":346,"geometry":{"type":"Point","coordinates":[134.37497600000006,-24.129463999999928]},"properties":{"OBJECTID":346,"Site_ID":"NT051","Jurisdiction":"NT","LGA":"MacDonnell","Site_Name":"Ltyentye Apurte Catholic School","Site_Address":"35 Church St, Santa Teresa NT 872","Public_Access":"Yes"}},{"type":"Feature","id":347,"geometry":{"type":"Point","coordinates":[134.07331000000011,-24.672439999999938]},"properties":{"OBJECTID":347,"Site_ID":"NT052","Jurisdiction":"NT","LGA":"MacDonnell","Site_Name":"Titjikala School","Site_Address":"Ghan Heritage Rd, Titjikala NT 872","Public_Access":"Yes"}},{"type":"Feature","id":348,"geometry":{"type":"Point","coordinates":[129.38798300000008,-23.277193999999952]},"properties":{"OBJECTID":348,"Site_ID":"NT053","Jurisdiction":"NT","LGA":"MacDonnell","Site_Name":"Walunguru School","Site_Address":"10 Tjintirrtjintirrpa St, Kintore NT 872","Public_Access":"Yes"}},{"type":"Feature","id":349,"geometry":{"type":"Point","coordinates":[129.38933700000007,-23.276712999999972]},"properties":{"OBJECTID":349,"Site_ID":"NT054","Jurisdiction":"NT","LGA":"MacDonnell","Site_Name":"Yirara College - Kintore Campus","Site_Address":"5 Tjintirrtjintirrpa St, Kintore NT 872","Public_Access":"Yes"}},{"type":"Feature","id":350,"geometry":{"type":"Point","coordinates":[136.45863700000007,-13.982663999999943]},"properties":{"OBJECTID":350,"Site_ID":"NT059","Jurisdiction":"NT","LGA":"Groote Archipelago","Site_Name":"Angurugu Trade Training Centre","Site_Address":"Angurugu Community Rd, Angurugu NT 822","Public_Access":"Yes"}},{"type":"Feature","id":351,"geometry":{"type":"Point","coordinates":[130.74861300000009,-12.435300999999981]},"properties":{"OBJECTID":351,"Site_ID":"NT066","Jurisdiction":"NT","LGA":"Wagait","Site_Name":"Wagait Beach Community Centre","Site_Address":"142 Wagait Tower Rd, Wagait Beach NT 822","Public_Access":"Yes"}},{"type":"Feature","id":352,"geometry":{"type":"Point","coordinates":[133.05562000000009,-12.322334999999953]},"properties":{"OBJECTID":352,"Site_ID":"NT067","Jurisdiction":"NT","LGA":"West Arnhem","Site_Name":"Gunbalanya Youth Centre","Site_Address":"Lot 639 Gunbalanya Internal, Gunbalanya NT 0822","Public_Access":"Yes"}},{"type":"Feature","id":353,"geometry":{"type":"Point","coordinates":[134.89283900000009,-12.092927999999972]},"properties":{"OBJECTID":353,"Site_ID":"NT068","Jurisdiction":"NT","LGA":"East Arnhem","Site_Name":"Milingimbi Cyclone Shelter","Site_Address":"Milingimbi, Milingimbi NT 0822","Public_Access":"Yes"}},{"type":"Feature","id":354,"geometry":{"type":"Point","coordinates":[136.19551200000001,-13.782262999999944]},"properties":{"OBJECTID":354,"Site_ID":"NT069","Jurisdiction":"NT","LGA":"Groote Archipelago","Site_Name":"Milyakburra Community Centre Cyclone Shelter","Site_Address":"Lot 77 Milyakburra, Milyakburra NT 0822","Public_Access":"Yes"}},{"type":"Feature","id":355,"geometry":{"type":"Point","coordinates":[136.78703200000007,-12.184926999999959]},"properties":{"OBJECTID":355,"Site_ID":"NT901","Jurisdiction":"NT","LGA":"Unincorporated NT","Site_Name":"Nhulunbuy Police Station","Site_Address":"18 Matthew Flinders Way, Nhulunbuy NT 0880","Public_Access":"No - Emergency Services Only"}},{"type":"Feature","id":356,"geometry":{"type":"Point","coordinates":[134.93252800000005,-12.327598999999964]},"properties":{"OBJECTID":356,"Site_ID":"NT902","Jurisdiction":"NT","LGA":"East Arnhem","Site_Name":"Ramingining Police Station","Site_Address":"305 Dingbulu Rd, Ramingining NT 0822","Public_Access":"No - Emergency Services Only"}},{"type":"Feature","id":357,"geometry":{"type":"Point","coordinates":[135.80661400000008,-12.499551999999937]},"properties":{"OBJECTID":357,"Site_ID":"NT903","Jurisdiction":"NT","LGA":"East Arnhem","Site_Name":"Gapuwiyak Police Station","Site_Address":"Gapuwiyak Rd, Gapuwiyak NT 0880","Public_Access":"No - Emergency Services Only"}},{"type":"Feature","id":358,"geometry":{"type":"Point","coordinates":[130.63874700000008,-11.759715999999969]},"properties":{"OBJECTID":358,"Site_ID":"NT904","Jurisdiction":"NT","LGA":"Tiwi Islands","Site_Name":"Wurrumiyanga Police Station","Site_Address":"Lot 703 Munkanome Street, Wurrumiyanga NT 0822","Public_Access":"No - Emergency Services Only"}},{"type":"Feature","id":359,"geometry":{"type":"Point","coordinates":[134.22642000000008,-12.047978999999941]},"properties":{"OBJECTID":359,"Site_ID":"NT905","Jurisdiction":"NT","LGA":"West Arnhem","Site_Name":"Manigrida Police Station","Site_Address":"Maningrida NT 0822","Public_Access":"No - Emergency Services Only"}},{"type":"Feature","id":360,"geometry":{"type":"Point","coordinates":[150.07548600000007,-24.950157999999931]},"properties":{"OBJECTID":360,"Site_ID":"QLD001","Jurisdiction":"QLD","LGA":"Banana","Site_Name":"Theodore RSL Hall","Site_Address":"30 The Boulevard Theodore 4719","Public_Access":"Yes"}},{"type":"Feature","id":361,"geometry":{"type":"Point","coordinates":[151.95165500000007,-24.988504999999975]},"properties":{"OBJECTID":361,"Site_ID":"QLD002","Jurisdiction":"QLD","LGA":"Bundaberg","Site_Name":"Gin Gin Showgrounds","Site_Address":"14 King St, Gin Gin QLD 4671","Public_Access":"Yes"}},{"type":"Feature","id":362,"geometry":{"type":"Point","coordinates":[152.27434100000005,-25.231764999999939]},"properties":{"OBJECTID":362,"Site_ID":"QLD003","Jurisdiction":"QLD","LGA":"Bundaberg","Site_Name":"Childers Showgrounds ","Site_Address":"5 Ridgway St, Childers QLD 4660","Public_Access":"Yes"}},{"type":"Feature","id":363,"geometry":{"type":"Point","coordinates":[139.54673000000003,-17.74178999999998]},"properties":{"OBJECTID":363,"Site_ID":"QLD004","Jurisdiction":"QLD","LGA":"Burke","Site_Name":"Nijinda Durlga","Site_Address":"20 32 Sloman St Burketown 4830","Public_Access":"Yes"}},{"type":"Feature","id":364,"geometry":{"type":"Point","coordinates":[141.07594600000004,-17.68171899999993]},"properties":{"OBJECTID":364,"Site_ID":"QLD005","Jurisdiction":"QLD","LGA":"Carpentaria","Site_Name":"Normanton Council Depot","Site_Address":"15-19 Old Croydon Rd, Normanton QLD 4890","Public_Access":"Yes"}},{"type":"Feature","id":365,"geometry":{"type":"Point","coordinates":[148.02436800000009,-23.08774399999993]},"properties":{"OBJECTID":365,"Site_ID":"QLD006","Jurisdiction":"QLD","LGA":"Central Highlands (Qld)","Site_Name":"Capella Cultural Centre","Site_Address":"89 Gregory Hwy Capella 4723","Public_Access":"Yes"}},{"type":"Feature","id":366,"geometry":{"type":"Point","coordinates":[150.74659500000007,-23.127893999999969]},"properties":{"OBJECTID":366,"Site_ID":"QLD007","Jurisdiction":"QLD","LGA":"Livingstone","Site_Name":"Yeppoon Town Hall","Site_Address":"25 Normanby St Yeppoon 4703","Public_Access":"Yes"}},{"type":"Feature","id":367,"geometry":{"type":"Point","coordinates":[146.24087400000008,-26.400316999999973]},"properties":{"OBJECTID":367,"Site_ID":"QLD008","Jurisdiction":"QLD","LGA":"Murweh","Site_Name":"Murweh Shire Council Office","Site_Address":"95 101 Alfred St Charleville 4470","Public_Access":"Yes"}},{"type":"Feature","id":368,"geometry":{"type":"Point","coordinates":[145.87647200000004,-16.90983099999994]},"properties":{"OBJECTID":368,"Site_ID":"QLD009","Jurisdiction":"QLD","LGA":"Yarrabah","Site_Name":"State Emergency Service","Site_Address":"106 Workshop Rd, Yarrabah QLD 4871","Public_Access":"Yes"}},{"type":"Feature","id":369,"geometry":{"type":"Point","coordinates":[146.0337780000001,-17.517777999999964]},"properties":{"OBJECTID":369,"Site_ID":"QLD010","Jurisdiction":"QLD","LGA":"Cassowary Coast","Site_Name":"Cassowary Coast Local Disaster Coordination Centre","Site_Address":"11 Flying Fish Point Rd Innisfail Estate 4860","Public_Access":"Yes"}},{"type":"Feature","id":370,"geometry":{"type":"Point","coordinates":[145.4869920000001,-17.25998199999998]},"properties":{"OBJECTID":370,"Site_ID":"QLD011","Jurisdiction":"QLD","LGA":"Tablelands","Site_Name":"Atherton State High School ","Site_Address":"30-90 Maunds Rd, Atherton QLD 4883","Public_Access":"Yes"}},{"type":"Feature","id":371,"geometry":{"type":"Point","coordinates":[151.56054100000006,-24.327918999999952]},"properties":{"OBJECTID":371,"Site_ID":"QLD012","Jurisdiction":"QLD","LGA":"Gladstone","Site_Name":"Miriam Vale","Site_Address":"41 Blomfield St Miriam Vale 4677","Public_Access":"Yes"}},{"type":"Feature","id":372,"geometry":{"type":"Point","coordinates":[151.25452400000006,-23.841066999999953]},"properties":{"OBJECTID":372,"Site_ID":"QLD013","Jurisdiction":"QLD","LGA":"Gladstone","Site_Name":"Gladstone Entertainment & Convention Centre","Site_Address":"56 Goondoon St Gladstone Central 4680","Public_Access":"Yes"}},{"type":"Feature","id":373,"geometry":{"type":"Point","coordinates":[153.38208000000009,-28.076552999999933]},"properties":{"OBJECTID":373,"Site_ID":"QLD014","Jurisdiction":"QLD","LGA":"Gold Coast","Site_Name":"Robina Auditorium","Site_Address":"196 Robina Town Centre Dr Robina 4226","Public_Access":"Yes"}},{"type":"Feature","id":374,"geometry":{"type":"Point","coordinates":[153.43598000000009,-28.046059999999954]},"properties":{"OBJECTID":374,"Site_ID":"QLD015","Jurisdiction":"QLD","LGA":"Gold Coast","Site_Name":"Mermaid Beach Community Centre","Site_Address":"2439 Gold Coast Hwy Mermaid Beach 4218","Public_Access":"Yes"}},{"type":"Feature","id":375,"geometry":{"type":"Point","coordinates":[153.24568600000009,-27.762756999999965]},"properties":{"OBJECTID":375,"Site_ID":"QLD016","Jurisdiction":"QLD","LGA":"Gold Coast","Site_Name":"Ormeau Community Centre","Site_Address":"3 Cuthbert Dr, Ormeau QLD 4208","Public_Access":"Yes"}},{"type":"Feature","id":376,"geometry":{"type":"Point","coordinates":[153.33685700000012,-27.918386999999939]},"properties":{"OBJECTID":376,"Site_ID":"QLD017","Jurisdiction":"QLD","LGA":"Gold Coast","Site_Name":"Helensvale Community Centre","Site_Address":"31 37 Discovery Dr Helensvale 4212","Public_Access":"Yes"}},{"type":"Feature","id":377,"geometry":{"type":"Point","coordinates":[153.31975000000011,-27.865569999999934]},"properties":{"OBJECTID":377,"Site_ID":"QLD018","Jurisdiction":"QLD","LGA":"Gold Coast","Site_Name":"Coomera Indoor Sports Centre","Site_Address":"35 Beattie Rd Coomera 4209","Public_Access":"Yes"}},{"type":"Feature","id":378,"geometry":{"type":"Point","coordinates":[153.40235000000007,-28.152189999999962]},"properties":{"OBJECTID":378,"Site_ID":"QLD019","Jurisdiction":"QLD","LGA":"Gold Coast","Site_Name":"Tallebudgera Valley Community Centre","Site_Address":"611 Tallebudgera Creek Rd Tallebudgera Valley 4228","Public_Access":"Yes"}},{"type":"Feature","id":379,"geometry":{"type":"Point","coordinates":[153.33874600000001,-27.98488599999996]},"properties":{"OBJECTID":379,"Site_ID":"QLD020","Jurisdiction":"QLD","LGA":"Gold Coast","Site_Name":"Nerang Bicentennial Community Centre","Site_Address":"833 Southport Nerang Rd Nerang 4211","Public_Access":"Yes"}},{"type":"Feature","id":380,"geometry":{"type":"Point","coordinates":[153.30426000000011,-27.869149999999934]},"properties":{"OBJECTID":380,"Site_ID":"QLD021","Jurisdiction":"QLD","LGA":"Gold Coast","Site_Name":"Upper Coomera Centre","Site_Address":"90 Reserve Rd Upper Coomera 4209","Public_Access":"Yes"}},{"type":"Feature","id":381,"geometry":{"type":"Point","coordinates":[139.25736000000006,-18.647599999999954]},"properties":{"OBJECTID":381,"Site_ID":"QLD022","Jurisdiction":"QLD","LGA":"Burke","Site_Name":"Gregory Townhall","Site_Address":"11 Wills Developmental Rd Gregory 4830","Public_Access":"Yes"}},{"type":"Feature","id":382,"geometry":{"type":"Point","coordinates":[146.28875500000004,-18.583485999999937]},"properties":{"OBJECTID":382,"Site_ID":"QLD023","Jurisdiction":"QLD","LGA":"Hinchinbrook","Site_Name":"Halifax Hall","Site_Address":"15 Argaet St Halifax 4850","Public_Access":"Yes"}},{"type":"Feature","id":383,"geometry":{"type":"Point","coordinates":[152.39759100000003,-27.613388999999984]},"properties":{"OBJECTID":383,"Site_ID":"QLD024","Jurisdiction":"QLD","LGA":"Lockyer Valley","Site_Name":"Laidley Cultural Centre","Site_Address":"3 Laidley Plainland Rd, Laidley North QLD 4341","Public_Access":"Yes"}},{"type":"Feature","id":384,"geometry":{"type":"Point","coordinates":[152.27794900000004,-27.557479999999941]},"properties":{"OBJECTID":384,"Site_ID":"QLD025","Jurisdiction":"QLD","LGA":"Lockyer Valley","Site_Name":"Gatton Shire Hall","Site_Address":"52 North St, Gatton QLD 4343","Public_Access":"Yes"}},{"type":"Feature","id":385,"geometry":{"type":"Point","coordinates":[149.06249900000012,-21.164089999999931]},"properties":{"OBJECTID":385,"Site_ID":"QLD026","Jurisdiction":"QLD","LGA":"Mackay","Site_Name":"Tommy Webster Memorial Hall","Site_Address":"22 Bold St Walkerston 4751","Public_Access":"Yes"}},{"type":"Feature","id":386,"geometry":{"type":"Point","coordinates":[152.77830000000006,-26.954184999999939]},"properties":{"OBJECTID":386,"Site_ID":"QLD027","Jurisdiction":"QLD","LGA":"Moreton Bay","Site_Name":"Woodford Memorial Hall","Site_Address":"103 Archer St, Woodford QLD 4514","Public_Access":"Yes"}},{"type":"Feature","id":387,"geometry":{"type":"Point","coordinates":[153.17586100000005,-27.081143999999938]},"properties":{"OBJECTID":387,"Site_ID":"QLD028","Jurisdiction":"QLD","LGA":"Moreton Bay","Site_Name":"Bribie Island Recreation Hall","Site_Address":"156 First Av, Bongaree QLD 4507","Public_Access":"Yes"}},{"type":"Feature","id":388,"geometry":{"type":"Point","coordinates":[152.95031000000006,-27.084505999999976]},"properties":{"OBJECTID":388,"Site_ID":"QLD029","Jurisdiction":"QLD","LGA":"Moreton Bay","Site_Name":"Caboolture Memorial Hall","Site_Address":"61-65 King St, Caboolture QLD 4510","Public_Access":"Yes"}},{"type":"Feature","id":389,"geometry":{"type":"Point","coordinates":[147.39395200000001,-19.564519999999959]},"properties":{"OBJECTID":389,"Site_ID":"QLD030","Jurisdiction":"QLD","LGA":"Burdekin","Site_Name":"Ayr Showgrounds","Site_Address":"9-21 Edwards St, Ayr QLD 4807","Public_Access":"Yes"}},{"type":"Feature","id":390,"geometry":{"type":"Point","coordinates":[139.49884500000007,-20.718035999999927]},"properties":{"OBJECTID":390,"Site_ID":"QLD031","Jurisdiction":"QLD","LGA":"Mount Isa","Site_Name":"Buchanan Park","Site_Address":"108 Simpson St Winston 4825","Public_Access":"Yes"}},{"type":"Feature","id":391,"geometry":{"type":"Point","coordinates":[139.4899200000001,-20.725919999999974]},"properties":{"OBJECTID":391,"Site_ID":"QLD032","Jurisdiction":"QLD","LGA":"Mount Isa","Site_Name":"Mount Isa City Council Administration Building","Site_Address":"23 West St Mount Isa City 4825","Public_Access":"Yes"}},{"type":"Feature","id":392,"geometry":{"type":"Point","coordinates":[138.1205010000001,-19.921240999999952]},"properties":{"OBJECTID":392,"Site_ID":"QLD033","Jurisdiction":"QLD","LGA":"Mount Isa","Site_Name":"Camooweal Hall","Site_Address":"32 Barkly Hwy, Camooweal QLD 4828","Public_Access":"Yes"}},{"type":"Feature","id":393,"geometry":{"type":"Point","coordinates":[153.36318800000004,-27.62908299999998]},"properties":{"OBJECTID":393,"Site_ID":"QLD034","Jurisdiction":"QLD","LGA":"Redland","Site_Name":"Macleay Island Community Centre Hall","Site_Address":"32 High Central Rd Macleay Island 4184","Public_Access":"Yes"}},{"type":"Feature","id":394,"geometry":{"type":"Point","coordinates":[153.52092600000003,-27.42604799999998]},"properties":{"OBJECTID":394,"Site_ID":"QLD035","Jurisdiction":"QLD","LGA":"Redland","Site_Name":"Point Lookout Community Hall","Site_Address":"74 84 East Coast Rd Point Lookout 4183","Public_Access":"Yes"}},{"type":"Feature","id":395,"geometry":{"type":"Point","coordinates":[150.51352200000008,-23.381418999999937]},"properties":{"OBJECTID":395,"Site_ID":"QLD036","Jurisdiction":"QLD","LGA":"Rockhampton","Site_Name":"Rockhampton Regional Library","Site_Address":"230 Bolsover St Rockhampton City 4700","Public_Access":"Yes"}},{"type":"Feature","id":396,"geometry":{"type":"Point","coordinates":[150.38669700000003,-23.645072999999968]},"properties":{"OBJECTID":396,"Site_ID":"QLD037","Jurisdiction":"QLD","LGA":"Rockhampton","Site_Name":"Mount Morgan School of Arts","Site_Address":"33 Morgan St, Mount Morgan QLD 4714","Public_Access":"Yes"}},{"type":"Feature","id":397,"geometry":{"type":"Point","coordinates":[150.45426400000008,-23.437424999999962]},"properties":{"OBJECTID":397,"Site_ID":"QLD038","Jurisdiction":"QLD","LGA":"Rockhampton","Site_Name":"Gracemere Community Centre ","Site_Address":"6 12 Barry St Gracemere 4702","Public_Access":"Yes"}},{"type":"Feature","id":398,"geometry":{"type":"Point","coordinates":[153.02803600000004,-28.104669999999942]},"properties":{"OBJECTID":398,"Site_ID":"QLD039","Jurisdiction":"QLD","LGA":"Scenic Rim","Site_Name":"Kerry Memorial Hall","Site_Address":"1488 Kerry Rd Kerry 4285","Public_Access":"Yes"}},{"type":"Feature","id":399,"geometry":{"type":"Point","coordinates":[152.54426500000011,-27.981909999999971]},"properties":{"OBJECTID":399,"Site_ID":"QLD040","Jurisdiction":"QLD","LGA":"Scenic Rim","Site_Name":"Aratula Community Sports Complex","Site_Address":"17 Carter Rd Aratula 4309","Public_Access":"Yes"}},{"type":"Feature","id":400,"geometry":{"type":"Point","coordinates":[153.12497100000007,-27.877010999999982]},"properties":{"OBJECTID":400,"Site_ID":"QLD041","Jurisdiction":"QLD","LGA":"Scenic Rim","Site_Name":"Tamborine Memorial Hall","Site_Address":"2760 Waterford Tamborine Rd Tamborine 4270","Public_Access":"Yes"}},{"type":"Feature","id":401,"geometry":{"type":"Point","coordinates":[153.16569100000004,-28.017820999999969]},"properties":{"OBJECTID":401,"Site_ID":"QLD042","Jurisdiction":"QLD","LGA":"Scenic Rim","Site_Name":"Canungra School of Arts","Site_Address":"3 Pine St Canungra 4275","Public_Access":"Yes"}},{"type":"Feature","id":402,"geometry":{"type":"Point","coordinates":[153.00314400000002,-27.992009999999937]},"properties":{"OBJECTID":402,"Site_ID":"QLD043","Jurisdiction":"QLD","LGA":"Scenic Rim","Site_Name":"Beaudesert Show Grounds","Site_Address":"43 Albert St Beaudesert 4285","Public_Access":"Yes"}},{"type":"Feature","id":403,"geometry":{"type":"Point","coordinates":[152.62528500000008,-27.938793999999973]},"properties":{"OBJECTID":403,"Site_ID":"QLD044","Jurisdiction":"QLD","LGA":"Scenic Rim","Site_Name":"Kalbar School of Arts","Site_Address":"63 Edward St Kalbar 4309","Public_Access":"Yes"}},{"type":"Feature","id":404,"geometry":{"type":"Point","coordinates":[152.84463400000004,-28.092790999999977]},"properties":{"OBJECTID":404,"Site_ID":"QLD045","Jurisdiction":"QLD","LGA":"Scenic Rim","Site_Name":"Kooralbyn Community Centre","Site_Address":"79 Ogilvie Pl Kooralbyn 4285","Public_Access":"Yes"}},{"type":"Feature","id":405,"geometry":{"type":"Point","coordinates":[152.86247200000003,-28.211379999999963]},"properties":{"OBJECTID":405,"Site_ID":"QLD046","Jurisdiction":"QLD","LGA":"Scenic Rim","Site_Name":"Rathdowney Memorial Hall","Site_Address":"87 Collins St Rathdowney 4287","Public_Access":"Yes"}},{"type":"Feature","id":406,"geometry":{"type":"Point","coordinates":[152.6674680000001,-27.811610999999971]},"properties":{"OBJECTID":406,"Site_ID":"QLD047","Jurisdiction":"QLD","LGA":"Scenic Rim","Site_Name":"Harrisville School of Arts","Site_Address":"49 Queen St Harrisville 4307","Public_Access":"Yes"}},{"type":"Feature","id":407,"geometry":{"type":"Point","coordinates":[152.65225300000009,-27.455499999999972]},"properties":{"OBJECTID":407,"Site_ID":"QLD048","Jurisdiction":"QLD","LGA":"Somerset","Site_Name":"Fernvale Futures Complex","Site_Address":"1483 Brisbane Valley Hwy Fernvale 4306","Public_Access":"Yes"}},{"type":"Feature","id":408,"geometry":{"type":"Point","coordinates":[152.42103000000009,-27.243741999999941]},"properties":{"OBJECTID":408,"Site_ID":"QLD049","Jurisdiction":"QLD","LGA":"Somerset","Site_Name":"Somerset Civic Centre","Site_Address":"35 Esk Hampton Rd, Esk QLD 4312","Public_Access":"Yes"}},{"type":"Feature","id":409,"geometry":{"type":"Point","coordinates":[146.25472100000002,-26.401337999999953]},"properties":{"OBJECTID":409,"Site_ID":"QLD051","Jurisdiction":"QLD","LGA":"Murweh","Site_Name":"Charleville Racecourse Complex","Site_Address":"27-29 Partridge St, Charleville QLD 4470","Public_Access":"Yes"}},{"type":"Feature","id":410,"geometry":{"type":"Point","coordinates":[151.27791900000011,-27.860644999999977]},"properties":{"OBJECTID":410,"Site_ID":"QLD053","Jurisdiction":"QLD","LGA":"Toowoomba","Site_Name":"Millmerran Showgrounds ","Site_Address":"171 Millmerran Cecil Plains Rd, Millmerran QLD 4357","Public_Access":"Yes"}},{"type":"Feature","id":411,"geometry":{"type":"Point","coordinates":[151.88066500000002,-27.560616999999979]},"properties":{"OBJECTID":411,"Site_ID":"QLD054","Jurisdiction":"QLD","LGA":"Toowoomba","Site_Name":"Toowoomba Showgrounds","Site_Address":"Lot 1 Glenvale Rd, Glenvale QLD 4350","Public_Access":"Yes"}},{"type":"Feature","id":412,"geometry":{"type":"Point","coordinates":[151.72192000000007,-27.435689999999965]},"properties":{"OBJECTID":412,"Site_ID":"QLD055","Jurisdiction":"QLD","LGA":"Toowoomba","Site_Name":"Oakey Cultural Centre","Site_Address":"64 Campbell St Oakey 4401","Public_Access":"Yes"}},{"type":"Feature","id":413,"geometry":{"type":"Point","coordinates":[152.04502500000001,-27.258485999999948]},"properties":{"OBJECTID":413,"Site_ID":"QLD056","Jurisdiction":"QLD","LGA":"Toowoomba","Site_Name":"Crows Nest Multi Sports Complex (Part of the Crows Nest Showgrounds)","Site_Address":"Lot 41,7301 New England Hwy, Crows Nest QLD 4355","Public_Access":"Yes"}},{"type":"Feature","id":414,"geometry":{"type":"Point","coordinates":[151.64198900000008,-27.711826999999971]},"properties":{"OBJECTID":414,"Site_ID":"QLD057","Jurisdiction":"QLD","LGA":"Toowoomba","Site_Name":"Pittsworth Sports Pavilion (Part of the Pittsworth Showgrounds)","Site_Address":"12 127 Railway St Pittsworth 4356","Public_Access":"Yes"}},{"type":"Feature","id":415,"geometry":{"type":"Point","coordinates":[151.94616800000006,-27.449419999999975]},"properties":{"OBJECTID":415,"Site_ID":"QLD058","Jurisdiction":"QLD","LGA":"Toowoomba","Site_Name":"Highfields Cultural Centre","Site_Address":"22 Obrien Rd, Highfields QLD 4352","Public_Access":"Yes"}},{"type":"Feature","id":416,"geometry":{"type":"Point","coordinates":[141.87800500000003,-12.622626999999966]},"properties":{"OBJECTID":416,"Site_ID":"QLD059","Jurisdiction":"QLD","LGA":"Weipa","Site_Name":"Weipa State Emergency Services Local Headquarters","Site_Address":"Lot 450,2 Hibberd Dr, Rocky Point QLD 4874","Public_Access":"Yes"}},{"type":"Feature","id":417,"geometry":{"type":"Point","coordinates":[153.04954500000008,-26.40203299999996]},"properties":{"OBJECTID":417,"Site_ID":"QLD061","Jurisdiction":"QLD","LGA":"Noosa","Site_Name":"Noosa Lesiure Centre","Site_Address":"9 Wallace Drive, Noosaville QLD 4566","Public_Access":"Yes"}},{"type":"Feature","id":418,"geometry":{"type":"Point","coordinates":[152.56388100000004,-26.941179999999974]},"properties":{"OBJECTID":418,"Site_ID":"QLD062","Jurisdiction":"QLD","LGA":"Somerset","Site_Name":"Main Administration / Backup Local Disaster Coordination Centre ","Site_Address":"15 Kennedy St, Kilcoy QLD 4515","Public_Access":"Yes"}},{"type":"Feature","id":419,"geometry":{"type":"Point","coordinates":[145.47728600000005,-17.267350999999962]},"properties":{"OBJECTID":419,"Site_ID":"QLD063","Jurisdiction":"QLD","LGA":"Tablelands","Site_Name":"Tablelands Coordination Centre ","Site_Address":"15 Vernon St, Atherton QLD 4883","Public_Access":"Yes"}},{"type":"Feature","id":420,"geometry":{"type":"Point","coordinates":[153.0526900000001,-27.129727999999943]},"properties":{"OBJECTID":420,"Site_ID":"QLD064","Jurisdiction":"QLD","LGA":"Moreton Bay","Site_Name":"Beachmere Hub","Site_Address":"Main St, Beachmere QLD 4510","Public_Access":"Yes"}},{"type":"Feature","id":421,"geometry":{"type":"Point","coordinates":[152.9665950000001,-27.155395999999939]},"properties":{"OBJECTID":421,"Site_ID":"QLD065","Jurisdiction":"QLD","LGA":"Moreton Bay","Site_Name":"Moreton Bay Regional Council","Site_Address":"Lot \u00A0,111-\u00A0 Station Rd, Burpengary QLD 4505","Public_Access":"Yes"}},{"type":"Feature","id":422,"geometry":{"type":"Point","coordinates":[152.73063900000011,-27.784743999999932]},"properties":{"OBJECTID":422,"Site_ID":"QLD066","Jurisdiction":"QLD","LGA":"Scenic Rim","Site_Name":"Peak Crossing Hall","Site_Address":"33-\u00A035 Fassifern St, Peak Crossing QLD 4306","Public_Access":"Yes"}},{"type":"Feature","id":423,"geometry":{"type":"Point","coordinates":[149.21639900000002,-21.421620999999959]},"properties":{"OBJECTID":423,"Site_ID":"QLD077","Jurisdiction":"QLD","LGA":"Mackay","Site_Name":"Bob Wood Hall, Sarina","Site_Address":"65 Broad St, Sarina QLD 4737","Public_Access":"Yes"}},{"type":"Feature","id":424,"geometry":{"type":"Point","coordinates":[146.16032900000005,-18.658563999999956]},"properties":{"OBJECTID":424,"Site_ID":"QLD901","Jurisdiction":"QLD","LGA":"Hinchinbrook","Site_Name":"Ingham Showgrounds Pavilion","Site_Address":"Cooper St, Ingham QLD 4850","Public_Access":"Yes"}},{"type":"Feature","id":425,"geometry":{"type":"Point","coordinates":[152.34679300000005,-24.877783999999963]},"properties":{"OBJECTID":425,"Site_ID":"QLD902","Jurisdiction":"QLD","LGA":"Bundaberg","Site_Name":"Bundaberg Multiplex Sport and Convention Centre","Site_Address":"1 Civic Av, Bundaberg West QLD 4670","Public_Access":"Yes"}},{"type":"Feature","id":426,"geometry":{"type":"Point","coordinates":[149.97641700000008,-24.571147999999937]},"properties":{"OBJECTID":426,"Site_ID":"QLD903","Jurisdiction":"QLD","LGA":"Banana","Site_Name":"Kianga Hall Moura","Site_Address":"Mcarthur St, Moura QLD 4718","Public_Access":"Yes"}},{"type":"Feature","id":427,"geometry":{"type":"Point","coordinates":[150.51396000000011,-24.395262999999943]},"properties":{"OBJECTID":427,"Site_ID":"QLD904","Jurisdiction":"QLD","LGA":"Banana","Site_Name":"Biloela Civic Centre","Site_Address":"96 Rainbow St, Biloela QLD 4715","Public_Access":"Yes"}},{"type":"Feature","id":428,"geometry":{"type":"Point","coordinates":[146.80110100000002,-19.307946999999956]},"properties":{"OBJECTID":428,"Site_ID":"QLD905","Jurisdiction":"QLD","LGA":"Townsville","Site_Name":"Townsville Stadium","Site_Address":"Murray Lyons Cr, Annandale QLD 4814","Public_Access":"Yes"}},{"type":"Feature","id":429,"geometry":{"type":"Point","coordinates":[150.50147000000004,-23.367695999999967]},"properties":{"OBJECTID":429,"Site_ID":"QLD906","Jurisdiction":"QLD","LGA":"Rockhampton","Site_Name":"Robert Schwarten Pavilion","Site_Address":"New Exhibition Rd, Wandal QLD 4700","Public_Access":"Yes"}},{"type":"Feature","id":430,"geometry":{"type":"Point","coordinates":[147.8479000000001,-20.555841999999927]},"properties":{"OBJECTID":430,"Site_ID":"QLD907","Jurisdiction":"QLD","LGA":"Whitsunday","Site_Name":"Collinsville Community Centre","Site_Address":"11 Conway St, Collinsville, QLD 4804","Public_Access":"Yes"}},{"type":"Feature","id":431,"geometry":{"type":"Point","coordinates":[149.79670700000008,-25.641273999999953]},"properties":{"OBJECTID":431,"Site_ID":"QLD908","Jurisdiction":"QLD","LGA":"Banana","Site_Name":"Taroom Town Hall","Site_Address":"20 Yaldwyn Street Taroom","Public_Access":"Yes"}},{"type":"Feature","id":432,"geometry":{"type":"Point","coordinates":[148.18566200000009,-23.538964999999962]},"properties":{"OBJECTID":432,"Site_ID":"QLD909","Jurisdiction":"QLD","LGA":"Central Highlands (Qld)","Site_Name":"Central Highlands Emergency Management Control Centre and Evacuation Site","Site_Address":"26274 Capricorn Hwy, Emerald QLD 4720","Public_Access":"Yes"}},{"type":"Feature","id":433,"geometry":{"type":"Point","coordinates":[149.18192900000008,-21.144080999999971]},"properties":{"OBJECTID":433,"Site_ID":"QLD910","Jurisdiction":"QLD","LGA":"Mackay","Site_Name":"Mackay Entertainment and Convention Centre","Site_Address":"258 Alfred St, Mackay QLD 4740","Public_Access":"Yes"}},{"type":"Feature","id":434,"geometry":{"type":"Point","coordinates":[145.24976500000002,-15.48151699999994]},"properties":{"OBJECTID":434,"Site_ID":"QLD911","Jurisdiction":"QLD","LGA":"Cook","Site_Name":"Cooktown, Event Centre","Site_Address":"3 May Street, Cooktown","Public_Access":"Yes"}},{"type":"Feature","id":435,"geometry":{"type":"Point","coordinates":[149.21621000000005,-21.421455999999978]},"properties":{"OBJECTID":435,"Site_ID":"QLD912","Jurisdiction":"QLD","LGA":"Mackay","Site_Name":"Sarina Bob Wood Cultural Hall","Site_Address":"63 Broad St, Sarina QLD 4737","Public_Access":"Yes"}},{"type":"Feature","id":436,"geometry":{"type":"Point","coordinates":[148.48615500000005,-20.085726999999963]},"properties":{"OBJECTID":436,"Site_ID":"QLD913","Jurisdiction":"QLD","LGA":"Whitsunday","Site_Name":"Gloucester Sport and Recreation Building","Site_Address":"Hydeaway Bay Drive, Hydeaway Bay, QLD 4802","Public_Access":"Yes"}},{"type":"Feature","id":437,"geometry":{"type":"Point","coordinates":[138.61560000000009,-33.829799999999977]},"properties":{"OBJECTID":437,"Site_ID":"SA018","Jurisdiction":"SA","LGA":"Clare and Gilbert Valleys","Site_Name":"Horrocks Group Base (Clare Station) / Horrocks Group Incident Control Centre","Site_Address":"46 New Road, Clare","Public_Access":"No - Emergency Services Only"}},{"type":"Feature","id":438,"geometry":{"type":"Point","coordinates":[138.74710000000005,-34.531999999999982]},"properties":{"OBJECTID":438,"Site_ID":"SA019","Jurisdiction":"SA","LGA":"Light","Site_Name":"Light Group Base (Roseworthy Station) / Light Group Incident Control Centre","Site_Address":"3 Railway Terrace, Roseworthy 5371","Public_Access":"No - Emergency Services Only"}},{"type":"Feature","id":439,"geometry":{"type":"Point","coordinates":[140.60160000000008,-34.271699999999953]},"properties":{"OBJECTID":439,"Site_ID":"SA020","Jurisdiction":"SA","LGA":"Berri Barmera","Site_Name":"Chaffey Group Base","Site_Address":"11 Hughes St, Berri SA 5343","Public_Access":"No - Emergency Services Only"}},{"type":"Feature","id":440,"geometry":{"type":"Point","coordinates":[135.86590000000001,-34.730299999999943]},"properties":{"OBJECTID":440,"Site_ID":"SA021","Jurisdiction":"SA","LGA":"Port Lincoln","Site_Name":"Lower Eyre Group Base","Site_Address":"32 Matthew Pl, Port Lincoln SA 5606","Public_Access":"No - Emergency Services Only"}},{"type":"Feature","id":441,"geometry":{"type":"Point","coordinates":[133.67416600000001,-32.12773199999998]},"properties":{"OBJECTID":441,"Site_ID":"SA022","Jurisdiction":"SA","LGA":"Ceduna","Site_Name":"Western Eyre Group Base","Site_Address":"32 Poynton St, Ceduna SA 5690","Public_Access":"No - Emergency Services Only"}},{"type":"Feature","id":442,"geometry":{"type":"Point","coordinates":[138.85770000000002,-35.068799999999953]},"properties":{"OBJECTID":442,"Site_ID":"SA023","Jurisdiction":"SA","LGA":"Mount Barker","Site_Name":"Heysen Group Base","Site_Address":"24 Hack St, Mount Barker SA 5251","Public_Access":"No - Emergency Services Only"}},{"type":"Feature","id":443,"geometry":{"type":"Point","coordinates":[137.70510000000002,-33.961899999999957]},"properties":{"OBJECTID":443,"Site_ID":"SA024","Jurisdiction":"SA","LGA":"Copper Coast","Site_Name":"Northern Yorke Group Base (Kadina Station) / Northern Yorke Group Incident Control Centre","Site_Address":"3 Frances Terrace, Kadina SA 5554, Australia","Public_Access":"No - Emergency Services Only"}},{"type":"Feature","id":444,"geometry":{"type":"Point","coordinates":[138.20700000000011,-33.353599999999972]},"properties":{"OBJECTID":444,"Site_ID":"SA025","Jurisdiction":"SA","LGA":"Port Pirie","Site_Name":"Spencer Group Control Centre","Site_Address":"39 Railway Terrace, Crystal Brook 5523","Public_Access":"No - Emergency Services Only"}},{"type":"Feature","id":445,"geometry":{"type":"Point","coordinates":[137.83720000000005,-32.518299999999954]},"properties":{"OBJECTID":445,"Site_ID":"SA026","Jurisdiction":"SA","LGA":"Port Augusta","Site_Name":"Flinders Group Base","Site_Address":"Smoker Street, Stirling North 5710","Public_Access":"No - Emergency Services Only"}},{"type":"Feature","id":446,"geometry":{"type":"Point","coordinates":[136.48390000000006,-33.702199999999948]},"properties":{"OBJECTID":446,"Site_ID":"SA027","Jurisdiction":"SA","LGA":"Cleve","Site_Name":"Eastern Eyre Group Base","Site_Address":"Depot Street, Cleve","Public_Access":"No - Emergency Services Only"}},{"type":"Feature","id":447,"geometry":{"type":"Point","coordinates":[134.75610000000006,-29.004799999999932]},"properties":{"OBJECTID":447,"Site_ID":"SA028","Jurisdiction":"SA","LGA":"Coober Pedy","Site_Name":"Coober Pedy Station","Site_Address":"502 Hutchinson Street, Coober Pedy SA 5723","Public_Access":"No - Emergency Services Only"}},{"type":"Feature","id":448,"geometry":{"type":"Point","coordinates":[138.86210000000005,-35.065399999999954]},"properties":{"OBJECTID":448,"Site_ID":"SA029","Jurisdiction":"SA","LGA":"Mount Barker","Site_Name":"R1 HQ","Site_Address":"75 Gawler St, Mount Barker SA 5251","Public_Access":"No - Emergency Services Only"}},{"type":"Feature","id":449,"geometry":{"type":"Point","coordinates":[138.68540000000007,-34.525099999999952]},"properties":{"OBJECTID":449,"Site_ID":"SA030","Jurisdiction":"SA","LGA":"Light","Site_Name":"R2 HQ","Site_Address":"Roseworthy Campus Building, F3 Mudla Wirra Road, Roseworthy 5371","Public_Access":"No - Emergency Services Only"}},{"type":"Feature","id":450,"geometry":{"type":"Point","coordinates":[139.2908000000001,-35.114499999999964]},"properties":{"OBJECTID":450,"Site_ID":"SA031","Jurisdiction":"SA","LGA":"Murray Bridge","Site_Name":"R3 HQ","Site_Address":"11-17 Kennett Road, Murray Bridge 5253","Public_Access":"No - Emergency Services Only"}},{"type":"Feature","id":451,"geometry":{"type":"Point","coordinates":[137.76610000000005,-32.492599999999982]},"properties":{"OBJECTID":451,"Site_ID":"SA032","Jurisdiction":"SA","LGA":"Port Augusta","Site_Name":"R4 HQ","Site_Address":"40 Flinders Tce Port Augusta 5700","Public_Access":"No - Emergency Services Only"}},{"type":"Feature","id":452,"geometry":{"type":"Point","coordinates":[140.7392000000001,-36.957099999999969]},"properties":{"OBJECTID":452,"Site_ID":"SA033","Jurisdiction":"SA","LGA":"Naracoorte Lucindale","Site_Name":"R5 HQ","Site_Address":"46 Smith Street Naracoorte 5271","Public_Access":"No - Emergency Services Only"}},{"type":"Feature","id":453,"geometry":{"type":"Point","coordinates":[135.86622000000011,-34.730519999999956]},"properties":{"OBJECTID":453,"Site_ID":"SA034","Jurisdiction":"SA","LGA":"Port Lincoln","Site_Name":"R6 HQ","Site_Address":"32 Matthew Place, Port Lincoln SA","Public_Access":"No - Emergency Services Only"}},{"type":"Feature","id":454,"geometry":{"type":"Point","coordinates":[138.94000000000005,-35.005399999999952]},"properties":{"OBJECTID":454,"Site_ID":"SA035","Jurisdiction":"SA","LGA":"Mount Barker","Site_Name":"State Training Centre","Site_Address":"28 Pyrites Rd, Brukunga SA 5252","Public_Access":"No - Emergency Services Only"}},{"type":"Feature","id":455,"geometry":{"type":"Point","coordinates":[137.62760200000002,-33.938147999999956]},"properties":{"OBJECTID":455,"Site_ID":"SA047","Jurisdiction":"SA","LGA":"Copper Coast","Site_Name":"Wallaroo Community Sports Club ","Site_Address":"2A Cornish Tce Wallaroo 5556","Public_Access":"Yes"}},{"type":"Feature","id":456,"geometry":{"type":"Point","coordinates":[137.74098100000003,-35.08396799999997]},"properties":{"OBJECTID":456,"Site_ID":"SA048","Jurisdiction":"SA","LGA":"Yorke Peninsula","Site_Name":"Edithburgh Sports Club","Site_Address":"21 Park Tce Edithburgh 5583","Public_Access":"Yes"}},{"type":"Feature","id":457,"geometry":{"type":"Point","coordinates":[140.75058300000012,-37.82734899999997]},"properties":{"OBJECTID":457,"Site_ID":"SA050","Jurisdiction":"SA","LGA":"Mount Gambier","Site_Name":"West Gambier Football Club","Site_Address":"50 White Av Mount Gambier 5290","Public_Access":"Yes"}},{"type":"Feature","id":458,"geometry":{"type":"Point","coordinates":[137.21574900000007,-35.679732999999942]},"properties":{"OBJECTID":458,"Site_ID":"SA051","Jurisdiction":"SA","LGA":"Kangaroo Island","Site_Name":"Stokes Bay Community Hall","Site_Address":"1955 Bark Hut Rd Cassini 5223","Public_Access":"Yes"}},{"type":"Feature","id":459,"geometry":{"type":"Point","coordinates":[137.63227400000005,-35.648871999999983]},"properties":{"OBJECTID":459,"Site_ID":"SA052","Jurisdiction":"SA","LGA":"Kangaroo Island","Site_Name":"Kingscote Football Club","Site_Address":"25 Centenary Av Kingscote 5223","Public_Access":"Yes"}},{"type":"Feature","id":460,"geometry":{"type":"Point","coordinates":[138.59760000000006,-35.531255999999985]},"properties":{"OBJECTID":460,"Site_ID":"SA901","Jurisdiction":"SA","LGA":"Victor Harbor","Site_Name":"Victor Group Base","Site_Address":"14 Watson Road, Lower Inman Valley","Public_Access":"No - Emergency Services Only"}},{"type":"Feature","id":461,"geometry":{"type":"Point","coordinates":[140.58139500000004,-34.447161999999935]},"properties":{"OBJECTID":461,"Site_ID":"SA902","Jurisdiction":"SA","LGA":"Loxton Waikerie","Site_Name":"Loxton SES","Site_Address":"Armstrong Ave, Loxton","Public_Access":"No - Emergency Services Only"}},{"type":"Feature","id":462,"geometry":{"type":"Point","coordinates":[138.55193800000006,-34.94530199999997]},"properties":{"OBJECTID":462,"Site_ID":"SA903","Jurisdiction":"SA","LGA":"West Torrens","Site_Name":"Netley SES","Site_Address":"Building 34 300 Richmond Rd Netley","Public_Access":"No - Emergency Services Only"}},{"type":"Feature","id":463,"geometry":{"type":"Point","coordinates":[140.51770900000008,-35.329594999999983]},"properties":{"OBJECTID":463,"Site_ID":"SA904","Jurisdiction":"SA","LGA":"Southern Mallee","Site_Name":"Mallee Group Control Centre","Site_Address":"Railway Terrace North, Lameroo","Public_Access":"No - Emergency Services Only"}},{"type":"Feature","id":464,"geometry":{"type":"Point","coordinates":[137.63782300000003,-35.653117999999949]},"properties":{"OBJECTID":464,"Site_ID":"SA905","Jurisdiction":"SA","LGA":"Kangaroo Island","Site_Name":"Kingscote Station","Site_Address":"Telegraph Road, Kingscote","Public_Access":"No - Emergency Services Only"}},{"type":"Feature","id":465,"geometry":{"type":"Point","coordinates":[137.26049300000011,-35.789598999999953]},"properties":{"OBJECTID":465,"Site_ID":"SA906","Jurisdiction":"SA","LGA":"Kangaroo Island","Site_Name":"Kangaroo Island Group Base","Site_Address":"4 Smith St, Parndana SA 5220","Public_Access":"No - Emergency Services Only"}},{"type":"Feature","id":466,"geometry":{"type":"Point","coordinates":[140.8064720000001,-37.837888999999961]},"properties":{"OBJECTID":466,"Site_ID":"SA907","Jurisdiction":"SA","LGA":"Mount Gambier","Site_Name":"Gambier Group SES Base","Site_Address":"152 Jubilee Hwy E, Mount Gambier SA 5290","Public_Access":"No - Emergency Services Only"}},{"type":"Feature","id":467,"geometry":{"type":"Point","coordinates":[140.76920600000005,-36.308026999999981]},"properties":{"OBJECTID":467,"Site_ID":"SA908","Jurisdiction":"SA","LGA":"Tatiara","Site_Name":"Tatiara Group Base","Site_Address":"North Terrace, Bordertown","Public_Access":"No - Emergency Services Only"}},{"type":"Feature","id":468,"geometry":{"type":"Point","coordinates":[147.41858700000012,-43.027731999999958]},"properties":{"OBJECTID":468,"Site_ID":"TAS001","Jurisdiction":"TAS","LGA":"Clarence","Site_Name":"South Arm Community Centre and Oval","Site_Address":"21 Harmony Lane South Arm 7022","Public_Access":"Yes"}},{"type":"Feature","id":469,"geometry":{"type":"Point","coordinates":[146.95741500000008,-43.156775999999979]},"properties":{"OBJECTID":469,"Site_ID":"TAS002","Jurisdiction":"TAS","LGA":"Huon Valley","Site_Name":"Port Huon Sports & Aquatic Centre ","Site_Address":"4421 Huon Hwy Port Huon 7116","Public_Access":"Yes"}},{"type":"Feature","id":470,"geometry":{"type":"Point","coordinates":[145.28984100000002,-40.76302899999996]},"properties":{"OBJECTID":470,"Site_ID":"TAS003","Jurisdiction":"TAS","LGA":"Circular Head","Site_Name":"Stanley Recreation Ground ","Site_Address":"36 Hale St Stanley 7331","Public_Access":"Yes"}},{"type":"Feature","id":471,"geometry":{"type":"Point","coordinates":[146.17476700000009,-41.386260999999934]},"properties":{"OBJECTID":471,"Site_ID":"TAS004","Jurisdiction":"TAS","LGA":"Kentish","Site_Name":"Wilmot Memorial Hall ","Site_Address":"53 Main St Wilmot 7310","Public_Access":"Yes"}},{"type":"Feature","id":472,"geometry":{"type":"Point","coordinates":[146.54850600000009,-41.16294199999993]},"properties":{"OBJECTID":472,"Site_ID":"TAS005","Jurisdiction":"TAS","LGA":"Latrobe (Tas.)","Site_Name":"Camp Banksia","Site_Address":"1 Anderson St Port Sorell 7307","Public_Access":"Yes"}},{"type":"Feature","id":473,"geometry":{"type":"Point","coordinates":[145.33491000000004,-41.883339999999976]},"properties":{"OBJECTID":473,"Site_ID":"TAS006","Jurisdiction":"TAS","LGA":"West Coast","Site_Name":"Hub Study Centre","Site_Address":"6 Frederick St Zeehan 7469","Public_Access":"Yes"}},{"type":"Feature","id":474,"geometry":{"type":"Point","coordinates":[147.36684700000012,-41.311151999999936]},"properties":{"OBJECTID":474,"Site_ID":"TAS007","Jurisdiction":"TAS","LGA":"Launceston","Site_Name":"Myrtle","Site_Address":"38250 Tasman Hwy Nunamara 7259","Public_Access":"Yes"}},{"type":"Feature","id":475,"geometry":{"type":"Point","coordinates":[147.49318300000004,-41.924191999999948]},"properties":{"OBJECTID":475,"Site_ID":"TAS008","Jurisdiction":"TAS","LGA":"Northern Midlands","Site_Name":"Campbell Town Recreation Ground Complex ","Site_Address":"57 High St, Campbell Town TAS 7210","Public_Access":"Yes"}},{"type":"Feature","id":476,"geometry":{"type":"Point","coordinates":[146.95424200000002,-41.298674999999946]},"properties":{"OBJECTID":476,"Site_ID":"TAS009","Jurisdiction":"TAS","LGA":"West Tamar","Site_Name":"Exeter Community Hub","Site_Address":"Murray St Exeter 7275","Public_Access":"Yes"}},{"type":"Feature","id":477,"geometry":{"type":"Point","coordinates":[147.36566600000003,-42.304506999999944]},"properties":{"OBJECTID":477,"Site_ID":"TAS014","Jurisdiction":"TAS","LGA":"Southern Midlands","Site_Name":"Oatlands Recreation Ground ","Site_Address":"7 High St Oatlands 7120","Public_Access":"Yes"}},{"type":"Feature","id":478,"geometry":{"type":"Point","coordinates":[147.86730000000011,-43.037799999999947]},"properties":{"OBJECTID":478,"Site_ID":"TAS015","Jurisdiction":"TAS","LGA":"Tasman","Site_Name":"Tasman Community Centre","Site_Address":"33 Amy St Taranna 7180","Public_Access":"Yes"}},{"type":"Feature","id":479,"geometry":{"type":"Point","coordinates":[147.12251900000001,-41.594589999999982]},"properties":{"OBJECTID":479,"Site_ID":"TAS016","Jurisdiction":"TAS","LGA":"Northern Midlands","Site_Name":"Longford Municipal Hall","Site_Address":"67 Wellington St Longford 7301","Public_Access":"Yes"}},{"type":"Feature","id":480,"geometry":{"type":"Point","coordinates":[147.05843000000004,-42.772839999999974]},"properties":{"OBJECTID":480,"Site_ID":"TAS017","Jurisdiction":"TAS","LGA":"Derwent Valley","Site_Name":"Derwent Valley PCYC ","Site_Address":"50 Derwent Tce New Norfolk 7140","Public_Access":"Yes"}},{"type":"Feature","id":481,"geometry":{"type":"Point","coordinates":[148.2392870000001,-40.210702999999967]},"properties":{"OBJECTID":481,"Site_ID":"TAS018","Jurisdiction":"TAS","LGA":"Flinders (Tas.)","Site_Name":"Lady Barron Hall","Site_Address":"10 Main St Lady Barron 7255","Public_Access":"Yes"}},{"type":"Feature","id":482,"geometry":{"type":"Point","coordinates":[147.95846400000005,-39.990109999999959]},"properties":{"OBJECTID":482,"Site_ID":"TAS019","Jurisdiction":"TAS","LGA":"Flinders (Tas.)","Site_Name":"Furneaux Recreation Ground","Site_Address":"1 Melrose Rd, Emita TAS 7255","Public_Access":"Yes"}},{"type":"Feature","id":483,"geometry":{"type":"Point","coordinates":[147.5115780000001,-41.156181999999944]},"properties":{"OBJECTID":483,"Site_ID":"TAS020","Jurisdiction":"TAS","LGA":"Dorset","Site_Name":"Scottsdale Crows Football Club","Site_Address":"5 Rose St, Scottsdale TAS 7260","Public_Access":"Yes"}},{"type":"Feature","id":484,"geometry":{"type":"Point","coordinates":[145.53495400000008,-41.447129999999959]},"properties":{"OBJECTID":484,"Site_ID":"TAS901","Jurisdiction":"TAS","LGA":"Waratah-Wynyard","Site_Name":"Elma Fagan Community Centre","Site_Address":"William St, Waratah TAS 7321","Public_Access":"Yes"}},{"type":"Feature","id":485,"geometry":{"type":"Point","coordinates":[148.00141600000006,-41.293293999999946]},"properties":{"OBJECTID":485,"Site_ID":"TAS902","Jurisdiction":"TAS","LGA":"Break O'Day","Site_Name":"Pyengana Hall","Site_Address":"217 St Columba Falls Rd, Pyengana TAS 7216","Public_Access":"Yes"}},{"type":"Feature","id":486,"geometry":{"type":"Point","coordinates":[147.21584400000006,-41.252312999999958]},"properties":{"OBJECTID":486,"Site_ID":"TAS903","Jurisdiction":"TAS","LGA":"Launceston","Site_Name":"Lilydale Memorial Hall","Site_Address":"1949 Main Rd, Lilydale TAS 7268","Public_Access":"Yes"}},{"type":"Feature","id":487,"geometry":{"type":"Point","coordinates":[145.72066800000005,-40.987646999999981]},"properties":{"OBJECTID":487,"Site_ID":"TAS904","Jurisdiction":"TAS","LGA":"Waratah-Wynyard","Site_Name":"Wynyard Sports Centre","Site_Address":"14A Austin Street, Wynard TAS 7325","Public_Access":"Yes"}},{"type":"Feature","id":488,"geometry":{"type":"Point","coordinates":[147.14725900000008,-41.25405799999993]},"properties":{"OBJECTID":488,"Site_ID":"TAS905","Jurisdiction":"TAS","LGA":"Launceston","Site_Name":"Karoola Recreation Ground","Site_Address":"1126 Pipers River Road, Karrola TAS 7267","Public_Access":"Yes"}},{"type":"Feature","id":489,"geometry":{"type":"Point","coordinates":[143.85451100000012,-39.929777999999942]},"properties":{"OBJECTID":489,"Site_ID":"TAS906","Jurisdiction":"TAS","LGA":"King Island","Site_Name":"Town Hall - Currie","Site_Address":"10 George St. Currie TAS 7256","Public_Access":"Yes"}},{"type":"Feature","id":490,"geometry":{"type":"Point","coordinates":[147.88853800000004,-41.475435999999945]},"properties":{"OBJECTID":490,"Site_ID":"TAS907","Jurisdiction":"TAS","LGA":"Break O'Day","Site_Name":"Mathinna Recreation Ground","Site_Address":"High Street, Mathinna","Public_Access":"Yes"}},{"type":"Feature","id":491,"geometry":{"type":"Point","coordinates":[146.70799600000009,-41.99366299999997]},"properties":{"OBJECTID":491,"Site_ID":"TAS908","Jurisdiction":"TAS","LGA":"Central Highlands (Tas.)","Site_Name":"Miena Community Centre","Site_Address":"55-57 Cider Gum Rd, Miena TAS 7030","Public_Access":"Yes"}},{"type":"Feature","id":492,"geometry":{"type":"Point","coordinates":[148.07545500000003,-42.123986999999943]},"properties":{"OBJECTID":492,"Site_ID":"TAS909","Jurisdiction":"TAS","LGA":"Glamorgan-Spring Bay","Site_Name":"Glamorgan Community Centre","Site_Address":"12 Franklin St, Swansea TAS 7190","Public_Access":"Yes"}},{"type":"Feature","id":493,"geometry":{"type":"Point","coordinates":[147.56148300000007,-42.780742999999973]},"properties":{"OBJECTID":493,"Site_ID":"TAS910","Jurisdiction":"TAS","LGA":"Sorell","Site_Name":"Sorell Memorial Hall","Site_Address":"45 Cole St, Sorell TAS 7172","Public_Access":"Yes"}},{"type":"Feature","id":494,"geometry":{"type":"Point","coordinates":[147.04778500000009,-43.025889999999947]},"properties":{"OBJECTID":494,"Site_ID":"TAS911","Jurisdiction":"TAS","LGA":"Huon Valley","Site_Name":"Huonville Recreation Ground","Site_Address":"40-72 Wilmot Rd, Huonville TAS 7109","Public_Access":"Yes"}},{"type":"Feature","id":495,"geometry":{"type":"Point","coordinates":[144.76272500000005,-40.935621999999967]},"properties":{"OBJECTID":495,"Site_ID":"TAS912","Jurisdiction":"TAS","LGA":"Circular Head","Site_Name":"Redpa Recreation Centre","Site_Address":"30 Comeback Road, Redpa TAS 7330","Public_Access":"Yes"}},{"type":"Feature","id":496,"geometry":{"type":"Point","coordinates":[146.3264200000001,-41.380782999999951]},"properties":{"OBJECTID":496,"Site_ID":"TAS913","Jurisdiction":"TAS","LGA":"Kentish","Site_Name":"Sheffield Kentish Town Hall","Site_Address":"66 High Street, Sheffield TAS 7306","Public_Access":"Yes"}},{"type":"Feature","id":497,"geometry":{"type":"Point","coordinates":[147.24504900000011,-43.316578999999933]},"properties":{"OBJECTID":497,"Site_ID":"TAS914","Jurisdiction":"TAS","LGA":"Kingborough","Site_Name":"Community Centre & Oval","Site_Address":"14 School Rd, Alonnah TAS 7150","Public_Access":"Yes"}},{"type":"Feature","id":498,"geometry":{"type":"Point","coordinates":[146.42086200000006,-41.238615999999979]},"properties":{"OBJECTID":498,"Site_ID":"TAS915","Jurisdiction":"TAS","LGA":"Latrobe (Tas.)","Site_Name":"Latrobe & District Youth Centre","Site_Address":"Cnr Cotton Street And Percival Street","Public_Access":"Yes"}},{"type":"Feature","id":499,"geometry":{"type":"Point","coordinates":[147.74390900000003,-43.099492999999939]},"properties":{"OBJECTID":499,"Site_ID":"TAS916","Jurisdiction":"TAS","LGA":"Tasman","Site_Name":"Nubeena Recreational Ground","Site_Address":"21 Clarke Street, Off Main Rd, Nubeena TAS 7184","Public_Access":"Yes"}},{"type":"Feature","id":500,"geometry":{"type":"Point","coordinates":[145.54972100000009,-42.081832999999961]},"properties":{"OBJECTID":500,"Site_ID":"TAS917","Jurisdiction":"TAS","LGA":"West Coast","Site_Name":"Queenstown Sports Stadium","Site_Address":"Esplanade, Queenstown TAS 7467","Public_Access":"Yes"}},{"type":"Feature","id":501,"geometry":{"type":"Point","coordinates":[143.25046600000007,-37.179846999999938]},"properties":{"OBJECTID":501,"Site_ID":"VIC001","Jurisdiction":"VIC","LGA":"Ararat","Site_Name":"Elmhurst Mechanics Institute","Site_Address":"34 High St Elmhurst 3469","Public_Access":"Yes"}},{"type":"Feature","id":502,"geometry":{"type":"Point","coordinates":[143.06236200000012,-37.678842999999972]},"properties":{"OBJECTID":502,"Site_ID":"VIC002","Jurisdiction":"VIC","LGA":"Ararat","Site_Name":"Streatham Memorial Hall","Site_Address":"30 Campbell St Streatham 3351","Public_Access":"Yes"}},{"type":"Feature","id":503,"geometry":{"type":"Point","coordinates":[145.72770400000002,-38.63298599999996]},"properties":{"OBJECTID":503,"Site_ID":"VIC003","Jurisdiction":"VIC","LGA":"Bass Coast","Site_Name":"Inverloch Community Hub","Site_Address":"16 Abeckett St Inverloch 3996","Public_Access":"Yes"}},{"type":"Feature","id":504,"geometry":{"type":"Point","coordinates":[145.84266500000001,-38.134911999999929]},"properties":{"OBJECTID":504,"Site_ID":"VIC004","Jurisdiction":"VIC","LGA":"Baw Baw","Site_Name":"Bellbird Stadium","Site_Address":"270 Settlement Rd, Drouin VIC 3818","Public_Access":"Yes"}},{"type":"Feature","id":505,"geometry":{"type":"Point","coordinates":[145.92725500000006,-38.167166999999949]},"properties":{"OBJECTID":505,"Site_ID":"VIC005","Jurisdiction":"VIC","LGA":"Baw Baw","Site_Name":"Warragul Liesure Centre","Site_Address":"21 Burke St Warragul 3820","Public_Access":"Yes"}},{"type":"Feature","id":506,"geometry":{"type":"Point","coordinates":[145.98475600000006,-36.552095999999949]},"properties":{"OBJECTID":506,"Site_ID":"VIC006","Jurisdiction":"VIC","LGA":"Benalla","Site_Name":"Benalla Senior Citizens and Community Centre","Site_Address":"18 Fawckner Dr Benalla 3672","Public_Access":"Yes"}},{"type":"Feature","id":507,"geometry":{"type":"Point","coordinates":[146.13937200000009,-36.268419999999935]},"properties":{"OBJECTID":507,"Site_ID":"VIC008","Jurisdiction":"VIC","LGA":"Wangaratta","Site_Name":"Boweya Community Centre","Site_Address":"1214 Boweya Rd Boweya 3675","Public_Access":"Yes"}},{"type":"Feature","id":508,"geometry":{"type":"Point","coordinates":[144.65901500000007,-38.267751999999973]},"properties":{"OBJECTID":508,"Site_ID":"VIC009","Jurisdiction":"VIC","LGA":"Queenscliffe","Site_Name":"Queenscliffe Town Hall","Site_Address":"50 Learmonth St Queenscliff 3225","Public_Access":"Yes"}},{"type":"Feature","id":509,"geometry":{"type":"Point","coordinates":[142.9115230000001,-35.978698999999949]},"properties":{"OBJECTID":509,"Site_ID":"VIC010","Jurisdiction":"VIC","LGA":"Buloke","Site_Name":"Birchip Leisure Centre","Site_Address":"16 Morrison St Birchip 3483","Public_Access":"Yes"}},{"type":"Feature","id":510,"geometry":{"type":"Point","coordinates":[143.35891200000003,-36.270808999999929]},"properties":{"OBJECTID":510,"Site_ID":"VIC011","Jurisdiction":"VIC","LGA":"Buloke","Site_Name":"Charlton Sports Stadium","Site_Address":"33 49 Davies St Charlton 3525","Public_Access":"Yes"}},{"type":"Feature","id":511,"geometry":{"type":"Point","coordinates":[142.98453700000005,-36.369031999999947]},"properties":{"OBJECTID":511,"Site_ID":"VIC012","Jurisdiction":"VIC","LGA":"Buloke","Site_Name":"Donald Memorial Hall","Site_Address":"33 35 Mcculloch St Donald 3480","Public_Access":"Yes"}},{"type":"Feature","id":512,"geometry":{"type":"Point","coordinates":[142.85576200000003,-35.509638999999936]},"properties":{"OBJECTID":512,"Site_ID":"VIC013","Jurisdiction":"VIC","LGA":"Buloke","Site_Name":"Sea Lake Community Centre","Site_Address":"40 Complex Dr Sea Lake 3533","Public_Access":"Yes"}},{"type":"Feature","id":513,"geometry":{"type":"Point","coordinates":[143.22898100000009,-36.075559999999939]},"properties":{"OBJECTID":513,"Site_ID":"VIC014","Jurisdiction":"VIC","LGA":"Buloke","Site_Name":"Wycheproof Sports Stadium","Site_Address":"Mckenzie Cr Wycheproof 3527","Public_Access":"Yes"}},{"type":"Feature","id":514,"geometry":{"type":"Point","coordinates":[144.75270200000011,-36.144737999999961]},"properties":{"OBJECTID":514,"Site_ID":"VIC015","Jurisdiction":"VIC","LGA":"Campaspe","Site_Name":"Echuca Stadium","Site_Address":"244 High St Echuca 3564","Public_Access":"Yes"}},{"type":"Feature","id":515,"geometry":{"type":"Point","coordinates":[145.06016100000011,-36.313748999999973]},"properties":{"OBJECTID":515,"Site_ID":"VIC016","Jurisdiction":"VIC","LGA":"Campaspe","Site_Name":"Kyabram Sports & Entertainment Centre","Site_Address":"413 Allan St Kyabram 3620","Public_Access":"Yes"}},{"type":"Feature","id":516,"geometry":{"type":"Point","coordinates":[144.53712500000006,-36.269217999999967]},"properties":{"OBJECTID":516,"Site_ID":"VIC017","Jurisdiction":"VIC","LGA":"Campaspe","Site_Name":"Lockington & District Community Centre","Site_Address":"Shakespeare Cr Lockington 3563","Public_Access":"Yes"}},{"type":"Feature","id":517,"geometry":{"type":"Point","coordinates":[144.70297500000004,-36.360819999999933]},"properties":{"OBJECTID":517,"Site_ID":"VIC018","Jurisdiction":"VIC","LGA":"Campaspe","Site_Name":"Rochester Community Hub (Shire Hall & Community House)","Site_Address":"60 Campaspe St, Rochester VIC 3561","Public_Access":"Yes"}},{"type":"Feature","id":518,"geometry":{"type":"Point","coordinates":[145.0144610000001,-36.583043999999973]},"properties":{"OBJECTID":518,"Site_ID":"VIC019","Jurisdiction":"VIC","LGA":"Campaspe","Site_Name":"Rushworth P12 Stadium","Site_Address":"Heily St Rushworth 3612","Public_Access":"Yes"}},{"type":"Feature","id":519,"geometry":{"type":"Point","coordinates":[145.01526000000001,-36.588158999999962]},"properties":{"OBJECTID":519,"Site_ID":"VIC020","Jurisdiction":"VIC","LGA":"Campaspe","Site_Name":"Rushworth Senior Citizens Centre","Site_Address":"34 Esmonde St Rushworth 3612","Public_Access":"Yes"}},{"type":"Feature","id":520,"geometry":{"type":"Point","coordinates":[145.72132800000009,-38.098181999999952]},"properties":{"OBJECTID":520,"Site_ID":"VIC021","Jurisdiction":"VIC","LGA":"Cardinia","Site_Name":"Bunyip Hall","Site_Address":"34 Main St Bunyip 3815","Public_Access":"Yes"}},{"type":"Feature","id":521,"geometry":{"type":"Point","coordinates":[145.4910000000001,-37.936770999999965]},"properties":{"OBJECTID":521,"Site_ID":"VIC022","Jurisdiction":"VIC","LGA":"Cardinia","Site_Name":"Cockatoo Community Complex ","Site_Address":"79 Pakenham Rd Cockatoo 3781","Public_Access":"Yes"}},{"type":"Feature","id":522,"geometry":{"type":"Point","coordinates":[145.55446000000006,-37.953698999999972]},"properties":{"OBJECTID":522,"Site_ID":"VIC023","Jurisdiction":"VIC","LGA":"Cardinia","Site_Name":"Gembrook Community Centre ","Site_Address":"4 Gembrook Rd Gembrook 3783","Public_Access":"Yes"}},{"type":"Feature","id":523,"geometry":{"type":"Point","coordinates":[145.48752700000011,-38.199616999999932]},"properties":{"OBJECTID":523,"Site_ID":"VIC024","Jurisdiction":"VIC","LGA":"Cardinia","Site_Name":"Koo Wee Rup Community Centre ","Site_Address":"255 Rossiter Rd Koo Wee Rup 3981","Public_Access":"Yes"}},{"type":"Feature","id":524,"geometry":{"type":"Point","coordinates":[145.5740760000001,-38.083149999999932]},"properties":{"OBJECTID":524,"Site_ID":"VIC025","Jurisdiction":"VIC","LGA":"Cardinia","Site_Name":"Nar Nar Goon Soliders Memorial Hall","Site_Address":"12 Spencer St Nar Nar Goon 3812","Public_Access":"Yes"}},{"type":"Feature","id":525,"geometry":{"type":"Point","coordinates":[145.71645500000011,-38.006910999999945]},"properties":{"OBJECTID":525,"Site_ID":"VIC026","Jurisdiction":"VIC","LGA":"Cardinia","Site_Name":"Tonimbuk Hall ","Site_Address":"1900 Gembrook-Tonimbuk Rd Tonimbuk 3815","Public_Access":"Yes"}},{"type":"Feature","id":526,"geometry":{"type":"Point","coordinates":[143.73254500000007,-36.858873999999958]},"properties":{"OBJECTID":526,"Site_ID":"VIC027","Jurisdiction":"VIC","LGA":"Central Goldfields","Site_Name":"Dunolly Bowling Club","Site_Address":"80 Barkly St Dunolly 3472","Public_Access":"Yes"}},{"type":"Feature","id":527,"geometry":{"type":"Point","coordinates":[143.70175600000005,-37.17021699999998]},"properties":{"OBJECTID":527,"Site_ID":"VIC028","Jurisdiction":"VIC","LGA":"Central Goldfields","Site_Name":"Talbot Ana Hall","Site_Address":"15 Ballarat St Talbot 3371","Public_Access":"Yes"}},{"type":"Feature","id":528,"geometry":{"type":"Point","coordinates":[143.89093400000002,-37.649637999999982]},"properties":{"OBJECTID":528,"Site_ID":"VIC029","Jurisdiction":"VIC","LGA":"Ballarat","Site_Name":"Buninyong Recreation Reserve & Community Centre","Site_Address":"401 409 Cornish St Buninyong 3357","Public_Access":"Yes"}},{"type":"Feature","id":529,"geometry":{"type":"Point","coordinates":[143.71259300000008,-37.421175999999946]},"properties":{"OBJECTID":529,"Site_ID":"VIC030","Jurisdiction":"VIC","LGA":"Ballarat","Site_Name":"Learmonth Recreation Reserve","Site_Address":"408 High St, Learmonth VIC 3352","Public_Access":"Yes"}},{"type":"Feature","id":530,"geometry":{"type":"Point","coordinates":[143.78377000000012,-37.543970999999942]},"properties":{"OBJECTID":530,"Site_ID":"VIC031","Jurisdiction":"VIC","LGA":"Ballarat","Site_Name":"Lucas Community Hub","Site_Address":"160 Eleanor Dr Lucas 3350","Public_Access":"Yes"}},{"type":"Feature","id":531,"geometry":{"type":"Point","coordinates":[145.36500000000001,-38.029999999999973]},"properties":{"OBJECTID":531,"Site_ID":"VIC032","Jurisdiction":"VIC","LGA":"Casey","Site_Name":"Berwick Leisure Centre","Site_Address":"79 93 Manuka Rd Berwick 3806","Public_Access":"Yes"}},{"type":"Feature","id":532,"geometry":{"type":"Point","coordinates":[145.2975120000001,-38.112255999999945]},"properties":{"OBJECTID":532,"Site_ID":"VIC033","Jurisdiction":"VIC","LGA":"Casey","Site_Name":"Casey Stadium","Site_Address":"65 Berwick-Cranbourne Rd Cranbourne East 3977","Public_Access":"Yes"}},{"type":"Feature","id":533,"geometry":{"type":"Point","coordinates":[145.25967500000002,-37.977694999999983]},"properties":{"OBJECTID":533,"Site_ID":"VIC034","Jurisdiction":"VIC","LGA":"Casey","Site_Name":"Endeavour Hills Leisure Centre","Site_Address":"10 Raymond Mcmahon Bvd Endeavour Hills 3802","Public_Access":"Yes"}},{"type":"Feature","id":534,"geometry":{"type":"Point","coordinates":[144.61077200000011,-36.495208999999932]},"properties":{"OBJECTID":534,"Site_ID":"VIC035","Jurisdiction":"VIC","LGA":"Greater Bendigo","Site_Name":"Elmore Memorial Hall ","Site_Address":"63 Hervey St, Elmore VIC 3558","Public_Access":"Yes"}},{"type":"Feature","id":535,"geometry":{"type":"Point","coordinates":[144.31711900000005,-36.688259999999957]},"properties":{"OBJECTID":535,"Site_ID":"VIC036","Jurisdiction":"VIC","LGA":"Greater Bendigo","Site_Name":"Epsom/Huntly Recreation Reserve ","Site_Address":"353 Midland Hwy Huntly 3551","Public_Access":"Yes"}},{"type":"Feature","id":536,"geometry":{"type":"Point","coordinates":[144.7090280000001,-36.92321899999996]},"properties":{"OBJECTID":536,"Site_ID":"VIC037","Jurisdiction":"VIC","LGA":"Greater Bendigo","Site_Name":"Heathcote RSL Hall ","Site_Address":"127 High St Heathcote 3523","Public_Access":"Yes"}},{"type":"Feature","id":537,"geometry":{"type":"Point","coordinates":[144.27364100000011,-36.737251999999955]},"properties":{"OBJECTID":537,"Site_ID":"VIC038","Jurisdiction":"VIC","LGA":"Greater Bendigo","Site_Name":"Princes of Wales Showground ","Site_Address":"Holmes Rd, North Bendigo VIC 3550","Public_Access":"Yes"}},{"type":"Feature","id":538,"geometry":{"type":"Point","coordinates":[144.53110300000003,-37.022923999999932]},"properties":{"OBJECTID":538,"Site_ID":"VIC039","Jurisdiction":"VIC","LGA":"Greater Bendigo","Site_Name":"Redesdale Hall ","Site_Address":"2631 Kyneton-Heathcote Rd Mia Mia 3444","Public_Access":"Yes"}},{"type":"Feature","id":539,"geometry":{"type":"Point","coordinates":[144.25521200000003,-37.912951999999962]},"properties":{"OBJECTID":539,"Site_ID":"VIC040","Jurisdiction":"VIC","LGA":"Greater Geelong","Site_Name":"Anakie Community House ","Site_Address":"2115 Ballan Rd Anakie 3213","Public_Access":"Yes"}},{"type":"Feature","id":540,"geometry":{"type":"Point","coordinates":[144.36962500000004,-38.231447999999943]},"properties":{"OBJECTID":540,"Site_ID":"VIC041","Jurisdiction":"VIC","LGA":"Greater Geelong","Site_Name":"Armstrong Creek East Community Hub ","Site_Address":"46 70 Central Bvd Armstrong Creek 3217","Public_Access":"Yes"}},{"type":"Feature","id":541,"geometry":{"type":"Point","coordinates":[143.66046400000005,-38.752589999999941]},"properties":{"OBJECTID":541,"Site_ID":"VIC042","Jurisdiction":"VIC","LGA":"Colac Otway","Site_Name":"Apollo Bay Aquatic and Leisure","Site_Address":"26 Costin St Apollo Bay 3233","Public_Access":"Yes"}},{"type":"Feature","id":542,"geometry":{"type":"Point","coordinates":[143.76064100000008,-38.468924999999956]},"properties":{"OBJECTID":542,"Site_ID":"VIC043","Jurisdiction":"VIC","LGA":"Colac Otway","Site_Name":"Barwon Downs Public Hall","Site_Address":"1575 Birregurra-Forrest Rd Barwon Downs 3243","Public_Access":"Yes"}},{"type":"Feature","id":543,"geometry":{"type":"Point","coordinates":[143.56981000000007,-38.637050999999929]},"properties":{"OBJECTID":543,"Site_ID":"VIC044","Jurisdiction":"VIC","LGA":"Colac Otway","Site_Name":"Beech Forest Public Hall","Site_Address":"2 4 Main Rd Beech Forest 3237","Public_Access":"Yes"}},{"type":"Feature","id":544,"geometry":{"type":"Point","coordinates":[143.39396800000009,-38.560448999999949]},"properties":{"OBJECTID":544,"Site_ID":"VIC045","Jurisdiction":"VIC","LGA":"Colac Otway","Site_Name":"Carlisle River Public Hall","Site_Address":"35 Gellibrand River Rd Carlisle River 3239","Public_Access":"Yes"}},{"type":"Feature","id":545,"geometry":{"type":"Point","coordinates":[143.71459900000002,-38.516776999999934]},"properties":{"OBJECTID":545,"Site_ID":"VIC046","Jurisdiction":"VIC","LGA":"Colac Otway","Site_Name":"Forrest Public Hall","Site_Address":"14 Grant St Forrest 3236","Public_Access":"Yes"}},{"type":"Feature","id":546,"geometry":{"type":"Point","coordinates":[143.53796000000011,-38.520304999999951]},"properties":{"OBJECTID":546,"Site_ID":"VIC047","Jurisdiction":"VIC","LGA":"Colac Otway","Site_Name":"Gellibrand Public Hall","Site_Address":"1 Old Main Rd Gellibrand 3239","Public_Access":"Yes"}},{"type":"Feature","id":547,"geometry":{"type":"Point","coordinates":[143.38712300000009,-38.682798999999932]},"properties":{"OBJECTID":547,"Site_ID":"VIC048","Jurisdiction":"VIC","LGA":"Colac Otway","Site_Name":"Lavers Hill Public Hall","Site_Address":"43 47 Great Ocean Rd Lavers Hill 3238","Public_Access":"Yes"}},{"type":"Feature","id":548,"geometry":{"type":"Point","coordinates":[143.89229900000009,-38.633959999999945]},"properties":{"OBJECTID":548,"Site_ID":"VIC049","Jurisdiction":"VIC","LGA":"Colac Otway","Site_Name":"Wye River SLSC","Site_Address":"20 Great Ocean Rd Wye River 3234","Public_Access":"Yes"}},{"type":"Feature","id":549,"geometry":{"type":"Point","coordinates":[143.07720500000005,-38.326978999999938]},"properties":{"OBJECTID":549,"Site_ID":"VIC050","Jurisdiction":"VIC","LGA":"Corangamite","Site_Name":"Cobden Civic Hall","Site_Address":"53 55 Victoria St Cobden 3266","Public_Access":"Yes"}},{"type":"Feature","id":550,"geometry":{"type":"Point","coordinates":[143.14583600000003,-38.231357999999943]},"properties":{"OBJECTID":550,"Site_ID":"VIC051","Jurisdiction":"VIC","LGA":"Corangamite","Site_Name":"Camperdown Community Centre Killara (Large Site)","Site_Address":"210 212 Manifold St Camperdown 3260","Public_Access":"Yes"}},{"type":"Feature","id":551,"geometry":{"type":"Point","coordinates":[143.04864200000009,-37.996593999999959]},"properties":{"OBJECTID":551,"Site_ID":"VIC052","Jurisdiction":"VIC","LGA":"Corangamite","Site_Name":"Darlington Mechanics Hall","Site_Address":"2 Ware St Darlington 3271","Public_Access":"Yes"}},{"type":"Feature","id":552,"geometry":{"type":"Point","coordinates":[143.21681100000012,-37.948230999999964]},"properties":{"OBJECTID":552,"Site_ID":"VIC053","Jurisdiction":"VIC","LGA":"Corangamite","Site_Name":"Derrinallum Community Hall","Site_Address":"74 Main St Derrinallum 3325","Public_Access":"Yes"}},{"type":"Feature","id":553,"geometry":{"type":"Point","coordinates":[143.33991000000003,-37.957364999999982]},"properties":{"OBJECTID":553,"Site_ID":"VIC054","Jurisdiction":"VIC","LGA":"Corangamite","Site_Name":"Lismore Community Centre","Site_Address":"47 Seymour St Lismore 3324","Public_Access":"Yes"}},{"type":"Feature","id":554,"geometry":{"type":"Point","coordinates":[142.93702200000007,-38.191282999999942]},"properties":{"OBJECTID":554,"Site_ID":"VIC055","Jurisdiction":"VIC","LGA":"Corangamite","Site_Name":"Noorat Community Centre","Site_Address":"65 Mckinnons Bridge-Noorat Rd Noorat 3265","Public_Access":"Yes"}},{"type":"Feature","id":555,"geometry":{"type":"Point","coordinates":[143.00295000000006,-38.616709999999955]},"properties":{"OBJECTID":555,"Site_ID":"VIC056","Jurisdiction":"VIC","LGA":"Corangamite","Site_Name":"Port Campbell Community Centre (Recreation Reserve)","Site_Address":"24 Desaily St Port Campbell 3269","Public_Access":"Yes"}},{"type":"Feature","id":556,"geometry":{"type":"Point","coordinates":[143.20807400000001,-38.497592999999938]},"properties":{"OBJECTID":556,"Site_ID":"VIC057","Jurisdiction":"VIC","LGA":"Corangamite","Site_Name":"Simpson Public Hall","Site_Address":"9 Fisher St Simpson 3266","Public_Access":"Yes"}},{"type":"Feature","id":557,"geometry":{"type":"Point","coordinates":[143.36440200000004,-37.686962999999935]},"properties":{"OBJECTID":557,"Site_ID":"VIC058","Jurisdiction":"VIC","LGA":"Corangamite","Site_Name":"Skipton Mechanics Institute","Site_Address":"5 Anderson St Skipton 3361","Public_Access":"Yes"}},{"type":"Feature","id":558,"geometry":{"type":"Point","coordinates":[142.91571500000009,-38.241420999999946]},"properties":{"OBJECTID":558,"Site_ID":"VIC059","Jurisdiction":"VIC","LGA":"Corangamite","Site_Name":"Terang Civic Hall","Site_Address":"131 High St Terang 3264","Public_Access":"Yes"}},{"type":"Feature","id":559,"geometry":{"type":"Point","coordinates":[142.97322400000007,-38.483308999999963]},"properties":{"OBJECTID":559,"Site_ID":"VIC060","Jurisdiction":"VIC","LGA":"Corangamite","Site_Name":"Timboon & District Public Hall (Small Site)","Site_Address":"53 Bailey St Timboon 3268","Public_Access":"Yes"}},{"type":"Feature","id":560,"geometry":{"type":"Point","coordinates":[148.96906100000001,-37.755428999999936]},"properties":{"OBJECTID":560,"Site_ID":"VIC061","Jurisdiction":"VIC","LGA":"East Gippsland","Site_Name":"Bemm River CFA Station","Site_Address":"21 Roberts Rd Bemm River 3889","Public_Access":"Yes"}},{"type":"Feature","id":561,"geometry":{"type":"Point","coordinates":[147.70352100000002,-36.953942999999981]},"properties":{"OBJECTID":561,"Site_ID":"VIC062","Jurisdiction":"VIC","LGA":"East Gippsland","Site_Name":"Benambra Neighbourhood House","Site_Address":"34 Gibbo St, Benambra VIC 3900","Public_Access":"Yes"}},{"type":"Feature","id":562,"geometry":{"type":"Point","coordinates":[148.88527900000008,-37.147010999999964]},"properties":{"OBJECTID":562,"Site_ID":"VIC063","Jurisdiction":"VIC","LGA":"East Gippsland","Site_Name":"Bendoc Hall","Site_Address":"26 Dowling St Bendoc 3888","Public_Access":"Yes"}},{"type":"Feature","id":563,"geometry":{"type":"Point","coordinates":[148.72204600000009,-37.171921999999938]},"properties":{"OBJECTID":563,"Site_ID":"VIC064","Jurisdiction":"VIC","LGA":"East Gippsland","Site_Name":"Bonang Hall","Site_Address":"213 Bonang Rd Bonang 3888","Public_Access":"Yes"}},{"type":"Feature","id":564,"geometry":{"type":"Point","coordinates":[147.83181700000011,-37.707168999999965]},"properties":{"OBJECTID":564,"Site_ID":"VIC065","Jurisdiction":"VIC","LGA":"East Gippsland","Site_Name":"Bruthen Hall","Site_Address":"49 Main St Bruthen 3885","Public_Access":"Yes"}},{"type":"Feature","id":565,"geometry":{"type":"Point","coordinates":[147.52811200000008,-37.638548999999955]},"properties":{"OBJECTID":565,"Site_ID":"VIC066","Jurisdiction":"VIC","LGA":"East Gippsland","Site_Name":"Bullumwaal Mechanics Institute","Site_Address":"2700 Bullumwaal Rd, Bullumwaal VIC 3875","Public_Access":"Yes"}},{"type":"Feature","id":566,"geometry":{"type":"Point","coordinates":[148.72236500000008,-37.697287999999958]},"properties":{"OBJECTID":566,"Site_ID":"VIC067","Jurisdiction":"VIC","LGA":"East Gippsland","Site_Name":"Cabbage Tree Creek Hall","Site_Address":"2766 Princes Hwy Cabbage Tree Creek 3889","Public_Access":"Yes"}},{"type":"Feature","id":567,"geometry":{"type":"Point","coordinates":[147.65888500000005,-37.719321999999977]},"properties":{"OBJECTID":567,"Site_ID":"VIC068","Jurisdiction":"VIC","LGA":"East Gippsland","Site_Name":"Clifton Creek Hall","Site_Address":"810 Deptford Rd Clifton Creek 3875","Public_Access":"Yes"}},{"type":"Feature","id":568,"geometry":{"type":"Point","coordinates":[148.93478700000003,-37.551301999999964]},"properties":{"OBJECTID":568,"Site_ID":"VIC069","Jurisdiction":"VIC","LGA":"East Gippsland","Site_Name":"Club Terrace Old School","Site_Address":"25 School Rd Club Terrace 3889","Public_Access":"Yes"}},{"type":"Feature","id":569,"geometry":{"type":"Point","coordinates":[149.01489300000003,-37.397140999999976]},"properties":{"OBJECTID":569,"Site_ID":"VIC070","Jurisdiction":"VIC","LGA":"East Gippsland","Site_Name":"Combienbar Hall","Site_Address":"3280 Combienbar Rd Combienbar 3889","Public_Access":"Yes"}},{"type":"Feature","id":570,"geometry":{"type":"Point","coordinates":[147.83679900000004,-37.375276999999983]},"properties":{"OBJECTID":570,"Site_ID":"VIC071","Jurisdiction":"VIC","LGA":"East Gippsland","Site_Name":"Ensay Hall","Site_Address":"5078 Great Alpine Rd Ensay 3895","Public_Access":"Yes"}},{"type":"Feature","id":571,"geometry":{"type":"Point","coordinates":[147.82406000000003,-37.382078999999976]},"properties":{"OBJECTID":571,"Site_ID":"VIC072","Jurisdiction":"VIC","LGA":"East Gippsland","Site_Name":"Ensay Recreation Reserve","Site_Address":"59 Ensay-Doctors Flat Rd Ensay 3895","Public_Access":"Yes"}},{"type":"Feature","id":572,"geometry":{"type":"Point","coordinates":[147.32253900000012,-37.870090999999945]},"properties":{"OBJECTID":572,"Site_ID":"VIC073","Jurisdiction":"VIC","LGA":"East Gippsland","Site_Name":"Fernbank CFA Station","Site_Address":"2 Pearce St Fernbank 3864","Public_Access":"Yes"}},{"type":"Feature","id":573,"geometry":{"type":"Point","coordinates":[147.48227400000007,-37.759353999999973]},"properties":{"OBJECTID":573,"Site_ID":"VIC074","Jurisdiction":"VIC","LGA":"East Gippsland","Site_Name":"Flaggy Creek Hall & Recreation Reserve","Site_Address":"246 Lower Flaggy Creek Rd Flaggy Creek 3875","Public_Access":"Yes"}},{"type":"Feature","id":574,"geometry":{"type":"Point","coordinates":[148.26821400000006,-37.186933999999951]},"properties":{"OBJECTID":574,"Site_ID":"VIC075","Jurisdiction":"VIC","LGA":"East Gippsland","Site_Name":"Gelantipy CFA Station","Site_Address":"3 Saleyard Rd Gelantipy 3885","Public_Access":"Yes"}},{"type":"Feature","id":575,"geometry":{"type":"Point","coordinates":[149.58196200000009,-37.481425999999942]},"properties":{"OBJECTID":575,"Site_ID":"VIC076","Jurisdiction":"VIC","LGA":"East Gippsland","Site_Name":"Genoa Hall","Site_Address":"4644 Princes Hwy Genoa 3891","Public_Access":"Yes"}},{"type":"Feature","id":576,"geometry":{"type":"Point","coordinates":[147.47646000000009,-36.868763999999942]},"properties":{"OBJECTID":576,"Site_ID":"VIC077","Jurisdiction":"VIC","LGA":"East Gippsland","Site_Name":"Glen Valley Hall","Site_Address":"Omeo Hwy Glen Valley 3898","Public_Access":"Yes"}},{"type":"Feature","id":577,"geometry":{"type":"Point","coordinates":[147.34981900000002,-37.765831999999932]},"properties":{"OBJECTID":577,"Site_ID":"VIC078","Jurisdiction":"VIC","LGA":"East Gippsland","Site_Name":"Glenaladale Hall","Site_Address":"1745 Fernbank-Glenaladale Rd Glenaladale 3864","Public_Access":"Yes"}},{"type":"Feature","id":578,"geometry":{"type":"Point","coordinates":[148.70064100000002,-37.331528999999932]},"properties":{"OBJECTID":578,"Site_ID":"VIC079","Jurisdiction":"VIC","LGA":"East Gippsland","Site_Name":"Goongerah Community Hall","Site_Address":"6933 Bonang Rd Goongerah 3888","Public_Access":"Yes"}},{"type":"Feature","id":579,"geometry":{"type":"Point","coordinates":[147.83031600000004,-37.820377999999948]},"properties":{"OBJECTID":579,"Site_ID":"VIC080","Jurisdiction":"VIC","LGA":"East Gippsland","Site_Name":"Johnsonville Hall","Site_Address":"1754 Princes Hwy Johnsonville 3902","Public_Access":"Yes"}},{"type":"Feature","id":580,"geometry":{"type":"Point","coordinates":[148.05131200000005,-37.852232999999956]},"properties":{"OBJECTID":580,"Site_ID":"VIC081","Jurisdiction":"VIC","LGA":"East Gippsland","Site_Name":"Lake Tyers Beach Hall","Site_Address":"1 Mill Point Rd Toorloo Arm 3909","Public_Access":"Yes"}},{"type":"Feature","id":581,"geometry":{"type":"Point","coordinates":[147.45486200000005,-37.80235799999997]},"properties":{"OBJECTID":581,"Site_ID":"VIC082","Jurisdiction":"VIC","LGA":"East Gippsland","Site_Name":"Lindenow Recreation Reserve","Site_Address":"107 Henry St Lindenow 3865","Public_Access":"Yes"}},{"type":"Feature","id":582,"geometry":{"type":"Point","coordinates":[147.43158600000004,-37.832231999999976]},"properties":{"OBJECTID":582,"Site_ID":"VIC083","Jurisdiction":"VIC","LGA":"East Gippsland","Site_Name":"Lindenow South Recreation Reserve","Site_Address":"15 Fernbank-Lindenow South Rd Lindenow South 3875","Public_Access":"Yes"}},{"type":"Feature","id":583,"geometry":{"type":"Point","coordinates":[148.53344100000004,-37.79632399999997]},"properties":{"OBJECTID":583,"Site_ID":"VIC084","Jurisdiction":"VIC","LGA":"East Gippsland","Site_Name":"Marlo CFA Station","Site_Address":"2 Jorgensen St Marlo 3888","Public_Access":"Yes"}},{"type":"Feature","id":584,"geometry":{"type":"Point","coordinates":[148.09060800000009,-37.730448999999965]},"properties":{"OBJECTID":584,"Site_ID":"VIC085","Jurisdiction":"VIC","LGA":"East Gippsland","Site_Name":"Nowa Nowa Hall","Site_Address":"6 Hall Rd Nowa Nowa 3887","Public_Access":"Yes"}},{"type":"Feature","id":585,"geometry":{"type":"Point","coordinates":[147.72726800000009,-37.922476999999958]},"properties":{"OBJECTID":585,"Site_ID":"VIC086","Jurisdiction":"VIC","LGA":"East Gippsland","Site_Name":"Raymond Island Hall","Site_Address":"43 47 Sixth Av Raymond Island 3880","Public_Access":"Yes"}},{"type":"Feature","id":586,"geometry":{"type":"Point","coordinates":[147.71478900000011,-37.755653999999936]},"properties":{"OBJECTID":586,"Site_ID":"VIC087","Jurisdiction":"VIC","LGA":"East Gippsland","Site_Name":"Sarsfield Hall","Site_Address":"20 School Rd Sarsfield 3875","Public_Access":"Yes"}},{"type":"Feature","id":587,"geometry":{"type":"Point","coordinates":[147.8585690000001,-37.824070999999947]},"properties":{"OBJECTID":587,"Site_ID":"VIC088","Jurisdiction":"VIC","LGA":"East Gippsland","Site_Name":"Swan Reach Recreation Reserve","Site_Address":"30 Duffy St Swan Reach 3903","Public_Access":"Yes"}},{"type":"Feature","id":588,"geometry":{"type":"Point","coordinates":[147.72186600000009,-37.264215999999976]},"properties":{"OBJECTID":588,"Site_ID":"VIC089","Jurisdiction":"VIC","LGA":"East Gippsland","Site_Name":"Swifts Creek Hall","Site_Address":"68 69 Great Alpine Rd Swifts Creek 3896","Public_Access":"Yes"}},{"type":"Feature","id":589,"geometry":{"type":"Point","coordinates":[148.59125800000004,-37.069933999999932]},"properties":{"OBJECTID":589,"Site_ID":"VIC090","Jurisdiction":"VIC","LGA":"East Gippsland","Site_Name":"Tubbut Community Hall","Site_Address":"2582 Mckillops Rd Tubbut 3888","Public_Access":"Yes"}},{"type":"Feature","id":590,"geometry":{"type":"Point","coordinates":[148.17109700000003,-37.693641999999954]},"properties":{"OBJECTID":590,"Site_ID":"VIC091","Jurisdiction":"VIC","LGA":"East Gippsland","Site_Name":"Wairewa Hall","Site_Address":"596 Wairewa Rd Wairewa 3887","Public_Access":"Yes"}},{"type":"Feature","id":591,"geometry":{"type":"Point","coordinates":[148.2593720000001,-37.068808999999931]},"properties":{"OBJECTID":591,"Site_ID":"VIC092","Jurisdiction":"VIC","LGA":"East Gippsland","Site_Name":"Wulgulmerang Hall","Site_Address":"381 Snowy River Rd Wulgulmerang East 3885","Public_Access":"Yes"}},{"type":"Feature","id":592,"geometry":{"type":"Point","coordinates":[143.51957000000004,-35.848389999999938]},"properties":{"OBJECTID":592,"Site_ID":"VIC093","Jurisdiction":"VIC","LGA":"Gannawarra","Site_Name":"Quambatook Senior Citzens Centre","Site_Address":"2 4 Olive St Quambatook 3540","Public_Access":"Yes"}},{"type":"Feature","id":593,"geometry":{"type":"Point","coordinates":[144.17116500000009,-38.047366999999952]},"properties":{"OBJECTID":593,"Site_ID":"VIC094","Jurisdiction":"VIC","LGA":"Golden Plains","Site_Name":"Bannockburn Cultural Centre","Site_Address":"27 High St Bannockburn 3331","Public_Access":"Yes"}},{"type":"Feature","id":594,"geometry":{"type":"Point","coordinates":[143.72221700000011,-37.588076999999942]},"properties":{"OBJECTID":594,"Site_ID":"VIC095","Jurisdiction":"VIC","LGA":"Golden Plains","Site_Name":"Haddon Recreation Centre","Site_Address":"396 Sago Hill Rd Haddon 3351","Public_Access":"Yes"}},{"type":"Feature","id":595,"geometry":{"type":"Point","coordinates":[143.72081300000002,-37.900230999999962]},"properties":{"OBJECTID":595,"Site_ID":"VIC096","Jurisdiction":"VIC","LGA":"Golden Plains","Site_Name":"Rokewood Memorial Hall","Site_Address":"66 Ferrars St Rokewood 3330","Public_Access":"Yes"}},{"type":"Feature","id":596,"geometry":{"type":"Point","coordinates":[143.68329800000004,-37.642806999999948]},"properties":{"OBJECTID":596,"Site_ID":"VIC097","Jurisdiction":"VIC","LGA":"Golden Plains","Site_Name":"Smythesdale Recreation Centre ","Site_Address":"55 Heales St Smythesdale 3351","Public_Access":"Yes"}},{"type":"Feature","id":597,"geometry":{"type":"Point","coordinates":[145.33319600000004,-36.563392999999962]},"properties":{"OBJECTID":597,"Site_ID":"VIC098","Jurisdiction":"VIC","LGA":"Greater Shepparton","Site_Name":"Arcadia Community Centre & Recreation Reserve","Site_Address":"12 Main Rd Arcadia 3631","Public_Access":"Yes"}},{"type":"Feature","id":598,"geometry":{"type":"Point","coordinates":[145.30045700000005,-36.383963999999935]},"properties":{"OBJECTID":598,"Site_ID":"VIC099","Jurisdiction":"VIC","LGA":"Greater Shepparton","Site_Name":"Ardmona Community Centre & Recreation Reserve","Site_Address":"Lenne Rd Ardmona 3629","Public_Access":"Yes"}},{"type":"Feature","id":599,"geometry":{"type":"Point","coordinates":[145.34288400000003,-36.219330999999954]},"properties":{"OBJECTID":599,"Site_ID":"VIC100","Jurisdiction":"VIC","LGA":"Greater Shepparton","Site_Name":"Bunbartha Recreation Reserve","Site_Address":"10 Loch Garry Rd Bunbartha 3634","Public_Access":"Yes"}},{"type":"Feature","id":600,"geometry":{"type":"Point","coordinates":[145.63134600000012,-36.468396999999982]},"properties":{"OBJECTID":600,"Site_ID":"VIC101","Jurisdiction":"VIC","LGA":"Greater Shepparton","Site_Name":"Caniambo Hall","Site_Address":"480 Bridge Rd Caniambo 3630","Public_Access":"Yes"}},{"type":"Feature","id":601,"geometry":{"type":"Point","coordinates":[145.46253600000011,-36.409391999999968]},"properties":{"OBJECTID":601,"Site_ID":"VIC102","Jurisdiction":"VIC","LGA":"Greater Shepparton","Site_Name":"Central Park Recreation Reserve ","Site_Address":"485 507 Central Av Shepparton East 3631","Public_Access":"Yes"}},{"type":"Feature","id":602,"geometry":{"type":"Point","coordinates":[145.43495000000007,-36.298688999999968]},"properties":{"OBJECTID":602,"Site_ID":"VIC103","Jurisdiction":"VIC","LGA":"Greater Shepparton","Site_Name":"Congupna Recreation Reserve","Site_Address":"3560 Katamatite-Shepparton Main Rd Congupna 3633","Public_Access":"Yes"}},{"type":"Feature","id":603,"geometry":{"type":"Point","coordinates":[145.23827500000004,-36.543333999999959]},"properties":{"OBJECTID":603,"Site_ID":"VIC104","Jurisdiction":"VIC","LGA":"Greater Shepparton","Site_Name":"Dhurringile Recreation Reserve","Site_Address":"625 Langham Rd Dhurringile 3610","Public_Access":"Yes"}},{"type":"Feature","id":604,"geometry":{"type":"Point","coordinates":[145.68425700000012,-36.33318799999995]},"properties":{"OBJECTID":604,"Site_ID":"VIC105","Jurisdiction":"VIC","LGA":"Greater Shepparton","Site_Name":"Dookie Community Centre & Recreation Reserve","Site_Address":"20 50 Dookie St Dookie 3646","Public_Access":"Yes"}},{"type":"Feature","id":605,"geometry":{"type":"Point","coordinates":[145.39820300000008,-36.377344999999934]},"properties":{"OBJECTID":605,"Site_ID":"VIC106","Jurisdiction":"VIC","LGA":"Greater Shepparton","Site_Name":"Eastbank Centre","Site_Address":"70 Welsford St Shepparton 3630","Public_Access":"Yes"}},{"type":"Feature","id":606,"geometry":{"type":"Point","coordinates":[145.14530200000002,-36.469645999999955]},"properties":{"OBJECTID":606,"Site_ID":"VIC107","Jurisdiction":"VIC","LGA":"Greater Shepparton","Site_Name":"Harston Memorial Hall","Site_Address":"126 Harston Rd Harston 3616","Public_Access":"Yes"}},{"type":"Feature","id":607,"geometry":{"type":"Point","coordinates":[145.47811600000011,-36.526814999999942]},"properties":{"OBJECTID":607,"Site_ID":"VIC108","Jurisdiction":"VIC","LGA":"Greater Shepparton","Site_Name":"Karramomus Hall & Recreation Reserve","Site_Address":"1015 Karramomus Rd Karramomus 3631","Public_Access":"Yes"}},{"type":"Feature","id":608,"geometry":{"type":"Point","coordinates":[145.55839500000002,-36.22803099999993]},"properties":{"OBJECTID":608,"Site_ID":"VIC109","Jurisdiction":"VIC","LGA":"Greater Shepparton","Site_Name":"Katandra West Recreation Reserve & Community Centre","Site_Address":"238 240 Hickey Rd Katandra West 3634","Public_Access":"Yes"}},{"type":"Feature","id":609,"geometry":{"type":"Point","coordinates":[145.38762700000007,-36.419952999999964]},"properties":{"OBJECTID":609,"Site_ID":"VIC110","Jurisdiction":"VIC","LGA":"Greater Shepparton","Site_Name":"Kialla Park Recreation Reserve ","Site_Address":"Reserve St Kialla 3631","Public_Access":"Yes"}},{"type":"Feature","id":610,"geometry":{"type":"Point","coordinates":[145.46258900000009,-36.356941999999947]},"properties":{"OBJECTID":610,"Site_ID":"VIC111","Jurisdiction":"VIC","LGA":"Greater Shepparton","Site_Name":"Lemnos Recreation Reserve","Site_Address":"80 Lemnos North Rd Lemnos 3631","Public_Access":"Yes"}},{"type":"Feature","id":611,"geometry":{"type":"Point","coordinates":[145.12825100000009,-36.372079999999983]},"properties":{"OBJECTID":611,"Site_ID":"VIC112","Jurisdiction":"VIC","LGA":"Greater Shepparton","Site_Name":"Merrigum Recreation Reserve","Site_Address":"65 Morrissey St Merrigum 3618","Public_Access":"Yes"}},{"type":"Feature","id":612,"geometry":{"type":"Point","coordinates":[145.35867300000007,-36.392922999999939]},"properties":{"OBJECTID":612,"Site_ID":"VIC113","Jurisdiction":"VIC","LGA":"Greater Shepparton","Site_Name":"Mooroopna Hub","Site_Address":"23 Alexandra St Mooroopna 3629","Public_Access":"Yes"}},{"type":"Feature","id":613,"geometry":{"type":"Point","coordinates":[145.21977000000004,-36.603190999999981]},"properties":{"OBJECTID":613,"Site_ID":"VIC114","Jurisdiction":"VIC","LGA":"Greater Shepparton","Site_Name":"Murchison Recreation Reserve","Site_Address":"121 River Rd Murchison 3610","Public_Access":"Yes"}},{"type":"Feature","id":614,"geometry":{"type":"Point","coordinates":[145.39144400000009,-36.407633999999973]},"properties":{"OBJECTID":614,"Site_ID":"VIC115","Jurisdiction":"VIC","LGA":"Greater Shepparton","Site_Name":"Peter Copolus Community Centre - Riverside Plaza","Site_Address":"8025 Goulburn Valley Hwy Kialla 3631","Public_Access":"Yes"}},{"type":"Feature","id":615,"geometry":{"type":"Point","coordinates":[145.39787500000011,-36.379518999999959]},"properties":{"OBJECTID":615,"Site_ID":"VIC116","Jurisdiction":"VIC","LGA":"Greater Shepparton","Site_Name":"Senior Citizens Centre","Site_Address":"122 132 Welsford St Shepparton 3630","Public_Access":"Yes"}},{"type":"Feature","id":616,"geometry":{"type":"Point","coordinates":[145.42082100000005,-36.367686999999933]},"properties":{"OBJECTID":616,"Site_ID":"VIC117","Jurisdiction":"VIC","LGA":"Greater Shepparton","Site_Name":"Shepparton Regional Saleyards","Site_Address":"48 New Dookie Rd Shepparton 3630","Public_Access":"Yes"}},{"type":"Feature","id":617,"geometry":{"type":"Point","coordinates":[145.39449300000001,-36.354958999999951]},"properties":{"OBJECTID":617,"Site_ID":"VIC118","Jurisdiction":"VIC","LGA":"Greater Shepparton","Site_Name":"Shepparton Sports City - Pavilion","Site_Address":"Packham St Shepparton 3630","Public_Access":"Yes"}},{"type":"Feature","id":618,"geometry":{"type":"Point","coordinates":[145.40110800000002,-36.355831999999964]},"properties":{"OBJECTID":618,"Site_ID":"VIC119","Jurisdiction":"VIC","LGA":"Greater Shepparton","Site_Name":"Shepparton Sports City - Stadium","Site_Address":"120 Numurkah Rd Shepparton 3630","Public_Access":"Yes"}},{"type":"Feature","id":619,"geometry":{"type":"Point","coordinates":[145.40914000000009,-36.381345999999951]},"properties":{"OBJECTID":619,"Site_ID":"VIC120","Jurisdiction":"VIC","LGA":"Greater Shepparton","Site_Name":"Showgrounds - Mcintosh Centre ","Site_Address":"Thompson St Shepparton 3630","Public_Access":"Yes"}},{"type":"Feature","id":620,"geometry":{"type":"Point","coordinates":[145.41286700000012,-36.381310999999982]},"properties":{"OBJECTID":620,"Site_ID":"VIC121","Jurisdiction":"VIC","LGA":"Greater Shepparton","Site_Name":"Showgrounds - Multi-Purpose Pavilion ","Site_Address":"Thompson St Shepparton 3630","Public_Access":"Yes"}},{"type":"Feature","id":621,"geometry":{"type":"Point","coordinates":[145.35362400000008,-36.392986999999948]},"properties":{"OBJECTID":621,"Site_ID":"VIC122","Jurisdiction":"VIC","LGA":"Greater Shepparton","Site_Name":"Sir Ian Mclennan Centre ","Site_Address":"Mclennan St Mooroopna 3629","Public_Access":"Yes"}},{"type":"Feature","id":622,"geometry":{"type":"Point","coordinates":[145.43667900000003,-36.240959999999973]},"properties":{"OBJECTID":622,"Site_ID":"VIC123","Jurisdiction":"VIC","LGA":"Greater Shepparton","Site_Name":"Tallygaroopna Community Centre ","Site_Address":"7 25 Smith St Tallygaroopna 3634","Public_Access":"Yes"}},{"type":"Feature","id":623,"geometry":{"type":"Point","coordinates":[145.23295900000005,-36.445107999999948]},"properties":{"OBJECTID":623,"Site_ID":"VIC124","Jurisdiction":"VIC","LGA":"Greater Shepparton","Site_Name":"Tatura Park Ballantyne Centre","Site_Address":"9 19 Hastie St Tatura 3616","Public_Access":"Yes"}},{"type":"Feature","id":624,"geometry":{"type":"Point","coordinates":[145.22422100000006,-36.451685999999938]},"properties":{"OBJECTID":624,"Site_ID":"VIC125","Jurisdiction":"VIC","LGA":"Greater Shepparton","Site_Name":"Tatura Racecourse","Site_Address":"157 161 Ross St Tatura 3616","Public_Access":"Yes"}},{"type":"Feature","id":625,"geometry":{"type":"Point","coordinates":[145.34382800000003,-36.491328999999951]},"properties":{"OBJECTID":625,"Site_ID":"VIC126","Jurisdiction":"VIC","LGA":"Greater Shepparton","Site_Name":"Toolamba Recreation Reserve","Site_Address":"69 71 Wren St Toolamba 3614","Public_Access":"Yes"}},{"type":"Feature","id":626,"geometry":{"type":"Point","coordinates":[145.21773700000006,-36.276830999999959]},"properties":{"OBJECTID":626,"Site_ID":"VIC127","Jurisdiction":"VIC","LGA":"Greater Shepparton","Site_Name":"Undera Recreation Reserve","Site_Address":"1915 Echuca Rd Undera 3629","Public_Access":"Yes"}},{"type":"Feature","id":627,"geometry":{"type":"Point","coordinates":[145.2345160000001,-36.444638999999938]},"properties":{"OBJECTID":627,"Site_ID":"VIC128","Jurisdiction":"VIC","LGA":"Greater Shepparton","Site_Name":"Wilson Hall, Stables, Arena & Eastern Oval (Tatura Park)","Site_Address":"9 19 Hastie St Tatura 3616","Public_Access":"Yes"}},{"type":"Feature","id":628,"geometry":{"type":"Point","coordinates":[143.98901300000011,-37.40751599999993]},"properties":{"OBJECTID":628,"Site_ID":"VIC129","Jurisdiction":"VIC","LGA":"Hepburn","Site_Name":"Newlyn Recreation Reserve","Site_Address":"2745 Midland Hwy Newlyn 3364","Public_Access":"Yes"}},{"type":"Feature","id":629,"geometry":{"type":"Point","coordinates":[143.78604600000006,-37.293699999999944]},"properties":{"OBJECTID":629,"Site_ID":"VIC130","Jurisdiction":"VIC","LGA":"Hepburn","Site_Name":"The Warehouse ","Site_Address":"36 Fraser St Clunes 3370","Public_Access":"Yes"}},{"type":"Feature","id":630,"geometry":{"type":"Point","coordinates":[144.32386800000006,-37.388157999999976]},"properties":{"OBJECTID":630,"Site_ID":"VIC131","Jurisdiction":"VIC","LGA":"Hepburn","Site_Name":"Trentham Library","Site_Address":"13 Albert St Trentham 3458","Public_Access":"Yes"}},{"type":"Feature","id":631,"geometry":{"type":"Point","coordinates":[144.13564800000006,-37.356544999999983]},"properties":{"OBJECTID":631,"Site_ID":"VIC132","Jurisdiction":"VIC","LGA":"Hepburn","Site_Name":"Victoria Park","Site_Address":"3021 Ballan-Daylesford Rd Daylesford 3460","Public_Access":"Yes"}},{"type":"Feature","id":632,"geometry":{"type":"Point","coordinates":[143.8950870000001,-37.423731999999973]},"properties":{"OBJECTID":632,"Site_ID":"VIC133","Jurisdiction":"VIC","LGA":"Hepburn","Site_Name":"Creswick Hub","Site_Address":"68 Albert St Creswick 3363","Public_Access":"Yes"}},{"type":"Feature","id":633,"geometry":{"type":"Point","coordinates":[144.14434200000005,-37.342176999999936]},"properties":{"OBJECTID":633,"Site_ID":"VIC134","Jurisdiction":"VIC","LGA":"Hepburn","Site_Name":"Duke Street Office","Site_Address":"10 Albert St Daylesford 3460","Public_Access":"Yes"}},{"type":"Feature","id":634,"geometry":{"type":"Point","coordinates":[143.88398400000005,-37.422595999999942]},"properties":{"OBJECTID":634,"Site_ID":"VIC135","Jurisdiction":"VIC","LGA":"Hepburn","Site_Name":"Doug Lindsay Recreation Reserve","Site_Address":"Lindsay Park Dr Creswick 3363","Public_Access":"Yes"}},{"type":"Feature","id":635,"geometry":{"type":"Point","coordinates":[141.65172700000005,-36.333496999999966]},"properties":{"OBJECTID":635,"Site_ID":"VIC136","Jurisdiction":"VIC","LGA":"Hindmarsh","Site_Name":"Nhill Memorial Community Centre","Site_Address":"77 79 Nelson St Nhill 3418","Public_Access":"Yes"}},{"type":"Feature","id":636,"geometry":{"type":"Point","coordinates":[141.99443000000008,-35.897660999999971]},"properties":{"OBJECTID":636,"Site_ID":"VIC137","Jurisdiction":"VIC","LGA":"Hindmarsh","Site_Name":"Rainbow Mecca","Site_Address":"15 Federal St Rainbow 3424","Public_Access":"Yes"}},{"type":"Feature","id":637,"geometry":{"type":"Point","coordinates":[147.14192100000002,-36.982190999999943]},"properties":{"OBJECTID":637,"Site_ID":"VIC138","Jurisdiction":"VIC","LGA":"Unincorporated Vic","Site_Name":"Mharmb Administration Building","Site_Address":"28 Great Alpine Rd Hotham Heights 3741","Public_Access":"Yes"}},{"type":"Feature","id":638,"geometry":{"type":"Point","coordinates":[147.16798000000006,-36.994783999999981]},"properties":{"OBJECTID":638,"Site_ID":"VIC139","Jurisdiction":"VIC","LGA":"Unincorporated Vic","Site_Name":"Slatey Shed","Site_Address":"3658 Great Alpine Rd, Hotham Heights VIC 3741","Public_Access":"Yes"}},{"type":"Feature","id":639,"geometry":{"type":"Point","coordinates":[146.68758900000012,-36.358658999999932]},"properties":{"OBJECTID":639,"Site_ID":"VIC140","Jurisdiction":"VIC","LGA":"Indigo","Site_Name":"Beechworth Memorial Hall","Site_Address":"99 Ford St Beechworth 3747","Public_Access":"Yes"}},{"type":"Feature","id":640,"geometry":{"type":"Point","coordinates":[146.61233800000002,-36.151292999999953]},"properties":{"OBJECTID":640,"Site_ID":"VIC141","Jurisdiction":"VIC","LGA":"Indigo","Site_Name":"Chiltern Memorial Hall","Site_Address":"90 Conness St Chiltern 3683","Public_Access":"Yes"}},{"type":"Feature","id":641,"geometry":{"type":"Point","coordinates":[146.45913900000005,-36.055197999999962]},"properties":{"OBJECTID":641,"Site_ID":"VIC142","Jurisdiction":"VIC","LGA":"Indigo","Site_Name":"Rutherglen Memorial Hall","Site_Address":"149 155 High St Rutherglen 3685","Public_Access":"Yes"}},{"type":"Feature","id":642,"geometry":{"type":"Point","coordinates":[147.01605900000004,-36.254610999999954]},"properties":{"OBJECTID":642,"Site_ID":"VIC143","Jurisdiction":"VIC","LGA":"Indigo","Site_Name":"Tangambalanga Community Centre","Site_Address":"29 Kiewa East Rd Tangambalanga 3691","Public_Access":"Yes"}},{"type":"Feature","id":643,"geometry":{"type":"Point","coordinates":[146.83693100000005,-36.312679999999943]},"properties":{"OBJECTID":643,"Site_ID":"VIC144","Jurisdiction":"VIC","LGA":"Indigo","Site_Name":"Yackandandah Public Hall","Site_Address":"36 High St Yackandandah 3749","Public_Access":"Yes"}},{"type":"Feature","id":644,"geometry":{"type":"Point","coordinates":[146.27458700000011,-38.378566999999975]},"properties":{"OBJECTID":644,"Site_ID":"VIC145","Jurisdiction":"VIC","LGA":"Latrobe (Vic.)","Site_Name":"Boolarra Memorial Hall","Site_Address":"Christian St Boolarra 3870","Public_Access":"Yes"}},{"type":"Feature","id":645,"geometry":{"type":"Point","coordinates":[146.58367400000009,-38.338753999999938]},"properties":{"OBJECTID":645,"Site_ID":"VIC146","Jurisdiction":"VIC","LGA":"Latrobe (Vic.)","Site_Name":"Callignee Community Hall","Site_Address":"426 Old Callignee Rd Callignee 3844","Public_Access":"Yes"}},{"type":"Feature","id":646,"geometry":{"type":"Point","coordinates":[146.69322900000009,-38.171044999999935]},"properties":{"OBJECTID":646,"Site_ID":"VIC147","Jurisdiction":"VIC","LGA":"Latrobe (Vic.)","Site_Name":"Flynn Community Hall","Site_Address":"7 Widdis Way Flynn 3844","Public_Access":"Yes"}},{"type":"Feature","id":647,"geometry":{"type":"Point","coordinates":[146.62991900000009,-38.060497999999939]},"properties":{"OBJECTID":647,"Site_ID":"VIC149","Jurisdiction":"VIC","LGA":"Latrobe (Vic.)","Site_Name":"Toongabbie Recreation Reserve/Community Hall","Site_Address":"Main St Toongabbie 3856","Public_Access":"Yes"}},{"type":"Feature","id":648,"geometry":{"type":"Point","coordinates":[146.54052000000001,-38.295587999999952]},"properties":{"OBJECTID":648,"Site_ID":"VIC150","Jurisdiction":"VIC","LGA":"Latrobe (Vic.)","Site_Name":"Traralgon South Community Hall","Site_Address":"6 Cats Dr Traralgon South 3844","Public_Access":"Yes"}},{"type":"Feature","id":649,"geometry":{"type":"Point","coordinates":[146.47879400000011,-38.150567999999964]},"properties":{"OBJECTID":649,"Site_ID":"VIC151","Jurisdiction":"VIC","LGA":"Latrobe (Vic.)","Site_Name":"Tyers Recreation Reserve","Site_Address":"7 Community Lane Tyers 3844","Public_Access":"Yes"}},{"type":"Feature","id":650,"geometry":{"type":"Point","coordinates":[146.36235800000009,-38.162032999999951]},"properties":{"OBJECTID":650,"Site_ID":"VIC152","Jurisdiction":"VIC","LGA":"Latrobe (Vic.)","Site_Name":"Monash Hall","Site_Address":"Reserve St Yallourn North 3825","Public_Access":"Yes"}},{"type":"Feature","id":651,"geometry":{"type":"Point","coordinates":[143.72612600000002,-36.116346999999962]},"properties":{"OBJECTID":651,"Site_ID":"VIC153","Jurisdiction":"VIC","LGA":"Loddon","Site_Name":"Boort Memorial Hall ","Site_Address":"Godfrey St Boort 3537","Public_Access":"Yes"}},{"type":"Feature","id":652,"geometry":{"type":"Point","coordinates":[143.94481500000006,-36.602929999999958]},"properties":{"OBJECTID":652,"Site_ID":"VIC154","Jurisdiction":"VIC","LGA":"Loddon","Site_Name":"Bridgewater On Loddon Memorial Hall ","Site_Address":"39 41 Eldon St Bridgewater On Loddon 3516","Public_Access":"Yes"}},{"type":"Feature","id":653,"geometry":{"type":"Point","coordinates":[143.86741300000006,-36.576040999999975]},"properties":{"OBJECTID":653,"Site_ID":"VIC155","Jurisdiction":"VIC","LGA":"Loddon","Site_Name":"Inglewood Town Hall","Site_Address":"25 Verdon St Inglewood 3517","Public_Access":"Yes"}},{"type":"Feature","id":654,"geometry":{"type":"Point","coordinates":[144.11512900000002,-36.053786999999943]},"properties":{"OBJECTID":654,"Site_ID":"VIC156","Jurisdiction":"VIC","LGA":"Loddon","Site_Name":"Pyramid Hill Memorial Hall ","Site_Address":"30 32 Kelly St Pyramid Hill 3575","Public_Access":"Yes"}},{"type":"Feature","id":655,"geometry":{"type":"Point","coordinates":[143.83266300000003,-36.770301999999958]},"properties":{"OBJECTID":655,"Site_ID":"VIC157","Jurisdiction":"VIC","LGA":"Loddon","Site_Name":"Tarnagulla Public Hall ","Site_Address":"69 71 Commercial Rd Tarnagulla 3551","Public_Access":"Yes"}},{"type":"Feature","id":656,"geometry":{"type":"Point","coordinates":[143.61113000000012,-36.416379999999947]},"properties":{"OBJECTID":656,"Site_ID":"VIC158","Jurisdiction":"VIC","LGA":"Loddon","Site_Name":"Wedderburn Mechanics Institute Hall ","Site_Address":"92 High St Wedderburn 3518","Public_Access":"Yes"}},{"type":"Feature","id":657,"geometry":{"type":"Point","coordinates":[144.52168900000004,-37.35318099999995]},"properties":{"OBJECTID":657,"Site_ID":"VIC159","Jurisdiction":"VIC","LGA":"Macedon Ranges","Site_Name":"Buffalo Stadium (Neighbourhood Safer Place)","Site_Address":"1 Forest St, Woodend VIC 3442","Public_Access":"Yes"}},{"type":"Feature","id":658,"geometry":{"type":"Point","coordinates":[144.59218300000009,-37.487578999999982]},"properties":{"OBJECTID":658,"Site_ID":"VIC160","Jurisdiction":"VIC","LGA":"Macedon Ranges","Site_Name":"Gisborne Community Centre (Primary ERC)","Site_Address":"18 Hamilton St, Gisborne VIC 3437","Public_Access":"Yes"}},{"type":"Feature","id":659,"geometry":{"type":"Point","coordinates":[144.45336300000008,-37.247130999999968]},"properties":{"OBJECTID":659,"Site_ID":"VIC161","Jurisdiction":"VIC","LGA":"Macedon Ranges","Site_Name":"Kyneton Town Hall (Secondary ERC)","Site_Address":"125 Mollison St, Kyneton VIC 3444","Public_Access":"Yes"}},{"type":"Feature","id":660,"geometry":{"type":"Point","coordinates":[144.73555700000009,-37.276926999999944]},"properties":{"OBJECTID":660,"Site_ID":"VIC163","Jurisdiction":"VIC","LGA":"Macedon Ranges","Site_Name":"Lancefield Mechanics Hall (Neighbourhood Safer Place)","Site_Address":"4 The Crescent, Lancefield VIC 3435","Public_Access":"Yes"}},{"type":"Feature","id":661,"geometry":{"type":"Point","coordinates":[144.57306600000004,-37.417536999999982]},"properties":{"OBJECTID":661,"Site_ID":"VIC164","Jurisdiction":"VIC","LGA":"Macedon Ranges","Site_Name":"Macedon Community Centre (Neighbourhood Safer Place)","Site_Address":"37 Waterfalls Rd, Macedon VIC 3440","Public_Access":"Yes"}},{"type":"Feature","id":662,"geometry":{"type":"Point","coordinates":[144.68357000000003,-37.462069999999983]},"properties":{"OBJECTID":662,"Site_ID":"VIC165","Jurisdiction":"VIC","LGA":"Macedon Ranges","Site_Name":"Riddells Creek Leisure Centre (Secondary ERC)","Site_Address":"26 Sutherlands Rd, Riddells Creek VIC 3431","Public_Access":"Yes"}},{"type":"Feature","id":663,"geometry":{"type":"Point","coordinates":[144.7492860000001,-37.352629999999976]},"properties":{"OBJECTID":663,"Site_ID":"VIC166","Jurisdiction":"VIC","LGA":"Macedon Ranges","Site_Name":"Romsey Recreation Centre (Primary ERC)","Site_Address":"Park Lane, Romsey VIC 3434","Public_Access":"Yes"}},{"type":"Feature","id":664,"geometry":{"type":"Point","coordinates":[144.52896700000008,-37.354534999999942]},"properties":{"OBJECTID":664,"Site_ID":"VIC167","Jurisdiction":"VIC","LGA":"Macedon Ranges","Site_Name":"Woodend Community Centre (Secondary ERC)","Site_Address":"177 High St, Woodend VIC 3442","Public_Access":"Yes"}},{"type":"Feature","id":665,"geometry":{"type":"Point","coordinates":[145.86037600000009,-37.024548999999979]},"properties":{"OBJECTID":665,"Site_ID":"VIC168","Jurisdiction":"VIC","LGA":"Mansfield","Site_Name":"Bonnie Doon Recreation Reserve","Site_Address":"2 Davon St Bonnie Doon 3720","Public_Access":"Yes"}},{"type":"Feature","id":666,"geometry":{"type":"Point","coordinates":[146.13786800000003,-37.301949999999977]},"properties":{"OBJECTID":666,"Site_ID":"VIC169","Jurisdiction":"VIC","LGA":"Mansfield","Site_Name":"Jamieson Memorial Hall","Site_Address":"15 Perkins St Jamieson 3723","Public_Access":"Yes"}},{"type":"Feature","id":667,"geometry":{"type":"Point","coordinates":[146.08698800000002,-37.053698999999938]},"properties":{"OBJECTID":667,"Site_ID":"VIC170","Jurisdiction":"VIC","LGA":"Mansfield","Site_Name":"Mansfield Shire Council Municipal Offices","Site_Address":"33 Highett St Mansfield 3722","Public_Access":"Yes"}},{"type":"Feature","id":668,"geometry":{"type":"Point","coordinates":[146.25802500000009,-37.102890999999943]},"properties":{"OBJECTID":668,"Site_ID":"VIC171","Jurisdiction":"VIC","LGA":"Mansfield","Site_Name":"Merrijig Public Hall","Site_Address":"1 Alpha St Merrijig 3723","Public_Access":"Yes"}},{"type":"Feature","id":669,"geometry":{"type":"Point","coordinates":[145.70917300000008,-36.976526999999976]},"properties":{"OBJECTID":669,"Site_ID":"VIC172","Jurisdiction":"VIC","LGA":"Mansfield","Site_Name":"Merton Memorial Hall","Site_Address":"17 Shaws Rd Merton 3715","Public_Access":"Yes"}},{"type":"Feature","id":670,"geometry":{"type":"Point","coordinates":[146.23876100000007,-36.935772999999983]},"properties":{"OBJECTID":670,"Site_ID":"VIC173","Jurisdiction":"VIC","LGA":"Mansfield","Site_Name":"Tolmie Mechanics Institute","Site_Address":"15 Tolmie-Mahaikah Rd Tolmie 3723","Public_Access":"Yes"}},{"type":"Feature","id":671,"geometry":{"type":"Point","coordinates":[146.2504540000001,-37.566716999999983]},"properties":{"OBJECTID":671,"Site_ID":"VIC174","Jurisdiction":"VIC","LGA":"Mansfield","Site_Name":"Woods Point RSL Hall","Site_Address":"18 Scott St Woods Point 3723","Public_Access":"Yes"}},{"type":"Feature","id":672,"geometry":{"type":"Point","coordinates":[141.60477400000002,-34.276712999999972]},"properties":{"OBJECTID":672,"Site_ID":"VIC176","Jurisdiction":"VIC","LGA":"Mildura","Site_Name":"Lake Cullulleraine Multi Purpose Centre ","Site_Address":"5302 Sturt Hwy Cullulleraine 3496","Public_Access":"Yes"}},{"type":"Feature","id":673,"geometry":{"type":"Point","coordinates":[141.33052200000009,-34.388642999999945]},"properties":{"OBJECTID":673,"Site_ID":"VIC178","Jurisdiction":"VIC","LGA":"Mildura","Site_Name":"Meringur Community Centre","Site_Address":"8038 Millewa Rd Meringur 3496","Public_Access":"Yes"}},{"type":"Feature","id":674,"geometry":{"type":"Point","coordinates":[141.18381600000009,-35.262920999999949]},"properties":{"OBJECTID":674,"Site_ID":"VIC179","Jurisdiction":"VIC","LGA":"Mildura","Site_Name":"Murrayville Public Hall","Site_Address":"25 Mckenzie St Murrayville 3512","Public_Access":"Yes"}},{"type":"Feature","id":675,"geometry":{"type":"Point","coordinates":[142.36233300000004,-34.478488999999968]},"properties":{"OBJECTID":675,"Site_ID":"VIC180","Jurisdiction":"VIC","LGA":"Mildura","Site_Name":"Nangiloc Public Hall","Site_Address":"2693 Kulkyne Way Nangiloc 3494","Public_Access":"Yes"}},{"type":"Feature","id":676,"geometry":{"type":"Point","coordinates":[142.32237700000007,-35.074021999999957]},"properties":{"OBJECTID":676,"Site_ID":"VIC181","Jurisdiction":"VIC","LGA":"Mildura","Site_Name":"Ouyen Harness Racing Club","Site_Address":"41 Hughes St Ouyen 3490","Public_Access":"Yes"}},{"type":"Feature","id":677,"geometry":{"type":"Point","coordinates":[142.18724100000009,-34.308562999999936]},"properties":{"OBJECTID":677,"Site_ID":"VIC182","Jurisdiction":"VIC","LGA":"Mildura","Site_Name":"Red Cliffs Civic Centre","Site_Address":"2 10 Jamieson Av Red Cliffs 3496","Public_Access":"Yes"}},{"type":"Feature","id":678,"geometry":{"type":"Point","coordinates":[141.80812200000003,-35.171280999999965]},"properties":{"OBJECTID":678,"Site_ID":"VIC183","Jurisdiction":"VIC","LGA":"Mildura","Site_Name":"Underbool Linga Hall","Site_Address":"12 14 Malkin Av Underbool 3509","Public_Access":"Yes"}},{"type":"Feature","id":679,"geometry":{"type":"Point","coordinates":[145.06935400000009,-37.29803499999997]},"properties":{"OBJECTID":679,"Site_ID":"VIC185","Jurisdiction":"VIC","LGA":"Mitchell","Site_Name":"Clonbinane Hall","Site_Address":"11 Linton St Clonbinane 3658","Public_Access":"Yes"}},{"type":"Feature","id":680,"geometry":{"type":"Point","coordinates":[144.85667400000011,-37.113891999999964]},"properties":{"OBJECTID":680,"Site_ID":"VIC186","Jurisdiction":"VIC","LGA":"Mitchell","Site_Name":"Pyalong Recreation Hall","Site_Address":"Northern Hwy Pyalong 3521","Public_Access":"Yes"}},{"type":"Feature","id":681,"geometry":{"type":"Point","coordinates":[145.12774200000001,-37.262536999999952]},"properties":{"OBJECTID":681,"Site_ID":"VIC187","Jurisdiction":"VIC","LGA":"Mitchell","Site_Name":"Reedy Creek Hall","Site_Address":"24 Doyle St Reedy Creek 3658","Public_Access":"Yes"}},{"type":"Feature","id":682,"geometry":{"type":"Point","coordinates":[144.79831000000001,-37.038906999999938]},"properties":{"OBJECTID":682,"Site_ID":"VIC188","Jurisdiction":"VIC","LGA":"Mitchell","Site_Name":"Tooborac Recreation Reserve Hall","Site_Address":"Northern Hwy Tooborac 3522","Public_Access":"Yes"}},{"type":"Feature","id":683,"geometry":{"type":"Point","coordinates":[146.17260800000008,-36.037732999999946]},"properties":{"OBJECTID":683,"Site_ID":"VIC189","Jurisdiction":"VIC","LGA":"Moira","Site_Name":"Bundalong Dan Cronin Recreation Reserve","Site_Address":"17 Pyke St Bundalong 3730","Public_Access":"Yes"}},{"type":"Feature","id":684,"geometry":{"type":"Point","coordinates":[145.85904100000005,-36.054847999999936]},"properties":{"OBJECTID":684,"Site_ID":"VIC190","Jurisdiction":"VIC","LGA":"Moira","Site_Name":"Burramine Hall","Site_Address":"668 Lawless Rd Burramine South 3730","Public_Access":"Yes"}},{"type":"Feature","id":685,"geometry":{"type":"Point","coordinates":[145.65966300000002,-35.922134999999969]},"properties":{"OBJECTID":685,"Site_ID":"VIC191","Jurisdiction":"VIC","LGA":"Moira","Site_Name":"Cobram Apex Reserve","Site_Address":"43 Campbell Rd Cobram 3644","Public_Access":"Yes"}},{"type":"Feature","id":686,"geometry":{"type":"Point","coordinates":[145.6515740000001,-35.918724999999938]},"properties":{"OBJECTID":686,"Site_ID":"VIC192","Jurisdiction":"VIC","LGA":"Moira","Site_Name":"Cobram Civic Centre","Site_Address":"20 Punt Rd Cobram 3644","Public_Access":"Yes"}},{"type":"Feature","id":687,"geometry":{"type":"Point","coordinates":[145.65250300000002,-35.919494999999984]},"properties":{"OBJECTID":687,"Site_ID":"VIC193","Jurisdiction":"VIC","LGA":"Moira","Site_Name":"Cobram Showgrounds","Site_Address":"2 Bank St Cobram 3644","Public_Access":"Yes"}},{"type":"Feature","id":688,"geometry":{"type":"Point","coordinates":[145.61068300000011,-36.149029999999982]},"properties":{"OBJECTID":688,"Site_ID":"VIC194","Jurisdiction":"VIC","LGA":"Moira","Site_Name":"Invergordon Recreation Reserve & Community Hall","Site_Address":"Batey Dr Invergordon 3636","Public_Access":"Yes"}},{"type":"Feature","id":689,"geometry":{"type":"Point","coordinates":[145.31340000000012,-36.134233999999935]},"properties":{"OBJECTID":689,"Site_ID":"VIC195","Jurisdiction":"VIC","LGA":"Moira","Site_Name":"Kaarimba Public Hall","Site_Address":"562 Moss Rd Kaarimba 3635","Public_Access":"Yes"}},{"type":"Feature","id":690,"geometry":{"type":"Point","coordinates":[145.68693600000006,-36.076498999999956]},"properties":{"OBJECTID":690,"Site_ID":"VIC196","Jurisdiction":"VIC","LGA":"Moira","Site_Name":"Katamatite Public Hall","Site_Address":"4 Beek St Katamatite 3649","Public_Access":"Yes"}},{"type":"Feature","id":691,"geometry":{"type":"Point","coordinates":[145.69028400000002,-36.076351999999929]},"properties":{"OBJECTID":691,"Site_ID":"VIC197","Jurisdiction":"VIC","LGA":"Moira","Site_Name":"Katamatite Recreation Reserve","Site_Address":"Moore St Katamatite 3649","Public_Access":"Yes"}},{"type":"Feature","id":692,"geometry":{"type":"Point","coordinates":[145.57552300000009,-35.893240999999932]},"properties":{"OBJECTID":692,"Site_ID":"VIC198","Jurisdiction":"VIC","LGA":"Moira","Site_Name":"Koonoomoo Recreation Reserve","Site_Address":"6994 7034 Goulburn Valley Hwy Koonoomoo 3644","Public_Access":"Yes"}},{"type":"Feature","id":693,"geometry":{"type":"Point","coordinates":[145.53119700000002,-36.055400999999961]},"properties":{"OBJECTID":693,"Site_ID":"VIC199","Jurisdiction":"VIC","LGA":"Moira","Site_Name":"Naring War Memorial Hall","Site_Address":"3 Naring Hall Rd Numurkah 3636","Public_Access":"Yes"}},{"type":"Feature","id":694,"geometry":{"type":"Point","coordinates":[145.21325500000012,-36.054110999999978]},"properties":{"OBJECTID":694,"Site_ID":"VIC200","Jurisdiction":"VIC","LGA":"Moira","Site_Name":"Nathalia Showgrounds & Recreation Reserve","Site_Address":"7 11 Park St Nathalia 3638","Public_Access":"Yes"}},{"type":"Feature","id":695,"geometry":{"type":"Point","coordinates":[145.44683500000008,-36.094534999999951]},"properties":{"OBJECTID":695,"Site_ID":"VIC201","Jurisdiction":"VIC","LGA":"Moira","Site_Name":"Numurkah Showgrounds","Site_Address":"11 Tunnock Rd Numurkah 3636","Public_Access":"Yes"}},{"type":"Feature","id":696,"geometry":{"type":"Point","coordinates":[145.4429550000001,-36.092172999999946]},"properties":{"OBJECTID":696,"Site_ID":"VIC202","Jurisdiction":"VIC","LGA":"Moira","Site_Name":"Numurkah Town Hall","Site_Address":"36 Knox St Numurkah 3636","Public_Access":"Yes"}},{"type":"Feature","id":697,"geometry":{"type":"Point","coordinates":[146.21028400000012,-36.144413999999983]},"properties":{"OBJECTID":697,"Site_ID":"VIC203","Jurisdiction":"VIC","LGA":"Moira","Site_Name":"Peechelba Progress Association Hall","Site_Address":"2719 Wangaratta-Yarrawonga Rd Peechelba 3678","Public_Access":"Yes"}},{"type":"Feature","id":698,"geometry":{"type":"Point","coordinates":[145.10874300000012,-35.99922799999996]},"properties":{"OBJECTID":698,"Site_ID":"VIC204","Jurisdiction":"VIC","LGA":"Moira","Site_Name":"Picola Public Hall","Site_Address":"1 Picola-Barmah Rd Picola 3639","Public_Access":"Yes"}},{"type":"Feature","id":699,"geometry":{"type":"Point","coordinates":[145.1093340000001,-35.996409999999969]},"properties":{"OBJECTID":699,"Site_ID":"VIC205","Jurisdiction":"VIC","LGA":"Moira","Site_Name":"Picola Recreation Reserve","Site_Address":"17 Picola North Rd Picola 3639","Public_Access":"Yes"}},{"type":"Feature","id":700,"geometry":{"type":"Point","coordinates":[145.89585800000009,-36.269596999999976]},"properties":{"OBJECTID":700,"Site_ID":"VIC206","Jurisdiction":"VIC","LGA":"Moira","Site_Name":"St James Public Hall","Site_Address":"24 St James Rd St James 3727","Public_Access":"Yes"}},{"type":"Feature","id":701,"geometry":{"type":"Point","coordinates":[145.89466700000003,-36.271470999999963]},"properties":{"OBJECTID":701,"Site_ID":"VIC207","Jurisdiction":"VIC","LGA":"Moira","Site_Name":"St James Recreation Reserve","Site_Address":"23 25 Devenish Rd St James 3727","Public_Access":"Yes"}},{"type":"Feature","id":702,"geometry":{"type":"Point","coordinates":[145.47772200000009,-35.925918999999965]},"properties":{"OBJECTID":702,"Site_ID":"VIC208","Jurisdiction":"VIC","LGA":"Moira","Site_Name":"Strathmerton Public Hall","Site_Address":"54 Goulburn Valley Hwy Strathmerton 3641","Public_Access":"Yes"}},{"type":"Feature","id":703,"geometry":{"type":"Point","coordinates":[145.47597200000007,-35.927969999999959]},"properties":{"OBJECTID":703,"Site_ID":"VIC209","Jurisdiction":"VIC","LGA":"Moira","Site_Name":"Strathmerton Recreation Reserve","Site_Address":"12 Numurkah Rd Strathmerton 3641","Public_Access":"Yes"}},{"type":"Feature","id":704,"geometry":{"type":"Point","coordinates":[145.87977300000011,-36.164150999999947]},"properties":{"OBJECTID":704,"Site_ID":"VIC210","Jurisdiction":"VIC","LGA":"Moira","Site_Name":"Tungamah Community Centre","Site_Address":"40 Middleton St Tungamah 3728","Public_Access":"Yes"}},{"type":"Feature","id":705,"geometry":{"type":"Point","coordinates":[145.87524300000007,-36.168197999999961]},"properties":{"OBJECTID":705,"Site_ID":"VIC211","Jurisdiction":"VIC","LGA":"Moira","Site_Name":"Tungamah Jubilee Recreation Reserve","Site_Address":"75 Devenish Rd Tungamah 3728","Public_Access":"Yes"}},{"type":"Feature","id":706,"geometry":{"type":"Point","coordinates":[145.87723000000005,-36.164718999999934]},"properties":{"OBJECTID":706,"Site_ID":"VIC212","Jurisdiction":"VIC","LGA":"Moira","Site_Name":"Tungamah Mechanics Institute and Free Library","Site_Address":"42 Barr St Tungamah 3728","Public_Access":"Yes"}},{"type":"Feature","id":707,"geometry":{"type":"Point","coordinates":[145.43313300000011,-36.158090999999956]},"properties":{"OBJECTID":707,"Site_ID":"VIC213","Jurisdiction":"VIC","LGA":"Moira","Site_Name":"Wunghnu Recreation Reserve","Site_Address":"20 Wunghnu Rd Wunghnu 3635","Public_Access":"Yes"}},{"type":"Feature","id":708,"geometry":{"type":"Point","coordinates":[145.23254700000007,-35.928014999999959]},"properties":{"OBJECTID":708,"Site_ID":"VIC214","Jurisdiction":"VIC","LGA":"Moira","Site_Name":"Yalca North Recreation Reserve","Site_Address":"2220 Murray Valley Hwy Yalca 3637","Public_Access":"Yes"}},{"type":"Feature","id":709,"geometry":{"type":"Point","coordinates":[145.99417000000005,-36.011883999999952]},"properties":{"OBJECTID":709,"Site_ID":"VIC215","Jurisdiction":"VIC","LGA":"Moira","Site_Name":"Yarrawonga JC Lowe Oval Reserve","Site_Address":"17 Burley Rd Yarrawonga 3730","Public_Access":"Yes"}},{"type":"Feature","id":710,"geometry":{"type":"Point","coordinates":[146.00729500000011,-36.018602999999985]},"properties":{"OBJECTID":710,"Site_ID":"VIC216","Jurisdiction":"VIC","LGA":"Moira","Site_Name":"Yarrawonga Showgrounds / Victoria Park","Site_Address":"8 Gilmore St, Yarrawonga VIC 3730","Public_Access":"Yes"}},{"type":"Feature","id":711,"geometry":{"type":"Point","coordinates":[145.56063500000005,-35.92484399999995]},"properties":{"OBJECTID":711,"Site_ID":"VIC217","Jurisdiction":"VIC","LGA":"Moira","Site_Name":"Yarroweyah Memorial Hall","Site_Address":"4426 Murray Valley Hwy Yarroweyah 3644","Public_Access":"Yes"}},{"type":"Feature","id":712,"geometry":{"type":"Point","coordinates":[145.55966600000011,-35.919525999999962]},"properties":{"OBJECTID":712,"Site_ID":"VIC218","Jurisdiction":"VIC","LGA":"Moira","Site_Name":"Yarroweyah Recreation Reserve ","Site_Address":"58 Kenny Rd Yarroweyah 3644","Public_Access":"Yes"}},{"type":"Feature","id":713,"geometry":{"type":"Point","coordinates":[144.46702900000003,-37.609065999999984]},"properties":{"OBJECTID":713,"Site_ID":"VIC219","Jurisdiction":"VIC","LGA":"Moorabool","Site_Name":"Coimaidai CFA Shed","Site_Address":"17 Russells Rd Coimadai 3340","Public_Access":"Yes"}},{"type":"Feature","id":714,"geometry":{"type":"Point","coordinates":[143.96041100000002,-37.586877999999956]},"properties":{"OBJECTID":714,"Site_ID":"VIC220","Jurisdiction":"VIC","LGA":"Moorabool","Site_Name":"Dunnstown Recreation Reserve","Site_Address":"2840 Old Melbourne Rd Dunnstown 3352","Public_Access":"Yes"}},{"type":"Feature","id":715,"geometry":{"type":"Point","coordinates":[144.03083900000001,-37.777013999999951]},"properties":{"OBJECTID":715,"Site_ID":"VIC221","Jurisdiction":"VIC","LGA":"Moorabool","Site_Name":"Elaine Mechanics Hall","Site_Address":"20 Pearsons Rd Elaine 3334","Public_Access":"Yes"}},{"type":"Feature","id":716,"geometry":{"type":"Point","coordinates":[144.1037970000001,-37.580280999999957]},"properties":{"OBJECTID":716,"Site_ID":"VIC222","Jurisdiction":"VIC","LGA":"Moorabool","Site_Name":"Gordon Public Hall","Site_Address":"68 Main St Gordon 3345","Public_Access":"Yes"}},{"type":"Feature","id":717,"geometry":{"type":"Point","coordinates":[144.14530200000002,-37.474251999999979]},"properties":{"OBJECTID":717,"Site_ID":"VIC223","Jurisdiction":"VIC","LGA":"Moorabool","Site_Name":"Korweinguboora Recreation Reserve","Site_Address":"1399 Ballan-Daylesford Rd Korweinguboora 3461","Public_Access":"Yes"}},{"type":"Feature","id":718,"geometry":{"type":"Point","coordinates":[144.10525000000007,-37.628008999999963]},"properties":{"OBJECTID":718,"Site_ID":"VIC224","Jurisdiction":"VIC","LGA":"Moorabool","Site_Name":"Mount Egerton Hall","Site_Address":"69 Main Rd Mount Egerton 3352","Public_Access":"Yes"}},{"type":"Feature","id":719,"geometry":{"type":"Point","coordinates":[144.21845200000007,-37.738503999999978]},"properties":{"OBJECTID":719,"Site_ID":"VIC225","Jurisdiction":"VIC","LGA":"Moorabool","Site_Name":"Mt Wallace Public Hall","Site_Address":"16 Mount Wallace Hall Rd Mount Wallace 3342","Public_Access":"Yes"}},{"type":"Feature","id":720,"geometry":{"type":"Point","coordinates":[143.9304350000001,-37.606272999999931]},"properties":{"OBJECTID":720,"Site_ID":"VIC226","Jurisdiction":"VIC","LGA":"Moorabool","Site_Name":"Navigators Hall","Site_Address":"344 Navigators Rd Navigators 3352","Public_Access":"Yes"}},{"type":"Feature","id":721,"geometry":{"type":"Point","coordinates":[144.06897300000003,-36.995592999999928]},"properties":{"OBJECTID":721,"Site_ID":"VIC227","Jurisdiction":"VIC","LGA":"Mount Alexander","Site_Name":"Maldon Community Centre","Site_Address":"6 Francis St Maldon 3463","Public_Access":"Yes"}},{"type":"Feature","id":722,"geometry":{"type":"Point","coordinates":[144.06035200000008,-37.106845999999962]},"properties":{"OBJECTID":722,"Site_ID":"VIC228","Jurisdiction":"VIC","LGA":"Mount Alexander","Site_Name":"Newstead Community Centre","Site_Address":"7 9 Lyons St Newstead 3462","Public_Access":"Yes"}},{"type":"Feature","id":723,"geometry":{"type":"Point","coordinates":[142.32177400000012,-38.10614499999997]},"properties":{"OBJECTID":723,"Site_ID":"VIC229","Jurisdiction":"VIC","LGA":"Moyne","Site_Name":"Hawkesdale Memorial Hall","Site_Address":"81 Dawson St Hawkesdale 3287","Public_Access":"Yes"}},{"type":"Feature","id":724,"geometry":{"type":"Point","coordinates":[146.44855800000005,-37.145234999999957]},"properties":{"OBJECTID":724,"Site_ID":"VIC230","Jurisdiction":"VIC","LGA":"Unincorporated Vic","Site_Name":"Alpine Central ","Site_Address":"10 Summit Rd Mount Buller 3723","Public_Access":"Yes"}},{"type":"Feature","id":725,"geometry":{"type":"Point","coordinates":[145.70059000000003,-37.193218999999942]},"properties":{"OBJECTID":725,"Site_ID":"VIC231","Jurisdiction":"VIC","LGA":"Murrindindi","Site_Name":"Alexandra Community Leisure Centre","Site_Address":"5029 Maroondah Hwy, Alexandra VIC 3714","Public_Access":"Yes"}},{"type":"Feature","id":726,"geometry":{"type":"Point","coordinates":[145.47382400000004,-37.538153999999963]},"properties":{"OBJECTID":726,"Site_ID":"VIC232","Jurisdiction":"VIC","LGA":"Murrindindi","Site_Name":"CJ Dennis Hall ","Site_Address":"1715 Healesville-Kinglake Rd Toolangi 3777","Public_Access":"Yes"}},{"type":"Feature","id":727,"geometry":{"type":"Point","coordinates":[145.90838900000006,-37.234751999999958]},"properties":{"OBJECTID":727,"Site_ID":"VIC233","Jurisdiction":"VIC","LGA":"Murrindindi","Site_Name":"Eildon Community Centre","Site_Address":"2 Centre Av Eildon 3713","Public_Access":"Yes"}},{"type":"Feature","id":728,"geometry":{"type":"Point","coordinates":[145.3148930000001,-37.507489999999962]},"properties":{"OBJECTID":728,"Site_ID":"VIC234","Jurisdiction":"VIC","LGA":"Murrindindi","Site_Name":"Kinglake Community Centre","Site_Address":"436 Whittlesea-Kinglake Rd Kinglake Central 3757","Public_Access":"Yes"}},{"type":"Feature","id":729,"geometry":{"type":"Point","coordinates":[145.25835800000004,-37.480948999999953]},"properties":{"OBJECTID":729,"Site_ID":"VIC235","Jurisdiction":"VIC","LGA":"Murrindindi","Site_Name":"Kinglake West Mechanics Institute Hall","Site_Address":"1055 Whittlesea-Kinglake Rd Kinglake West 3757","Public_Access":"Yes"}},{"type":"Feature","id":730,"geometry":{"type":"Point","coordinates":[145.74977500000011,-37.511664999999937]},"properties":{"OBJECTID":730,"Site_ID":"VIC236","Jurisdiction":"VIC","LGA":"Murrindindi","Site_Name":"Marysville Community Centre","Site_Address":"15 Falls Rd Marysville 3779","Public_Access":"Yes"}},{"type":"Feature","id":731,"geometry":{"type":"Point","coordinates":[145.4232320000001,-37.21013199999993]},"properties":{"OBJECTID":731,"Site_ID":"VIC237","Jurisdiction":"VIC","LGA":"Murrindindi","Site_Name":"Yea Recreation Reserve Clubrooms","Site_Address":"20 Snodgrass St Yea 3717","Public_Access":"Yes"}},{"type":"Feature","id":732,"geometry":{"type":"Point","coordinates":[145.87813100000005,-37.495249999999942]},"properties":{"OBJECTID":732,"Site_ID":"VIC238","Jurisdiction":"VIC","LGA":"Unincorporated Vic","Site_Name":"Lake Mountain Alpine Resort","Site_Address":"1071 Lake Mountain Rd Marysville 3779","Public_Access":"Yes"}},{"type":"Feature","id":733,"geometry":{"type":"Point","coordinates":[143.39868000000001,-37.183932999999968]},"properties":{"OBJECTID":733,"Site_ID":"VIC239","Jurisdiction":"VIC","LGA":"Pyrenees","Site_Name":"Amphitheatre Recreation Reserve","Site_Address":"9 School St Amphitheatre 3468","Public_Access":"Yes"}},{"type":"Feature","id":734,"geometry":{"type":"Point","coordinates":[143.46870500000011,-37.086014999999975]},"properties":{"OBJECTID":734,"Site_ID":"VIC240","Jurisdiction":"VIC","LGA":"Pyrenees","Site_Name":"Avoca Recreation Reserve","Site_Address":"55 Faraday St Avoca 3467","Public_Access":"Yes"}},{"type":"Feature","id":735,"geometry":{"type":"Point","coordinates":[143.21009700000002,-36.941911999999945]},"properties":{"OBJECTID":735,"Site_ID":"VIC241","Jurisdiction":"VIC","LGA":"Pyrenees","Site_Name":"Barkly Hall","Site_Address":"1314 Redbank-Barkly Rd, Barkly VIC 3384","Public_Access":"Yes"}},{"type":"Feature","id":736,"geometry":{"type":"Point","coordinates":[143.52829400000007,-37.484349999999949]},"properties":{"OBJECTID":736,"Site_ID":"VIC242","Jurisdiction":"VIC","LGA":"Pyrenees","Site_Name":"Brewster Hall","Site_Address":"349 Kayleys Lane Brewster 3352","Public_Access":"Yes"}},{"type":"Feature","id":737,"geometry":{"type":"Point","coordinates":[143.57469000000003,-37.609834999999975]},"properties":{"OBJECTID":737,"Site_ID":"VIC243","Jurisdiction":"VIC","LGA":"Pyrenees","Site_Name":"Carngham Recreation Reserve","Site_Address":"73 Snake Valley-Chepstowe Rd Snake Valley 3351","Public_Access":"Yes"}},{"type":"Feature","id":738,"geometry":{"type":"Point","coordinates":[143.16154500000005,-37.699765999999954]},"properties":{"OBJECTID":738,"Site_ID":"VIC244","Jurisdiction":"VIC","LGA":"Pyrenees","Site_Name":"Carranballac Hall","Site_Address":"6667 Glenelg Hwy Carranballac 3361","Public_Access":"Yes"}},{"type":"Feature","id":739,"geometry":{"type":"Point","coordinates":[143.10979500000008,-37.15042399999993]},"properties":{"OBJECTID":739,"Site_ID":"VIC245","Jurisdiction":"VIC","LGA":"Pyrenees","Site_Name":"Crowlands Hall","Site_Address":"49 Wright St Crowlands 3377","Public_Access":"Yes"}},{"type":"Feature","id":740,"geometry":{"type":"Point","coordinates":[143.62708600000008,-37.257782999999961]},"properties":{"OBJECTID":740,"Site_ID":"VIC246","Jurisdiction":"VIC","LGA":"Pyrenees","Site_Name":"Evansford Community Centre","Site_Address":"17 School Rd Evansford 3371","Public_Access":"Yes"}},{"type":"Feature","id":741,"geometry":{"type":"Point","coordinates":[143.38025500000003,-37.438799999999958]},"properties":{"OBJECTID":741,"Site_ID":"VIC247","Jurisdiction":"VIC","LGA":"Pyrenees","Site_Name":"Goldfields Recreation Reserve","Site_Address":"39 Park Rd Beaufort 3373","Public_Access":"Yes"}},{"type":"Feature","id":742,"geometry":{"type":"Point","coordinates":[143.37330600000007,-37.541895999999952]},"properties":{"OBJECTID":742,"Site_ID":"VIC248","Jurisdiction":"VIC","LGA":"Pyrenees","Site_Name":"Lake Goldsmith Hall","Site_Address":"4 Cushing Rd Lake Goldsmith 3373","Public_Access":"Yes"}},{"type":"Feature","id":743,"geometry":{"type":"Point","coordinates":[143.13640700000008,-37.006775999999945]},"properties":{"OBJECTID":743,"Site_ID":"VIC249","Jurisdiction":"VIC","LGA":"Pyrenees","Site_Name":"Landsborough Recreation Reserve","Site_Address":"King St Landsborough 3384","Public_Access":"Yes"}},{"type":"Feature","id":744,"geometry":{"type":"Point","coordinates":[143.51088100000004,-37.274401999999952]},"properties":{"OBJECTID":744,"Site_ID":"VIC250","Jurisdiction":"VIC","LGA":"Pyrenees","Site_Name":"Lexton Hall ","Site_Address":"19 Lexton-Ararat Rd Lexton 3352","Public_Access":"Yes"}},{"type":"Feature","id":745,"geometry":{"type":"Point","coordinates":[143.51552500000003,-37.287995999999964]},"properties":{"OBJECTID":745,"Site_ID":"VIC251","Jurisdiction":"VIC","LGA":"Pyrenees","Site_Name":"Lexton Recreation Reserve","Site_Address":"1 Prince St Lexton 3352","Public_Access":"Yes"}},{"type":"Feature","id":746,"geometry":{"type":"Point","coordinates":[143.33563000000004,-36.991759999999942]},"properties":{"OBJECTID":746,"Site_ID":"VIC252","Jurisdiction":"VIC","LGA":"Pyrenees","Site_Name":"Moonambel Recreation Reserve","Site_Address":"6190 Stawell-Avoca Rd Moonambel 3478","Public_Access":"Yes"}},{"type":"Feature","id":747,"geometry":{"type":"Point","coordinates":[143.47004400000003,-36.93862299999995]},"properties":{"OBJECTID":747,"Site_ID":"VIC253","Jurisdiction":"VIC","LGA":"Pyrenees","Site_Name":"Natte Yallock Recreation Reserve","Site_Address":"26 Reserve Rd Natte Yallock 3465","Public_Access":"Yes"}},{"type":"Feature","id":748,"geometry":{"type":"Point","coordinates":[143.34903200000008,-37.362687999999935]},"properties":{"OBJECTID":748,"Site_ID":"VIC254","Jurisdiction":"VIC","LGA":"Pyrenees","Site_Name":"Raglan Hall","Site_Address":"4 Codrington St Raglan 3373","Public_Access":"Yes"}},{"type":"Feature","id":749,"geometry":{"type":"Point","coordinates":[143.32630400000005,-36.937201999999957]},"properties":{"OBJECTID":749,"Site_ID":"VIC255","Jurisdiction":"VIC","LGA":"Pyrenees","Site_Name":"Redbank Hall","Site_Address":"57 Navarre St Redbank 3477","Public_Access":"Yes"}},{"type":"Feature","id":750,"geometry":{"type":"Point","coordinates":[143.58436000000006,-37.612160999999958]},"properties":{"OBJECTID":750,"Site_ID":"VIC256","Jurisdiction":"VIC","LGA":"Pyrenees","Site_Name":"Snake Valley Hall","Site_Address":"875 Linton-Carngham Rd Snake Valley 3351","Public_Access":"Yes"}},{"type":"Feature","id":751,"geometry":{"type":"Point","coordinates":[143.47356700000012,-37.437065999999959]},"properties":{"OBJECTID":751,"Site_ID":"VIC257","Jurisdiction":"VIC","LGA":"Pyrenees","Site_Name":"Trawalla Hall","Site_Address":"3822 Western Hwy Trawalla 3373","Public_Access":"Yes"}},{"type":"Feature","id":752,"geometry":{"type":"Point","coordinates":[143.63336000000004,-37.355330999999978]},"properties":{"OBJECTID":752,"Site_ID":"VIC258","Jurisdiction":"VIC","LGA":"Pyrenees","Site_Name":"Waubra Recreation Reserve","Site_Address":"Sunraysia Hwy Waubra 3352","Public_Access":"Yes"}},{"type":"Feature","id":753,"geometry":{"type":"Point","coordinates":[146.43072800000004,-36.799563999999975]},"properties":{"OBJECTID":753,"Site_ID":"VIC259","Jurisdiction":"VIC","LGA":"Wangaratta","Site_Name":"Cheshunt Hall","Site_Address":"454 King Valley Rd Cheshunt 3678","Public_Access":"Yes"}},{"type":"Feature","id":754,"geometry":{"type":"Point","coordinates":[146.52037800000005,-36.308409999999981]},"properties":{"OBJECTID":754,"Site_ID":"VIC260","Jurisdiction":"VIC","LGA":"Wangaratta","Site_Name":"Eldorado Memorial Hall","Site_Address":"94 Main St Eldorado 3746","Public_Access":"Yes"}},{"type":"Feature","id":755,"geometry":{"type":"Point","coordinates":[146.21724800000004,-36.465910999999949]},"properties":{"OBJECTID":755,"Site_ID":"VIC261","Jurisdiction":"VIC","LGA":"Wangaratta","Site_Name":"Glenrowan Recreation Reserve Community Centre","Site_Address":"5 Daniel Lane Glenrowan 3675","Public_Access":"Yes"}},{"type":"Feature","id":756,"geometry":{"type":"Point","coordinates":[146.40849100000003,-36.765969999999982]},"properties":{"OBJECTID":756,"Site_ID":"VIC262","Jurisdiction":"VIC","LGA":"Wangaratta","Site_Name":"Whitfield Recreation Reserve Sports Pavilion","Site_Address":"6167 Mansfield-Whitfield Rd Whitfield 3733","Public_Access":"Yes"}},{"type":"Feature","id":757,"geometry":{"type":"Point","coordinates":[146.12533300000007,-38.829792999999938]},"properties":{"OBJECTID":757,"Site_ID":"VIC263","Jurisdiction":"VIC","LGA":"South Gippsland","Site_Name":"Sandy Point Community Centre","Site_Address":"7 Church Pde Sandy Point 3959","Public_Access":"Yes"}},{"type":"Feature","id":758,"geometry":{"type":"Point","coordinates":[141.82314100000008,-37.239275999999961]},"properties":{"OBJECTID":758,"Site_ID":"VIC264","Jurisdiction":"VIC","LGA":"Southern Grampians","Site_Name":"Balmoral K-12 Community College","Site_Address":"1831 Harrow-Balmoral Rd Balmoral 3407","Public_Access":"Yes"}},{"type":"Feature","id":759,"geometry":{"type":"Point","coordinates":[141.69041700000002,-37.600836999999956]},"properties":{"OBJECTID":759,"Site_ID":"VIC265","Jurisdiction":"VIC","LGA":"Southern Grampians","Site_Name":"Coleraine Mechanics Hall","Site_Address":"31 Winter St Coleraine 3315","Public_Access":"Yes"}},{"type":"Feature","id":760,"geometry":{"type":"Point","coordinates":[141.73293200000012,-37.610798999999929]},"properties":{"OBJECTID":760,"Site_ID":"VIC266","Jurisdiction":"VIC","LGA":"Southern Grampians","Site_Name":"Coleraine Racecourse","Site_Address":"3029 Glenelg Hwy Coleraine 3315","Public_Access":"Yes"}},{"type":"Feature","id":761,"geometry":{"type":"Point","coordinates":[142.34212000000002,-37.651422999999966]},"properties":{"OBJECTID":761,"Site_ID":"VIC267","Jurisdiction":"VIC","LGA":"Southern Grampians","Site_Name":"Dunkeld Community Centre","Site_Address":"14 Sterling St Dunkeld 3294","Public_Access":"Yes"}},{"type":"Feature","id":762,"geometry":{"type":"Point","coordinates":[142.02460700000006,-37.740921999999955]},"properties":{"OBJECTID":762,"Site_ID":"VIC268","Jurisdiction":"VIC","LGA":"Southern Grampians","Site_Name":"Hamilton Senior Citizens Centre","Site_Address":"100 Lonsdale St Hamilton 3300","Public_Access":"Yes"}},{"type":"Feature","id":763,"geometry":{"type":"Point","coordinates":[142.01850100000001,-37.73212499999994]},"properties":{"OBJECTID":763,"Site_ID":"VIC269","Jurisdiction":"VIC","LGA":"Southern Grampians","Site_Name":"HILAC - Hamilton Indoor Leisure and Aquatic Centre","Site_Address":"83-93 Shakespeare St, Hamilton VIC 3300","Public_Access":"Yes"}},{"type":"Feature","id":764,"geometry":{"type":"Point","coordinates":[142.04965600000003,-37.742369999999937]},"properties":{"OBJECTID":764,"Site_ID":"VIC270","Jurisdiction":"VIC","LGA":"Southern Grampians","Site_Name":"Monivae College","Site_Address":"133 Ballarat Rd Hamilton 3300","Public_Access":"Yes"}},{"type":"Feature","id":765,"geometry":{"type":"Point","coordinates":[145.2305530000001,-36.894543999999939]},"properties":{"OBJECTID":765,"Site_ID":"VIC271","Jurisdiction":"VIC","LGA":"Strathbogie","Site_Name":"Avenel Memorial Hall","Site_Address":"15 Queen St Avenel 3664","Public_Access":"Yes"}},{"type":"Feature","id":766,"geometry":{"type":"Point","coordinates":[145.7206910000001,-36.634946999999954]},"properties":{"OBJECTID":766,"Site_ID":"VIC272","Jurisdiction":"VIC","LGA":"Strathbogie","Site_Name":"Bryan Hayes Pavillion (Violet Town Recreation Reserve Pavillion)","Site_Address":"2 Tulip St Violet Town 3669","Public_Access":"Yes"}},{"type":"Feature","id":767,"geometry":{"type":"Point","coordinates":[145.57262200000002,-36.743941999999947]},"properties":{"OBJECTID":767,"Site_ID":"VIC273","Jurisdiction":"VIC","LGA":"Strathbogie","Site_Name":"Euroa Showgrounds","Site_Address":"16 Frost St Euroa 3666","Public_Access":"Yes"}},{"type":"Feature","id":768,"geometry":{"type":"Point","coordinates":[145.42721000000006,-36.804545999999959]},"properties":{"OBJECTID":768,"Site_ID":"VIC274","Jurisdiction":"VIC","LGA":"Strathbogie","Site_Name":"Longwood Community Centre","Site_Address":"2 Down St Longwood 3665","Public_Access":"Yes"}},{"type":"Feature","id":769,"geometry":{"type":"Point","coordinates":[145.13012900000001,-36.787901999999974]},"properties":{"OBJECTID":769,"Site_ID":"VIC275","Jurisdiction":"VIC","LGA":"Strathbogie","Site_Name":"Nagambie Regatta Centre","Site_Address":"66 Loddings Lane Nagambie 3608","Public_Access":"Yes"}},{"type":"Feature","id":770,"geometry":{"type":"Point","coordinates":[143.63110400000005,-35.464977999999974]},"properties":{"OBJECTID":770,"Site_ID":"VIC276","Jurisdiction":"VIC","LGA":"Swan Hill","Site_Name":"Lake Boga Community Centre","Site_Address":"21 Lalbert Rd Lake Boga 3584","Public_Access":"Yes"}},{"type":"Feature","id":771,"geometry":{"type":"Point","coordinates":[142.77246000000002,-34.579209999999932]},"properties":{"OBJECTID":771,"Site_ID":"VIC277","Jurisdiction":"VIC","LGA":"Swan Hill","Site_Name":"Robinvale Community Centre","Site_Address":"37 Robin St Robinvale 3549","Public_Access":"Yes"}},{"type":"Feature","id":772,"geometry":{"type":"Point","coordinates":[143.55943200000002,-35.348537999999962]},"properties":{"OBJECTID":772,"Site_ID":"VIC278","Jurisdiction":"VIC","LGA":"Swan Hill","Site_Name":"Swan Hill Indoor Sport and Recreation Centre ","Site_Address":"15 Gray St Swan Hill 3585","Public_Access":"Yes"}},{"type":"Feature","id":773,"geometry":{"type":"Point","coordinates":[147.05700100000001,-36.099897999999939]},"properties":{"OBJECTID":773,"Site_ID":"VIC279","Jurisdiction":"VIC","LGA":"Towong","Site_Name":"Hume Boat Club","Site_Address":"Lake Rd Bellbridge 3691","Public_Access":"Yes"}},{"type":"Feature","id":774,"geometry":{"type":"Point","coordinates":[147.09797900000001,-36.123643999999956]},"properties":{"OBJECTID":774,"Site_ID":"VIC280","Jurisdiction":"VIC","LGA":"Towong","Site_Name":"Bethanga Soliders Memorial Hall","Site_Address":"2 Jobling St Bethanga 3691","Public_Access":"Yes"}},{"type":"Feature","id":775,"geometry":{"type":"Point","coordinates":[147.90380200000004,-36.192196999999965]},"properties":{"OBJECTID":775,"Site_ID":"VIC281","Jurisdiction":"VIC","LGA":"Towong","Site_Name":"Corryong Youth Club Hall","Site_Address":"16 Donaldson St Corryong 3707","Public_Access":"Yes"}},{"type":"Feature","id":776,"geometry":{"type":"Point","coordinates":[147.89736200000004,-36.191097999999954]},"properties":{"OBJECTID":776,"Site_ID":"VIC282","Jurisdiction":"VIC","LGA":"Towong","Site_Name":"Corryong Upper Murray Events Centre (UMEC)","Site_Address":"Strzelecki Way Corryong 3707","Public_Access":"Yes"}},{"type":"Feature","id":777,"geometry":{"type":"Point","coordinates":[147.49630100000002,-36.533824999999979]},"properties":{"OBJECTID":777,"Site_ID":"VIC283","Jurisdiction":"VIC","LGA":"Towong","Site_Name":"Dartmouth Hall","Site_Address":"1 Murtagh Pl Dartmouth 3701","Public_Access":"Yes"}},{"type":"Feature","id":778,"geometry":{"type":"Point","coordinates":[147.31909000000007,-36.108146999999974]},"properties":{"OBJECTID":778,"Site_ID":"VIC284","Jurisdiction":"VIC","LGA":"Towong","Site_Name":"Granya Hall","Site_Address":"1416 Carlyle St Granya 3701","Public_Access":"Yes"}},{"type":"Feature","id":779,"geometry":{"type":"Point","coordinates":[147.16023800000005,-36.066006999999956]},"properties":{"OBJECTID":779,"Site_ID":"VIC285","Jurisdiction":"VIC","LGA":"Towong","Site_Name":"Talgarno Hall","Site_Address":"1225 Murray River Rd Talgarno 3691","Public_Access":"Yes"}},{"type":"Feature","id":780,"geometry":{"type":"Point","coordinates":[147.94763900000009,-36.218416999999931]},"properties":{"OBJECTID":780,"Site_ID":"VIC286","Jurisdiction":"VIC","LGA":"Towong","Site_Name":"Thowgla Hall","Site_Address":"457 Thowgla Rd Thowgla Valley 3707","Public_Access":"Yes"}},{"type":"Feature","id":781,"geometry":{"type":"Point","coordinates":[147.08388200000002,-38.088497999999959]},"properties":{"OBJECTID":781,"Site_ID":"VIC287","Jurisdiction":"VIC","LGA":"Wellington","Site_Name":"Gippsland Regional Sporting Complex","Site_Address":"116 Cobains Rd Sale 3850","Public_Access":"Yes"}},{"type":"Feature","id":782,"geometry":{"type":"Point","coordinates":[147.06915800000002,-38.085244999999929]},"properties":{"OBJECTID":782,"Site_ID":"VIC288","Jurisdiction":"VIC","LGA":"Wellington","Site_Name":"Sale Baptist Church","Site_Address":"283 Princes Hwy Sale 3850","Public_Access":"Yes"}},{"type":"Feature","id":783,"geometry":{"type":"Point","coordinates":[146.68518600000004,-38.568408999999974]},"properties":{"OBJECTID":783,"Site_ID":"VIC289","Jurisdiction":"VIC","LGA":"Wellington","Site_Name":"Walpole Stadium ","Site_Address":"86 James St Yarram 3971","Public_Access":"Yes"}},{"type":"Feature","id":784,"geometry":{"type":"Point","coordinates":[141.08213500000011,-36.967691999999943]},"properties":{"OBJECTID":784,"Site_ID":"VIC290","Jurisdiction":"VIC","LGA":"West Wimmera","Site_Name":"Apsley Hall","Site_Address":"62 Wallace St Apsley 3319","Public_Access":"Yes"}},{"type":"Feature","id":785,"geometry":{"type":"Point","coordinates":[141.29545900000005,-37.035933999999941]},"properties":{"OBJECTID":785,"Site_ID":"VIC291","Jurisdiction":"VIC","LGA":"West Wimmera","Site_Name":"Eden Hope Hub","Site_Address":"76 Elizabeth St Edenhope 3318","Public_Access":"Yes"}},{"type":"Feature","id":786,"geometry":{"type":"Point","coordinates":[141.47570100000007,-36.719483999999966]},"properties":{"OBJECTID":786,"Site_ID":"VIC292","Jurisdiction":"VIC","LGA":"West Wimmera","Site_Name":"Goroke Senior Citizens","Site_Address":"7 11 Station St Goroke 3412","Public_Access":"Yes"}},{"type":"Feature","id":787,"geometry":{"type":"Point","coordinates":[141.24155500000006,-36.377951999999937]},"properties":{"OBJECTID":787,"Site_ID":"VIC293","Jurisdiction":"VIC","LGA":"West Wimmera","Site_Name":"Kaniva Senior Citizens","Site_Address":"25 Baker St Kaniva 3419","Public_Access":"Yes"}},{"type":"Feature","id":788,"geometry":{"type":"Point","coordinates":[145.02607200000011,-37.643663999999944]},"properties":{"OBJECTID":788,"Site_ID":"VIC294","Jurisdiction":"VIC","LGA":"Whittlesea","Site_Name":"Epping Memorial Hall","Site_Address":"827 835 High St Epping 3076","Public_Access":"Yes"}},{"type":"Feature","id":789,"geometry":{"type":"Point","coordinates":[145.00650700000006,-37.622374999999977]},"properties":{"OBJECTID":789,"Site_ID":"VIC295","Jurisdiction":"VIC","LGA":"Whittlesea","Site_Name":"Galada Community Activity Centre (CAC)","Site_Address":"10 Forum Way Epping 3076","Public_Access":"Yes"}},{"type":"Feature","id":790,"geometry":{"type":"Point","coordinates":[145.12264000000005,-37.515041999999937]},"properties":{"OBJECTID":790,"Site_ID":"VIC297","Jurisdiction":"VIC","LGA":"Whittlesea","Site_Name":"Whittlesea Community Activity Centre (CAC)","Site_Address":"57 Laurel St Whittlesea 3757","Public_Access":"Yes"}},{"type":"Feature","id":791,"geometry":{"type":"Point","coordinates":[144.6825970000001,-37.883600999999942]},"properties":{"OBJECTID":791,"Site_ID":"VIC298","Jurisdiction":"VIC","LGA":"Wyndham","Site_Name":"Encore Event Centre","Site_Address":"80 Derrimut Rd Hoppers Crossing 3029","Public_Access":"Yes"}},{"type":"Feature","id":792,"geometry":{"type":"Point","coordinates":[144.49740600000007,-37.962292999999931]},"properties":{"OBJECTID":792,"Site_ID":"VIC299","Jurisdiction":"VIC","LGA":"Wyndham","Site_Name":"Little River Sporting Pavillion","Site_Address":"15 31 You Yangs Rd Little River 3211","Public_Access":"Yes"}},{"type":"Feature","id":793,"geometry":{"type":"Point","coordinates":[145.38216800000009,-37.733333999999957]},"properties":{"OBJECTID":793,"Site_ID":"VIC300","Jurisdiction":"VIC","LGA":"Yarra Ranges","Site_Name":"Coldstream Community Hall","Site_Address":"12 Kelso St Coldstream 3770","Public_Access":"Yes"}},{"type":"Feature","id":794,"geometry":{"type":"Point","coordinates":[145.51752500000009,-37.653598999999929]},"properties":{"OBJECTID":794,"Site_ID":"VIC301","Jurisdiction":"VIC","LGA":"Yarra Ranges","Site_Name":"Healesville Memorial Hall","Site_Address":"231 Maroondah Hwy Healesville 3777","Public_Access":"Yes"}},{"type":"Feature","id":795,"geometry":{"type":"Point","coordinates":[145.40966600000002,-37.87615599999998]},"properties":{"OBJECTID":795,"Site_ID":"VIC302","Jurisdiction":"VIC","LGA":"Yarra Ranges","Site_Name":"Monbulk Living and Learning Centre","Site_Address":"21 Main Rd Monbulk 3793","Public_Access":"Yes"}},{"type":"Feature","id":796,"geometry":{"type":"Point","coordinates":[145.74773900000002,-37.864595999999949]},"properties":{"OBJECTID":796,"Site_ID":"VIC303","Jurisdiction":"VIC","LGA":"Yarra Ranges","Site_Name":"Powelltown Football Clubrooms","Site_Address":"15 Recreation Rd Powelltown 3797","Public_Access":"Yes"}},{"type":"Feature","id":797,"geometry":{"type":"Point","coordinates":[145.69616600000006,-37.751862999999958]},"properties":{"OBJECTID":797,"Site_ID":"VIC304","Jurisdiction":"VIC","LGA":"Yarra Ranges","Site_Name":"Warbuton and Millgrove Sporting Complex","Site_Address":"3457 Warburton Hwy Warburton 3799","Public_Access":"Yes"}},{"type":"Feature","id":798,"geometry":{"type":"Point","coordinates":[145.61082800000008,-37.78070699999995]},"properties":{"OBJECTID":798,"Site_ID":"VIC305","Jurisdiction":"VIC","LGA":"Yarra Ranges","Site_Name":"Yarra Centre","Site_Address":"2435 Warburton Hwy Yarra Junction 3797","Public_Access":"Yes"}},{"type":"Feature","id":799,"geometry":{"type":"Point","coordinates":[145.37420500000007,-37.65672399999994]},"properties":{"OBJECTID":799,"Site_ID":"VIC306","Jurisdiction":"VIC","LGA":"Yarra Ranges","Site_Name":"Yarra Glen Memorial Hall","Site_Address":"45 Bell St Yarra Glen 3775","Public_Access":"Yes"}},{"type":"Feature","id":800,"geometry":{"type":"Point","coordinates":[142.3630740000001,-35.727066999999977]},"properties":{"OBJECTID":800,"Site_ID":"VIC307","Jurisdiction":"VIC","LGA":"Yarriambiack","Site_Name":"Hopetoun Seniors Building","Site_Address":"Toole St Hopetoun 3396","Public_Access":"Yes"}},{"type":"Feature","id":801,"geometry":{"type":"Point","coordinates":[142.62945400000001,-36.631819999999948]},"properties":{"OBJECTID":801,"Site_ID":"VIC308","Jurisdiction":"VIC","LGA":"Yarriambiack","Site_Name":"Rupanyup Seniors Building","Site_Address":"21 Dyer St Rupanyup 3388","Public_Access":"Yes"}},{"type":"Feature","id":802,"geometry":{"type":"Point","coordinates":[142.39245800000003,-36.252087999999958]},"properties":{"OBJECTID":802,"Site_ID":"VIC309","Jurisdiction":"VIC","LGA":"Yarriambiack","Site_Name":"Warracknabeal Leisure Centre","Site_Address":"33 Anderson St Warracknabeal 3393","Public_Access":"Yes"}},{"type":"Feature","id":803,"geometry":{"type":"Point","coordinates":[145.3804990000001,-37.816529999999943]},"properties":{"OBJECTID":803,"Site_ID":"VIC310","Jurisdiction":"VIC","LGA":"Yarra Ranges","Site_Name":"Karwarra Gardens","Site_Address":"1190 1196 Mount Dandenong Tourist Rd Kalorama 3766","Public_Access":"Yes"}},{"type":"Feature","id":804,"geometry":{"type":"Point","coordinates":[145.36881000000005,-37.853269999999952]},"properties":{"OBJECTID":804,"Site_ID":"VIC311","Jurisdiction":"VIC","LGA":"Yarra Ranges","Site_Name":"Olinda Recreation Reserve / Pavilion","Site_Address":"71 73 Olinda-Monbulk Rd Olinda 3788","Public_Access":"Yes"}},{"type":"Feature","id":805,"geometry":{"type":"Point","coordinates":[145.39067000000011,-37.890909999999963]},"properties":{"OBJECTID":805,"Site_ID":"VIC312","Jurisdiction":"VIC","LGA":"Yarra Ranges","Site_Name":"The Patch Public Hall","Site_Address":"5 The Patch Rd The Patch 3792","Public_Access":"Yes"}},{"type":"Feature","id":806,"geometry":{"type":"Point","coordinates":[147.44203500000003,-37.002963999999963]},"properties":{"OBJECTID":806,"Site_ID":"VIC313","Jurisdiction":"VIC","LGA":"East Gippsland","Site_Name":"Bundarra Fire Station & Community Hall","Site_Address":"Callaghans Rd Anglers Rest 3898","Public_Access":"Yes"}},{"type":"Feature","id":807,"geometry":{"type":"Point","coordinates":[149.13984800000003,-37.744123999999942]},"properties":{"OBJECTID":807,"Site_ID":"VIC314","Jurisdiction":"VIC","LGA":"East Gippsland","Site_Name":"Tamboon","Site_Address":"31 Morris Rd Tamboon 3890","Public_Access":"Yes"}},{"type":"Feature","id":808,"geometry":{"type":"Point","coordinates":[147.39588500000002,-37.095188999999948]},"properties":{"OBJECTID":808,"Site_ID":"VIC315","Jurisdiction":"VIC","LGA":"East Gippsland","Site_Name":"Cobungra","Site_Address":"2377 Great Alpine Rd Cobungra 3898","Public_Access":"Yes"}},{"type":"Feature","id":809,"geometry":{"type":"Point","coordinates":[149.16840800000011,-37.516206999999952]},"properties":{"OBJECTID":809,"Site_ID":"VIC316","Jurisdiction":"VIC","LGA":"East Gippsland","Site_Name":"Noorimbee","Site_Address":"594 Monaro Hwy Noorinbee 3890","Public_Access":"Yes"}},{"type":"Feature","id":810,"geometry":{"type":"Point","coordinates":[146.33029700000009,-38.320271999999932]},"properties":{"OBJECTID":810,"Site_ID":"VIC317","Jurisdiction":"VIC","LGA":"Latrobe (Vic.)","Site_Name":"Yinnar & District Memorial Hall","Site_Address":"14 Main St Yinnar 3869","Public_Access":"Yes"}},{"type":"Feature","id":811,"geometry":{"type":"Point","coordinates":[146.33149700000001,-38.414298999999971]},"properties":{"OBJECTID":811,"Site_ID":"VIC318","Jurisdiction":"VIC","LGA":"Latrobe (Vic.)","Site_Name":"Budgeree Public Hall","Site_Address":"40 Roys Rd Budgeree 3870","Public_Access":"Yes"}},{"type":"Feature","id":812,"geometry":{"type":"Point","coordinates":[146.49665900000002,-38.331543999999951]},"properties":{"OBJECTID":812,"Site_ID":"VIC319","Jurisdiction":"VIC","LGA":"Latrobe (Vic.)","Site_Name":"Jeeralang North Hall","Site_Address":"1005 Jeeralang North Rd Jeeralang 3840","Public_Access":"Yes"}},{"type":"Feature","id":813,"geometry":{"type":"Point","coordinates":[147.83606100000009,-37.507761999999957]},"properties":{"OBJECTID":813,"Site_ID":"VIC320","Jurisdiction":"VIC","LGA":"East Gippsland","Site_Name":"Tambo Crossing Multi Purpose Community Facility","Site_Address":"41 Tambo Spur Rd, Tambo Crossing VIC 3896","Public_Access":"Yes"}},{"type":"Feature","id":814,"geometry":{"type":"Point","coordinates":[147.2508610000001,-37.455527999999958]},"properties":{"OBJECTID":814,"Site_ID":"VIC321","Jurisdiction":"VIC","LGA":"Wellington","Site_Name":"Dargo Public Hall & Recreation Reserve","Site_Address":"177 Lind Av, Dargo VIC 3862","Public_Access":"Yes"}},{"type":"Feature","id":815,"geometry":{"type":"Point","coordinates":[145.4391710000001,-37.93176399999993]},"properties":{"OBJECTID":815,"Site_ID":"VIC322","Jurisdiction":"VIC","LGA":"Cardinia","Site_Name":"Emerald SES Unit","Site_Address":"277-287 Belgrave-Gembrook Rd, Emerald VIC 3782","Public_Access":"Yes"}},{"type":"Feature","id":816,"geometry":{"type":"Point","coordinates":[147.23801300000002,-36.459933999999976]},"properties":{"OBJECTID":816,"Site_ID":"VIC901","Jurisdiction":"VIC","LGA":"Towong","Site_Name":"Eskdale ERC","Site_Address":"Eskdale Multipurpose Sports Complex, Omeo Highway ","Public_Access":"Yes"}},{"type":"Feature","id":817,"geometry":{"type":"Point","coordinates":[147.93152800000007,-36.048082999999963]},"properties":{"OBJECTID":817,"Site_ID":"VIC902","Jurisdiction":"VIC","LGA":"Towong","Site_Name":"Tintaldra Temporary Community Support Hub","Site_Address":"Main Street Tintaldra 3708","Public_Access":"Yes"}},{"type":"Feature","id":818,"geometry":{"type":"Point","coordinates":[147.62394300000005,-36.279334999999946]},"properties":{"OBJECTID":818,"Site_ID":"VIC903","Jurisdiction":"VIC","LGA":"Towong","Site_Name":"Lucyvale/Berringama Temporary Community Support Hub","Site_Address":"753 Lucyvale Rd, Lucyvale VIC 3691","Public_Access":"Yes"}},{"type":"Feature","id":819,"geometry":{"type":"Point","coordinates":[147.85024400000009,-36.298174999999958]},"properties":{"OBJECTID":819,"Site_ID":"VIC904","Jurisdiction":"Vic","LGA":"Towong","Site_Name":"Nariel Valley Temporary Community Support Hub","Site_Address":"1096 Benambra-Corryong Rd, Nariel Valley VIC 3707","Public_Access":"Yes"}},{"type":"Feature","id":820,"geometry":{"type":"Point","coordinates":[147.62511600000005,-37.830532999999946]},"properties":{"OBJECTID":820,"Site_ID":"VIC905","Jurisdiction":"VIC","LGA":"East Gippsland","Site_Name":"Bairnsdale City Oval","Site_Address":"20 Macarthur Street Bairnsdale VIC 3875","Public_Access":"Yes"}},{"type":"Feature","id":821,"geometry":{"type":"Point","coordinates":[147.98343200000011,-36.128323999999964]},"properties":{"OBJECTID":821,"Site_ID":"VIC906","Jurisdiction":"VIC","LGA":"Towong","Site_Name":"Towong Temporary Community Support Hub","Site_Address":"1 Brooke St, Towong VIC 3707","Public_Access":"Yes"}},{"type":"Feature","id":822,"geometry":{"type":"Point","coordinates":[147.73773300000005,-35.961459999999931]},"properties":{"OBJECTID":822,"Site_ID":"VIC907","Jurisdiction":"VIC","LGA":"Towong","Site_Name":"Walwa Temporary Community Support Hub","Site_Address":"Main Street Walwa 3709","Public_Access":"Yes"}},{"type":"Feature","id":823,"geometry":{"type":"Point","coordinates":[147.98598800000002,-37.880198999999948]},"properties":{"OBJECTID":823,"Site_ID":"VIC908","Jurisdiction":"VIC","LGA":"East Gippsland","Site_Name":"Lakes Entrance Mechanics Hall","Site_Address":"18 Mechanics Street Lakes Entrance VIC 3909","Public_Access":"Yes"}},{"type":"Feature","id":824,"geometry":{"type":"Point","coordinates":[146.7220870000001,-36.557947999999953]},"properties":{"OBJECTID":824,"Site_ID":"VIC909","Jurisdiction":"VIC","LGA":"Alpine","Site_Name":"Myrtleford Senior Citizens","Site_Address":"11 Smith St, Myrtleford ","Public_Access":"Yes"}},{"type":"Feature","id":825,"geometry":{"type":"Point","coordinates":[147.78834500000005,-36.174695999999983]},"properties":{"OBJECTID":825,"Site_ID":"VIC910","Jurisdiction":"VIC","LGA":"Towong","Site_Name":"Cudgewa Temporary Community Support Hub","Site_Address":"Cudgewa Football Club Main Street Cudgewa 3705","Public_Access":"Yes"}},{"type":"Feature","id":826,"geometry":{"type":"Point","coordinates":[148.17681400000004,-37.496907999999962]},"properties":{"OBJECTID":826,"Site_ID":"VIC911","Jurisdiction":"VIC","LGA":"East Gippsland","Site_Name":"Buchan Recreation Reserve","Site_Address":"5609 Buchan-Orbost Road Buchan VIC 3885","Public_Access":"Yes"}},{"type":"Feature","id":827,"geometry":{"type":"Point","coordinates":[146.78710400000011,-36.607541999999967]},"properties":{"OBJECTID":827,"Site_ID":"VIC912","Jurisdiction":"VIC","LGA":"Alpine","Site_Name":"Ovens Delwp Office","Site_Address":"Great Alpine Road, Ovens","Public_Access":"Yes"}},{"type":"Feature","id":828,"geometry":{"type":"Point","coordinates":[148.02586500000007,-36.280390999999952]},"properties":{"OBJECTID":828,"Site_ID":"VIC913","Jurisdiction":"VIC","LGA":"Towong","Site_Name":"Biggara Temporary Community Support Hub","Site_Address":"1476 Upper Murray Rd, Biggara VIC 3707","Public_Access":"Yes"}},{"type":"Feature","id":829,"geometry":{"type":"Point","coordinates":[146.62050000000011,-37.62949999999995]},"properties":{"OBJECTID":829,"Site_ID":"VIC914","Jurisdiction":"Vic","LGA":"Wellington","Site_Name":"Licola Wilderness Village","Site_Address":"Jamieson Road, Licola, Victoria","Public_Access":"Yes"}},{"type":"Feature","id":830,"geometry":{"type":"Point","coordinates":[147.71908100000007,-37.91410499999995]},"properties":{"OBJECTID":830,"Site_ID":"VIC915","Jurisdiction":"VIC","LGA":"East Gippsland","Site_Name":"Paynesville Recreation Reserve","Site_Address":"59 Main Road Paynesville VIC 3880","Public_Access":"Yes"}},{"type":"Feature","id":831,"geometry":{"type":"Point","coordinates":[149.76010600000006,-37.559128999999984]},"properties":{"OBJECTID":831,"Site_ID":"VIC916","Jurisdiction":"VIC","LGA":"East Gippsland","Site_Name":"Mallacoota Main Hall","Site_Address":"25 Greer Street Mallacoota VIC 3892","Public_Access":"Yes"}},{"type":"Feature","id":832,"geometry":{"type":"Point","coordinates":[147.0632270000001,-36.891684999999939]},"properties":{"OBJECTID":832,"Site_ID":"VIC917","Jurisdiction":"VIC","LGA":"Alpine","Site_Name":"Harrietville Community Hall","Site_Address":"210 Great Alpine Road","Public_Access":"Yes"}},{"type":"Feature","id":833,"geometry":{"type":"Point","coordinates":[147.23941500000012,-37.022246999999936]},"properties":{"OBJECTID":833,"Site_ID":"VIC918","Jurisdiction":"VIC","LGA":"Alpine","Site_Name":"Dinner Plain Community Centre","Site_Address":"Horseshoe Cir, Dinner Plain VIC 3898","Public_Access":"Yes"}},{"type":"Feature","id":834,"geometry":{"type":"Point","coordinates":[147.25090200000011,-37.464783999999952]},"properties":{"OBJECTID":834,"Site_ID":"VIC919","Jurisdiction":"VIC","LGA":"Wellington","Site_Name":"Dargo Bush Nursisng Centre","Site_Address":"72 Lind Avenue, Dargo, Vic, 3862","Public_Access":"Yes"}},{"type":"Feature","id":835,"geometry":{"type":"Point","coordinates":[147.17068700000004,-36.742853999999966]},"properties":{"OBJECTID":835,"Site_ID":"VIC920","Jurisdiction":"VIC","LGA":"Alpine","Site_Name":"Mount Beauty Community Centre","Site_Address":"Kiewa Cr, Mount Beauty VIC 3699","Public_Access":"Yes"}},{"type":"Feature","id":836,"geometry":{"type":"Point","coordinates":[147.02403400000003,-36.474810999999931]},"properties":{"OBJECTID":836,"Site_ID":"VIC921","Jurisdiction":"VIC","LGA":"Alpine","Site_Name":"Dederang Memorial Hall","Site_Address":"Kiewa Valley Hwy, Dederang VIC 3691","Public_Access":"Yes"}},{"type":"Feature","id":837,"geometry":{"type":"Point","coordinates":[147.59783000000004,-37.094620999999961]},"properties":{"OBJECTID":837,"Site_ID":"VIC922","Jurisdiction":"VIC","LGA":"East Gippsland","Site_Name":"Omeo Recreation Reserve","Site_Address":"Lot 1, 99 Day Av, Omeo VIC 3898","Public_Access":"Yes"}},{"type":"Feature","id":838,"geometry":{"type":"Point","coordinates":[146.72831400000007,-36.544189999999958]},"properties":{"OBJECTID":838,"Site_ID":"VIC923","Jurisdiction":"Vic","LGA":"Alpine","Site_Name":"Myrtleford Indoor Sporting Complex","Site_Address":"Lot 17, Odonnell Av, Myrtleford VIC 3737","Public_Access":"Yes"}},{"type":"Feature","id":839,"geometry":{"type":"Point","coordinates":[147.3729360000001,-36.533588999999949]},"properties":{"OBJECTID":839,"Site_ID":"VIC924","Jurisdiction":"VIC","LGA":"Towong","Site_Name":"Mitta Valley ERC","Site_Address":"Magorra Park Multi Purpose, Mitta Nth Road","Public_Access":"Yes"}},{"type":"Feature","id":840,"geometry":{"type":"Point","coordinates":[147.16891700000008,-36.741761999999937]},"properties":{"OBJECTID":840,"Site_ID":"VIC925","Jurisdiction":"VIC","LGA":"Alpine","Site_Name":"Mt Beauty Swimming Pool and Sports Centre","Site_Address":"Pool Road, Mount Beauty","Public_Access":"Yes"}},{"type":"Feature","id":841,"geometry":{"type":"Point","coordinates":[149.15330200000005,-37.568435999999963]},"properties":{"OBJECTID":841,"Site_ID":"VIC926","Jurisdiction":"VIC","LGA":"East Gippsland","Site_Name":"Cann River Recreation Reserve","Site_Address":"24 Tamboon Road Cann River VIC 3890","Public_Access":"Yes"}},{"type":"Feature","id":842,"geometry":{"type":"Point","coordinates":[148.46677000000011,-37.702061999999955]},"properties":{"OBJECTID":842,"Site_ID":"VIC927","Jurisdiction":"VIC","LGA":"East Gippsland","Site_Name":"Orbost Cricket Club Oval","Site_Address":"24 Gladstone St, Orbost VIC 3888","Public_Access":"Yes"}},{"type":"Feature","id":843,"geometry":{"type":"Point","coordinates":[146.97041500000012,-36.73780899999997]},"properties":{"OBJECTID":843,"Site_ID":"VIC928","Jurisdiction":"VIC","LGA":"Alpine","Site_Name":"Pioneer Park Pavilion","Site_Address":"Coronation Avenue, Bright","Public_Access":"Yes"}},{"type":"Feature","id":844,"geometry":{"type":"Point","coordinates":[116.09627500000011,-31.38623599999994]},"properties":{"OBJECTID":844,"Site_ID":"WA001","Jurisdiction":"WA","LGA":"Chittering","Site_Name":"Shire of Chittering Administration Building","Site_Address":"6177 Great Northern Hwy Bindoon 6502","Public_Access":"Yes"}},{"type":"Feature","id":845,"geometry":{"type":"Point","coordinates":[116.05612800000006,-31.163716999999963]},"properties":{"OBJECTID":845,"Site_ID":"WA002","Jurisdiction":"WA","LGA":"Chittering","Site_Name":"Wannamal Hall","Site_Address":"2619 Bindoon-Moora Rd, Wannamal WA 6505","Public_Access":"Yes"}},{"type":"Feature","id":846,"geometry":{"type":"Point","coordinates":[116.10243500000001,-31.570427999999936]},"properties":{"OBJECTID":846,"Site_ID":"WA003","Jurisdiction":"WA","LGA":"Chittering","Site_Name":"Lower Chittering Hall","Site_Address":"23 Chittering Valley Rd Lower Chittering 6084","Public_Access":"Yes"}},{"type":"Feature","id":847,"geometry":{"type":"Point","coordinates":[116.26837000000012,-31.864583999999979]},"properties":{"OBJECTID":847,"Site_ID":"WA004","Jurisdiction":"WA","LGA":"Mundaring","Site_Name":"Chidlow Pavilion","Site_Address":"385 Old Northam Rd Chidlow 6556","Public_Access":"Yes"}},{"type":"Feature","id":848,"geometry":{"type":"Point","coordinates":[116.18943100000001,-31.800561999999957]},"properties":{"OBJECTID":848,"Site_ID":"WA005","Jurisdiction":"WA","LGA":"Swan","Site_Name":"Percy Cullen Function Centre","Site_Address":"1990 Toodyay Rd Gidgegannup 6083","Public_Access":"Yes"}},{"type":"Feature","id":849,"geometry":{"type":"Point","coordinates":[116.03199500000005,-31.667467999999928]},"properties":{"OBJECTID":849,"Site_ID":"WA006","Jurisdiction":"WA","LGA":"Swan","Site_Name":"Ethel Warren Bullsbrook Community Centre","Site_Address":"3 Maroubra Av Bullsbrook 6084","Public_Access":"Yes"}},{"type":"Feature","id":850,"geometry":{"type":"Point","coordinates":[116.31301500000006,-31.805519999999945]},"properties":{"OBJECTID":850,"Site_ID":"WA007","Jurisdiction":"WA","LGA":"Mundaring","Site_Name":"Wooroloo Hall","Site_Address":"45 Government Rd Wooroloo 6558","Public_Access":"Yes"}},{"type":"Feature","id":851,"geometry":{"type":"Point","coordinates":[115.94972800000005,-31.904184999999984]},"properties":{"OBJECTID":851,"Site_ID":"WA008","Jurisdiction":"WA","LGA":"Bassendean","Site_Name":"Seniors and Volunteers Centre","Site_Address":"50 Old Perth Rd Bassendean 6054","Public_Access":"Yes"}},{"type":"Feature","id":852,"geometry":{"type":"Point","coordinates":[115.94438700000001,-31.968335999999965]},"properties":{"OBJECTID":852,"Site_ID":"WA009","Jurisdiction":"WA","LGA":"Belmont","Site_Name":"Forster Park Community Centre","Site_Address":"278 Keane St Cloverdale 6105","Public_Access":"Yes"}},{"type":"Feature","id":853,"geometry":{"type":"Point","coordinates":[115.81285000000003,-32.242381999999964]},"properties":{"OBJECTID":853,"Site_ID":"WA010","Jurisdiction":"WA","LGA":"Kwinana","Site_Name":"Kwinana Requatic","Site_Address":"7 Skerne St Kwinana Town Centre 6167","Public_Access":"Yes"}},{"type":"Feature","id":854,"geometry":{"type":"Point","coordinates":[115.73733800000002,-32.537435999999957]},"properties":{"OBJECTID":854,"Site_ID":"WA012","Jurisdiction":"WA","LGA":"Mandurah","Site_Name":"Mandurah Aquatic and Recreation Centre (MARC)","Site_Address":"303 Pinjarra Rd Mandurah 6210","Public_Access":"Yes"}},{"type":"Feature","id":855,"geometry":{"type":"Point","coordinates":[115.74546000000009,-32.278449999999964]},"properties":{"OBJECTID":855,"Site_ID":"WA013","Jurisdiction":"WA","LGA":"Rockingham","Site_Name":"Mike Barnett Sports Complex","Site_Address":"1652 Dixon Rd Rockingham 6168","Public_Access":"Yes"}},{"type":"Feature","id":856,"geometry":{"type":"Point","coordinates":[115.84885000000008,-32.150129999999933]},"properties":{"OBJECTID":856,"Site_ID":"WA014","Jurisdiction":"WA","LGA":"Cockburn","Site_Name":"Success Regional Sports Centre","Site_Address":"359 Hammond Rd Success 6164","Public_Access":"Yes"}},{"type":"Feature","id":857,"geometry":{"type":"Point","coordinates":[115.76946000000009,-32.080209999999965]},"properties":{"OBJECTID":857,"Site_ID":"WA015","Jurisdiction":"WA","LGA":"Cockburn","Site_Name":"Walley Hagen Stadium","Site_Address":"Starling St Hamilton Hill 6163","Public_Access":"Yes"}},{"type":"Feature","id":858,"geometry":{"type":"Point","coordinates":[115.80197700000008,-32.114477999999963]},"properties":{"OBJECTID":858,"Site_ID":"WA016","Jurisdiction":"WA","LGA":"Cockburn","Site_Name":"Cockburn Operations Centre","Site_Address":"52 Wellard St Bibra Lake 6163","Public_Access":"Yes"}},{"type":"Feature","id":859,"geometry":{"type":"Point","coordinates":[116.00319800000011,-32.157962999999938]},"properties":{"OBJECTID":859,"Site_ID":"WA017","Jurisdiction":"WA","LGA":"Armadale","Site_Name":"Armadale Arena","Site_Address":"4 Townley St Armadale 6112","Public_Access":"Yes"}},{"type":"Feature","id":860,"geometry":{"type":"Point","coordinates":[116.05689200000006,-31.976403999999945]},"properties":{"OBJECTID":860,"Site_ID":"WA018","Jurisdiction":"WA","LGA":"Kalamunda","Site_Name":"Kalamunda Performing Arts Centre","Site_Address":"48 Canning Rd Kalamunda 6076","Public_Access":"Yes"}},{"type":"Feature","id":861,"geometry":{"type":"Point","coordinates":[116.0053180000001,-31.947243999999955]},"properties":{"OBJECTID":861,"Site_ID":"WA019","Jurisdiction":"WA","LGA":"Kalamunda","Site_Name":"High Wycombe Recreation Centre","Site_Address":"200 Newburn Rd High Wycombe 6057","Public_Access":"Yes"}},{"type":"Feature","id":862,"geometry":{"type":"Point","coordinates":[116.04453200000012,-32.001432999999963]},"properties":{"OBJECTID":862,"Site_ID":"WA020","Jurisdiction":"WA","LGA":"Kalamunda","Site_Name":"Ray Owen Sports Stadium","Site_Address":"96 Gladys Rd Lesmurdie 6076","Public_Access":"Yes"}},{"type":"Feature","id":863,"geometry":{"type":"Point","coordinates":[115.9972570000001,-31.994163999999955]},"properties":{"OBJECTID":863,"Site_ID":"WA021","Jurisdiction":"WA","LGA":"Kalamunda","Site_Name":"Hartfield Park Rec Centre","Site_Address":"199 Hale Rd Forrestfield 6058","Public_Access":"Yes"}},{"type":"Feature","id":864,"geometry":{"type":"Point","coordinates":[116.0004570000001,-32.22534399999995]},"properties":{"OBJECTID":864,"Site_ID":"WA022","Jurisdiction":"WA","LGA":"Serpentine-Jarrahdale","Site_Name":"Serpentine Jarrahdale Community Recreation Centre","Site_Address":"38 Mead St Byford 6122","Public_Access":"Yes"}},{"type":"Feature","id":865,"geometry":{"type":"Point","coordinates":[116.06924100000003,-32.112521999999956]},"properties":{"OBJECTID":865,"Site_ID":"WA024","Jurisdiction":"WA","LGA":"Armadale","Site_Name":"Roleystone Hall","Site_Address":"44 Jarrah Rd Roleystone 6111","Public_Access":"Yes"}},{"type":"Feature","id":866,"geometry":{"type":"Point","coordinates":[115.96726000000001,-32.02384399999994]},"properties":{"OBJECTID":866,"Site_ID":"WA025","Jurisdiction":"WA","LGA":"Gosnells","Site_Name":"Mills Park Community Centre","Site_Address":"86 Brixton St Beckenham 6107","Public_Access":"Yes"}},{"type":"Feature","id":867,"geometry":{"type":"Point","coordinates":[117.03496300000006,-31.19025199999993]},"properties":{"OBJECTID":867,"Site_ID":"WA027","Jurisdiction":"WA","LGA":"Dowerin","Site_Name":"Dowerin Community Club","Site_Address":"35 Fraser St Dowerin 6461","Public_Access":"Yes"}},{"type":"Feature","id":868,"geometry":{"type":"Point","coordinates":[121.77835600000003,-32.194802999999979]},"properties":{"OBJECTID":868,"Site_ID":"WA028","Jurisdiction":"WA","LGA":"Dundas","Site_Name":"Dundas Emergency Co-Location Building","Site_Address":"53 Prinsep St Norseman 6443","Public_Access":"Yes"}},{"type":"Feature","id":869,"geometry":{"type":"Point","coordinates":[121.46806200000003,-30.776742999999954]},"properties":{"OBJECTID":869,"Site_ID":"WA029","Jurisdiction":"WA","LGA":"Kalgoorlie-Boulder","Site_Name":"Oasis Recreation Centre","Site_Address":"99 Johnston St Kalgoorlie 6430","Public_Access":"Yes"}},{"type":"Feature","id":870,"geometry":{"type":"Point","coordinates":[117.71168000000011,-31.628362999999979]},"properties":{"OBJECTID":870,"Site_ID":"WA030","Jurisdiction":"WA","LGA":"Kellerberrin","Site_Name":"Kellerberrin Recreation and Leisure Centre","Site_Address":"260 Connelly St Kellerberrin 6410","Public_Access":"Yes"}},{"type":"Feature","id":871,"geometry":{"type":"Point","coordinates":[116.67852200000004,-31.652131999999938]},"properties":{"OBJECTID":871,"Site_ID":"WA031","Jurisdiction":"WA","LGA":"Northam","Site_Name":"Northam Emergency Service Centre & ICC","Site_Address":"3 Henry St Northam 6401","Public_Access":"Yes"}},{"type":"Feature","id":872,"geometry":{"type":"Point","coordinates":[116.68091600000002,-31.651654999999948]},"properties":{"OBJECTID":872,"Site_ID":"WA032","Jurisdiction":"WA","LGA":"Northam","Site_Name":"Northam Rec Centre","Site_Address":"44 Peel Tce Northam 6401","Public_Access":"Yes"}},{"type":"Feature","id":873,"geometry":{"type":"Point","coordinates":[116.46688900000004,-31.550429999999949]},"properties":{"OBJECTID":873,"Site_ID":"WA033","Jurisdiction":"WA","LGA":"Toodyay","Site_Name":"Toodyay Memorial Hall","Site_Address":"117 Stirling Tce Toodyay 6566","Public_Access":"Yes"}},{"type":"Feature","id":874,"geometry":{"type":"Point","coordinates":[117.79267500000003,-31.112469999999973]},"properties":{"OBJECTID":874,"Site_ID":"WA034","Jurisdiction":"WA","LGA":"Trayning","Site_Name":"Trayning & Districts Sporting Club","Site_Address":"88 Sutherland St Trayning 6488","Public_Access":"Yes"}},{"type":"Feature","id":875,"geometry":{"type":"Point","coordinates":[119.32860800000003,-31.229397999999946]},"properties":{"OBJECTID":875,"Site_ID":"WA035","Jurisdiction":"WA","LGA":"Yilgarn","Site_Name":"Southern Cross Sports Complex","Site_Address":"35 Spica St Southern Cross 6426","Public_Access":"Yes"}},{"type":"Feature","id":876,"geometry":{"type":"Point","coordinates":[116.76332000000002,-31.893439999999941]},"properties":{"OBJECTID":876,"Site_ID":"WA036","Jurisdiction":"WA","LGA":"York","Site_Name":"York Recreation & Convention Centre","Site_Address":"45 South St, York WA 6302","Public_Access":"Yes"}},{"type":"Feature","id":877,"geometry":{"type":"Point","coordinates":[118.14859500000011,-31.873841999999968]},"properties":{"OBJECTID":877,"Site_ID":"WA037","Jurisdiction":"WA","LGA":"Bruce Rock","Site_Name":"Bruce Rock Emergency Services Building","Site_Address":"21 Dunstal St Bruce Rock 6418","Public_Access":"Yes"}},{"type":"Feature","id":878,"geometry":{"type":"Point","coordinates":[128.88961900000004,-31.677809999999965]},"properties":{"OBJECTID":878,"Site_ID":"WA038","Jurisdiction":"WA","LGA":"Dundas","Site_Name":"Eucla VFES Shed","Site_Address":"Yurkla Way Eucla 6443","Public_Access":"Yes"}},{"type":"Feature","id":879,"geometry":{"type":"Point","coordinates":[117.48399100000006,-30.824535999999966]},"properties":{"OBJECTID":879,"Site_ID":"WA039","Jurisdiction":"WA","LGA":"Koorda","Site_Name":"Shire of Koorda Council Chambers and Administration Office","Site_Address":"10 Haig St Koorda 6475","Public_Access":"Yes"}},{"type":"Feature","id":880,"geometry":{"type":"Point","coordinates":[116.46019700000011,-31.749926999999957]},"properties":{"OBJECTID":880,"Site_ID":"WA040","Jurisdiction":"WA","LGA":"Northam","Site_Name":"Bakers Hill Rec Centre","Site_Address":"17 Berry Brow Rd Bakers Hill 6562","Public_Access":"Yes"}},{"type":"Feature","id":881,"geometry":{"type":"Point","coordinates":[116.38361100000009,-31.759166999999934]},"properties":{"OBJECTID":881,"Site_ID":"WA041","Jurisdiction":"WA","LGA":"Northam","Site_Name":"Wundowie Town Hall","Site_Address":"47 Boronia Av Wundowie 6560","Public_Access":"Yes"}},{"type":"Feature","id":882,"geometry":{"type":"Point","coordinates":[117.48434000000009,-31.641359999999963]},"properties":{"OBJECTID":882,"Site_ID":"WA042","Jurisdiction":"WA","LGA":"Tammin","Site_Name":"Shire of Tammin Administration Office","Site_Address":"1 Donnan St Tammin 6409","Public_Access":"Yes"}},{"type":"Feature","id":883,"geometry":{"type":"Point","coordinates":[116.29151400000001,-31.671783999999946]},"properties":{"OBJECTID":883,"Site_ID":"WA043","Jurisdiction":"WA","LGA":"Toodyay","Site_Name":"Morangup Collocated Emergency Facility and Community Hall","Site_Address":"48 Wallaby Way Morangup 6083","Public_Access":"Yes"}},{"type":"Feature","id":884,"geometry":{"type":"Point","coordinates":[116.32971100000009,-31.510827999999947]},"properties":{"OBJECTID":884,"Site_ID":"WA044","Jurisdiction":"WA","LGA":"Toodyay","Site_Name":"Julimar Fire Station (Under Contruction)","Site_Address":"1415 Julimar Rd Julimar 6567","Public_Access":"Yes"}},{"type":"Feature","id":885,"geometry":{"type":"Point","coordinates":[116.44095400000003,-31.478196999999966]},"properties":{"OBJECTID":885,"Site_ID":"WA045","Jurisdiction":"WA","LGA":"Toodyay","Site_Name":"Coondle-Nunile Fire Station","Site_Address":"775 Bindi Bindi-Toodyay Rd, Coondle WA 6566","Public_Access":"Yes"}},{"type":"Feature","id":886,"geometry":{"type":"Point","coordinates":[116.47166600000003,-31.552655999999956]},"properties":{"OBJECTID":886,"Site_ID":"WA046","Jurisdiction":"WA","LGA":"Toodyay","Site_Name":"Toodyay Collocated Emergency Facility","Site_Address":"67 Stirling Tce Toodyay 6566","Public_Access":"Yes"}},{"type":"Feature","id":887,"geometry":{"type":"Point","coordinates":[116.71633900000006,-30.900138999999967]},"properties":{"OBJECTID":887,"Site_ID":"WA047","Jurisdiction":"WA","LGA":"Wongan-Ballidu","Site_Name":"Wongan Hills Sports Pavillion","Site_Address":"100 Ninan St Wongan Hills 6603","Public_Access":"Yes"}},{"type":"Feature","id":888,"geometry":{"type":"Point","coordinates":[117.3795970000001,-31.185822999999971]},"properties":{"OBJECTID":888,"Site_ID":"WA048","Jurisdiction":"WA","LGA":"Wyalkatchem","Site_Name":"Wyalkatchem Recreation Centre","Site_Address":"Hands Dr Wyalkatchem 6485","Public_Access":"Yes"}},{"type":"Feature","id":889,"geometry":{"type":"Point","coordinates":[116.46597700000007,-31.55275899999998]},"properties":{"OBJECTID":889,"Site_ID":"WA049","Jurisdiction":"WA","LGA":"Toodyay","Site_Name":"Toodyay Shire Administration Office","Site_Address":"15 Fiennes St Toodyay 6566","Public_Access":"Yes"}},{"type":"Feature","id":890,"geometry":{"type":"Point","coordinates":[117.88145000000009,-34.984319999999968]},"properties":{"OBJECTID":890,"Site_ID":"WA050","Jurisdiction":"WA","LGA":"Albany","Site_Name":"City of Albany Mercer Road Emergency Services & Rangers","Site_Address":"39 Mercer Rd Walmsley 6330","Public_Access":"Yes"}},{"type":"Feature","id":891,"geometry":{"type":"Point","coordinates":[117.64879800000006,-33.838808999999969]},"properties":{"OBJECTID":891,"Site_ID":"WA051","Jurisdiction":"WA","LGA":"Broomehill-Tambellup","Site_Name":"Broomehill Recreational Complex","Site_Address":"77 Tie Line Rd Broomehill East 6318","Public_Access":"Yes"}},{"type":"Feature","id":892,"geometry":{"type":"Point","coordinates":[117.55321200000003,-34.296258999999964]},"properties":{"OBJECTID":892,"Site_ID":"WA052","Jurisdiction":"WA","LGA":"Cranbrook","Site_Name":"Cranbrook Regional Community Hub","Site_Address":"3 Dunn St Cranbrook 6321","Public_Access":"Yes"}},{"type":"Feature","id":893,"geometry":{"type":"Point","coordinates":[121.63814300000001,-32.983399999999961]},"properties":{"OBJECTID":893,"Site_ID":"WA054","Jurisdiction":"WA","LGA":"Esperance","Site_Name":"Salmon Gums Community Centre","Site_Address":"Moore St Salmon Gums 6445","Public_Access":"Yes"}},{"type":"Feature","id":894,"geometry":{"type":"Point","coordinates":[118.01060000000007,-33.944299999999942]},"properties":{"OBJECTID":894,"Site_ID":"WA055","Jurisdiction":"WA","LGA":"Gnowangerup","Site_Name":"Gnowangerup Sporting Complex","Site_Address":"107 Yougenup Rd Gnowangerup 6335","Public_Access":"Yes"}},{"type":"Feature","id":895,"geometry":{"type":"Point","coordinates":[117.54563400000006,-33.686300999999958]},"properties":{"OBJECTID":895,"Site_ID":"WA057","Jurisdiction":"WA","LGA":"Katanning","Site_Name":"Katanning Leisure Centre","Site_Address":"4 Pemble St Katanning 6317","Public_Access":"Yes"}},{"type":"Feature","id":896,"geometry":{"type":"Point","coordinates":[117.15934700000003,-33.832233999999971]},"properties":{"OBJECTID":896,"Site_ID":"WA058","Jurisdiction":"WA","LGA":"Kojonup","Site_Name":"Kojonup Shire Office","Site_Address":"93 Albany Hwy Kojonup 6395","Public_Access":"Yes"}},{"type":"Feature","id":897,"geometry":{"type":"Point","coordinates":[117.66162500000007,-34.611463999999955]},"properties":{"OBJECTID":897,"Site_ID":"WA059","Jurisdiction":"WA","LGA":"Plantagenet","Site_Name":"Mount Barker School Community Recreation Centre","Site_Address":"31676 Albany Hwy Mount Barker 6324","Public_Access":"Yes"}},{"type":"Feature","id":898,"geometry":{"type":"Point","coordinates":[117.43261700000005,-33.563787999999931]},"properties":{"OBJECTID":898,"Site_ID":"WA060","Jurisdiction":"WA","LGA":"Woodanilling","Site_Name":"Woodanilling Shire Office","Site_Address":"3316 Robinson Rd Woodanilling 6316","Public_Access":"Yes"}},{"type":"Feature","id":899,"geometry":{"type":"Point","coordinates":[117.64588500000002,-34.042809999999974]},"properties":{"OBJECTID":899,"Site_ID":"WA061","Jurisdiction":"WA","LGA":"Broomehill-Tambellup","Site_Name":"Tambellup Community Pavilion","Site_Address":"2 East Tce Tambellup 6320","Public_Access":"Yes"}},{"type":"Feature","id":900,"geometry":{"type":"Point","coordinates":[122.52843600000006,-33.751964999999984]},"properties":{"OBJECTID":900,"Site_ID":"WA062","Jurisdiction":"WA","LGA":"Esperance","Site_Name":"Condingup Recreation Centre","Site_Address":"Sutcliffe St Condingup 6450","Public_Access":"Yes"}},{"type":"Feature","id":901,"geometry":{"type":"Point","coordinates":[121.07407300000011,-33.469580999999948]},"properties":{"OBJECTID":901,"Site_ID":"WA063","Jurisdiction":"WA","LGA":"Esperance","Site_Name":"Cascade Hall","Site_Address":"2 Davroe Way Cascade 6450","Public_Access":"Yes"}},{"type":"Feature","id":902,"geometry":{"type":"Point","coordinates":[119.37814000000003,-34.397609999999929]},"properties":{"OBJECTID":902,"Site_ID":"WA064","Jurisdiction":"WA","LGA":"Jerramungup","Site_Name":"Bremer Bay VFES Emergency Services Co-Location","Site_Address":"2 John St Bremer Bay 6338","Public_Access":"Yes"}},{"type":"Feature","id":903,"geometry":{"type":"Point","coordinates":[116.4751500000001,-32.802289999999971]},"properties":{"OBJECTID":903,"Site_ID":"WA065","Jurisdiction":"WA","LGA":"Boddington","Site_Name":"Boddington Shire Office","Site_Address":"39 Bannister Rd Boddington 6390","Public_Access":"Yes"}},{"type":"Feature","id":904,"geometry":{"type":"Point","coordinates":[117.0029320000001,-32.369427999999971]},"properties":{"OBJECTID":904,"Site_ID":"WA066","Jurisdiction":"WA","LGA":"Brookton","Site_Name":"WB Eva Pavilion, Brookton Highway, Brookton WA 6306","Site_Address":"14 White Rd Brookton 6306","Public_Access":"Yes"}},{"type":"Feature","id":905,"geometry":{"type":"Point","coordinates":[117.87963900000011,-32.332360999999935]},"properties":{"OBJECTID":905,"Site_ID":"WA067","Jurisdiction":"WA","LGA":"Corrigin","Site_Name":"Corrigin Recreation and Events Centre","Site_Address":"24 Larke Cr Corrigin 6375","Public_Access":"Yes"}},{"type":"Feature","id":906,"geometry":{"type":"Point","coordinates":[117.17401000000007,-32.821001999999964]},"properties":{"OBJECTID":906,"Site_ID":"WA068","Jurisdiction":"WA","LGA":"Cuballing","Site_Name":"Cuballing Recreation Centre","Site_Address":"138 Campbell St Cuballing 6311","Public_Access":"Yes"}},{"type":"Feature","id":907,"geometry":{"type":"Point","coordinates":[118.07945300000006,-33.186280999999951]},"properties":{"OBJECTID":907,"Site_ID":"WA069","Jurisdiction":"WA","LGA":"Dumbleyung","Site_Name":"Nenke Park Pavilion ","Site_Address":"89 Bennett St Kukerin 6352","Public_Access":"Yes"}},{"type":"Feature","id":908,"geometry":{"type":"Point","coordinates":[118.26768900000002,-32.495568999999932]},"properties":{"OBJECTID":908,"Site_ID":"WA070","Jurisdiction":"WA","LGA":"Kondinin","Site_Name":"Town Hall - Kondinin","Site_Address":"25 Jones St Kondinin 6367","Public_Access":"Yes"}},{"type":"Feature","id":909,"geometry":{"type":"Point","coordinates":[119.01209000000006,-33.09682799999996]},"properties":{"OBJECTID":909,"Site_ID":"WA071","Jurisdiction":"WA","LGA":"Lake Grace","Site_Name":"Newdegate Recreation Centre","Site_Address":"Waddell St Newdegate 6355","Public_Access":"Yes"}},{"type":"Feature","id":910,"geometry":{"type":"Point","coordinates":[117.17302000000007,-32.930339999999944]},"properties":{"OBJECTID":910,"Site_ID":"WA072","Jurisdiction":"WA","LGA":"Narrogin","Site_Name":"Narrogin Regional Leisure Centre","Site_Address":"50 Clayton Rd Narrogin 6312","Public_Access":"Yes"}},{"type":"Feature","id":911,"geometry":{"type":"Point","coordinates":[117.09131000000002,-32.530019999999979]},"properties":{"OBJECTID":911,"Site_ID":"WA073","Jurisdiction":"WA","LGA":"Pingelly","Site_Name":"Pingelly Recreation and Cultural Centre","Site_Address":"4 Somerset St Pingelly 6308","Public_Access":"Yes"}},{"type":"Feature","id":912,"geometry":{"type":"Point","coordinates":[117.33658000000003,-33.306309999999939]},"properties":{"OBJECTID":912,"Site_ID":"WA074","Jurisdiction":"WA","LGA":"Wagin","Site_Name":"Wagin Recreation Centre","Site_Address":"15 Ballagin St Wagin 6315","Public_Access":"Yes"}},{"type":"Feature","id":913,"geometry":{"type":"Point","coordinates":[116.87633900000003,-33.031982999999968]},"properties":{"OBJECTID":913,"Site_ID":"WA075","Jurisdiction":"WA","LGA":"Williams","Site_Name":"Williams Recreation Pavilion","Site_Address":"Pinjarra-Williams Rd Williams 6391","Public_Access":"Yes"}},{"type":"Feature","id":914,"geometry":{"type":"Point","coordinates":[117.00722600000006,-32.368753999999967]},"properties":{"OBJECTID":914,"Site_ID":"WA076","Jurisdiction":"WA","LGA":"Brookton","Site_Name":"Shire of Brookton - Shire Offices","Site_Address":"14 White St Brookton 6306","Public_Access":"Yes"}},{"type":"Feature","id":915,"geometry":{"type":"Point","coordinates":[117.12288200000012,-32.658579999999972]},"properties":{"OBJECTID":915,"Site_ID":"WA077","Jurisdiction":"WA","LGA":"Cuballing","Site_Name":"Popanyinning Fire Shed","Site_Address":"96 Francis St Popanyinning 6309","Public_Access":"Yes"}},{"type":"Feature","id":916,"geometry":{"type":"Point","coordinates":[117.17639000000008,-32.93533999999994]},"properties":{"OBJECTID":916,"Site_ID":"WA079","Jurisdiction":"WA","LGA":"Narrogin","Site_Name":"Narrogin Shire Admin Office","Site_Address":"89 Earl St Narrogin 6312","Public_Access":"Yes"}},{"type":"Feature","id":917,"geometry":{"type":"Point","coordinates":[117.50461300000006,-32.78101799999996]},"properties":{"OBJECTID":917,"Site_ID":"WA080","Jurisdiction":"WA","LGA":"Wickepin","Site_Name":"Wickepin Shire Administration Centre","Site_Address":"77 Wogolin Rd Wickepin 6370","Public_Access":"Yes"}},{"type":"Feature","id":918,"geometry":{"type":"Point","coordinates":[115.51086000000009,-28.540319999999952]},"properties":{"OBJECTID":918,"Site_ID":"WA081","Jurisdiction":"WA","LGA":"Greater Geraldton","Site_Name":"Mullewa Civic Centre","Site_Address":"5 Thomas St, Mullewa WA 6630","Public_Access":"Yes"}},{"type":"Feature","id":919,"geometry":{"type":"Point","coordinates":[114.92448000000002,-29.265129999999942]},"properties":{"OBJECTID":919,"Site_ID":"WA082","Jurisdiction":"WA","LGA":"Irwin","Site_Name":"Irwin Recreation Centre","Site_Address":"Ridley St Port Denison 6525","Public_Access":"Yes"}},{"type":"Feature","id":920,"geometry":{"type":"Point","coordinates":[114.16618000000005,-27.709229999999934]},"properties":{"OBJECTID":920,"Site_ID":"WA083","Jurisdiction":"WA","LGA":"Northampton","Site_Name":"Allen Centre, Kalbarri","Site_Address":"70 Grey St, Kalbarri WA 6536","Public_Access":"Yes"}},{"type":"Feature","id":921,"geometry":{"type":"Point","coordinates":[114.63010000000008,-28.351639999999975]},"properties":{"OBJECTID":921,"Site_ID":"WA084","Jurisdiction":"WA","LGA":"Northampton","Site_Name":"Northampton Main Shire Office","Site_Address":"199 Hampton Rd, Northampton WA 6535","Public_Access":"Yes"}},{"type":"Feature","id":922,"geometry":{"type":"Point","coordinates":[113.53116900000009,-25.921114999999929]},"properties":{"OBJECTID":922,"Site_ID":"WA085","Jurisdiction":"WA","LGA":"Shark Bay","Site_Name":"Shark Bay Recreation Centre (Emergency Evacuation Centre)","Site_Address":"501 Francis Rd Denham 6537","Public_Access":"Yes"}},{"type":"Feature","id":923,"geometry":{"type":"Point","coordinates":[115.76491400000009,-29.536330999999961]},"properties":{"OBJECTID":923,"Site_ID":"WA086","Jurisdiction":"WA","LGA":"Three Springs","Site_Name":"Three Springs Shire Admin Centre","Site_Address":"132 Railway Rd Three Springs 6519","Public_Access":"Yes"}},{"type":"Feature","id":924,"geometry":{"type":"Point","coordinates":[115.20860400000004,-25.051282999999955]},"properties":{"OBJECTID":924,"Site_ID":"WA087","Jurisdiction":"WA","LGA":"Upper Gascoyne","Site_Name":"Gascoyne Junction Pavillion","Site_Address":"10 Gregory St Gascoyne Junction 6705","Public_Access":"Yes"}},{"type":"Feature","id":925,"geometry":{"type":"Point","coordinates":[116.44814400000007,-31.088818999999944]},"properties":{"OBJECTID":925,"Site_ID":"WA088","Jurisdiction":"WA","LGA":"Victoria Plains","Site_Name":"Shire of Victoria Plains Administration Building","Site_Address":"28 Cavell St Calingiri 6569","Public_Access":"Yes"}},{"type":"Feature","id":926,"geometry":{"type":"Point","coordinates":[115.88805600000001,-29.685555999999963]},"properties":{"OBJECTID":926,"Site_ID":"WA089","Jurisdiction":"WA","LGA":"Carnamah","Site_Name":"Carnamah Recreation Centre","Site_Address":"2 Niven Cr, Carnamah WA 6517","Public_Access":"Yes"}},{"type":"Feature","id":927,"geometry":{"type":"Point","coordinates":[113.65798300000006,-24.884673999999961]},"properties":{"OBJECTID":927,"Site_ID":"WA090","Jurisdiction":"WA","LGA":"Carnarvon","Site_Name":"Shire of Carnarvon Council Chambers","Site_Address":"3 Francis St Carnarvon 6701","Public_Access":"Yes"}},{"type":"Feature","id":928,"geometry":{"type":"Point","coordinates":[114.6137940000001,-28.775832999999977]},"properties":{"OBJECTID":928,"Site_ID":"WA091","Jurisdiction":"WA","LGA":"Greater Geraldton","Site_Name":"QE II","Site_Address":"88 Durlacher St, Geraldton WA 6530","Public_Access":"Yes"}},{"type":"Feature","id":929,"geometry":{"type":"Point","coordinates":[116.01871000000006,-29.207159999999931]},"properties":{"OBJECTID":929,"Site_ID":"WA092","Jurisdiction":"WA","LGA":"Morawa","Site_Name":"Greater Sports Ground","Site_Address":"Jukes Pl Morawa 6623","Public_Access":"Yes"}},{"type":"Feature","id":930,"geometry":{"type":"Point","coordinates":[115.95678500000008,-26.892914999999959]},"properties":{"OBJECTID":930,"Site_ID":"WA093","Jurisdiction":"WA","LGA":"Murchison","Site_Name":"Murchison Sports Club","Site_Address":"3007 Carnarvon-Mullewa Rd Murchison 6630","Public_Access":"Yes"}},{"type":"Feature","id":931,"geometry":{"type":"Point","coordinates":[116.44744900000001,-29.758389999999963]},"properties":{"OBJECTID":931,"Site_ID":"WA094","Jurisdiction":"WA","LGA":"Perenjori","Site_Name":"Latham Tennis Club","Site_Address":"Mullewa-Wubin Rd Latham 6616","Public_Access":"Yes"}},{"type":"Feature","id":932,"geometry":{"type":"Point","coordinates":[113.53606000000002,-25.919509999999946]},"properties":{"OBJECTID":932,"Site_ID":"WA095","Jurisdiction":"WA","LGA":"Shark Bay","Site_Name":"Shark Bay Emergency Services Building","Site_Address":"100 Durlacher St Denham 6537","Public_Access":"Yes"}},{"type":"Feature","id":933,"geometry":{"type":"Point","coordinates":[116.68237600000009,-28.341844999999978]},"properties":{"OBJECTID":933,"Site_ID":"WA096","Jurisdiction":"WA","LGA":"Yalgoo","Site_Name":"Yalgoo Administration Office","Site_Address":"37 Gibbons St Yalgoo 6635","Public_Access":"Yes"}},{"type":"Feature","id":934,"geometry":{"type":"Point","coordinates":[115.26543900000001,-29.823182999999972]},"properties":{"OBJECTID":934,"Site_ID":"WA097","Jurisdiction":"WA","LGA":"Carnamah","Site_Name":"Eneabba Recreation Centre","Site_Address":"10 Eneabba Dr Eneabba 6518","Public_Access":"Yes"}},{"type":"Feature","id":935,"geometry":{"type":"Point","coordinates":[117.89666700000009,-27.422634999999957]},"properties":{"OBJECTID":935,"Site_ID":"WA098","Jurisdiction":"WA","LGA":"Cue","Site_Name":"Shire of Cue Town Hall","Site_Address":"54 Dowley St Cue 6640","Public_Access":"Yes"}},{"type":"Feature","id":936,"geometry":{"type":"Point","coordinates":[114.80027000000007,-28.93936999999994]},"properties":{"OBJECTID":936,"Site_ID":"WA099","Jurisdiction":"WA","LGA":"Greater Geraldton","Site_Name":"Walkaway Recreation Centre","Site_Address":"6 Evans Rd Walkaway 6528","Public_Access":"Yes"}},{"type":"Feature","id":937,"geometry":{"type":"Point","coordinates":[114.61177800000007,-28.776164999999935]},"properties":{"OBJECTID":937,"Site_ID":"WA100","Jurisdiction":"WA","LGA":"Greater Geraldton","Site_Name":"Geraldton Civic Centre","Site_Address":"63 Cathedral Av, Geraldton WA 6530","Public_Access":"Yes"}},{"type":"Feature","id":938,"geometry":{"type":"Point","coordinates":[115.44155500000011,-29.192417999999975]},"properties":{"OBJECTID":938,"Site_ID":"WA101","Jurisdiction":"WA","LGA":"Mingenew","Site_Name":"Mingenew Administration Office","Site_Address":"21 Victoria Rd Mingenew 6522","Public_Access":"Yes"}},{"type":"Feature","id":939,"geometry":{"type":"Point","coordinates":[116.28251200000011,-29.437419999999975]},"properties":{"OBJECTID":939,"Site_ID":"WA102","Jurisdiction":"WA","LGA":"Perenjori","Site_Name":"Perenjori Rec-Centre","Site_Address":"53 Crossing Rd Perenjori 6620","Public_Access":"Yes"}},{"type":"Feature","id":940,"geometry":{"type":"Point","coordinates":[116.28469400000006,-29.439705999999944]},"properties":{"OBJECTID":940,"Site_ID":"WA103","Jurisdiction":"WA","LGA":"Perenjori","Site_Name":"Shire of Perenjori Administration Building","Site_Address":"56 Fowler St Perenjori 6620","Public_Access":"Yes"}},{"type":"Feature","id":941,"geometry":{"type":"Point","coordinates":[116.50926700000002,-31.272228999999982]},"properties":{"OBJECTID":941,"Site_ID":"WA104","Jurisdiction":"WA","LGA":"Victoria Plains","Site_Name":"Bolgart Town Hall","Site_Address":"44 George St Bolgart 6568","Public_Access":"Yes"}},{"type":"Feature","id":942,"geometry":{"type":"Point","coordinates":[123.06072000000006,-16.44653999999997]},"properties":{"OBJECTID":942,"Site_ID":"WA105","Jurisdiction":"WA","LGA":"Broome","Site_Name":"Ardyaloon Office","Site_Address":"27 One Arm Point Rd Dampier Peninsula 6725","Public_Access":"Yes"}},{"type":"Feature","id":943,"geometry":{"type":"Point","coordinates":[121.7801730000001,-18.685058999999967]},"properties":{"OBJECTID":943,"Site_ID":"WA106","Jurisdiction":"WA","LGA":"Broome","Site_Name":"Bidyadanga Office","Site_Address":"74 Mission Rd Lagrange 6725","Public_Access":"Yes"}},{"type":"Feature","id":944,"geometry":{"type":"Point","coordinates":[122.89518600000008,-16.514647999999966]},"properties":{"OBJECTID":944,"Site_ID":"WA107","Jurisdiction":"WA","LGA":"Broome","Site_Name":"Djarindjin Office","Site_Address":"25 James St Dampier Peninsula 6725","Public_Access":"Yes"}},{"type":"Feature","id":945,"geometry":{"type":"Point","coordinates":[122.89300900000001,-16.516480999999942]},"properties":{"OBJECTID":945,"Site_ID":"WA108","Jurisdiction":"WA","LGA":"Broome","Site_Name":"Lombadina Office","Site_Address":"Lombadina Rd, Dampier Peninsula WA 6725","Public_Access":"Yes"}},{"type":"Feature","id":946,"geometry":{"type":"Point","coordinates":[125.56713500000001,-18.196928999999955]},"properties":{"OBJECTID":946,"Site_ID":"WA110","Jurisdiction":"WA","LGA":"Derby-West Kimberley","Site_Name":"Fitzroy Crossing Tourist and Information Centre","Site_Address":"2 14 Flynn Dr Fitzroy Crossing 6765","Public_Access":"Yes"}},{"type":"Feature","id":947,"geometry":{"type":"Point","coordinates":[128.73815400000001,-15.773297999999954]},"properties":{"OBJECTID":947,"Site_ID":"WA112","Jurisdiction":"WA","LGA":"Wyndham-East Kimberley","Site_Name":"Kununurra Leisure Centre","Site_Address":"115 Coolibah Dr, Kununurra WA 6743","Public_Access":"Yes"}},{"type":"Feature","id":948,"geometry":{"type":"Point","coordinates":[117.67159300000003,-23.198328999999944]},"properties":{"OBJECTID":948,"Site_ID":"WA114","Jurisdiction":"WA","LGA":"Ashburton","Site_Name":"Paraburdoo Sports, Fitness and Community Complex","Site_Address":"555 20 Fortescue Rd Paraburdoo 6754","Public_Access":"Yes"}},{"type":"Feature","id":949,"geometry":{"type":"Point","coordinates":[117.67220800000007,-23.200047999999981]},"properties":{"OBJECTID":949,"Site_ID":"WA115","Jurisdiction":"WA","LGA":"Ashburton","Site_Name":"Ashburton Town Hall","Site_Address":"90 Ashburton Ct Paraburdoo 6754","Public_Access":"Yes"}},{"type":"Feature","id":950,"geometry":{"type":"Point","coordinates":[117.79343500000004,-22.68773699999997]},"properties":{"OBJECTID":950,"Site_ID":"WA116","Jurisdiction":"WA","LGA":"Ashburton","Site_Name":"Tom Price Community Recreation Centre","Site_Address":"353 Milpera St, Tom Price WA 6751","Public_Access":"Yes"}},{"type":"Feature","id":951,"geometry":{"type":"Point","coordinates":[119.74571000000003,-21.172939999999983]},"properties":{"OBJECTID":951,"Site_ID":"WA117","Jurisdiction":"WA","LGA":"East Pilbara","Site_Name":"Marble Bar Civic Centre","Site_Address":"24 Francis St Marble Bar 6760","Public_Access":"Yes"}},{"type":"Feature","id":952,"geometry":{"type":"Point","coordinates":[120.10597000000007,-21.889846999999975]},"properties":{"OBJECTID":952,"Site_ID":"WA118","Jurisdiction":"WA","LGA":"East Pilbara","Site_Name":"Nullagine Library (closest most suitable building to centre - Nullagine School)","Site_Address":"39 Gallop Rd Nullagine 6758","Public_Access":"Yes"}},{"type":"Feature","id":953,"geometry":{"type":"Point","coordinates":[119.73382100000003,-23.360934999999927]},"properties":{"OBJECTID":953,"Site_ID":"WA119","Jurisdiction":"WA","LGA":"East Pilbara","Site_Name":"Newman Recreation Centre","Site_Address":"994 Gregory Av Newman 6753","Public_Access":"Yes"}},{"type":"Feature","id":954,"geometry":{"type":"Point","coordinates":[115.11252000000002,-21.636989999999969]},"properties":{"OBJECTID":954,"Site_ID":"WA120","Jurisdiction":"WA","LGA":"Ashburton","Site_Name":"Ashburton Shire Administration Building","Site_Address":"29 Second Av Onslow 6710","Public_Access":"Yes"}},{"type":"Feature","id":955,"geometry":{"type":"Point","coordinates":[117.79779500000006,-22.694786999999963]},"properties":{"OBJECTID":955,"Site_ID":"WA121","Jurisdiction":"WA","LGA":"Ashburton","Site_Name":"Clem Thompson Memorial Sports Pavilion","Site_Address":"348 Willow Rd Tom Price 6751","Public_Access":"Yes"}},{"type":"Feature","id":956,"geometry":{"type":"Point","coordinates":[119.74305200000003,-21.172488999999928]},"properties":{"OBJECTID":956,"Site_ID":"WA122","Jurisdiction":"WA","LGA":"East Pilbara","Site_Name":"Marble Bar Recreation Shed","Site_Address":"26 Station St Marble Bar 6760","Public_Access":"Yes"}},{"type":"Feature","id":957,"geometry":{"type":"Point","coordinates":[116.39256100000011,-33.83337599999993]},"properties":{"OBJECTID":957,"Site_ID":"WA123","Jurisdiction":"WA","LGA":"Boyup Brook","Site_Name":"Boyup Brook Shire Depot Office Building","Site_Address":"1 Connolly St Boyup Brook 6244","Public_Access":"Yes"}},{"type":"Feature","id":958,"geometry":{"type":"Point","coordinates":[115.10465600000009,-33.620869999999968]},"properties":{"OBJECTID":958,"Site_ID":"WA124","Jurisdiction":"WA","LGA":"Busselton","Site_Name":"Naturaliste Community Centre","Site_Address":"21 Dunsborough Lakes Dr Dunsborough 6281","Public_Access":"Yes"}},{"type":"Feature","id":959,"geometry":{"type":"Point","coordinates":[115.81734000000006,-33.581849999999974]},"properties":{"OBJECTID":959,"Site_ID":"WA125","Jurisdiction":"WA","LGA":"Donnybrook-Balingup","Site_Name":"Donnybrook Recreation Centre","Site_Address":"549 Steere St Donnybrook 6239","Public_Access":"Yes"}},{"type":"Feature","id":960,"geometry":{"type":"Point","coordinates":[116.14472000000001,-34.240989999999954]},"properties":{"OBJECTID":960,"Site_ID":"WA126","Jurisdiction":"WA","LGA":"Manjimup","Site_Name":"Manjimup Town Hall","Site_Address":"39 Rose St Manjimup 6258","Public_Access":"Yes"}},{"type":"Feature","id":961,"geometry":{"type":"Point","coordinates":[115.32559300000003,-33.666570999999976]},"properties":{"OBJECTID":961,"Site_ID":"WA127","Jurisdiction":"WA","LGA":"Busselton","Site_Name":"Geographe Leisure Centre","Site_Address":"1 Recreation Lane West Busselton 6280","Public_Access":"Yes"}},{"type":"Feature","id":962,"geometry":{"type":"Point","coordinates":[115.98458000000005,-33.781679999999938]},"properties":{"OBJECTID":962,"Site_ID":"WA128","Jurisdiction":"WA","LGA":"Donnybrook-Balingup","Site_Name":"Balingup Recreation Centre","Site_Address":"21569 South Western Hwy Balingup 6253","Public_Access":"Yes"}},{"type":"Feature","id":963,"geometry":{"type":"Point","coordinates":[116.02788900000007,-34.446850999999981]},"properties":{"OBJECTID":963,"Site_ID":"WA129","Jurisdiction":"WA","LGA":"Manjimup","Site_Name":"Pemberton Sports Complex","Site_Address":"1 Club Rd Pemberton 6260","Public_Access":"Yes"}},{"type":"Feature","id":964,"geometry":{"type":"Point","coordinates":[116.1268970000001,-34.627071999999941]},"properties":{"OBJECTID":964,"Site_ID":"WA130","Jurisdiction":"WA","LGA":"Manjimup","Site_Name":"Clem Collins Recreation Centre","Site_Address":"66 George Gardner Dr Northcliffe 6262","Public_Access":"Yes"}},{"type":"Feature","id":965,"geometry":{"type":"Point","coordinates":[115.34658100000001,-33.654628999999943]},"properties":{"OBJECTID":965,"Site_ID":"WA131","Jurisdiction":"WA","LGA":"Busselton","Site_Name":"Busselton Civic and Administration Building","Site_Address":"2 Southern Dr Busselton 6280","Public_Access":"Yes"}},{"type":"Feature","id":966,"geometry":{"type":"Point","coordinates":[116.2513100000001,-34.43401799999998]},"properties":{"OBJECTID":966,"Site_ID":"WA132","Jurisdiction":"WA","LGA":"Manjimup","Site_Name":"Quinninup Bush Fire Brigade Station","Site_Address":"2 Karri Ln Quinninup 6258","Public_Access":"Yes"}},{"type":"Feature","id":967,"geometry":{"type":"Point","coordinates":[116.02578200000005,-34.837233999999967]},"properties":{"OBJECTID":967,"Site_ID":"WA133","Jurisdiction":"WA","LGA":"Manjimup","Site_Name":"Windy Harbour Caretakers Hut","Site_Address":"Windy Harbour Rd Windy Harbour 6262","Public_Access":"Yes"}},{"type":"Feature","id":968,"geometry":{"type":"Point","coordinates":[116.17400200000009,-33.360104999999976]},"properties":{"OBJECTID":968,"Site_ID":"WA134","Jurisdiction":"WA","LGA":"Collie","Site_Name":"Roche Park Recreation Centre / Primary Evacuation Centre","Site_Address":"109 Coombes St Collie 6225","Public_Access":"Yes"}},{"type":"Feature","id":969,"geometry":{"type":"Point","coordinates":[116.13803400000006,-33.344474999999932]},"properties":{"OBJECTID":969,"Site_ID":"WA135","Jurisdiction":"WA","LGA":"Collie","Site_Name":"Koolinup Emergency Services Centre","Site_Address":"18 Cockie Bend, Collie WA 6225","Public_Access":"No - Emergency Services Only"}},{"type":"Feature","id":970,"geometry":{"type":"Point","coordinates":[115.87501000000009,-32.632929999999931]},"properties":{"OBJECTID":970,"Site_ID":"WA136","Jurisdiction":"WA","LGA":"Murray","Site_Name":"Murray Aquatic & Leisure Centre","Site_Address":"16 Camp Rd Pinjarra 6208","Public_Access":"Yes"}},{"type":"Feature","id":971,"geometry":{"type":"Point","coordinates":[115.93173900000011,-32.844462999999962]},"properties":{"OBJECTID":971,"Site_ID":"WA137","Jurisdiction":"WA","LGA":"Waroona","Site_Name":"Waroona Recreation & Aquatic Centre","Site_Address":"88 Hill St Waroona 6215","Public_Access":"Yes"}},{"type":"Feature","id":972,"geometry":{"type":"Point","coordinates":[116.15209800000002,-33.35868899999997]},"properties":{"OBJECTID":972,"Site_ID":"WA138","Jurisdiction":"WA","LGA":"Collie","Site_Name":"Margaretta Wilson and PCYC Centre / Secondary Evacuation Centre","Site_Address":"105 Forrest St, Collie WA 6225","Public_Access":"Yes"}},{"type":"Feature","id":973,"geometry":{"type":"Point","coordinates":[116.15354100000002,-33.35392399999995]},"properties":{"OBJECTID":973,"Site_ID":"WA139","Jurisdiction":"WA","LGA":"Collie","Site_Name":"Collie Recreation Centre (Collie Eagles Football Club) / Designated Community Safer Place in the event of an emergency and pet friendly location","Site_Address":"134 Prinsep St Collie 6225","Public_Access":"Yes"}},{"type":"Feature","id":974,"geometry":{"type":"Point","coordinates":[116.15477400000009,-33.360795999999937]},"properties":{"OBJECTID":974,"Site_ID":"WA140","Jurisdiction":"WA","LGA":"Collie","Site_Name":"Collie Shire Office","Site_Address":"87 Throssell St Collie 6225","Public_Access":"Yes"}},{"type":"Feature","id":975,"geometry":{"type":"Point","coordinates":[115.58864000000005,-31.495939999999962]},"properties":{"OBJECTID":975,"Site_ID":"WA141","Jurisdiction":"WA","LGA":"Wanneroo","Site_Name":"Phil Renkin Community Facility","Site_Address":"59 Lisford Av, Two Rocks WA 6037","Public_Access":"Yes"}},{"type":"Feature","id":976,"geometry":{"type":"Point","coordinates":[117.36560800000007,-34.959407999999939]},"properties":{"OBJECTID":976,"Site_ID":"WA143","Jurisdiction":"WA","LGA":"Denmark","Site_Name":"Shire of Denmark Administration Building","Site_Address":"953 South Coast Hwy Denmark 6333","Public_Access":"Yes"}},{"type":"Feature","id":977,"geometry":{"type":"Point","coordinates":[118.86052600000005,-32.450018999999941]},"properties":{"OBJECTID":977,"Site_ID":"WA144","Jurisdiction":"WA","LGA":"Kondinin","Site_Name":"Hyden Recreation Pavilion","Site_Address":"38 151 Marshall St Hyden 6359","Public_Access":"Yes"}},{"type":"Feature","id":978,"geometry":{"type":"Point","coordinates":[116.0497170000001,-32.179453999999964]},"properties":{"OBJECTID":978,"Site_ID":"WA147","Jurisdiction":"WA","LGA":"Armadale","Site_Name":"Bedfordale Volunteer Bush Fire Brigade Station","Site_Address":"40 Admiral Rd Bedfordale 6112","Public_Access":"Yes"}},{"type":"Feature","id":979,"geometry":{"type":"Point","coordinates":[116.38633000000004,-33.832158999999933]},"properties":{"OBJECTID":979,"Site_ID":"WA148","Jurisdiction":"WA","LGA":"Boyup Brook","Site_Name":"Boyup Brook Town Hall","Site_Address":"55 Abel St Boyup Brook 6244","Public_Access":"Yes"}},{"type":"Feature","id":980,"geometry":{"type":"Point","coordinates":[116.13957000000005,-34.238015999999959]},"properties":{"OBJECTID":980,"Site_ID":"WA149","Jurisdiction":"WA","LGA":"Manjimup","Site_Name":"Manjimup Indoor Recreation Centre","Site_Address":"36 Arnott St Manjimup 6258","Public_Access":"Yes"}},{"type":"Feature","id":981,"geometry":{"type":"Point","coordinates":[115.76348700000005,-33.98572699999994]},"properties":{"OBJECTID":981,"Site_ID":"WA901","Jurisdiction":"WA","LGA":"Nannup","Site_Name":"Rec and Community Centre","Site_Address":"Warren Rd, Nannup WA 6275","Public_Access":"Yes"}},{"type":"Feature","id":982,"geometry":{"type":"Point","coordinates":[119.39049200000011,-34.406121999999982]},"properties":{"OBJECTID":982,"Site_ID":"WA902","Jurisdiction":"WA","LGA":"Jerramungup","Site_Name":"Bremer Bay Sports Club","Site_Address":"142 Frantom Way, Bremer Bay WA 6338","Public_Access":"Yes"}},{"type":"Feature","id":983,"geometry":{"type":"Point","coordinates":[116.93221400000004,-35.039351999999951]},"properties":{"OBJECTID":983,"Site_ID":"WA903","Jurisdiction":"WA","LGA":"Denmark","Site_Name":"VMR","Site_Address":"Old Peaceful Bay Rd, Peaceful Bay WA 6333","Public_Access":"Yes"}},{"type":"Feature","id":984,"geometry":{"type":"Point","coordinates":[115.0725000000001,-30.501120999999955]},"properties":{"OBJECTID":984,"Site_ID":"WA904","Jurisdiction":"WA","LGA":"Dandaragan","Site_Name":"Cervantes Community Recreation Centre","Site_Address":"2 Aragon Street, Cervantes WA 6511","Public_Access":"Yes"}},{"type":"Feature","id":985,"geometry":{"type":"Point","coordinates":[116.73251000000005,-34.977485999999942]},"properties":{"OBJECTID":985,"Site_ID":"WA905","Jurisdiction":"WA","LGA":"Manjimup","Site_Name":"Community Hall","Site_Address":"44 Latham Av, Walpole WA 6398","Public_Access":"Yes"}},{"type":"Feature","id":986,"geometry":{"type":"Point","coordinates":[113.77187300000003,-23.145175999999935]},"properties":{"OBJECTID":986,"Site_ID":"WA906","Jurisdiction":"WA","LGA":"Carnarvon","Site_Name":"DFES, Lot 305 Banksia Drive","Site_Address":"DFES, Lot 305 Banksia Drive","Public_Access":"Yes"}},{"type":"Feature","id":987,"geometry":{"type":"Point","coordinates":[114.12446900000009,-21.929233999999951]},"properties":{"OBJECTID":987,"Site_ID":"WA907","Jurisdiction":"WA","LGA":"Exmouth","Site_Name":"Exmouth Shire Hall","Site_Address":"22 Maidenstone Crescent, Exmouth","Public_Access":"Yes"}},{"type":"Feature","id":988,"geometry":{"type":"Point","coordinates":[123.62873000000002,-17.303465999999958]},"properties":{"OBJECTID":988,"Site_ID":"WA908","Jurisdiction":"WA","LGA":"Derby-West Kimberley","Site_Name":"Shire Office ","Site_Address":"LG Shire Office, 30 Loch St, Derby","Public_Access":"Yes"}},{"type":"Feature","id":989,"geometry":{"type":"Point","coordinates":[116.67553800000007,-32.681470999999931]},"properties":{"OBJECTID":989,"Site_ID":"WA909","Jurisdiction":"WA","LGA":"Wandering","Site_Name":"Shire of Wandering Administration Office","Site_Address":"22 Watts Street, Wandering","Public_Access":"Yes"}},{"type":"Feature","id":990,"geometry":{"type":"Point","coordinates":[120.05609900000002,-33.582852999999943]},"properties":{"OBJECTID":990,"Site_ID":"WA910","Jurisdiction":"WA","LGA":"Ravensthorpe","Site_Name":"Ravensthorpe Entertainment Centre","Site_Address":"Coleman St, Ravensthorpe WA 6346","Public_Access":"Yes"}},{"type":"Feature","id":991,"geometry":{"type":"Point","coordinates":[114.9807350000001,-29.94396699999993]},"properties":{"OBJECTID":991,"Site_ID":"WA911","Jurisdiction":"WA","LGA":"Coorow","Site_Name":"Leeman Sports Oval","Site_Address":"Rudduck St, Leeman WA 6514","Public_Access":"Yes"}},{"type":"Feature","id":992,"geometry":{"type":"Point","coordinates":[117.35940300000004,-34.967264999999941]},"properties":{"OBJECTID":992,"Site_ID":"WA912","Jurisdiction":"WA","LGA":"Denmark","Site_Name":"Recreation Centre","Site_Address":"Brazier St, Denmark WA 6333","Public_Access":"Yes"}},{"type":"Feature","id":993,"geometry":{"type":"Point","coordinates":[122.22254000000009,-17.953529999999944]},"properties":{"OBJECTID":993,"Site_ID":"WA913","Jurisdiction":"WA","LGA":"Broome","Site_Name":"Recreation and Aquatic Centre","Site_Address":"20 Cable Beach Road East","Public_Access":"Yes"}},{"type":"Feature","id":994,"geometry":{"type":"Point","coordinates":[115.34690000000001,-31.047030999999947]},"properties":{"OBJECTID":994,"Site_ID":"WA914","Jurisdiction":"WA","LGA":"Gingin","Site_Name":"Sports Club","Site_Address":"Lancelin Rd, Lancelin WA 6044","Public_Access":"Yes"}},{"type":"Feature","id":995,"geometry":{"type":"Point","coordinates":[116.82842000000005,-20.745960999999966]},"properties":{"OBJECTID":995,"Site_ID":"WA915","Jurisdiction":"WA","LGA":"Karratha","Site_Name":"Karratha Leisureplex","Site_Address":"Dampier Hwy, Karratha WA 6714","Public_Access":"Yes"}},{"type":"Feature","id":996,"geometry":{"type":"Point","coordinates":[115.0482780000001,-30.302331999999979]},"properties":{"OBJECTID":996,"Site_ID":"WA916","Jurisdiction":"WA","LGA":"Dandaragan","Site_Name":"Jurien Bay Football Oval","Site_Address":"Bashford St, Jurien Bay WA 6516","Public_Access":"Yes"}},{"type":"Feature","id":997,"geometry":{"type":"Point","coordinates":[115.11295600000005,-21.644189999999981]},"properties":{"OBJECTID":997,"Site_ID":"WA917","Jurisdiction":"WA","LGA":"Ashburton","Site_Name":"LG, Multi-Purpose Centre","Site_Address":"McGrath Avenue, Onslow","Public_Access":"Yes"}},{"type":"Feature","id":998,"geometry":{"type":"Point","coordinates":[115.06801400000006,-33.954002999999943]},"properties":{"OBJECTID":998,"Site_ID":"WA918","Jurisdiction":"WA","LGA":"Augusta Margaret River","Site_Name":"Cultural Centre","Site_Address":"51 Wallcliffe Rd, Margaret River WA 6285","Public_Access":"Yes"}},{"type":"Feature","id":999,"geometry":{"type":"Point","coordinates":[118.91621500000008,-33.95446899999996]},"properties":{"OBJECTID":999,"Site_ID":"WA919","Jurisdiction":"WA","LGA":"Jerramungup","Site_Name":"Jerramungup Sports Ground","Site_Address":"Derrick St, Jerramungup WA 6337","Public_Access":"Yes"}},{"type":"Feature","id":1000,"geometry":{"type":"Point","coordinates":[116.06241300000011,-32.33769499999994]},"properties":{"OBJECTID":1000,"Site_ID":"WA920","Jurisdiction":"WA","LGA":"Serpentine-Jarrahdale","Site_Name":"Bruno Gianatti Hall","Site_Address":"8 Munro St, Jarrahdale WA 6124","Public_Access":"Yes"}},{"type":"Feature","id":1001,"geometry":{"type":"Point","coordinates":[144.0117140000001,-37.675653999999952]},"properties":{"OBJECTID":1001,"Site_ID":"2VIC074","Jurisdiction":"VIC","LGA":"Moorabool","Site_Name":"Lal Lal Soldiers Memorial Hall","Site_Address":"410 Clarendon-Lal Lal Rd, Lal Lal, 3352","Public_Access":"Yes"}},{"type":"Feature","id":1002,"geometry":{"type":"Point","coordinates":[144.30194500000005,-37.562832999999955]},"properties":{"OBJECTID":1002,"Site_ID":"2VIC077","Jurisdiction":"VIC","LGA":"Moorabool","Site_Name":"Greendale CFA","Site_Address":"34 Greendale-Myrniong Rd, Greendale, 3341","Public_Access":"Yes"}},{"type":"Feature","id":1003,"geometry":{"type":"Point","coordinates":[144.17960400000004,-37.581616999999937]},"properties":{"OBJECTID":1003,"Site_ID":"2VIC073","Jurisdiction":"VIC","LGA":"Moorabool","Site_Name":"Ballan Racecourse and Recreation Reserve","Site_Address":"105 Racecourse Rd, Ballan, 3342","Public_Access":"Yes"}},{"type":"Feature","id":1004,"geometry":{"type":"Point","coordinates":[153.33524320000004,-28.41361779999994]},"properties":{"OBJECTID":1004,"Site_ID":"2NSW033","Jurisdiction":"NSW","LGA":"Tweed","Site_Name":"Uki Public Hall ","Site_Address":"1462 Kyogle Rd UKI NSW 2484","Public_Access":"Yes"}},{"type":"Feature","id":1005,"geometry":{"type":"Point","coordinates":[143.98328770000012,-37.705439489999947]},"properties":{"OBJECTID":1005,"Site_ID":"2VIC080","Jurisdiction":"VIC","LGA":"Moorabool","Site_Name":"Clarendon Recreation Reserve","Site_Address":"6206 Midland Hwy, Clarendon, 3352","Public_Access":"Yes"}},{"type":"Feature","id":1006,"geometry":{"type":"Point","coordinates":[146.27514170000006,-38.370203229999959]},"properties":{"OBJECTID":1006,"Site_ID":"2VIC056","Jurisdiction":"VIC","LGA":"Latrobe","Site_Name":"Boolarra Football Netball Club","Site_Address":"Park Rd, Boolarra VIC 3870","Public_Access":"Yes"}},{"type":"Feature","id":1007,"geometry":{"type":"Point","coordinates":[144.34953400000006,-37.833672999999976]},"properties":{"OBJECTID":1007,"Site_ID":"2VIC078","Jurisdiction":"VIC","LGA":"Moorabool","Site_Name":"Balliang and District Fire Station","Site_Address":"1272 Bacchus Marsh-Balliang Rd, Balliang, 3340","Public_Access":"Yes"}},{"type":"Feature","id":1008,"geometry":{"type":"Point","coordinates":[144.33925980000004,-37.713073749999978]},"properties":{"OBJECTID":1008,"Site_ID":"2VIC079","Jurisdiction":"VIC","LGA":"Moorabool","Site_Name":"Rowsley CFA Fire Station","Site_Address":"1095 Glenmore Rd, Rowsley, 3340","Public_Access":"Yes"}},{"type":"Feature","id":1009,"geometry":{"type":"Point","coordinates":[147.0866400000001,-38.162049999999965]},"properties":{"OBJECTID":1009,"Site_ID":"2VIC130","Jurisdiction":"VIC","LGA":"Wellington","Site_Name":"Longford Hall and Recreation Reserve","Site_Address":"S Gippsland Hwy & Longford-Loch Sport Rd, Longford VIC 3851","Public_Access":"Yes"}},{"type":"Feature","id":1010,"geometry":{"type":"Point","coordinates":[146.40688220000004,-38.308116459999951]},"properties":{"OBJECTID":1010,"Site_ID":"2VIC060","Jurisdiction":"VIC","LGA":"Latrobe","Site_Name":"Churchill Football Netball Club","Site_Address":"85 Switchback Rd (Gaskin Park), Churchill VIC 3842","Public_Access":"Yes"}},{"type":"Feature","id":1011,"geometry":{"type":"Point","coordinates":[143.36571640000011,-37.688809689999971]},"properties":{"OBJECTID":1011,"Site_ID":"2VIC037","Jurisdiction":"VIC","LGA":"Corangamite","Site_Name":"Skipton Recreation Reserve","Site_Address":"15 Smythe St, Skipton Vic 3631","Public_Access":"Yes"}},{"type":"Feature","id":1012,"geometry":{"type":"Point","coordinates":[145.35190470000009,-36.381745179999939]},"properties":{"OBJECTID":1012,"Site_ID":"2VIC149","Jurisdiction":"VIC","LGA":"Greater Shepparton","Site_Name":"Westside Performing Arts Centre","Site_Address":"141-179 Echuca Rd, Mooroopna VIC 3629","Public_Access":"Yes"}},{"type":"Feature","id":1013,"geometry":{"type":"Point","coordinates":[141.59475220000002,-34.390636179999944]},"properties":{"OBJECTID":1013,"Site_ID":"2VIC066","Jurisdiction":"VIC","LGA":"Mildura","Site_Name":"Werrimull Public Hall","Site_Address":"21 Tower St Werrimull","Public_Access":"Yes"}},{"type":"Feature","id":1014,"geometry":{"type":"Point","coordinates":[146.65843000000007,-38.520069999999976]},"properties":{"OBJECTID":1014,"Site_ID":"2VIC126","Jurisdiction":"VIC","LGA":"Wellington","Site_Name":"Devon North Public Hall","Site_Address":"599 Tarra Valley Road, Devon North 3971","Public_Access":"Yes"}},{"type":"Feature","id":1015,"geometry":{"type":"Point","coordinates":[143.41779000000008,-37.371189999999956]},"properties":{"OBJECTID":1015,"Site_ID":"2VIC088","Jurisdiction":"VIC","LGA":"Pyrenees","Site_Name":"Waterloo Mech Insitute Community Hall","Site_Address":"885 Beaufort Lexton Road, Waterloo","Public_Access":"Yes"}},{"type":"Feature","id":1016,"geometry":{"type":"Point","coordinates":[143.35498000000007,-37.364729999999952]},"properties":{"OBJECTID":1016,"Site_ID":"2VIC091","Jurisdiction":"VIC","LGA":"Pyrenees","Site_Name":"Raglan Recreation Reserve","Site_Address":"98 Raglan-Elmhurst Rd, Raglan VIC 3373","Public_Access":"Yes"}},{"type":"Feature","id":1017,"geometry":{"type":"Point","coordinates":[151.50024200000007,-30.643301999999949]},"properties":{"OBJECTID":1017,"Site_ID":"2NSW070","Jurisdiction":"NSW","LGA":"Uralla","Site_Name":"Uralla Memorial Hall","Site_Address":"27 Salisbury Street, Uralla NSW 2358","Public_Access":"Yes"}},{"type":"Feature","id":1018,"geometry":{"type":"Point","coordinates":[133.06555300000002,-14.922175999999979]},"properties":{"OBJECTID":1018,"Site_ID":"2NTG018","Jurisdiction":"NT","LGA":"Roper Gulf","Site_Name":"Mataranka Police Station","Site_Address":"(Lot 2) 4 Roper Terrace, Mataranka NT 0852","Public_Access":"Yes"}},{"type":"Feature","id":1019,"geometry":{"type":"Point","coordinates":[147.38915000000009,-38.000439999999969]},"properties":{"OBJECTID":1019,"Site_ID":"2VIC121","Jurisdiction":"VIC","LGA":"Wellington","Site_Name":"Meerlieu Public Hall and Recreation Reserve","Site_Address":"1455 Lindenow-Meerlieu Road, Meerlieu VIC 3862","Public_Access":"Yes"}},{"type":"Feature","id":1020,"geometry":{"type":"Point","coordinates":[142.19756000000007,-34.457439999999963]},"properties":{"OBJECTID":1020,"Site_ID":"2VIC067","Jurisdiction":"VIC","LGA":"Mildura","Site_Name":"Carwarp Mechanics Institute","Site_Address":"33 Ward Rd  Carwarp","Public_Access":"Yes"}},{"type":"Feature","id":1021,"geometry":{"type":"Point","coordinates":[146.56917110000006,-38.126739509999936]},"properties":{"OBJECTID":1021,"Site_ID":"2VIC057","Jurisdiction":"VIC","LGA":"Latrobe","Site_Name":"Glengarry Sporting Centre","Site_Address":"Cairnbrook Road, Glengarry VIC 3854","Public_Access":"Yes"}},{"type":"Feature","id":1022,"geometry":{"type":"Point","coordinates":[150.11425600000007,-32.41576699999996]},"properties":{"OBJECTID":1022,"Site_ID":"2NSW027","Jurisdiction":"NSW","LGA":"Mid-Western","Site_Name":"Bylong Community Hall","Site_Address":"7650 Bylong Valley Way BYLONG NSW 2849","Public_Access":"Yes"}},{"type":"Feature","id":1023,"geometry":{"type":"Point","coordinates":[149.95042760000001,-32.359142449999979]},"properties":{"OBJECTID":1023,"Site_ID":"2NSW028","Jurisdiction":"NSW","LGA":"Mid-Western","Site_Name":"Wollar Memorial Hall","Site_Address":"13 Barnett St WOLLAR NSW 2850","Public_Access":"Yes"}},{"type":"Feature","id":1024,"geometry":{"type":"Point","coordinates":[132.42106050000007,-14.315266489999942]},"properties":{"OBJECTID":1024,"Site_ID":"2NTG023","Jurisdiction":"NT","LGA":"Roper Gulf","Site_Name":"Nitmiluk National Park (Katherine Gorge)","Site_Address":"(Lot M3629) 2200 Gorge Rd, Nitmiluk (Katherine Gorge) NT 0852","Public_Access":"Yes"}},{"type":"Feature","id":1025,"geometry":{"type":"Point","coordinates":[146.0498735000001,-36.734933859999956]},"properties":{"OBJECTID":1025,"Site_ID":"2VIC012","Jurisdiction":"VIC","LGA":"Benalla","Site_Name":"Moorngag Public hall","Site_Address":"2206 Samaria Rd, Moorngag VIC 3673","Public_Access":"Yes"}},{"type":"Feature","id":1026,"geometry":{"type":"Point","coordinates":[145.88541910000004,-36.693313989999979]},"properties":{"OBJECTID":1026,"Site_ID":"2VIC016","Jurisdiction":"VIC","LGA":"Benalla","Site_Name":"Warrenbayne Public Hall","Site_Address":"1305 Benalla-Warrenbayne Rd, Warrenbayne VIC 3670","Public_Access":"Yes"}},{"type":"Feature","id":1027,"geometry":{"type":"Point","coordinates":[147.18712000000005,-38.379599999999982]},"properties":{"OBJECTID":1027,"Site_ID":"2VIC125","Jurisdiction":"VIC","LGA":"Wellington","Site_Name":"Sea Spray Life Saving Club","Site_Address":"1A Foreshore Rd, Seaspray VIC 3851","Public_Access":"Yes"}},{"type":"Feature","id":1028,"geometry":{"type":"Point","coordinates":[145.62142000000006,-38.669539999999984]},"properties":{"OBJECTID":1028,"Site_ID":"2VIC005","Jurisdiction":"VIC","LGA":"Bass Coast","Site_Name":"Cape Paterson Community Hall","Site_Address":"567 Cape Paterson Rd, Cape Paterson, 3995","Public_Access":"Yes"}},{"type":"Feature","id":1029,"geometry":{"type":"Point","coordinates":[143.38311900000008,-37.428068999999937]},"properties":{"OBJECTID":1029,"Site_ID":"2VIC095","Jurisdiction":"VIC","LGA":"Pyrenees","Site_Name":"Beaufort Senior Citizens Hall","Site_Address":"27-29 Pratt Street,\u00A0Beaufort\u00A03373","Public_Access":"Yes"}},{"type":"Feature","id":1030,"geometry":{"type":"Point","coordinates":[149.86251970000012,-32.963361109999937]},"properties":{"OBJECTID":1030,"Site_ID":"2NSW025","Jurisdiction":"NSW","LGA":"Mid-Western","Site_Name":"Ilford Hall","Site_Address":"46 Ilford Hall Rd ILFORD NSW 2850","Public_Access":"Yes"}},{"type":"Feature","id":1031,"geometry":{"type":"Point","coordinates":[150.14080290000004,-32.835197239999957]},"properties":{"OBJECTID":1031,"Site_ID":"2NSW024","Jurisdiction":"NSW","LGA":"Mid-Western","Site_Name":"Olinda Hall","Site_Address":"33 Coolcalwin St OLINDA NSW 2850","Public_Access":"Yes"}},{"type":"Feature","id":1032,"geometry":{"type":"Point","coordinates":[132.18606940000006,-14.178413629999966]},"properties":{"OBJECTID":1032,"Site_ID":"2NTG008","Jurisdiction":"NT","LGA":"Roper Gulf","Site_Name":"Nitmiluk National Park (Edith Falls)","Site_Address":"(Lot M3629) 2200 Gorge Rd, Nitmiluk (Katherine Gorge) NT 0852","Public_Access":"Yes"}},{"type":"Feature","id":1033,"geometry":{"type":"Point","coordinates":[146.15453000000002,-36.642259999999965]},"properties":{"OBJECTID":1033,"Site_ID":"2VIC011","Jurisdiction":"VIC","LGA":"Benalla","Site_Name":"Molyullah Memorial Centre","Site_Address":"115 Centre Rd, Molyullah VIC 3673","Public_Access":"Yes"}},{"type":"Feature","id":1034,"geometry":{"type":"Point","coordinates":[147.0685400000001,-37.84316999999993]},"properties":{"OBJECTID":1034,"Site_ID":"2VIC129","Jurisdiction":"VIC","LGA":"Wellington","Site_Name":"Briagolong Community House & Mech Inst Hall","Site_Address":"9 Avon St, Briagolong VIC 3860","Public_Access":"Yes"}},{"type":"Feature","id":1035,"geometry":{"type":"Point","coordinates":[146.75514100000009,-36.40524199999993]},"properties":{"OBJECTID":1035,"Site_ID":"2VIC054","Jurisdiction":"VIC","LGA":"Indigo","Site_Name":"Stanley Soldiers Memorial Hall","Site_Address":"6-12 Myrtleford-Stanley Rd, Stanley VIC 3747","Public_Access":"Yes"}},{"type":"Feature","id":1036,"geometry":{"type":"Point","coordinates":[142.02361980000012,-35.138030629999946]},"properties":{"OBJECTID":1036,"Site_ID":"2VIC068","Jurisdiction":"VIC","LGA":"Mildura","Site_Name":"Walpeup Memorial Hall","Site_Address":"16-18 Richardson ST, Walpeup","Public_Access":"Yes"}},{"type":"Feature","id":1037,"geometry":{"type":"Point","coordinates":[146.78811000000007,-38.154419999999959]},"properties":{"OBJECTID":1037,"Site_ID":"2VIC128","Jurisdiction":"VIC","LGA":"Wellington","Site_Name":"Rosedale Hub Neighbourhood House","Site_Address":"2/8 Cansick St, Rosedale VIC 3847","Public_Access":"Yes"}},{"type":"Feature","id":1038,"geometry":{"type":"Point","coordinates":[151.13086340000007,-32.991471479999973]},"properties":{"OBJECTID":1038,"Site_ID":"2NSW013","Jurisdiction":"NSW","LGA":"Cessnock","Site_Name":"Laguna Community Hall","Site_Address":"3734 Great North Rd,\u00A0 Laguna\u00A02325","Public_Access":"Yes"}},{"type":"Feature","id":1039,"geometry":{"type":"Point","coordinates":[151.14599900000007,-32.938043999999934]},"properties":{"OBJECTID":1039,"Site_ID":"2NSW014","Jurisdiction":"NSW","LGA":"Cessnock","Site_Name":"Wollombi School Community Centre","Site_Address":"2851 Wollombi Rd, Wollombi, NSW, 2325","Public_Access":"Yes"}},{"type":"Feature","id":1040,"geometry":{"type":"Point","coordinates":[144.98509000000001,-36.445897999999943]},"properties":{"OBJECTID":1040,"Site_ID":"2VIC029","Jurisdiction":"VIC","LGA":"Campaspe","Site_Name":"Stanhope Senior Citizens","Site_Address":"37 Birdwood Ave, Stanhope, Victoria, 3623","Public_Access":"Yes"}},{"type":"Feature","id":1041,"geometry":{"type":"Point","coordinates":[151.35032070000011,-32.657209339999952]},"properties":{"OBJECTID":1041,"Site_ID":"2NSW015","Jurisdiction":"NSW","LGA":"Cessnock","Site_Name":"Branxton Community Hall","Site_Address":"25 Bowen St, Branxton, NSW 2335","Public_Access":"Yes"}},{"type":"Feature","id":1042,"geometry":{"type":"Point","coordinates":[151.35297200000002,-32.833968999999968]},"properties":{"OBJECTID":1042,"Site_ID":"2NSW017","Jurisdiction":"NSW","LGA":"Cessnock","Site_Name":"Cessnock Leagues Club","Site_Address":"1 Darwin St, Cessnock NSW 2325","Public_Access":"Yes"}},{"type":"Feature","id":1043,"geometry":{"type":"Point","coordinates":[131.82154600000001,-12.718735999999979]},"properties":{"OBJECTID":1043,"Site_ID":"2NTG036","Jurisdiction":"NT","LGA":"West Arnhem","Site_Name":"Mary River National Park (Wildman River)","Site_Address":"Point Stuart Rd, Mary River National Park NT 0822","Public_Access":"Yes"}},{"type":"Feature","id":1044,"geometry":{"type":"Point","coordinates":[145.44004810000001,-38.434350689999974]},"properties":{"OBJECTID":1044,"Site_ID":"2VIC004","Jurisdiction":"VIC","LGA":"Bass Coast","Site_Name":"Coronet Bay Community Hall","Site_Address":"39A Gellibrand St, Coronet Bay, 3984","Public_Access":"Yes"}},{"type":"Feature","id":1045,"geometry":{"type":"Point","coordinates":[145.30298840000012,-38.463085689999957]},"properties":{"OBJECTID":1045,"Site_ID":"2VIC006","Jurisdiction":"VIC","LGA":"Bass Coast","Site_Name":"Rhyll Community Hall","Site_Address":"42-52 Lock Rd, Rhyll, 3923","Public_Access":"Yes"}},{"type":"Feature","id":1046,"geometry":{"type":"Point","coordinates":[144.25702100000001,-37.00514899999996]},"properties":{"OBJECTID":1046,"Site_ID":"2VIC082","Jurisdiction":"VIC","LGA":"Mount Alexander","Site_Name":"Harcourt Recreation Reserve","Site_Address":"Harcourt Recreation Reserve, 63 Binghams Rd, Harcourt VIC 3453","Public_Access":"Yes"}},{"type":"Feature","id":1047,"geometry":{"type":"Point","coordinates":[144.23006970000006,-37.071622119999972]},"properties":{"OBJECTID":1047,"Site_ID":"2VIC083","Jurisdiction":"VIC","LGA":"Mount Alexander","Site_Name":"Wesley Hill Recreation Reserve","Site_Address":"Wesley Hill Recreation Reserve, 20 McGrath St, Castlemaine VIC 3450","Public_Access":"Yes"}},{"type":"Feature","id":1048,"geometry":{"type":"Point","coordinates":[145.85914810000008,-36.589367129999971]},"properties":{"OBJECTID":1048,"Site_ID":"2VIC007","Jurisdiction":"VIC","LGA":"Benalla","Site_Name":"Baddaginnie Public Hall","Site_Address":"63 Palmerston St, Baddaginnie VIC 3670","Public_Access":"Yes"}},{"type":"Feature","id":1049,"geometry":{"type":"Point","coordinates":[144.34438580000005,-37.61795608999995]},"properties":{"OBJECTID":1049,"Site_ID":"2VIC081","Jurisdiction":"VIC","LGA":"Moorabool","Site_Name":"Myrniong Community Hall","Site_Address":"6 Short St, Myrniong, 3341","Public_Access":"Yes"}},{"type":"Feature","id":1050,"geometry":{"type":"Point","coordinates":[144.46987900000011,-37.706522999999947]},"properties":{"OBJECTID":1050,"Site_ID":"2VIC076","Jurisdiction":"VIC","LGA":"Moorabool","Site_Name":"Parwan CFA","Site_Address":"Exford Rd, Parwan, 3340","Public_Access":"Yes"}},{"type":"Feature","id":1051,"geometry":{"type":"Point","coordinates":[151.46469700000011,-32.814133509999976]},"properties":{"OBJECTID":1051,"Site_ID":"2NSW016","Jurisdiction":"NSW","LGA":"Cessnock","Site_Name":"Western Workers Club","Site_Address":"1 Government Rd, Weston NSW 2326","Public_Access":"Yes"}},{"type":"Feature","id":1052,"geometry":{"type":"Point","coordinates":[151.71377570000004,-32.294448849999981]},"properties":{"OBJECTID":1052,"Site_ID":"2NSW022","Jurisdiction":"NSW","LGA":"Dungong","Site_Name":"Bandon Grove Community Hall","Site_Address":"1234 Chicheterd dam Rd Bandon Grove","Public_Access":"Yes"}},{"type":"Feature","id":1053,"geometry":{"type":"Point","coordinates":[145.92252480000002,-36.411230579999938]},"properties":{"OBJECTID":1053,"Site_ID":"2VIC010","Jurisdiction":"VIC","LGA":"Benalla","Site_Name":"Goorambat Public hall.","Site_Address":"53 Halls Rd, Goorambat VIC 3725","Public_Access":"Yes"}},{"type":"Feature","id":1054,"geometry":{"type":"Point","coordinates":[142.05403400000012,-34.165180999999961]},"properties":{"OBJECTID":1054,"Site_ID":"2VIC069","Jurisdiction":"VIC","LGA":"Mildura","Site_Name":"Merbein Football Club Social Rooms","Site_Address":"12 Anzac Drive - Kenny Park Mebein","Public_Access":"Yes"}},{"type":"Feature","id":1055,"geometry":{"type":"Point","coordinates":[145.32954160000008,-38.120405649999952]},"properties":{"OBJECTID":1055,"Site_ID":"2VIC034","Jurisdiction":"VIC","LGA":"Casey","Site_Name":"Clyde Recreation Reserve Pavilion","Site_Address":"10 Pattersons Road, Clyde but access via Vestpold Drive, Clyde","Public_Access":"Yes"}},{"type":"Feature","id":1056,"geometry":{"type":"Point","coordinates":[153.05268000000001,-31.055369999999982]},"properties":{"OBJECTID":1056,"Site_ID":"2NSW062","Jurisdiction":"NSW","LGA":"Kempsey","Site_Name":"Hat Head Bowling Club","Site_Address":"1 Straight St, Hat Head NSW 2440","Public_Access":"Yes"}},{"type":"Feature","id":1057,"geometry":{"type":"Point","coordinates":[152.89847300000008,-30.447570999999982]},"properties":{"OBJECTID":1057,"Site_ID":"2NSW071","Jurisdiction":"NSW","LGA":"Bellingen","Site_Name":"Bellingen Show Ground (Bellingen Kindness Kitchen)","Site_Address":"37 Hammond St, Bellingen, NSW, 2454","Public_Access":"Yes"}},{"type":"Feature","id":1058,"geometry":{"type":"Point","coordinates":[146.07715960000007,-36.33970807999998]},"properties":{"OBJECTID":1058,"Site_ID":"2VIC015","Jurisdiction":"VIC","LGA":"Benalla","Site_Name":"Thoona Public Hall","Site_Address":"47 Sargeant St, Thoona VIC 3726","Public_Access":"Yes"}},{"type":"Feature","id":1059,"geometry":{"type":"Point","coordinates":[146.75492200000008,-36.403096999999946]},"properties":{"OBJECTID":1059,"Site_ID":"2VIC055","Jurisdiction":"VIC","LGA":"Indigo","Site_Name":"Stanley Recreational Reserve Bulding","Site_Address":"8 Pioneer Rd, Stanley VIC 3747","Public_Access":"Yes"}},{"type":"Feature","id":1060,"geometry":{"type":"Point","coordinates":[143.47342570000012,-37.084137099999964]},"properties":{"OBJECTID":1060,"Site_ID":"2VIC097","Jurisdiction":"VIC","LGA":"Pyrenees","Site_Name":"Avoca Senior Citizens Centre","Site_Address":"186 High St,\u00A0Avoca\u00A03467","Public_Access":"Yes"}},{"type":"Feature","id":1061,"geometry":{"type":"Point","coordinates":[145.89489150000009,-36.330116139999973]},"properties":{"OBJECTID":1061,"Site_ID":"2VIC009","Jurisdiction":"VIC","LGA":"Benalla","Site_Name":"Devenish Town Hall","Site_Address":"34 Main St, Devenish VIC 3726","Public_Access":"Yes"}},{"type":"Feature","id":1062,"geometry":{"type":"Point","coordinates":[152.71164700000008,-30.339343149999934]},"properties":{"OBJECTID":1062,"Site_ID":"2NSW006","Jurisdiction":"NSW","LGA":"Bellingen","Site_Name":"Dorrigo Community Hall","Site_Address":"36 Hickory St, Dorrigo, 2453, NSW","Public_Access":"Yes"}},{"type":"Feature","id":1063,"geometry":{"type":"Point","coordinates":[136.41604050000001,-33.132661799999937]},"properties":{"OBJECTID":1063,"Site_ID":"2SA012","Jurisdiction":"SA","LGA":"Kimba","Site_Name":"Kimba Districts Football and Netball Club","Site_Address":"Kimba Recreation Reserve North Terrace Kimba SA 5641","Public_Access":"Yes"}},{"type":"Feature","id":1064,"geometry":{"type":"Point","coordinates":[143.28731000000005,-36.804389999999955]},"properties":{"OBJECTID":1064,"Site_ID":"2VIC165","Jurisdiction":"VIC","LGA":"Northern Grampians","Site_Name":"Stuart Mill Community Hall\u00A0","Site_Address":"1126 Stuart Mill Low Rd, Stuart Mill VIC 3477","Public_Access":"Yes"}},{"type":"Feature","id":1065,"geometry":{"type":"Point","coordinates":[143.31787000000008,-36.988799999999969]},"properties":{"OBJECTID":1065,"Site_ID":"2VIC093","Jurisdiction":"VIC","LGA":"Pyrenees","Site_Name":"Moonambel Public Hall","Site_Address":"14 Woods St, Moonambel VIC 3478","Public_Access":"Yes"}},{"type":"Feature","id":1066,"geometry":{"type":"Point","coordinates":[144.75305760000003,-36.144732499999975]},"properties":{"OBJECTID":1066,"Site_ID":"2VIC018","Jurisdiction":"VIC","LGA":"Campaspe","Site_Name":"Echuca Netball Complex","Site_Address":"246 High St, Echuca, Victoria, 3564","Public_Access":"Yes"}},{"type":"Feature","id":1067,"geometry":{"type":"Point","coordinates":[147.69204200000001,-37.927799189999973]},"properties":{"OBJECTID":1067,"Site_ID":"2VIC040","Jurisdiction":"VIC","LGA":"East Gippsland","Site_Name":"Simpsons Park","Site_Address":"25 Meridian Way, Newlands Arm  Vic  3875","Public_Access":"Yes"}},{"type":"Feature","id":1068,"geometry":{"type":"Point","coordinates":[145.22866850000003,-38.203354709999985]},"properties":{"OBJECTID":1068,"Site_ID":"2VIC035","Jurisdiction":"VIC","LGA":"Casey","Site_Name":"Pearcedale Recreation Reserve Pavilion","Site_Address":"720 Baxter Tooradin Rd, Pearcedale","Public_Access":"Yes"}},{"type":"Feature","id":1069,"geometry":{"type":"Point","coordinates":[145.59938000000011,-38.426519999999982]},"properties":{"OBJECTID":1069,"Site_ID":"2VIC003","Jurisdiction":"VIC","LGA":"Bass Coast","Site_Name":"Kernot Community Hall","Site_Address":"1060 Loch-Kernot Rd, Kernot 3979","Public_Access":"Yes"}},{"type":"Feature","id":1070,"geometry":{"type":"Point","coordinates":[143.1108200000001,-36.897819999999967]},"properties":{"OBJECTID":1070,"Site_ID":"2VIC160","Jurisdiction":"VIC","LGA":"Northern Grampians","Site_Name":"Navarre Recreation Reserve\u00A0","Site_Address":"47 Cambridge St, Navarre VIC 3384","Public_Access":"Yes"}},{"type":"Feature","id":1071,"geometry":{"type":"Point","coordinates":[147.3995000000001,-38.211039999999969]},"properties":{"OBJECTID":1071,"Site_ID":"2VIC123","Jurisdiction":"VIC","LGA":"Wellington","Site_Name":"Golden & Paradise Beach Community Centre","Site_Address":"1/19 Surf Edge Dr, Golden Beach VIC 3851","Public_Access":"Yes"}},{"type":"Feature","id":1072,"geometry":{"type":"Point","coordinates":[146.69708000000003,-38.369629999999972]},"properties":{"OBJECTID":1072,"Site_ID":"2VIC122","Jurisdiction":"VIC","LGA":"Wellington","Site_Name":"Currajong Public Hall","Site_Address":"42 Township Rd Carrajung 3844","Public_Access":"Yes"}},{"type":"Feature","id":1073,"geometry":{"type":"Point","coordinates":[142.86621000000002,-36.671349999999961]},"properties":{"OBJECTID":1073,"Site_ID":"2VIC162","Jurisdiction":"VIC","LGA":"Northern Grampians","Site_Name":"Marnoo Recreation Reserve\u00A0","Site_Address":"28 Park Lane, Marnoo VIC 3387","Public_Access":"Yes"}},{"type":"Feature","id":1074,"geometry":{"type":"Point","coordinates":[135.72610960000009,-34.261831859999972]},"properties":{"OBJECTID":1074,"Site_ID":"2SA004","Jurisdiction":"SA","LGA":"Lower Eyre Peninsula","Site_Name":"Cummins Bowling Club ","Site_Address":"62 Bruce Terrace, Cummins SA 5631","Public_Access":"Yes"}},{"type":"Feature","id":1075,"geometry":{"type":"Point","coordinates":[145.04590480000002,-36.315260229999978]},"properties":{"OBJECTID":1075,"Site_ID":"2VIC028","Jurisdiction":"VIC","LGA":"Campaspe","Site_Name":"Kyabram Senior Citizens","Site_Address":"17 Lake Rd, Kyabram, Victoria 3620","Public_Access":"Yes"}},{"type":"Feature","id":1076,"geometry":{"type":"Point","coordinates":[142.72200700000008,-37.685135769999931]},"properties":{"OBJECTID":1076,"Site_ID":"2VIC144","Jurisdiction":"VIC","LGA":"Ararat","Site_Name":"Wickliffe Recreation Centre","Site_Address":"1765 Willaura-Wickliffe Rd, Wickliffe VIC 3379","Public_Access":"Yes"}},{"type":"Feature","id":1077,"geometry":{"type":"Point","coordinates":[145.42587890000004,-37.211511899999948]},"properties":{"OBJECTID":1077,"Site_ID":"2VIC084","Jurisdiction":"VIC","LGA":"Murrindindi","Site_Name":"Yea Shire Hall","Site_Address":"27A High St Yea VIC ","Public_Access":"Yes"}},{"type":"Feature","id":1078,"geometry":{"type":"Point","coordinates":[143.14527900000007,-37.261143029999971]},"properties":{"OBJECTID":1078,"Site_ID":"2VIC145","Jurisdiction":"VIC","LGA":"Ararat","Site_Name":"Warrak Public Hall","Site_Address":"1673 Warrak Rd Warrak VIC 3377","Public_Access":"Yes"}},{"type":"Feature","id":1079,"geometry":{"type":"Point","coordinates":[143.39948950000007,-37.182947379999973]},"properties":{"OBJECTID":1079,"Site_ID":"2VIC094","Jurisdiction":"VIC","LGA":"Pyrenees","Site_Name":"Amphitheatre Public Hall","Site_Address":"77 Bailey St, Amphitheatre VIC 3468","Public_Access":"Yes"}},{"type":"Feature","id":1080,"geometry":{"type":"Point","coordinates":[142.04004920000011,-37.52801489999996]},"properties":{"OBJECTID":1080,"Site_ID":"2VIC103","Jurisdiction":"VIC","LGA":"Southern Grampians","Site_Name":"Cavendish Public Hall","Site_Address":"32 Barker St, Cavendish VIC 3314","Public_Access":"Yes"}},{"type":"Feature","id":1081,"geometry":{"type":"Point","coordinates":[144.89405240000008,-37.404855869999949]},"properties":{"OBJECTID":1081,"Site_ID":"2VIC063","Jurisdiction":"VIC","LGA":"Macedon Ranges","Site_Name":"Darraweit Guim Memorial Hall","Site_Address":"1481 Bolinda-Darraweit Rd, Darraweit Guim, VIC 3756","Public_Access":"Yes"}},{"type":"Feature","id":1082,"geometry":{"type":"Point","coordinates":[143.24328000000003,-37.472959999999944]},"properties":{"OBJECTID":1082,"Site_ID":"2VIC089","Jurisdiction":"VIC","LGA":"Pyrenees","Site_Name":"Cross Roads CFA and Community Centre.","Site_Address":"99 Eurambeen-Streatham Rd,CROSS ROADS VIC 3373","Public_Access":"Yes"}},{"type":"Feature","id":1083,"geometry":{"type":"Point","coordinates":[153.25333220000005,-28.47112379999993]},"properties":{"OBJECTID":1083,"Site_ID":"2NSW034","Jurisdiction":"NSW","LGA":"Tweed","Site_Name":"Kunghur Community Hall ","Site_Address":"1 Cooloon St  KUNGHUR NSW 2481","Public_Access":"Yes"}},{"type":"Feature","id":1084,"geometry":{"type":"Point","coordinates":[143.38425100000006,-37.428601999999955]},"properties":{"OBJECTID":1084,"Site_ID":"2VIC096","Jurisdiction":"VIC","LGA":"Pyrenees","Site_Name":"Beaufort Town Hall","Site_Address":"7 Lawrence St, Beaufort VIC 3373","Public_Access":"Yes"}},{"type":"Feature","id":1085,"geometry":{"type":"Point","coordinates":[145.05711170000006,-37.424387399999944]},"properties":{"OBJECTID":1085,"Site_ID":"2VIC070","Jurisdiction":"VIC","LGA":"Mitchell","Site_Name":"Upper Plenty Hall","Site_Address":"1240 Wallan Rd, Upper Plenty VIC 3756","Public_Access":"Yes"}},{"type":"Feature","id":1086,"geometry":{"type":"Point","coordinates":[145.03005900000005,-37.358124999999973]},"properties":{"OBJECTID":1086,"Site_ID":"2VIC071","Jurisdiction":"VIC","LGA":"Mitchell","Site_Name":"Wandong Community Centre ","Site_Address":"12 Dry Creek Rd, Wandong VIC 3758","Public_Access":"Yes"}},{"type":"Feature","id":1087,"geometry":{"type":"Point","coordinates":[134.21183760000008,-32.795975849999934]},"properties":{"OBJECTID":1087,"Site_ID":"2SA015","Jurisdiction":"SA","LGA":"Streaky Bay","Site_Name":"Institute Hall","Site_Address":"31 Alfred Terrace, Streaky Bay ","Public_Access":"Yes"}},{"type":"Feature","id":1088,"geometry":{"type":"Point","coordinates":[145.4757800000001,-37.888169999999946]},"properties":{"OBJECTID":1088,"Site_ID":"2VIC139","Jurisdiction":"VIC","LGA":"Yarra Ranges","Site_Name":"Macclesfield Public Hall","Site_Address":"425 Macclesfield Rd,Macclesfield, 3782","Public_Access":"Yes"}},{"type":"Feature","id":1089,"geometry":{"type":"Point","coordinates":[142.51936000000012,-37.140409999999974]},"properties":{"OBJECTID":1089,"Site_ID":"2VIC161","Jurisdiction":"VIC","LGA":"Northern Grampians","Site_Name":"Halls Gap Hub","Site_Address":"119 Grampians Rd, Halls Gap VIC 3381","Public_Access":"Yes"}},{"type":"Feature","id":1090,"geometry":{"type":"Point","coordinates":[142.85210000000006,-37.152669999999944]},"properties":{"OBJECTID":1090,"Site_ID":"2VIC166","Jurisdiction":"VIC","LGA":"Northern Grampians","Site_Name":"Great Western Rec Reserve","Site_Address":"42-58 Brunel St, Great Western VIC 3374","Public_Access":"Yes"}},{"type":"Feature","id":1091,"geometry":{"type":"Point","coordinates":[145.01641200000006,-36.590165699999943]},"properties":{"OBJECTID":1091,"Site_ID":"2VIC022","Jurisdiction":"VIC","LGA":"Campaspe","Site_Name":"Rushworth Shire Hall","Site_Address":"71 High St, Rushworth, Victoria, 3612","Public_Access":"Yes"}},{"type":"Feature","id":1092,"geometry":{"type":"Point","coordinates":[144.79970800000001,-36.588107999999977]},"properties":{"OBJECTID":1092,"Site_ID":"2VIC024","Jurisdiction":"VIC","LGA":"Campaspe","Site_Name":"Colbinabbin Recreation Reserve","Site_Address":"56 Mitchell St, Colbinabbin, Victoria, 3559","Public_Access":"Yes"}},{"type":"Feature","id":1093,"geometry":{"type":"Point","coordinates":[153.54505770000003,-28.517466009999964]},"properties":{"OBJECTID":1093,"Site_ID":"2NSW045","Jurisdiction":"NSW","LGA":"Byron","Site_Name":"Ocean Shores Country Club/ Large community club and golf course","Site_Address":"113A Orana Rd, Ocean Shores NSW 2483","Public_Access":"Yes"}},{"type":"Feature","id":1094,"geometry":{"type":"Point","coordinates":[153.54552210000008,-28.525149809999959]},"properties":{"OBJECTID":1094,"Site_ID":"2NSW049","Jurisdiction":"NSW","LGA":"Byron","Site_Name":"Ocean Shores Community Centre","Site_Address":"55 Rajah Rd, Ocean Shores NSW 2483","Public_Access":"Yes"}},{"type":"Feature","id":1095,"geometry":{"type":"Point","coordinates":[153.4956390000001,-28.456363299999964]},"properties":{"OBJECTID":1095,"Site_ID":"2NSW036","Jurisdiction":"NSW","LGA":"Tweed","Site_Name":"Crabbes Creek Community Hall ","Site_Address":"29 Crabbes Creek CRABBS CREEK NSW 2483","Public_Access":"Yes"}},{"type":"Feature","id":1096,"geometry":{"type":"Point","coordinates":[142.99312340000006,-38.619137399999943]},"properties":{"OBJECTID":1096,"Site_ID":"2VIC038","Jurisdiction":"VIC","LGA":"Corangamite","Site_Name":"Port Campbell Surf Life Saving Club ","Site_Address":"1 Cairns St, Port Campbell\u00A0Vic 3269","Public_Access":"Yes"}},{"type":"Feature","id":1097,"geometry":{"type":"Point","coordinates":[145.34365020000007,-37.812749869999948]},"properties":{"OBJECTID":1097,"Site_ID":"2VIC136","Jurisdiction":"VIC","LGA":"Yarra Ranges","Site_Name":"Montrose Recreation Reserve","Site_Address":"3/950A Mt Dandenong Tourist Rd Montrose 3765","Public_Access":"Yes"}},{"type":"Feature","id":1098,"geometry":{"type":"Point","coordinates":[145.42935000000011,-37.782819999999958]},"properties":{"OBJECTID":1098,"Site_ID":"2VIC143","Jurisdiction":"VIC","LGA":"Yarra Ranges","Site_Name":"Wandin North Recreation Reserve","Site_Address":"420 Clegg Road Wandin North 3139","Public_Access":"Yes"}},{"type":"Feature","id":1099,"geometry":{"type":"Point","coordinates":[153.46093650000012,-28.277274699999964]},"properties":{"OBJECTID":1099,"Site_ID":"2NSW032","Jurisdiction":"NSW","LGA":"Tweed","Site_Name":"Tumbulgum Community Hall ","Site_Address":"168 Riverside Drive TUMBULGUM NSW ","Public_Access":"Yes"}},{"type":"Feature","id":1100,"geometry":{"type":"Point","coordinates":[145.22395200000005,-36.441827589999946]},"properties":{"OBJECTID":1100,"Site_ID":"2VIC154","Jurisdiction":"VIC","LGA":"Greater Shepparton","Site_Name":"Tatura Community House","Site_Address":"12-16 Casey St, Tatura VIC 3616","Public_Access":"Yes"}},{"type":"Feature","id":1101,"geometry":{"type":"Point","coordinates":[153.20533470000009,-28.355796099999964]},"properties":{"OBJECTID":1101,"Site_ID":"2NSW035","Jurisdiction":"NSW","LGA":"Tweed","Site_Name":"Tyalgum Community Hall ","Site_Address":"1 Cudrigan St TYALGUM NSW 2484","Public_Access":"Yes"}},{"type":"Feature","id":1102,"geometry":{"type":"Point","coordinates":[129.03977300000008,-15.969341999999926]},"properties":{"OBJECTID":1102,"Site_ID":"2NTG015","Jurisdiction":"NT","LGA":"Victoria Daly","Site_Name":"Keep River Ranger Station","Site_Address":"(Lot 1801) 8320 Victoria Highway, Baines NT 0852","Public_Access":"Yes"}},{"type":"Feature","id":1103,"geometry":{"type":"Point","coordinates":[133.8860413000001,-23.670978329999969]},"properties":{"OBJECTID":1103,"Site_ID":"2NTG001","Jurisdiction":"NT","LGA":"Alice Springs","Site_Name":"Alice Springs Telegraph Station ","Site_Address":"(Lot 941) 87 Herbert Heritage Drive, Stuart NT 0870","Public_Access":"Yes"}},{"type":"Feature","id":1104,"geometry":{"type":"Point","coordinates":[133.72789000000012,-23.709189999999978]},"properties":{"OBJECTID":1104,"Site_ID":"2NTG035","Jurisdiction":"NT","LGA":"MacDonnell","Site_Name":"Simpsons Gap (West MacDonnell Ranges) Ranger Station","Site_Address":"West MacDonnell National Park Australia NT 0872","Public_Access":"Yes"}},{"type":"Feature","id":1105,"geometry":{"type":"Point","coordinates":[145.37394000000006,-37.588309999999979]},"properties":{"OBJECTID":1105,"Site_ID":"2VIC134","Jurisdiction":"VIC","LGA":"Yarra Ranges","Site_Name":"Steels Creek Community Centre","Site_Address":"699 Steels Creek Rd Steels Creek 3154","Public_Access":"Yes"}},{"type":"Feature","id":1106,"geometry":{"type":"Point","coordinates":[145.13170180000009,-36.371633749999944]},"properties":{"OBJECTID":1106,"Site_ID":"2VIC150","Jurisdiction":"VIC","LGA":"Greater Shepparton","Site_Name":"Merrigum Senior Citizens Centre","Site_Address":"104 Waverley Ave, Merrigum VIC 3618","Public_Access":"Yes"}},{"type":"Feature","id":1107,"geometry":{"type":"Point","coordinates":[145.4167867000001,-37.604746979999959]},"properties":{"OBJECTID":1107,"Site_ID":"2VIC140","Jurisdiction":"VIC","LGA":"Greater Shepparton","Site_Name":"Dixons Creek Recreation Reserve","Site_Address":"1663 Melba Highway, Dixons Creek, 3775","Public_Access":"Yes"}},{"type":"Feature","id":1108,"geometry":{"type":"Point","coordinates":[143.47526000000005,-37.088299999999947]},"properties":{"OBJECTID":1108,"Site_ID":"2VIC090","Jurisdiction":"VIC","LGA":"Pyrenees","Site_Name":"Avoca Town Hall","Site_Address":"902 Rutherford St, Avoca 3467","Public_Access":"Yes"}},{"type":"Feature","id":1109,"geometry":{"type":"Point","coordinates":[143.13395940000009,-37.008983999999941]},"properties":{"OBJECTID":1109,"Site_ID":"2VIC092","Jurisdiction":"VIC","LGA":"Pyrenees","Site_Name":"Landsborough Public Hall","Site_Address":"29 Burke St, Landsborough VIC 3384","Public_Access":"Yes"}},{"type":"Feature","id":1110,"geometry":{"type":"Point","coordinates":[153.49948800000004,-28.551906999999972]},"properties":{"OBJECTID":1110,"Site_ID":"2NSW044","Jurisdiction":"NSW","LGA":"Byron","Site_Name":"Mullumbimby Civic Memorial Hall","Site_Address":"55 Dalley St, Mullumbimby NSW 2482","Public_Access":"Yes"}},{"type":"Feature","id":1111,"geometry":{"type":"Point","coordinates":[145.40798140000004,-36.401341979999984]},"properties":{"OBJECTID":1111,"Site_ID":"2VIC152","Jurisdiction":"VIC","LGA":"Greater Shepparton","Site_Name":"South Shepparton Community Centre","Site_Address":"290 Archer St, Shepparton VIC 3630","Public_Access":"Yes"}},{"type":"Feature","id":1112,"geometry":{"type":"Point","coordinates":[138.41013200000009,-30.812314999999955]},"properties":{"OBJECTID":1112,"Site_ID":"2SA009","Jurisdiction":"SA","LGA":"Outback Communities Authority","Site_Name":"Beltana Town Hall","Site_Address":"North Terrace, Beltana, SA, 5730","Public_Access":"Yes"}},{"type":"Feature","id":1113,"geometry":{"type":"Point","coordinates":[145.21429420000004,-36.618679289999932]},"properties":{"OBJECTID":1113,"Site_ID":"2VIC155","Jurisdiction":"VIC","LGA":"Greater Shepparton","Site_Name":"Murchison Neighbourhood House","Site_Address":"23 Impey St, Murchison VIC 3610","Public_Access":"Yes"}},{"type":"Feature","id":1114,"geometry":{"type":"Point","coordinates":[147.5429008000001,-36.01712552999993]},"properties":{"OBJECTID":1114,"Site_ID":"2VIC167","Jurisdiction":"VIC","LGA":"Towong","Site_Name":"Burrowye Temporary Community Support Hub ","Site_Address":"210 Guys Forrest Rd, Burrowye","Public_Access":"Yes"}},{"type":"Feature","id":1115,"geometry":{"type":"Point","coordinates":[132.74288600000011,-24.064686999999935]},"properties":{"OBJECTID":1115,"Site_ID":"2NTG009","Jurisdiction":"NT","LGA":"MacDonnell","Site_Name":"Finke Gorge National Park (Palm Valley) Ranger Station","Site_Address":"Lot M0929 Finke NT 0872","Public_Access":"Yes"}},{"type":"Feature","id":1116,"geometry":{"type":"Point","coordinates":[131.54729440000006,-24.290703899999983]},"properties":{"OBJECTID":1116,"Site_ID":"2NTG034","Jurisdiction":"NT","LGA":"MacDonnell","Site_Name":"Watarrka National Park (Kings Canyon) Ranger Station","Site_Address":"Lot M2214 Ernest Giles Rd, Watarrka (Kings Canyon) NT 0872","Public_Access":"Yes"}},{"type":"Feature","id":1117,"geometry":{"type":"Point","coordinates":[145.6502766000001,-37.753219799999954]},"properties":{"OBJECTID":1117,"Site_ID":"2VIC141","Jurisdiction":"VIC","LGA":"Yarra Ranges","Site_Name":"Millgrove Recreation Reserve","Site_Address":"24 Cavanagh Rd Millgrove 3799","Public_Access":"Yes"}},{"type":"Feature","id":1118,"geometry":{"type":"Point","coordinates":[153.5495830000001,-28.54072999999994]},"properties":{"OBJECTID":1118,"Site_ID":"2NSW046","Jurisdiction":"NSW","LGA":"Byron","Site_Name":"Brunswick Heads Memorial Hall","Site_Address":"24 Fingal St, Brunswick Heads NSW ","Public_Access":"Yes"}},{"type":"Feature","id":1119,"geometry":{"type":"Point","coordinates":[146.31484020000005,-32.065129499999955]},"properties":{"OBJECTID":1119,"Site_ID":"2NSW052","Jurisdiction":"NSW","LGA":"Cobar","Site_Name":"Nymagee Community Hall","Site_Address":"Graham St, Nymagee NSW 2831","Public_Access":"Yes"}},{"type":"Feature","id":1120,"geometry":{"type":"Point","coordinates":[150.21276080000007,-34.670522679999976]},"properties":{"OBJECTID":1120,"Site_ID":"2NSW037","Jurisdiction":"NSW","LGA":"Wingecarribee","Site_Name":"Penrose Community Hall","Site_Address":"300  Kareela Rd, Penrose NSW 2579","Public_Access":"Yes"}},{"type":"Feature","id":1121,"geometry":{"type":"Point","coordinates":[144.50399710000011,-36.619098579999957]},"properties":{"OBJECTID":1121,"Site_ID":"2VIC047","Jurisdiction":"VIC","LGA":"Greater Bendigo","Site_Name":"Goornong Recreation Reserve Hall ","Site_Address":"30 Bagshot St, Goornong","Public_Access":"Yes"}},{"type":"Feature","id":1122,"geometry":{"type":"Point","coordinates":[146.47224300000005,-33.111112999999932]},"properties":{"OBJECTID":1122,"Site_ID":"2NSW051","Jurisdiction":"NSW","LGA":"Cobar","Site_Name":"Euabalong Community Hall ","Site_Address":"27 Lachlan St, Euabalong NSW 2877","Public_Access":"Yes"}},{"type":"Feature","id":1123,"geometry":{"type":"Point","coordinates":[137.16710000000012,-30.448289999999929]},"properties":{"OBJECTID":1123,"Site_ID":"2SA011","Jurisdiction":"SA","LGA":"Pastoral Unincorporated","Site_Name":"Andamooka Town Hall","Site_Address":"281 School Rd, Andamooka SA 5722","Public_Access":"Yes"}},{"type":"Feature","id":1124,"geometry":{"type":"Point","coordinates":[145.21654820000003,-36.61793812999997]},"properties":{"OBJECTID":1124,"Site_ID":"2VIC146","Jurisdiction":"VIC","LGA":"Greater Shepparton","Site_Name":"Murchison Community Centre","Site_Address":"10 Watson St, Murchison VIC 3610","Public_Access":"Yes"}},{"type":"Feature","id":1125,"geometry":{"type":"Point","coordinates":[134.68716700000004,-23.455813999999975]},"properties":{"OBJECTID":1125,"Site_ID":"2NTG004","Jurisdiction":"NT","LGA":"Central Desert","Site_Name":"Arltunga Ranger Station","Site_Address":"Lot 1329 St, Arltunga NT 0872 (160km West of Alice Springs)","Public_Access":"Yes"}},{"type":"Feature","id":1126,"geometry":{"type":"Point","coordinates":[134.37433300000009,-23.530976749999979]},"properties":{"OBJECTID":1126,"Site_ID":"2NTG031","Jurisdiction":"NT","LGA":"Central Desert","Site_Name":"Trephina Gorge Ranger Station","Site_Address":"Lot M0776 St, Trephina Gorge NT 0872","Public_Access":"Yes"}},{"type":"Feature","id":1127,"geometry":{"type":"Point","coordinates":[115.90567900000008,-31.352991999999972]},"properties":{"OBJECTID":1127,"Site_ID":"2WA034","Jurisdiction":"WA","LGA":"Gingin","Site_Name":"Bendigo Complex / Gingin Sports Centre","Site_Address":"New St Gingin, WA, 6503","Public_Access":"Yes"}},{"type":"Feature","id":1128,"geometry":{"type":"Point","coordinates":[142.41808380000009,-32.39291486999997]},"properties":{"OBJECTID":1128,"Site_ID":"2NSW009","Jurisdiction":"NSW","LGA":"Central Darling","Site_Name":"Menindee Community Hall","Site_Address":"30 Yartla St, Menindee","Public_Access":"Yes"}},{"type":"Feature","id":1129,"geometry":{"type":"Point","coordinates":[153.61994300000003,-28.646658999999943]},"properties":{"OBJECTID":1129,"Site_ID":"2NSW047","Jurisdiction":"NSW","LGA":"Byron","Site_Name":"Marvell Hall","Site_Address":"37 Marvell St Byron Bay NSW 2481","Public_Access":"Yes"}},{"type":"Feature","id":1130,"geometry":{"type":"Point","coordinates":[116.47402000000011,-31.546589999999981]},"properties":{"OBJECTID":1130,"Site_ID":"2WA012","Jurisdiction":"WA","LGA":"Toodyay","Site_Name":"Toodyay Recreation Centre","Site_Address":"Burt, Park Way, Toodyay WA 6566","Public_Access":"Yes"}},{"type":"Feature","id":1131,"geometry":{"type":"Point","coordinates":[116.72356000000002,-31.439439999999934]},"properties":{"OBJECTID":1131,"Site_ID":"2WA023","Jurisdiction":"WA","LGA":"Goomalling","Site_Name":"Jennacubbine Fire Station","Site_Address":"Jennacubbine East Road, Jennacubbine, WA 6401","Public_Access":"Yes"}},{"type":"Feature","id":1132,"geometry":{"type":"Point","coordinates":[147.24095640000007,-36.403232939999953]},"properties":{"OBJECTID":1132,"Site_ID":"2VIC171","Jurisdiction":"VIC","LGA":"Towong","Site_Name":"Tallandoon Recreation Reserve","Site_Address":"2606 Omeo Highway,Tallandoon ","Public_Access":"Yes"}},{"type":"Feature","id":1133,"geometry":{"type":"Point","coordinates":[145.39182270000003,-36.358025419999933]},"properties":{"OBJECTID":1133,"Site_ID":"2VIC153","Jurisdiction":"VIC","LGA":"Greater Shepparton","Site_Name":"North Shepparton Community and Learning Centre","Site_Address":"10/14 Parkside Dr, Shepparton VIC 3630","Public_Access":"Yes"}},{"type":"Feature","id":1134,"geometry":{"type":"Point","coordinates":[153.52451700000006,-28.68476899999996]},"properties":{"OBJECTID":1134,"Site_ID":"2NSW050","Jurisdiction":"NSW","LGA":"Byron","Site_Name":"Bangalow A&I Hall","Site_Address":"3 Station St, Bangalow NSW 2479","Public_Access":"Yes"}},{"type":"Feature","id":1135,"geometry":{"type":"Point","coordinates":[144.2994010000001,-32.899142489999974]},"properties":{"OBJECTID":1135,"Site_ID":"2NSW010","Jurisdiction":"NSW","LGA":"Central Darling","Site_Name":"Ivanhoe Community Hall","Site_Address":"37B Columbus St, Ivanhoe","Public_Access":"Yes"}},{"type":"Feature","id":1136,"geometry":{"type":"Point","coordinates":[143.37754640000003,-31.557715009999981]},"properties":{"OBJECTID":1136,"Site_ID":"2NSW011","Jurisdiction":"NSW","LGA":"Central Darling","Site_Name":"Wilcannia Community Hall","Site_Address":"78 Woore St, Wilcannia NSW 2836 ","Public_Access":"Yes"}},{"type":"Feature","id":1137,"geometry":{"type":"Point","coordinates":[148.47044200000005,-37.67814999999996]},"properties":{"OBJECTID":1137,"Site_ID":"2VIC042","Jurisdiction":"VIC","LGA":"East Gippsland","Site_Name":"Moogji Aboriginal Council","Site_Address":"291 Bonang Rd, Orbost Vic 3888","Public_Access":"Yes"}},{"type":"Feature","id":1138,"geometry":{"type":"Point","coordinates":[153.59302200000002,-28.79433795999995]},"properties":{"OBJECTID":1138,"Site_ID":"2NSW003","Jurisdiction":"NSW","LGA":"Ballina","Site_Name":"Lennox Head Cultural Centre","Site_Address":"1 Mackney Ln, Lennox Head NSW 2478","Public_Access":"Yes"}},{"type":"Feature","id":1139,"geometry":{"type":"Point","coordinates":[143.08921170000008,-30.851418889999934]},"properties":{"OBJECTID":1139,"Site_ID":"2NSW008","Jurisdiction":"NSW","LGA":"Central Darling","Site_Name":"White Cliffs Community Hall","Site_Address":"Johnson St nr Kerraro Rd, White Cliffs","Public_Access":"Yes"}},{"type":"Feature","id":1140,"geometry":{"type":"Point","coordinates":[145.2329390000001,-36.444803999999976]},"properties":{"OBJECTID":1140,"Site_ID":"2VIC148","Jurisdiction":"VIC","LGA":"Greater Shepparton","Site_Name":"Tatura Park Netball Club Facilities ","Site_Address":"9 Hastie St, Tatura VIC 3616","Public_Access":"Yes"}},{"type":"Feature","id":1141,"geometry":{"type":"Point","coordinates":[150.69433820000006,-34.234204199999965]},"properties":{"OBJECTID":1141,"Site_ID":"2NSW042","Jurisdiction":"NSW","LGA":"Wollondilly","Site_Name":"Wilton Recreation Reserve (Hannaford Oval)","Site_Address":"29 Broughton St, Wilton NSW 2571","Public_Access":"Yes"}},{"type":"Feature","id":1142,"geometry":{"type":"Point","coordinates":[142.28983000000005,-37.876149999999939]},"properties":{"OBJECTID":1142,"Site_ID":"2VIC102","Jurisdiction":"VIC","LGA":"Southern Grampians","Site_Name":"Penshurst Memorial Hall","Site_Address":"21 Martin St, Penshurst VIC 3289","Public_Access":"Yes"}},{"type":"Feature","id":1143,"geometry":{"type":"Point","coordinates":[116.0955100000001,-32.091919999999959]},"properties":{"OBJECTID":1143,"Site_ID":"2WA011","Jurisdiction":"WA","LGA":"Armadale","Site_Name":"Roleystone Karragullen Bush Fire Brigade","Site_Address":"53 Springdale Rd, Karragullen WA 6111","Public_Access":"Yes"}},{"type":"Feature","id":1144,"geometry":{"type":"Point","coordinates":[135.44706290000011,-27.547110999999973]},"properties":{"OBJECTID":1144,"Site_ID":"2SA010","Jurisdiction":"SA","LGA":"Pastoral Unincorporated","Site_Name":"Oodnadatta Town Hall","Site_Address":"Lot 42 Ikartuka Terrace, Oodnadatta SA 5734","Public_Access":"Yes"}},{"type":"Feature","id":1145,"geometry":{"type":"Point","coordinates":[153.55084390000002,-28.497686379999948]},"properties":{"OBJECTID":1145,"Site_ID":"2NSW048","Jurisdiction":"NSW","LGA":"Wellington","Site_Name":"South Golden Beach Hall","Site_Address":"2 Helen St South Golden Beach, South Golden Beach 2483","Public_Access":"Yes"}},{"type":"Feature","id":1146,"geometry":{"type":"Point","coordinates":[145.43246660000011,-36.453277359999959]},"properties":{"OBJECTID":1146,"Site_ID":"2VIC151","Jurisdiction":"VIC","LGA":"Greater Shepparton","Site_Name":"Kialla Central Hall ","Site_Address":"135 Central Kialla Rd, Kialla VIC 3631","Public_Access":"Yes"}},{"type":"Feature","id":1147,"geometry":{"type":"Point","coordinates":[136.30517700000007,-16.054514999999981]},"properties":{"OBJECTID":1147,"Site_ID":"2NTG006","Jurisdiction":"NT","LGA":"Roper Gulf","Site_Name":"Borroloola Health Clinic ","Site_Address":"(Lot 621) 9 Garawa St, Borroloola NT 0854","Public_Access":"Yes"}},{"type":"Feature","id":1148,"geometry":{"type":"Point","coordinates":[136.30416000000002,-16.053629999999941]},"properties":{"OBJECTID":1148,"Site_ID":"2NTG007","Jurisdiction":"NT","LGA":"Roper Gulf","Site_Name":"Borroloola Police Station ","Site_Address":"(Lot 527) 24 Garawa Street, Borroloola NT 0854","Public_Access":"Yes"}},{"type":"Feature","id":1149,"geometry":{"type":"Point","coordinates":[143.97309490000009,-38.536882309999953]},"properties":{"OBJECTID":1149,"Site_ID":"2VIC110","Jurisdiction":"VIC","LGA":"Surf Coast","Site_Name":"Lorne Community Connect","Site_Address":"2 Otway St\u00A0Lorne","Public_Access":"Yes"}},{"type":"Feature","id":1150,"geometry":{"type":"Point","coordinates":[144.18497990000003,-38.40955200999997]},"properties":{"OBJECTID":1150,"Site_ID":"2VIC107","Jurisdiction":"VIC","LGA":"Surf Coast","Site_Name":"Anglesea Memorial Hall","Site_Address":"Civic Centre Precinct, 1B McMillan Street Anglesea","Public_Access":"Yes"}},{"type":"Feature","id":1151,"geometry":{"type":"Point","coordinates":[144.21006060000002,-36.74311543999994]},"properties":{"OBJECTID":1151,"Site_ID":"2VIC044","Jurisdiction":"VIC","LGA":"Greater Bendigo","Site_Name":"Maiden Gully Hall","Site_Address":"711 Calder Highway, Maiden Gully","Public_Access":"Yes"}},{"type":"Feature","id":1152,"geometry":{"type":"Point","coordinates":[145.2251887000001,-36.439953039999978]},"properties":{"OBJECTID":1152,"Site_ID":"2VIC147","Jurisdiction":"VIC","LGA":"Greater Shepparton","Site_Name":"Tatura Civic Halls (Victory Hall and Mechanics Institute Hall) ","Site_Address":"77/83 Hogan St, Tatura VIC 3616","Public_Access":"Yes"}},{"type":"Feature","id":1153,"geometry":{"type":"Point","coordinates":[130.83930400000008,-17.446697999999969]},"properties":{"OBJECTID":1153,"Site_ID":"2NTG014","Jurisdiction":"NT","LGA":"Victoria Daly","Site_Name":"Kalkarindji Police Station ","Site_Address":"(Lot 99) 10 Buntine Highway, Kalkarindji (Wave Hill) NT 0822","Public_Access":"Yes"}},{"type":"Feature","id":1154,"geometry":{"type":"Point","coordinates":[130.63473920000001,-18.331589299999962]},"properties":{"OBJECTID":1154,"Site_ID":"2NTG016","Jurisdiction":"NT","LGA":"Central Desert","Site_Name":"Lajamanu Police Station ","Site_Address":"Lot 233 Lajamanu (Hooker Creek) NT 0852","Public_Access":"Yes"}},{"type":"Feature","id":1155,"geometry":{"type":"Point","coordinates":[115.5048220000001,-31.348465999999974]},"properties":{"OBJECTID":1155,"Site_ID":"2WA035","Jurisdiction":"WA","LGA":"Gingin","Site_Name":"Guilderton Hall (Guilderton Country Club)","Site_Address":"Hall Rd, Guilderton WA 6041","Public_Access":"Yes"}},{"type":"Feature","id":1156,"geometry":{"type":"Point","coordinates":[131.22025000000008,-16.814389999999946]},"properties":{"OBJECTID":1156,"Site_ID":"2NTG028","Jurisdiction":"NT","LGA":"Victoria Daly","Site_Name":"Pigeon Hole School","Site_Address":"Lot M0001 A Alley Pigeon Hole NT 0852","Public_Access":"Yes"}},{"type":"Feature","id":1157,"geometry":{"type":"Point","coordinates":[145.40710590000003,-37.234587799999929]},"properties":{"OBJECTID":1157,"Site_ID":"2VIC085","Jurisdiction":"VIC","LGA":"Murrindindi","Site_Name":"Yea Saleyards","Site_Address":"1 Flat Lead Rd Yea","Public_Access":"Yes"}},{"type":"Feature","id":1158,"geometry":{"type":"Point","coordinates":[116.54367330000002,-33.812798029999954]},"properties":{"OBJECTID":1158,"Site_ID":"2WA029","Jurisdiction":"WA","LGA":"Boyup Brook","Site_Name":"Upper Blackwood Agricultural Showgrounds","Site_Address":"Cnr Boyup Brook-Arthur River Rd and Upper Blackwood Rd","Public_Access":"Yes"}},{"type":"Feature","id":1159,"geometry":{"type":"Point","coordinates":[145.15528000000006,-36.781729999999982]},"properties":{"OBJECTID":1159,"Site_ID":"2VIC104","Jurisdiction":"VIC","LGA":"Strathbogie","Site_Name":"Nagambie Senior Citizen's Centre","Site_Address":"358 High St Nagambie Victoria 3608","Public_Access":"Yes"}},{"type":"Feature","id":1160,"geometry":{"type":"Point","coordinates":[131.83710300000007,-13.823863999999958]},"properties":{"OBJECTID":1160,"Site_ID":"2NTG030","Jurisdiction":"NT","LGA":"Victoria Daly","Site_Name":"Pine Creek Police Station","Site_Address":"(Lot 68) 19 Railway Terrace, Pine Creek NT 0847","Public_Access":"Yes"}},{"type":"Feature","id":1161,"geometry":{"type":"Point","coordinates":[153.56422740000005,-28.866252389999943]},"properties":{"OBJECTID":1161,"Site_ID":"2NSW004","Jurisdiction":"NSW","LGA":"Ballina","Site_Name":"Ballina Indoor Sports Centre","Site_Address":"63 Cherry St, Ballina NSW 2478","Public_Access":"Yes"}},{"type":"Feature","id":1162,"geometry":{"type":"Point","coordinates":[153.4668041000001,-28.952011099999936]},"properties":{"OBJECTID":1162,"Site_ID":"2NSW002","Jurisdiction":"NSW","LGA":"Ballina","Site_Name":"Wardell Memorial Hall","Site_Address":"49 Richmond St, Wardell NSW 2477","Public_Access":"Yes"}},{"type":"Feature","id":1163,"geometry":{"type":"Point","coordinates":[117.55017600000008,-34.294940999999938]},"properties":{"OBJECTID":1163,"Site_ID":"2WA052","Jurisdiction":"WA","LGA":"Cranbrook","Site_Name":"Cranbrook Sporting Club","Site_Address":"55/67 King St, Cranbrook WA 6321","Public_Access":"Yes"}},{"type":"Feature","id":1164,"geometry":{"type":"Point","coordinates":[146.31393200000002,-36.343167999999935]},"properties":{"OBJECTID":1164,"Site_ID":"2VIC119","Jurisdiction":"VIC","LGA":"Wangaratta","Site_Name":"HB Barr Reserve Community Centre","Site_Address":"Shilling Drive, Wangaratta","Public_Access":"Yes"}},{"type":"Feature","id":1165,"geometry":{"type":"Point","coordinates":[150.58047400000009,-34.294552999999951]},"properties":{"OBJECTID":1165,"Site_ID":"2NSW041","Jurisdiction":"NSW","LGA":"Wollondilly","Site_Name":"Bargo Community Hall and Sportsground","Site_Address":"96 Radnor Rd, Bargo NSW 2574","Public_Access":"Yes"}},{"type":"Feature","id":1166,"geometry":{"type":"Point","coordinates":[143.37939710000012,-35.169562059999976]},"properties":{"OBJECTID":1166,"Site_ID":"2VIC116","Jurisdiction":"VIC","LGA":"Swan Hill","Site_Name":"Nyah Recreation Reserve Community Centre","Site_Address":"Nyah Recreation Reserve, River Street, Nyah 3594","Public_Access":"Yes"}},{"type":"Feature","id":1167,"geometry":{"type":"Point","coordinates":[148.10033270000008,-37.836753129999977]},"properties":{"OBJECTID":1167,"Site_ID":"2VIC041","Jurisdiction":"VIC","LGA":"East Gippsland","Site_Name":"Lake Tyers Aboriginal Trust","Site_Address":"465 Rules Rd, Lake Tyers Vic 3887","Public_Access":"Yes"}},{"type":"Feature","id":1168,"geometry":{"type":"Point","coordinates":[143.97216870000011,-38.539547809999931]},"properties":{"OBJECTID":1168,"Site_ID":"2VIC106","Jurisdiction":"VIC","LGA":"Surf Coast","Site_Name":"Lorne Stribling Reserve","Site_Address":"36 Smith St\u00A0Lorne","Public_Access":"Yes"}},{"type":"Feature","id":1169,"geometry":{"type":"Point","coordinates":[134.89102000000003,-33.647219999999948]},"properties":{"OBJECTID":1169,"Site_ID":"2SA014","Jurisdiction":"SA","LGA":"Elliston","Site_Name":"Elliston Community and Visitor Information Centre","Site_Address":"6 Memorial Drive, Elliston SA 5670","Public_Access":"Yes"}},{"type":"Feature","id":1170,"geometry":{"type":"Point","coordinates":[144.39844840000012,-38.265309419999937]},"properties":{"OBJECTID":1170,"Site_ID":"2VIC112","Jurisdiction":"VIC","LGA":"Surf Coast","Site_Name":"Conneware Community Hall","Site_Address":"15 Randles Rd\u00A0Connewarre","Public_Access":"Yes"}},{"type":"Feature","id":1171,"geometry":{"type":"Point","coordinates":[142.45942880000007,-38.354378329999975]},"properties":{"OBJECTID":1171,"Site_ID":"2VIC120","Jurisdiction":"VIC","LGA":"Warnambool","Site_Name":"Warrnambool ARC Stadium","Site_Address":"71-77 Caramut Rd, Warrnambool VIC 3280","Public_Access":"Yes"}},{"type":"Feature","id":1172,"geometry":{"type":"Point","coordinates":[145.46830000000011,-24.426269999999931]},"properties":{"OBJECTID":1172,"Site_ID":"2QLD018","Jurisdiction":"QLD","LGA":"Blackall-Tambo","Site_Name":"Blackall Cultural Centre","Site_Address":"17 Hawthorn St, Blackall QLD 4472","Public_Access":"Yes"}},{"type":"Feature","id":1173,"geometry":{"type":"Point","coordinates":[144.13317000000006,-36.733699999999942]},"properties":{"OBJECTID":1173,"Site_ID":"2VIC046","Jurisdiction":"VIC","LGA":"Greater Bendigo","Site_Name":"Marong Public Hall","Site_Address":"36 Torrens St, Marong","Public_Access":"Yes"}},{"type":"Feature","id":1174,"geometry":{"type":"Point","coordinates":[151.59789960000012,-29.444382569999959]},"properties":{"OBJECTID":1174,"Site_ID":"2NSW056","Jurisdiction":"NSW","LGA":"Glenn Innes Severn","Site_Name":"Emmaville War Memorial Hall","Site_Address":"93 Moore St, Emmaville, NSW, 2371","Public_Access":"Yes"}},{"type":"Feature","id":1175,"geometry":{"type":"Point","coordinates":[144.20737530000008,-36.535773759999984]},"properties":{"OBJECTID":1175,"Site_ID":"2VIC045","Jurisdiction":"VIC","LGA":"Greater Bendigo","Site_Name":"Raywood Town Hall","Site_Address":"50-52 Inglewood St, Raywood","Public_Access":"Yes"}},{"type":"Feature","id":1176,"geometry":{"type":"Point","coordinates":[145.68184790000009,-28.067728129999978]},"properties":{"OBJECTID":1176,"Site_ID":"2QLD020","Jurisdiction":"QLD","LGA":"Paroo","Site_Name":"Cunnamulla Civic Centre","Site_Address":"3 Jane St, Cunnamulla QLD 4490","Public_Access":"Yes"}},{"type":"Feature","id":1177,"geometry":{"type":"Point","coordinates":[152.11409300000003,-29.693189959999984]},"properties":{"OBJECTID":1177,"Site_ID":"2NSW054","Jurisdiction":"NSW","LGA":"Glenn Innes Severn","Site_Name":"Wytaliba Rural Fire Service Station / Shed","Site_Address":"Old Grafton Rd, Diehard, NSW, 2370","Public_Access":"Yes"}},{"type":"Feature","id":1178,"geometry":{"type":"Point","coordinates":[151.93402850000007,-29.850809339999955]},"properties":{"OBJECTID":1178,"Site_ID":"2NSW058","Jurisdiction":"NSW","LGA":"Glenn Innes Severn","Site_Name":"Pinkett War Memorial Hall","Site_Address":"3998 Pinkett Rd, Pinkett, NSW, 2370","Public_Access":"Yes"}},{"type":"Feature","id":1179,"geometry":{"type":"Point","coordinates":[152.04043000000001,-32.665839999999946]},"properties":{"OBJECTID":1179,"Site_ID":"2NSW067","Jurisdiction":"NSW","LGA":"Mid-Coast","Site_Name":"North Arm Cove Community Centre","Site_Address":"297 The Ridgeway North Arm Cove","Public_Access":"Yes"}},{"type":"Feature","id":1180,"geometry":{"type":"Point","coordinates":[130.71094280000011,-13.765078999999957]},"properties":{"OBJECTID":1180,"Site_ID":"2NTG022","Jurisdiction":"NT","LGA":"Victoria Daly","Site_Name":"Daly River Police Station","Site_Address":"(Lot 587) 7894 Daly River Rd, Nauiyu (Daly River) NT 0822","Public_Access":"Yes"}},{"type":"Feature","id":1181,"geometry":{"type":"Point","coordinates":[145.05989800000009,-36.313837999999976]},"properties":{"OBJECTID":1181,"Site_ID":"2VIC023","Jurisdiction":"VIC","LGA":"Campaspe","Site_Name":"Kyabram Sports & Entertainment Centre","Site_Address":"408 Allan St, Kyabram, Victoria, 3620","Public_Access":"Yes"}},{"type":"Feature","id":1182,"geometry":{"type":"Point","coordinates":[148.57689840000012,-20.402489499999945]},"properties":{"OBJECTID":1182,"Site_ID":"2QLD036","Jurisdiction":"QLD","LGA":"Whitsunday","Site_Name":"Les Stagg Rugby Club house","Site_Address":"Les Stagg Dr, Proserpine QLD 4800","Public_Access":"Yes"}},{"type":"Feature","id":1183,"geometry":{"type":"Point","coordinates":[144.54026780000004,-36.265940099999966]},"properties":{"OBJECTID":1183,"Site_ID":"2VIC025","Jurisdiction":"VIC","LGA":"Campaspe","Site_Name":"Lockington Recreation Reserve","Site_Address":"35 Forest St, Lockington, Victoria, 3563","Public_Access":"Yes"}},{"type":"Feature","id":1184,"geometry":{"type":"Point","coordinates":[148.69646000000012,-20.278299999999945]},"properties":{"OBJECTID":1184,"Site_ID":"2QLD033","Jurisdiction":"QLD","LGA":"Whitsunday","Site_Name":"Cannonvale TAFE","Site_Address":"Shute Harbour Rd, Cannonvale QLD 4802","Public_Access":"Yes"}},{"type":"Feature","id":1185,"geometry":{"type":"Point","coordinates":[116.00513240000009,-30.634131359999969]},"properties":{"OBJECTID":1185,"Site_ID":"2WA041","Jurisdiction":"WA","LGA":"Moora","Site_Name":"Moora Sport and Recreation Centre","Site_Address":"75 Roberts St Moora WA 6510","Public_Access":"Yes"}},{"type":"Feature","id":1186,"geometry":{"type":"Point","coordinates":[140.73536920000004,-36.955380929999933]},"properties":{"OBJECTID":1186,"Site_ID":"2SA003","Jurisdiction":"SA","LGA":"Narracoorte Luncindale","Site_Name":"Naracoorte Visitor Information Centre","Site_Address":"36 Macdonnell St Naracoorte, SA, 5271","Public_Access":"Yes"}},{"type":"Feature","id":1187,"geometry":{"type":"Point","coordinates":[130.69209100000012,-13.74991099999994]},"properties":{"OBJECTID":1187,"Site_ID":"2NTG021","Jurisdiction":"NT","LGA":"Victoria Daly","Site_Name":"Daly River (Nauiyu) Health Clinic","Site_Address":"Lot 126 Nauiyu (Daly River) NT 0822","Public_Access":"Yes"}},{"type":"Feature","id":1188,"geometry":{"type":"Point","coordinates":[151.72452810000004,-29.927658159999964]},"properties":{"OBJECTID":1188,"Site_ID":"2NSW057","Jurisdiction":"NSW","LGA":"Glenn Innes Severn","Site_Name":"Glencoe Community Hall","Site_Address":"8008 New England Highway, Glencoe NSW 2370","Public_Access":"Yes"}},{"type":"Feature","id":1189,"geometry":{"type":"Point","coordinates":[150.4442471000001,-30.140186329999949]},"properties":{"OBJECTID":1189,"Site_ID":"2NSW061","Jurisdiction":"NSW","LGA":"Gwydir","Site_Name":"Upper Horton Sporting Club","Site_Address":"22 Cobbadah St, Upper Horton NSW 2347","Public_Access":"Yes"}},{"type":"Feature","id":1190,"geometry":{"type":"Point","coordinates":[142.88195440000004,-35.057009769999979]},"properties":{"OBJECTID":1190,"Site_ID":"2VIC117","Jurisdiction":"VIC","LGA":"Swan Hill","Site_Name":"Manangatang Community Centre","Site_Address":"1 Wattle St S, Manangatang VIC 3546","Public_Access":"Yes"}},{"type":"Feature","id":1191,"geometry":{"type":"Point","coordinates":[121.33115500000008,-28.881879999999967]},"properties":{"OBJECTID":1191,"Site_ID":"2WA040","Jurisdiction":"WA","LGA":"Leonora","Site_Name":"Leonora Recreation Centre","Site_Address":"79 Tower St Leonora","Public_Access":"Yes"}},{"type":"Feature","id":1192,"geometry":{"type":"Point","coordinates":[140.36912160000008,-36.971553379999932]},"properties":{"OBJECTID":1192,"Site_ID":"2SA001","Jurisdiction":"SA","LGA":"Narracoorte Luncindale","Site_Name":"Lucindale Community Hall","Site_Address":"10 Centenary Ave Lucindale, SA, 5272","Public_Access":"Yes"}},{"type":"Feature","id":1193,"geometry":{"type":"Point","coordinates":[140.95873990000007,-36.712351719999958]},"properties":{"OBJECTID":1193,"Site_ID":"2SA002","Jurisdiction":"SA","LGA":"Narracoorte Luncindale","Site_Name":"Frances Recreation Ground","Site_Address":"East Terrace, Frances SA 5262","Public_Access":"Yes"}},{"type":"Feature","id":1194,"geometry":{"type":"Point","coordinates":[150.30912840000008,-29.123838689999957]},"properties":{"OBJECTID":1194,"Site_ID":"2NSW059","Jurisdiction":"NSW","LGA":"Gwydir","Site_Name":"Croppa Creek Bowling Club","Site_Address":"26 Aspley Drive, Croppa Creek NSW 2411","Public_Access":"Yes"}},{"type":"Feature","id":1195,"geometry":{"type":"Point","coordinates":[150.39747220000004,-28.930840419999981]},"properties":{"OBJECTID":1195,"Site_ID":"2NSW060","Jurisdiction":"NSW","LGA":"Gwydir","Site_Name":"North Star Sporting Club","Site_Address":"6226 N Star Rd, North Star NSW 2408","Public_Access":"Yes"}},{"type":"Feature","id":1196,"geometry":{"type":"Point","coordinates":[138.34881300000006,-35.458801999999935]},"properties":{"OBJECTID":1196,"Site_ID":"2SA013","Jurisdiction":"SA","LGA":"Yankalilla","Site_Name":"Yankalilla Memorial Park (sports ground)","Site_Address":"104A Main South Rd, Yankalilla 5203","Public_Access":"Yes"}},{"type":"Feature","id":1197,"geometry":{"type":"Point","coordinates":[130.08050700000001,-14.156144999999981]},"properties":{"OBJECTID":1197,"Site_ID":"2NTG026","Jurisdiction":"NT","LGA":"West Daly","Site_Name":"Peppimenarti Health Clinic","Site_Address":"Lot 73 A Rd Peppimenarti NT 0822","Public_Access":"Yes"}},{"type":"Feature","id":1198,"geometry":{"type":"Point","coordinates":[130.0724130000001,-14.147561999999937]},"properties":{"OBJECTID":1198,"Site_ID":"2NTG027","Jurisdiction":"NT","LGA":"West Daly","Site_Name":"Peppimenarti Police Station","Site_Address":"Lot 49 Peppimenarti NT 0822","Public_Access":"Yes"}},{"type":"Feature","id":1199,"geometry":{"type":"Point","coordinates":[147.33160200000009,-36.195122999999967]},"properties":{"OBJECTID":1199,"Site_ID":"2VIC169","Jurisdiction":"VIC","LGA":"Towong","Site_Name":"Bullioh Hall","Site_Address":"7961 Murray Valley Highway, Bullioh","Public_Access":"Yes"}},{"type":"Feature","id":1200,"geometry":{"type":"Point","coordinates":[135.74137100000007,-14.275394999999946]},"properties":{"OBJECTID":1200,"Site_ID":"2NTG024","Jurisdiction":"NT","LGA":"Roper Gulf","Site_Name":"Numbulwar Health Clinic","Site_Address":"Lot 177 Numbulwar NT 0822","Public_Access":"Yes"}},{"type":"Feature","id":1201,"geometry":{"type":"Point","coordinates":[135.74025100000006,-14.278817999999944]},"properties":{"OBJECTID":1201,"Site_ID":"2NTG025","Jurisdiction":"NT","LGA":"Roper Gulf","Site_Name":"Numbulwar Police Station","Site_Address":"Lot 94 Numbulwar\u00A0NT 0822","Public_Access":"Yes"}},{"type":"Feature","id":1202,"geometry":{"type":"Point","coordinates":[146.67439000000002,-38.564519999999959]},"properties":{"OBJECTID":1202,"Site_ID":"2VIC127","Jurisdiction":"VIC","LGA":"Wellington","Site_Name":"Yarram Hub Library","Site_Address":"156 Grant St, Yarram VIC 3971","Public_Access":"Yes"}},{"type":"Feature","id":1203,"geometry":{"type":"Point","coordinates":[133.05479400000002,-12.321729999999945]},"properties":{"OBJECTID":1203,"Site_ID":"2NTG011","Jurisdiction":"NT","LGA":"West Arnhem","Site_Name":"Gunbalanya Health Clinic ","Site_Address":"Lot 503 Gunbalanya (Oenpelli) NT 0822","Public_Access":"Yes"}},{"type":"Feature","id":1204,"geometry":{"type":"Point","coordinates":[133.05433700000003,-12.325235999999961]},"properties":{"OBJECTID":1204,"Site_ID":"2NTG012","Jurisdiction":"NT","LGA":"West Arnhem","Site_Name":"Oenpelli Police Station (Gunbalanya)","Site_Address":"Lot 409 Gunbalanya (Oenpelli) NT 0822","Public_Access":"Yes"}},{"type":"Feature","id":1205,"geometry":{"type":"Point","coordinates":[144.25467760000004,-36.730742769999949]},"properties":{"OBJECTID":1205,"Site_ID":"2VIC048","Jurisdiction":"VIC","LGA":"Greater Bendigo","Site_Name":"California Gully, Truscott Reserve","Site_Address":"5 Murdock St, California Gully","Public_Access":"Yes"}},{"type":"Feature","id":1206,"geometry":{"type":"Point","coordinates":[136.42121600000007,-13.848045999999954]},"properties":{"OBJECTID":1206,"Site_ID":"2NTG002","Jurisdiction":"NT","LGA":"Unincorporated","Site_Name":"Alyangula Health Clinic","Site_Address":"(Lot M1541) 2 Poinciana St, Alyangula NT 0885","Public_Access":"Yes"}},{"type":"Feature","id":1207,"geometry":{"type":"Point","coordinates":[118.20399000000009,-30.919659999999965]},"properties":{"OBJECTID":1207,"Site_ID":"2WA044","Jurisdiction":"WA","LGA":"Mukinbudin","Site_Name":"Mukinbudin Sporting Complex","Site_Address":"25 Cruickshank St, Mukinbudin","Public_Access":"Yes"}},{"type":"Feature","id":1208,"geometry":{"type":"Point","coordinates":[136.42165000000011,-13.852251999999964]},"properties":{"OBJECTID":1208,"Site_ID":"2NTG003","Jurisdiction":"NT","LGA":"Unincorporated","Site_Name":"Alyangula Police Station","Site_Address":"(Lot 3048) 13 Ayawarra Crescent, Alyangula NT 0885","Public_Access":"Yes"}},{"type":"Feature","id":1209,"geometry":{"type":"Point","coordinates":[145.19798670000011,-37.636645149999936]},"properties":{"OBJECTID":1209,"Site_ID":"2VIC086","Jurisdiction":"VIC","LGA":"Nillumbik","Site_Name":"Hurstbridge Hall ","Site_Address":"974 Heidelberg-Kinglake Rd, Hurstbridge ","Public_Access":"Yes"}},{"type":"Feature","id":1210,"geometry":{"type":"Point","coordinates":[117.1170800000001,-30.358369999999979]},"properties":{"OBJECTID":1210,"Site_ID":"2WA005","Jurisdiction":"WA","LGA":"Dalwallinu","Site_Name":"Kalannie Recreation Centre","Site_Address":"104 Sanderson Terrace, Kalannie WA 6468","Public_Access":"Yes"}},{"type":"Feature","id":1211,"geometry":{"type":"Point","coordinates":[152.53182000000004,-31.784909999999968]},"properties":{"OBJECTID":1211,"Site_ID":"2NSW065","Jurisdiction":"NSW","LGA":"Mid-Coast","Site_Name":"Lansdowne Community Hall School of Arts","Site_Address":"27 Cundle Rd, Lansdowne NSW 2430","Public_Access":"Yes"}},{"type":"Feature","id":1212,"geometry":{"type":"Point","coordinates":[152.46927000000005,-31.705409999999972]},"properties":{"OBJECTID":1212,"Site_ID":"2NSW066","Jurisdiction":"NSW","LGA":"Mid-Coast","Site_Name":"Upper Lansdowne Memorial Hall","Site_Address":"1412 Upper Lansdowne Rd, Upper Lansdowne NSW 2430","Public_Access":"Yes"}},{"type":"Feature","id":1213,"geometry":{"type":"Point","coordinates":[148.25862360000008,-37.232853429999977]},"properties":{"OBJECTID":1213,"Site_ID":"2VIC043","Jurisdiction":"VIC","LGA":"East Gippsland","Site_Name":"Gelantipy Hall Reserve","Site_Address":"10 Westphal Rd, Butchers Ridge Vic  3885","Public_Access":"Yes"}},{"type":"Feature","id":1214,"geometry":{"type":"Point","coordinates":[144.69596840000008,-36.351466069999958]},"properties":{"OBJECTID":1214,"Site_ID":"2VIC019","Jurisdiction":"VIC","LGA":"Campaspe","Site_Name":"Rochester Racecourse and Recreation Reserve","Site_Address":"24 Diggora Rd , Rochester, Victoria, 3561","Public_Access":"Yes"}},{"type":"Feature","id":1215,"geometry":{"type":"Point","coordinates":[146.02469400000007,-18.26850799999994]},"properties":{"OBJECTID":1215,"Site_ID":"2QLD012","Jurisdiction":"QLD","LGA":"Cassowary Coast","Site_Name":"Cardwell Community Hall","Site_Address":"Brasenose St, Cardwell QLD 4849","Public_Access":"Yes"}},{"type":"Feature","id":1216,"geometry":{"type":"Point","coordinates":[143.25895000000003,-36.615529999999978]},"properties":{"OBJECTID":1216,"Site_ID":"2VIC163","Jurisdiction":"VIC","LGA":"Northern Grampians","Site_Name":"St Arnaud Senior Citizens Centre\u00A0","Site_Address":"1A Golden Street, St Arnaud VIC 3478","Public_Access":"Yes"}},{"type":"Feature","id":1217,"geometry":{"type":"Point","coordinates":[145.37568050000004,-38.081327149999936]},"properties":{"OBJECTID":1217,"Site_ID":"2VIC036","Jurisdiction":"VIC","LGA":"Casey","Site_Name":"Mick Morland Recreation Reserve Pavilion","Site_Address":"35 Mapleshade Avenue. Clyde North","Public_Access":"Yes"}},{"type":"Feature","id":1218,"geometry":{"type":"Point","coordinates":[153.57553930000006,-28.635905899999955]},"properties":{"OBJECTID":1218,"Site_ID":"2NSW043","Jurisdiction":"NSW","LGA":"Byron","Site_Name":"Cavanbah Centre","Site_Address":"249 Ewingsdale Rd, Byron Bay, NSW 2481, Australia","Public_Access":"Yes"}},{"type":"Feature","id":1219,"geometry":{"type":"Point","coordinates":[147.39164200000005,-36.28779499999996]},"properties":{"OBJECTID":1219,"Site_ID":"2VIC168","Jurisdiction":"VIC","LGA":"Towong","Site_Name":"Tallangatta Valley Community Hall ","Site_Address":"44 Polmear St, Tallangatta Valley ","Public_Access":"Yes"}},{"type":"Feature","id":1220,"geometry":{"type":"Point","coordinates":[146.29482540000004,-18.715361439999981]},"properties":{"OBJECTID":1220,"Site_ID":"2QLD028","Jurisdiction":"QLD","LGA":"Hinchinbrook","Site_Name":"Forrest Beach Progress Association Community Function Centre","Site_Address":"68 Wattle St, Forrest Beach QLD 4850","Public_Access":"Yes"}},{"type":"Feature","id":1221,"geometry":{"type":"Point","coordinates":[146.06817000000001,-37.190499999999929]},"properties":{"OBJECTID":1221,"Site_ID":"2VIC064","Jurisdiction":"VIC","LGA":"Mansfield","Site_Name":"Goughs Bay Boat Club ","Site_Address":"53 Bayside Boulevard, Goughs Bay","Public_Access":"Yes"}},{"type":"Feature","id":1222,"geometry":{"type":"Point","coordinates":[146.19043800000009,-37.474903999999981]},"properties":{"OBJECTID":1222,"Site_ID":"2VIC065","Jurisdiction":"VIC","LGA":"Mansfield","Site_Name":"Gaffney's Creek Hall ","Site_Address":"7477 Mansfield - Woods Point Road, Gaffneys Creek ","Public_Access":"Yes"}},{"type":"Feature","id":1223,"geometry":{"type":"Point","coordinates":[151.93428000000006,-28.654159999999933]},"properties":{"OBJECTID":1223,"Site_ID":"2QLD024","Jurisdiction":"QLD","LGA":"Southern Downs","Site_Name":"Stanthorpe Civic Centre","Site_Address":"61 Marsh St, Stanthorpe QLD 4380","Public_Access":"Yes"}},{"type":"Feature","id":1224,"geometry":{"type":"Point","coordinates":[146.11311490000003,-36.729177839999977]},"properties":{"OBJECTID":1224,"Site_ID":"2VIC014","Jurisdiction":"VIC","LGA":"Benalla","Site_Name":"Tatong Recreational Reserve","Site_Address":"66 Tiger Hill Rd, Tatong VIC 3673","Public_Access":"Yes"}},{"type":"Feature","id":1225,"geometry":{"type":"Point","coordinates":[135.46754590000012,-34.621556209999937]},"properties":{"OBJECTID":1225,"Site_ID":"2SA005","Jurisdiction":"SA","LGA":"Lower Eyre Peninsula","Site_Name":"Coffin Bay Yacht Club","Site_Address":"146 Esplanade Coffin Bay SA 5607","Public_Access":"Yes"}},{"type":"Feature","id":1226,"geometry":{"type":"Point","coordinates":[152.03277000000003,-28.21166999999997]},"properties":{"OBJECTID":1226,"Site_ID":"2QLD022","Jurisdiction":"QLD","LGA":"Southern Downs","Site_Name":"YMCA Warwick Indoor Recreation and Aquatic Centre","Site_Address":"29 Palmerin St, Warwick","Public_Access":"Yes"}},{"type":"Feature","id":1227,"geometry":{"type":"Point","coordinates":[144.36982000000012,-35.956829999999968]},"properties":{"OBJECTID":1227,"Site_ID":"2VIC031","Jurisdiction":"VIC","LGA":"Campaspe","Site_Name":"Gunbower Hall","Site_Address":"11 Main St, Gunbower, Victoria, 3566","Public_Access":"Yes"}},{"type":"Feature","id":1228,"geometry":{"type":"Point","coordinates":[152.03316000000007,-28.215119999999956]},"properties":{"OBJECTID":1228,"Site_ID":"2QLD023","Jurisdiction":"QLD","LGA":"Southern Downs","Site_Name":"Warwick Town Hall","Site_Address":"72 Palmerin St, Warwick","Public_Access":"Yes"}},{"type":"Feature","id":1229,"geometry":{"type":"Point","coordinates":[143.55362000000002,-35.337749999999971]},"properties":{"OBJECTID":1229,"Site_ID":"2VIC114","Jurisdiction":"VIC","LGA":"Swan Hill","Site_Name":"Swan Hill Aquatic & Recreation Centre","Site_Address":"21 Pritchard St, Swan Hill, 3585","Public_Access":"Yes"}},{"type":"Feature","id":1230,"geometry":{"type":"Point","coordinates":[117.91727000000003,-31.110249999999951]},"properties":{"OBJECTID":1230,"Site_ID":"2WA042","Jurisdiction":"WA","LGA":"Trayning","Site_Name":"Kununoppin Community Centre","Site_Address":"15 Hughes St, Kununoppin, Western Australia (Lot 146 Cnr Glass and Hughes Street)","Public_Access":"Yes"}},{"type":"Feature","id":1231,"geometry":{"type":"Point","coordinates":[144.37354400000004,-35.952229189999969]},"properties":{"OBJECTID":1231,"Site_ID":"2VIC027","Jurisdiction":"VIC","LGA":"Campaspe","Site_Name":"Gunbower Recreation Reserve","Site_Address":"26 Gunbower Island Rd, Gunbower, Victoria, 3566","Public_Access":"Yes"}},{"type":"Feature","id":1232,"geometry":{"type":"Point","coordinates":[118.28052000000002,-31.476309999999955]},"properties":{"OBJECTID":1232,"Site_ID":"2WA048","Jurisdiction":"WA","LGA":"Merredin","Site_Name":"Merredin Regional Community and Leisure Centre","Site_Address":"Lot 684 Bates St, Merredin","Public_Access":"Yes"}},{"type":"Feature","id":1233,"geometry":{"type":"Point","coordinates":[142.63605750000011,-36.627792489999933]},"properties":{"OBJECTID":1233,"Site_ID":"2VIC173","Jurisdiction":"VIC","LGA":"Yarriambiack","Site_Name":"Rupanyup Community Centre","Site_Address":"25 Gibson St, Rupanyup VIC 3388","Public_Access":"Yes"}},{"type":"Feature","id":1234,"geometry":{"type":"Point","coordinates":[142.36369830000001,-35.732150009999941]},"properties":{"OBJECTID":1234,"Site_ID":"2VIC174","Jurisdiction":"VIC","LGA":"Yarriambiack","Site_Name":"Hopetoun Football Club","Site_Address":"29 Strachan St, Hopetoun VIC 3396","Public_Access":"Yes"}},{"type":"Feature","id":1235,"geometry":{"type":"Point","coordinates":[142.02659000000006,-36.454459999999983]},"properties":{"OBJECTID":1235,"Site_ID":"2VIC049","Jurisdiction":"VIC","LGA":"Hindmarsh","Site_Name":"Dimboola Library","Site_Address":"101 Lloyd St Dimboola Vic 3414","Public_Access":"Yes"}},{"type":"Feature","id":1236,"geometry":{"type":"Point","coordinates":[151.73409400000003,-29.731259999999963]},"properties":{"OBJECTID":1236,"Site_ID":"2NSW055","Jurisdiction":"NSW","LGA":"Glenn Innes Severn","Site_Name":"Glen Innes Indoor Sports Centre","Site_Address":"189 Herbert St, Glen Innes NSW, 2370","Public_Access":"Yes"}},{"type":"Feature","id":1237,"geometry":{"type":"Point","coordinates":[144.75225000000012,-36.143329999999935]},"properties":{"OBJECTID":1237,"Site_ID":"2VIC017","Jurisdiction":"VIC","LGA":"Campaspe","Site_Name":"Echuca Stadium","Site_Address":"244 High St, Echuca, Victoria, 3564","Public_Access":"Yes"}},{"type":"Feature","id":1238,"geometry":{"type":"Point","coordinates":[151.50542940000003,-30.645697699999971]},"properties":{"OBJECTID":1238,"Site_ID":"2NSW069","Jurisdiction":"NSW","LGA":"Uralla","Site_Name":"Uralla Showgrounds","Site_Address":"King St, Uralla NSW 2358","Public_Access":"Yes"}},{"type":"Feature","id":1239,"geometry":{"type":"Point","coordinates":[116.53617000000008,-31.389399999999966]},"properties":{"OBJECTID":1239,"Site_ID":"2WA013","Jurisdiction":"WA","LGA":"Toodyay","Site_Name":"Bejoording Fire Station/Bejoording Community Group","Site_Address":"56 Bejoording Rd, Bejoording WA 6566","Public_Access":"Yes"}},{"type":"Feature","id":1240,"geometry":{"type":"Point","coordinates":[144.31518300000005,-37.384519999999952]},"properties":{"OBJECTID":1240,"Site_ID":"2VIC156","Jurisdiction":"VIC","LGA":"Hepburn","Site_Name":"Trentham Football and Netball Club","Site_Address":"25 Falls Rd, Trentham VIC 3458","Public_Access":"Yes"}},{"type":"Feature","id":1241,"geometry":{"type":"Point","coordinates":[152.97797000000003,-31.189199999999971]},"properties":{"OBJECTID":1241,"Site_ID":"2NSW063","Jurisdiction":"NSW","LGA":"Kempsey","Site_Name":"Crescent Head Country Club","Site_Address":"1 Rankine St, Crescent Head, NSW 2440","Public_Access":"Yes"}},{"type":"Feature","id":1242,"geometry":{"type":"Point","coordinates":[116.04407000000003,-31.034539999999936]},"properties":{"OBJECTID":1242,"Site_ID":"2WA047","Jurisdiction":"WA","LGA":"Victoria Plains","Site_Name":"Mogumber Hall","Site_Address":"Bindoon Moora Rd Mogumber 6506","Public_Access":"Yes"}},{"type":"Feature","id":1243,"geometry":{"type":"Point","coordinates":[146.20555830000012,-38.657394799999963]},"properties":{"OBJECTID":1243,"Site_ID":"2VIC098","Jurisdiction":"VIC","LGA":"South Gippsland","Site_Name":"Foster Basketball Stadium ","Site_Address":"Station St, Foster","Public_Access":"Yes"}},{"type":"Feature","id":1244,"geometry":{"type":"Point","coordinates":[141.9402821000001,-36.742593329999977]},"properties":{"OBJECTID":1244,"Site_ID":"2VIC053","Jurisdiction":"VIC","LGA":"Horsham","Site_Name":"Natimuk Soldiers Memorial Hall","Site_Address":"101 Main St, Natimuk","Public_Access":"Yes"}},{"type":"Feature","id":1245,"geometry":{"type":"Point","coordinates":[144.30643800000007,-37.472762999999929]},"properties":{"OBJECTID":1245,"Site_ID":"2VIC075","Jurisdiction":"VIC","LGA":"Moorabool","Site_Name":"Blackwood CFA","Site_Address":"2 Terrill St, Blackwood, 3458","Public_Access":"Yes"}},{"type":"Feature","id":1246,"geometry":{"type":"Point","coordinates":[142.32325570000012,-36.946485049999978]},"properties":{"OBJECTID":1246,"Site_ID":"2VIC052","Jurisdiction":"VIC","LGA":"Horsham","Site_Name":"Laharum Community Hall","Site_Address":"1574 Northern Grampians Rd, Laharum","Public_Access":"Yes"}},{"type":"Feature","id":1247,"geometry":{"type":"Point","coordinates":[116.03691000000003,-30.912359999999978]},"properties":{"OBJECTID":1247,"Site_ID":"2WA045","Jurisdiction":"WA","LGA":"Victoria Plains","Site_Name":"Gillingarra Hall","Site_Address":"5572 Bindoon Moora Rd, Gillingarra WA 6510","Public_Access":"Yes"}},{"type":"Feature","id":1248,"geometry":{"type":"Point","coordinates":[142.51528770000004,-36.918295099999966]},"properties":{"OBJECTID":1248,"Site_ID":"2VIC051","Jurisdiction":"VIC","LGA":"Horsham","Site_Name":"Dadswells Bridge Public Hall","Site_Address":"5820 Western Highway, Dadswells Bridge","Public_Access":"Yes"}},{"type":"Feature","id":1249,"geometry":{"type":"Point","coordinates":[129.52024100000006,-14.241204999999979]},"properties":{"OBJECTID":1249,"Site_ID":"2NTG032","Jurisdiction":"NT","LGA":"West Daly","Site_Name":"Port Keats (Wadeye) Health Clinic","Site_Address":"(Lot 490) 84 Perdjert St, Wadeye (Port Keats) NT 0822 ","Public_Access":"Yes"}},{"type":"Feature","id":1250,"geometry":{"type":"Point","coordinates":[129.52090300000009,-14.239995999999962]},"properties":{"OBJECTID":1250,"Site_ID":"2NTG033","Jurisdiction":"NT","LGA":"West Daly","Site_Name":"Port Keats (Wadeye) Police Station","Site_Address":"79 Perdjert St, Wadeye (Port Keats) NT 0822","Public_Access":"Yes"}},{"type":"Feature","id":1251,"geometry":{"type":"Point","coordinates":[152.88777200000004,-27.624791999999957]},"properties":{"OBJECTID":1251,"Site_ID":"2QLD016","Jurisdiction":"QLD","LGA":"Ipswich","Site_Name":"Shiloh Church","Site_Address":"72 Redbank Plains Rd, Goodna QLD","Public_Access":"Yes"}},{"type":"Feature","id":1252,"geometry":{"type":"Point","coordinates":[153.56469880000009,-28.872816549999982]},"properties":{"OBJECTID":1252,"Site_ID":"2NSW001","Jurisdiction":"NSW","LGA":"Ballina","Site_Name":"Richmond Room","Site_Address":"5 Regatta Ave, Ballina NSW 2478","Public_Access":"Yes"}},{"type":"Feature","id":1253,"geometry":{"type":"Point","coordinates":[130.00204700000006,-13.85960799999998]},"properties":{"OBJECTID":1253,"Site_ID":"2NTG037","Jurisdiction":"NT","LGA":"Victoria Daly","Site_Name":"Woodykupildiya Health Centre","Site_Address":"Lot M0026 Woodykupildiya NT 0822","Public_Access":"Yes"}},{"type":"Feature","id":1254,"geometry":{"type":"Point","coordinates":[145.33642470000007,-37.902222309999956]},"properties":{"OBJECTID":1254,"Site_ID":"2VIC142","Jurisdiction":"VIC","LGA":"Yarra Ranges","Site_Name":"Upwey Recreation Reserve","Site_Address":"21-41 Alexander Ave Upwey 3158","Public_Access":"Yes"}},{"type":"Feature","id":1255,"geometry":{"type":"Point","coordinates":[144.59776600000009,-37.454893819999938]},"properties":{"OBJECTID":1255,"Site_ID":"2VIC062","Jurisdiction":"VIC","LGA":"Macedon Ranges","Site_Name":"Macedon Ranges Sports Precinct ","Site_Address":"153B Hamilton Rd, New Gisborne VIC 3438","Public_Access":"Yes"}}]}