{"features":[{"geometry":{"type":"Point","coordinates":[134.75934000000007,-20.40627999999998],"crs":null},"id":1,"type":"Feature","properties":{"bushtel_url":"https://bushtel.nt.gov.au/profile/1022","community_name":"10 MILE","land_council":"CENTRAL LAND COUNCIL","latitude":-20.40628,"local_govt_council":"BARKLY","ward":"ALYAWARR","ntg_region":"BARKLY","community_id":1022,"main_language":"Not recorded","community_aliases":"PALPANG,TEN MILE","population_count":8,"community_type":"Family Outstation","electorate":"BARKLY","population_source":"Homelands Service Provider Report 2023","objectid":1,"longitude":134.75934}},{"geometry":{"type":"Point","coordinates":[132.3765800000001,-22.466669999999965],"crs":null},"id":2,"type":"Feature","properties":{"bushtel_url":"https://bushtel.nt.gov.au/profile/1004","community_name":"10 MILE OUTSTATION","land_council":"CENTRAL LAND COUNCIL","latitude":-22.46667,"local_govt_council":"CENTRAL DESERT","ward":"ANMATJERE","ntg_region":"CENTRAL AUSTRALIA","community_id":1004,"main_language":"Not recorded","community_aliases":"TEN MILE OUTSTATION","population_count":10,"community_type":"Family Outstation","electorate":"GWOJA","population_source":"Homelands Service Provider Report 2023","objectid":2,"longitude":132.37658}},{"geometry":{"type":"Point","coordinates":[133.83248000000003,-23.45763999999997],"crs":null},"id":3,"type":"Feature","properties":{"bushtel_url":"https://bushtel.nt.gov.au/profile/783","community_name":"16 MILE CAMP","land_council":"CENTRAL LAND COUNCIL","latitude":-23.45764,"local_govt_council":"MACDONNELL","ward":"RODINGA","ntg_region":"CENTRAL AUSTRALIA","community_id":783,"main_language":"Not recorded","community_aliases":"ATHENGE-LHERE,BOND SPRINGS","population_count":null,"community_type":"Family Outstation","electorate":"NAMATJIRA","population_source":"Not recorded","objectid":3,"longitude":133.83248}},{"geometry":{"type":"Point","coordinates":[136.54826000000003,-16.08534999999995],"crs":null},"id":4,"type":"Feature","properties":{"bushtel_url":"https://bushtel.nt.gov.au/profile/24993","community_name":"20 MILE","land_council":"NORTHERN LAND COUNCIL","latitude":-16.08535,"local_govt_council":"ROPER GULF","ward":"SOUTH WEST GULF","ntg_region":"BIG RIVERS","community_id":24993,"main_language":"Not recorded","community_aliases":"WUMAYALINJA","population_count":6,"community_type":"Family Outstation","electorate":"BARKLY","population_source":"Homelands Service Provider Report 2023","objectid":4,"longitude":136.54826}},{"geometry":{"type":"Point","coordinates":[130.59548000000007,-11.777979999999957],"crs":null},"id":5,"type":"Feature","properties":{"bushtel_url":"https://bushtel.nt.gov.au/profile/1006","community_name":"4 MILE CAMP","land_council":"TIWI LAND COUNCIL","latitude":-11.77798,"local_govt_council":"TIWI ISLANDS","ward":"BATHURST ISLAND WARD","ntg_region":"TOP END","community_id":1006,"main_language":"Not recorded","community_aliases":"FOUR MILE CAMP,NGUIU 4 MILE CAMP","population_count":7,"community_type":"Family Outstation","electorate":"ARAFURA","population_source":"Homelands Service Provider Report 2023","objectid":5,"longitude":130.59548}},{"geometry":{"type":"Point","coordinates":[131.98296000000005,-23.23264999999998],"crs":null},"id":6,"type":"Feature","properties":{"bushtel_url":"https://bushtel.nt.gov.au/profile/759","community_name":"5 MILE BORE","land_council":"CENTRAL LAND COUNCIL","latitude":-23.23265,"local_govt_council":"MACDONNELL","ward":"LURITJA PINTUBI","ntg_region":"CENTRAL AUSTRALIA","community_id":759,"main_language":"Not recorded","community_aliases":"5 MILE","population_count":24,"community_type":"Family Outstation","electorate":"GWOJA","population_source":"Homelands Service Provider Report 2023","objectid":6,"longitude":131.98296}},{"geometry":{"type":"Point","coordinates":[131.17150000000004,-12.814199999999971],"crs":null},"id":7,"type":"Feature","properties":{"bushtel_url":"https://bushtel.nt.gov.au/profile/279","community_name":"ACACIA LARRAKIA","land_council":"NORTHERN LAND COUNCIL","latitude":-12.8142,"local_govt_council":"LITCHFIELD","ward":"SOUTH WARD","ntg_region":"DARWIN, PALMERSTON, LITCHFIELD","community_id":279,"main_language":"Kriol","community_aliases":"ACACIA GAP","population_count":null,"community_type":"Family Outstation","electorate":"GOYDER","population_source":"Not recorded","objectid":7,"longitude":131.1715}},{"geometry":{"type":"Point","coordinates":[131.97531000000004,-11.241669999999942],"crs":null},"id":8,"type":"Feature","properties":{"bushtel_url":"https://bushtel.nt.gov.au/profile/979","community_name":"ADBANAE","land_council":"NORTHERN LAND COUNCIL","latitude":-11.24167,"local_govt_council":"WEST ARNHEM","ward":"BARRAH","ntg_region":"TOP END","community_id":979,"main_language":"Not recorded","community_aliases":"TREPANG BAY","population_count":null,"community_type":"Family Outstation","electorate":"ARAFURA","population_source":"Not recorded","objectid":8,"longitude":131.97531}},{"geometry":{"type":"Point","coordinates":[133.9360700000001,-22.214849999999956],"crs":null},"id":9,"type":"Feature","properties":{"bushtel_url":"https://bushtel.nt.gov.au/profile/1","community_name":"ADELAIDE BORE","land_council":"CENTRAL LAND COUNCIL","latitude":-22.21485,"local_govt_council":"CENTRAL DESERT","ward":"ANMATJERE","ntg_region":"CENTRAL AUSTRALIA","community_id":1,"main_language":"Not recorded","community_aliases":"WOOLA,WOOLLA","population_count":14,"community_type":"Family Outstation","electorate":"BARKLY","population_source":"Homelands Service Provider Report 2023","objectid":9,"longitude":133.93607}},{"geometry":{"type":"Point","coordinates":[131.10473000000002,-13.237799999999936],"crs":null},"id":10,"type":"Feature","properties":{"bushtel_url":"https://bushtel.nt.gov.au/profile/10153","community_name":"ADELAIDE RIVER","land_council":"NORTHERN LAND COUNCIL","latitude":-13.2378,"local_govt_council":"COOMALIE","ward":"ADELAIDE RIVER WARD","ntg_region":"TOP END","community_id":10153,"main_language":"Not recorded","community_aliases":"No aliases recorded with NTG DIPL","population_count":null,"community_type":"Village","electorate":"DALY","population_source":"Not recorded","objectid":10,"longitude":131.10473}},{"geometry":{"type":"Point","coordinates":[132.47559,-11.15181999999993],"crs":null},"id":11,"type":"Feature","properties":{"bushtel_url":"https://bushtel.nt.gov.au/profile/895","community_name":"ADJAMARRAGU","land_council":"NORTHERN LAND COUNCIL","latitude":-11.15182,"local_govt_council":"WEST ARNHEM","ward":"BARRAH","ntg_region":"TOP END","community_id":895,"main_language":"Not recorded","community_aliases":"No aliases recorded with NTG DIPL","population_count":null,"community_type":"Family Outstation","electorate":"ARAFURA","population_source":"Not recorded","objectid":11,"longitude":132.47559}},{"geometry":{"type":"Point","coordinates":[136.19361000000004,-23.059919999999977],"crs":null},"id":12,"type":"Feature","properties":{"bushtel_url":"https://bushtel.nt.gov.au/profile/787","community_name":"AKARNENEHE WELL","land_council":"CENTRAL LAND COUNCIL","latitude":-23.05992,"local_govt_council":"CENTRAL DESERT","ward":"AKITYARRE","ntg_region":"CENTRAL AUSTRALIA","community_id":787,"main_language":"Not recorded","community_aliases":"APIWENTYE","population_count":null,"community_type":"Family Outstation","electorate":"NAMATJIRA","population_source":"Not recorded","objectid":12,"longitude":136.19361}},{"geometry":{"type":"Point","coordinates":[133.86120000000005,-23.692799999999977],"crs":null},"id":13,"type":"Feature","properties":{"bushtel_url":"https://bushtel.nt.gov.au/profile/3","community_name":"AKNGWERTNARRE","land_council":"CENTRAL LAND COUNCIL","latitude":-23.6928,"local_govt_council":"ALICE SPRINGS","ward":"Not recorded","ntg_region":"CENTRAL AUSTRALIA","community_id":3,"main_language":"Not recorded","community_aliases":"MORRIS SOAK","population_count":null,"community_type":"Town Camp","electorate":"BRAITLING","population_source":"Not recorded","objectid":13,"longitude":133.8612}},{"geometry":{"type":"Point","coordinates":[136.77866000000006,-13.863459999999975],"crs":null},"id":14,"type":"Feature","properties":{"bushtel_url":"https://bushtel.nt.gov.au/profile/959","community_name":"AKWALIRRUMANJA","land_council":"ANINDILYAKWA LAND COUNCIL","latitude":-13.86346,"local_govt_council":"EAST ARNHEM","ward":"ANINDILYAKWA","ntg_region":"EAST ARNHEM","community_id":959,"main_language":"Not recorded","community_aliases":"4 MILE,FOUR MILE","population_count":35,"community_type":"Family Outstation","electorate":"ARNHEM","population_source":"Homelands Service Provider Report 2023","objectid":14,"longitude":136.77866}},{"geometry":{"type":"Point","coordinates":[132.52835000000005,-11.067449999999951],"crs":null},"id":15,"type":"Feature","properties":{"bushtel_url":"https://bushtel.nt.gov.au/profile/280","community_name":"ALAMIRRA","land_council":"NORTHERN LAND COUNCIL","latitude":-11.06745,"local_govt_council":"WEST ARNHEM","ward":"BARRAH","ntg_region":"TOP END","community_id":280,"main_language":"Not recorded","community_aliases":"ALAMIRR","population_count":4,"community_type":"Family Outstation","electorate":"ARAFURA","population_source":"Homelands Service Provider Report 2023","objectid":15,"longitude":132.52835}},{"geometry":{"type":"Point","coordinates":[134.21897,-23.097329999999943],"crs":null},"id":16,"type":"Feature","properties":{"bushtel_url":"https://bushtel.nt.gov.au/profile/693","community_name":"ALATYEYE","land_council":"CENTRAL LAND COUNCIL","latitude":-23.09733,"local_govt_council":"CENTRAL DESERT","ward":"ANMATJERE","ntg_region":"CENTRAL AUSTRALIA","community_id":693,"main_language":"Not recorded","community_aliases":"TURNERS CAMP","population_count":3,"community_type":"Family Outstation","electorate":"NAMATJIRA","population_source":"Homelands Service Provider Report 2023","objectid":16,"longitude":134.21897}},{"geometry":{"type":"Point","coordinates":[136.05261000000007,-13.675069999999948],"crs":null},"id":17,"type":"Feature","properties":{"bushtel_url":"https://bushtel.nt.gov.au/profile/441","community_name":"ALHARRGAN","land_council":"NORTHERN LAND COUNCIL","latitude":-13.67507,"local_govt_council":"ROPER GULF","ward":"NUMBULWAR NUMBURINDI","ntg_region":"BIG RIVERS","community_id":441,"main_language":"Not recorded","community_aliases":"CAPE BARROW","population_count":6,"community_type":"Family Outstation","electorate":"ARNHEM","population_source":"Homelands Service Provider Report 2023","objectid":17,"longitude":136.05261}},{"geometry":{"type":"Point","coordinates":[134.40694000000008,-21.00332999999995],"crs":null},"id":18,"type":"Feature","properties":{"bushtel_url":"https://bushtel.nt.gov.au/profile/202","community_name":"ALI CURUNG","land_council":"CENTRAL LAND COUNCIL","latitude":-21.00333,"local_govt_council":"BARKLY","ward":"ALYAWARR","ntg_region":"BARKLY","community_id":202,"main_language":"Warlpiri, Alyawarr, Kaytetye and Warumungu.\r\n","community_aliases":"ALE-KERANGE,ALEKARENGE,WARRABRI,WARRIBRI","population_count":463,"community_type":"Major","electorate":"BARKLY","population_source":"Based on ABS 2021 Census SA1","objectid":18,"longitude":134.40694}},{"geometry":{"type":"Point","coordinates":[133.88070000000005,-23.69939999999997],"crs":null},"id":19,"type":"Feature","properties":{"bushtel_url":"https://bushtel.nt.gov.au/profile/10219","community_name":"ALICE SPRINGS","land_council":"CENTRAL LAND COUNCIL","latitude":-23.6994,"local_govt_council":"ALICE SPRINGS","ward":"Not recorded","ntg_region":"CENTRAL AUSTRALIA","community_id":10219,"main_language":"Not recorded","community_aliases":"No aliases recorded with NTG DIPL","population_count":null,"community_type":"Town","electorate":"BRAITLING","population_source":"Not recorded","objectid":19,"longitude":133.8807}},{"geometry":{"type":"Point","coordinates":[134.22962000000007,-24.88122999999996],"crs":null},"id":20,"type":"Feature","properties":{"bushtel_url":"https://bushtel.nt.gov.au/profile/852","community_name":"ALICE WELL","land_council":"CENTRAL LAND COUNCIL","latitude":-24.88123,"local_govt_council":"MACDONNELL","ward":"RODINGA","ntg_region":"CENTRAL AUSTRALIA","community_id":852,"main_language":"Not recorded","community_aliases":"RITJINGKA","population_count":6,"community_type":"Family Outstation","electorate":"NAMATJIRA","population_source":"Homelands Service Provider Report 2023","objectid":20,"longitude":134.22962}},{"geometry":{"type":"Point","coordinates":[131.82924000000003,-23.273559999999975],"crs":null},"id":21,"type":"Feature","properties":{"bushtel_url":"https://bushtel.nt.gov.au/profile/4","community_name":"ALKIPI","land_council":"CENTRAL LAND COUNCIL","latitude":-23.27356,"local_govt_council":"MACDONNELL","ward":"LURITJA PINTUBI","ntg_region":"CENTRAL AUSTRALIA","community_id":4,"main_language":"Not recorded","community_aliases":"ALKIPIE,ALKPIE,MOUNT LARRY,YALKIPI","population_count":null,"community_type":"Family Outstation","electorate":"GWOJA","population_source":"Not recorded","objectid":21,"longitude":131.82924}},{"geometry":{"type":"Point","coordinates":[132.46233000000007,-23.956019999999967],"crs":null},"id":22,"type":"Feature","properties":{"bushtel_url":"https://bushtel.nt.gov.au/profile/769","community_name":"ALKNGARRIINTJA","land_council":"CENTRAL LAND COUNCIL","latitude":-23.95602,"local_govt_council":"MACDONNELL","ward":"LJIRAPINTA","ntg_region":"CENTRAL AUSTRALIA","community_id":769,"main_language":"Not recorded","community_aliases":"ALKNGARINTJA,ILKILALAMA NO.2","population_count":8,"community_type":"Family Outstation","electorate":"GWOJA","population_source":"Homelands Service Provider Report 2023","objectid":22,"longitude":132.46233}},{"geometry":{"type":"Point","coordinates":[133.69436000000007,-23.06532999999996],"crs":null},"id":23,"type":"Feature","properties":{"bushtel_url":"https://bushtel.nt.gov.au/profile/714","community_name":"ALKUPTIJA","land_council":"CENTRAL LAND COUNCIL","latitude":-23.06533,"local_govt_council":"MACDONNELL","ward":"RODINGA","ntg_region":"CENTRAL AUSTRALIA","community_id":714,"main_language":"Not recorded","community_aliases":"ALKUPITJA,GILLAN BORE,GILLANS BORE,GILLEN BORE","population_count":31,"community_type":"Family Outstation","electorate":"NAMATJIRA","population_source":"Homelands Service Provider Report 2023","objectid":23,"longitude":133.69436}},{"geometry":{"type":"Point","coordinates":[131.21242000000007,-25.915259999999932],"crs":null},"id":24,"type":"Feature","properties":{"bushtel_url":"https://bushtel.nt.gov.au/profile/7","community_name":"ALPARA","land_council":"CENTRAL LAND COUNCIL","latitude":-25.91526,"local_govt_council":"MACDONNELL","ward":"IYARRKA","ntg_region":"CENTRAL AUSTRALIA","community_id":7,"main_language":"Not recorded","community_aliases":"No aliases recorded with NTG DIPL","population_count":null,"community_type":"Family Outstation","electorate":"GWOJA","population_source":"Not recorded","objectid":24,"longitude":131.21242}},{"geometry":{"type":"Point","coordinates":[137.8474900000001,-20.98416999999995],"crs":null},"id":25,"type":"Feature","properties":{"bushtel_url":"https://bushtel.nt.gov.au/profile/203","community_name":"ALPURRURULAM","land_council":"CENTRAL LAND COUNCIL","latitude":-20.98417,"local_govt_council":"BARKLY","ward":"ALPURRURULAM","ntg_region":"BARKLY","community_id":203,"main_language":"Alyawarr","community_aliases":"ILPERRELHELAM,LAKE NASH,WART ALPARAYETYE","population_count":411,"community_type":"Major","electorate":"BARKLY","population_source":"Based on ABS 2021 Census SA1","objectid":25,"longitude":137.84749}},{"geometry":{"type":"Point","coordinates":[136.41910000000007,-13.850599999999929],"crs":null},"id":26,"type":"Feature","properties":{"bushtel_url":"https://bushtel.nt.gov.au/profile/10270","community_name":"ALYANGULA","land_council":"ANINDILYAKWA LAND COUNCIL","latitude":-13.8506,"local_govt_council":"UN-INCORPORATED (ALYANGULA)","ward":"Not recorded","ntg_region":"EAST ARNHEM","community_id":10270,"main_language":"Not recorded","community_aliases":"ALYANGULA TOWN","population_count":null,"community_type":"Town","electorate":"ARNHEM","population_source":"Not recorded","objectid":26,"longitude":136.4191}},{"geometry":{"type":"Point","coordinates":[134.49332000000004,-23.70775999999995],"crs":null},"id":27,"type":"Feature","properties":{"bushtel_url":"https://bushtel.nt.gov.au/profile/24991","community_name":"ALYARPERE","land_council":"CENTRAL LAND COUNCIL","latitude":-23.70776,"local_govt_council":"MACDONNELL","ward":"RODINGA","ntg_region":"CENTRAL AUSTRALIA","community_id":24991,"main_language":"Not recorded","community_aliases":"SHANNON BORE","population_count":4,"community_type":"Family Outstation","electorate":"NAMATJIRA","population_source":"Homelands Service Provider Report 2023","objectid":27,"longitude":134.49332}},{"geometry":{"type":"Point","coordinates":[136.81691000000012,-13.809339999999963],"crs":null},"id":28,"type":"Feature","properties":{"bushtel_url":"https://bushtel.nt.gov.au/profile/442","community_name":"ALYINGBERRMA","land_council":"ANINDILYAKWA LAND COUNCIL","latitude":-13.80934,"local_govt_council":"EAST ARNHEM","ward":"ANINDILYAKWA","ntg_region":"EAST ARNHEM","community_id":442,"main_language":"Not recorded","community_aliases":"ALYINGBARRUMA,QANTAS","population_count":null,"community_type":"Family Outstation","electorate":"ARNHEM","population_source":"Not recorded","objectid":28,"longitude":136.81691}},{"geometry":{"type":"Point","coordinates":[133.35147000000006,-22.66948999999994],"crs":null},"id":29,"type":"Feature","properties":{"bushtel_url":"https://bushtel.nt.gov.au/profile/2","community_name":"ALYUEN","land_council":"CENTRAL LAND COUNCIL","latitude":-22.66949,"local_govt_council":"CENTRAL DESERT","ward":"ANMATJERE","ntg_region":"CENTRAL AUSTRALIA","community_id":2,"main_language":"Not recorded","community_aliases":"AILERON,ALUM,ALUM CAMP","population_count":12,"community_type":"Family Outstation","electorate":"BARKLY","population_source":"Homelands Service Provider Report 2023","objectid":29,"longitude":133.35147}},{"geometry":{"type":"Point","coordinates":[129.61890000000005,-16.42805999999996],"crs":null},"id":30,"type":"Feature","properties":{"bushtel_url":"https://bushtel.nt.gov.au/profile/622","community_name":"AMANBIDJI","land_council":"NORTHERN LAND COUNCIL","latitude":-16.42806,"local_govt_council":"VICTORIA DALY","ward":"TIMBER CREEK","ntg_region":"BIG RIVERS","community_id":622,"main_language":"Ngarinyman / Kriol","community_aliases":"AMANBIDGEE STATION,KILDURK,MIALUNI","population_count":88,"community_type":"Major","electorate":"GWOJA","population_source":"Based on ABS 2021 Census SA1","objectid":30,"longitude":129.6189}},{"geometry":{"type":"Point","coordinates":[136.69486000000006,-13.926409999999976],"crs":null},"id":31,"type":"Feature","properties":{"bushtel_url":"https://bushtel.nt.gov.au/profile/445","community_name":"AMANBURNUNGA","land_council":"ANINDILYAKWA LAND COUNCIL","latitude":-13.92641,"local_govt_council":"EAST ARNHEM","ward":"ANINDILYAKWA","ntg_region":"EAST ARNHEM","community_id":445,"main_language":"Not recorded","community_aliases":"AMENGUNUA,SALT LAKE","population_count":null,"community_type":"Family Outstation","electorate":"ARNHEM","population_source":"Not recorded","objectid":31,"longitude":136.69486}},{"geometry":{"type":"Point","coordinates":[131.10410000000002,-13.24449999999996],"crs":null},"id":32,"type":"Feature","properties":{"bushtel_url":"https://bushtel.nt.gov.au/profile/427","community_name":"AMANGAL INDIGENOUS VILLAGE","land_council":"NORTHERN LAND COUNCIL","latitude":-13.2445,"local_govt_council":"COOMALIE","ward":"ADELAIDE RIVER WARD","ntg_region":"TOP END","community_id":427,"main_language":"Not recorded","community_aliases":"ADELAIDE RIVER COMMUNITY,ADELAIDE RIVER TOWN CAMP,WAIRIA ASSOC","population_count":null,"community_type":"Town Camp","electorate":"DALY","population_source":"Not recorded","objectid":32,"longitude":131.1041}},{"geometry":{"type":"Point","coordinates":[133.45508000000007,-11.594879999999932],"crs":null},"id":33,"type":"Feature","properties":{"bushtel_url":"https://bushtel.nt.gov.au/profile/282","community_name":"AMATJATPALK","land_council":"NORTHERN LAND COUNCIL","latitude":-11.59488,"local_govt_council":"WEST ARNHEM","ward":"BARRAH","ntg_region":"TOP END","community_id":282,"main_language":"Not recorded","community_aliases":"AMADJI BALK,AMADJIBAL,AMADJIBALK,GOULBURN ISLAND,SOUTH GOULBURN","population_count":null,"community_type":"Family Outstation","electorate":"ARAFURA","population_source":"Not recorded","objectid":33,"longitude":133.45508}},{"geometry":{"type":"Point","coordinates":[134.84166000000005,-21.89766999999995],"crs":null},"id":34,"type":"Feature","properties":{"bushtel_url":"https://bushtel.nt.gov.au/profile/104","community_name":"AMENGERNTERNEAH","land_council":"CENTRAL LAND COUNCIL","latitude":-21.89767,"local_govt_council":"BARKLY","ward":"ALYAWARR","ntg_region":"BARKLY","community_id":104,"main_language":"Not recorded","community_aliases":"HEALTH CENTRE,MINGINTIRNINA,URAPENTYE,URAPUNTJA HEALTH CENTRE,UTOPIA CLINIC","population_count":null,"community_type":"Family Outstation","electorate":"BARKLY","population_source":"Not recorded","objectid":34,"longitude":134.84166}},{"geometry":{"type":"Point","coordinates":[136.85787000000005,-13.908679999999947],"crs":null},"id":35,"type":"Feature","properties":{"bushtel_url":"https://bushtel.nt.gov.au/profile/446","community_name":"AMIRRABA","land_council":"ANINDILYAKWA LAND COUNCIL","latitude":-13.90868,"local_govt_council":"EAST ARNHEM","ward":"ANINDILYAKWA","ntg_region":"EAST ARNHEM","community_id":446,"main_language":"Not recorded","community_aliases":"8 MILE,EIGHT MILE","population_count":null,"community_type":"Family Outstation","electorate":"ARNHEM","population_source":"Not recorded","objectid":35,"longitude":136.85787}},{"geometry":{"type":"Point","coordinates":[133.93599000000006,-23.76631999999995],"crs":null},"id":36,"type":"Feature","properties":{"bushtel_url":"https://bushtel.nt.gov.au/profile/9","community_name":"AMOONGUNA","land_council":"CENTRAL LAND COUNCIL","latitude":-23.76632,"local_govt_council":"MACDONNELL","ward":"RODINGA","ntg_region":"CENTRAL AUSTRALIA","community_id":9,"main_language":"Eastern Arrente","community_aliases":"No aliases recorded with NTG DIPL","population_count":269,"community_type":"Major","electorate":"NAMATJIRA","population_source":"Based on ABS 2021 Census SA1","objectid":36,"longitude":133.93599}},{"geometry":{"type":"Point","coordinates":[135.22509000000002,-21.65663999999998],"crs":null},"id":37,"type":"Feature","properties":{"bushtel_url":"https://bushtel.nt.gov.au/profile/10","community_name":"AMPILATWATJA","land_council":"CENTRAL LAND COUNCIL","latitude":-21.65664,"local_govt_council":"BARKLY","ward":"ALYAWARR","ntg_region":"BARKLY","community_id":10,"main_language":"Alyawarr","community_aliases":"AHARRENG,AHERRE,AMMARO,AMMAROO,AMPERLATWATYE","population_count":515,"community_type":"Major","electorate":"BARKLY","population_source":"Based on ABS 2021 Census SA1","objectid":37,"longitude":135.22509}},{"geometry":{"type":"Point","coordinates":[129.12287000000003,-24.92955999999998],"crs":null},"id":38,"type":"Feature","properties":{"bushtel_url":"https://bushtel.nt.gov.au/profile/11","community_name":"AMPUTJUTA","land_council":"CENTRAL LAND COUNCIL","latitude":-24.92956,"local_govt_council":"MACDONNELL","ward":"IYARRKA","ntg_region":"CENTRAL AUSTRALIA","community_id":11,"main_language":"Not recorded","community_aliases":"UMPUTJUTA","population_count":null,"community_type":"Family Outstation","electorate":"GWOJA","population_source":"Not recorded","objectid":38,"longitude":129.12287}},{"geometry":{"type":"Point","coordinates":[131.42343000000005,-23.271429999999953],"crs":null},"id":39,"type":"Feature","properties":{"bushtel_url":"https://bushtel.nt.gov.au/profile/761","community_name":"AMUNDURNGUA","land_council":"CENTRAL LAND COUNCIL","latitude":-23.27143,"local_govt_council":"MACDONNELL","ward":"LURITJA PINTUBI","ntg_region":"CENTRAL AUSTRALIA","community_id":761,"main_language":"Not recorded","community_aliases":"No aliases recorded with NTG DIPL","population_count":10,"community_type":"Family Outstation","electorate":"GWOJA","population_source":"Homelands Service Provider Report 2023","objectid":39,"longitude":131.42343}},{"geometry":{"type":"Point","coordinates":[135.76503000000002,-13.60961999999995],"crs":null},"id":40,"type":"Feature","properties":{"bushtel_url":"https://bushtel.nt.gov.au/profile/449","community_name":"ANDANANGKI","land_council":"NORTHERN LAND COUNCIL","latitude":-13.60962,"local_govt_council":"ROPER GULF","ward":"NUMBULWAR NUMBURINDI","ntg_region":"BIG RIVERS","community_id":449,"main_language":"Not recorded","community_aliases":"ANDANANGGKI,ANDANANKI,ANDHANANGGI,WALKER RIVER","population_count":10,"community_type":"Family Outstation","electorate":"ARNHEM","population_source":"Homelands Service Provider Report 2023","objectid":40,"longitude":135.76503}},{"geometry":{"type":"Point","coordinates":[132.27377,-25.034469999999942],"crs":null},"id":41,"type":"Feature","properties":{"bushtel_url":"https://bushtel.nt.gov.au/profile/13","community_name":"ANGAS DOWNS","land_council":"CENTRAL LAND COUNCIL","latitude":-25.03447,"local_govt_council":"MACDONNELL","ward":"IYARRKA","ntg_region":"CENTRAL AUSTRALIA","community_id":13,"main_language":"Not recorded","community_aliases":"ANGUS DOWNS","population_count":2,"community_type":"Family Outstation","electorate":"GWOJA","population_source":"Homelands Service Provider Report 2023","objectid":41,"longitude":132.27377}},{"geometry":{"type":"Point","coordinates":[133.72750000000008,-23.744999999999948],"crs":null},"id":42,"type":"Feature","properties":{"bushtel_url":"https://bushtel.nt.gov.au/profile/916","community_name":"ANGATYEPE","land_council":"CENTRAL LAND COUNCIL","latitude":-23.745,"local_govt_council":"MACDONNELL","ward":"RODINGA","ntg_region":"CENTRAL AUSTRALIA","community_id":916,"main_language":"Not recorded","community_aliases":"No aliases recorded with NTG DIPL","population_count":21,"community_type":"Family Outstation","electorate":"NAMATJIRA","population_source":"Homelands Service Provider Report 2023","objectid":42,"longitude":133.7275}},{"geometry":{"type":"Point","coordinates":[133.48008000000004,-23.74598999999995],"crs":null},"id":43,"type":"Feature","properties":{"bushtel_url":"https://bushtel.nt.gov.au/profile/917","community_name":"ANGKERLE ARRENGE (A)","land_council":"CENTRAL LAND COUNCIL","latitude":-23.74599,"local_govt_council":"MACDONNELL","ward":"RODINGA","ntg_region":"CENTRAL AUSTRALIA","community_id":917,"main_language":"Not recorded","community_aliases":"No aliases recorded with NTG DIPL","population_count":16,"community_type":"Family Outstation","electorate":"NAMATJIRA","population_source":"Homelands Service Provider Report 2023","objectid":43,"longitude":133.48008}},{"geometry":{"type":"Point","coordinates":[133.47969000000012,-23.738939999999957],"crs":null},"id":44,"type":"Feature","properties":{"bushtel_url":"https://bushtel.nt.gov.au/profile/918","community_name":"ANGKERLE ARRENGE (B)","land_council":"CENTRAL LAND COUNCIL","latitude":-23.73894,"local_govt_council":"MACDONNELL","ward":"RODINGA","ntg_region":"CENTRAL AUSTRALIA","community_id":918,"main_language":"Not recorded","community_aliases":"No aliases recorded with NTG DIPL","population_count":3,"community_type":"Family Outstation","electorate":"NAMATJIRA","population_source":"Homelands Service Provider Report 2023","objectid":44,"longitude":133.47969}},{"geometry":{"type":"Point","coordinates":[134.21675000000005,-22.55780999999996],"crs":null},"id":45,"type":"Feature","properties":{"bushtel_url":"https://bushtel.nt.gov.au/profile/12","community_name":"ANGULA","land_council":"CENTRAL LAND COUNCIL","latitude":-22.55781,"local_govt_council":"CENTRAL DESERT","ward":"ANMATJERE","ntg_region":"CENTRAL AUSTRALIA","community_id":12,"main_language":"Not recorded","community_aliases":"ANGKOLA,ANGKULA","population_count":6,"community_type":"Family Outstation","electorate":"BARKLY","population_source":"Homelands Service Provider Report 2023","objectid":45,"longitude":134.21675}},{"geometry":{"type":"Point","coordinates":[136.46057000000008,-13.982239999999933],"crs":null},"id":46,"type":"Feature","properties":{"bushtel_url":"https://bushtel.nt.gov.au/profile/451","community_name":"ANGURUGU","land_council":"ANINDILYAKWA LAND COUNCIL","latitude":-13.98224,"local_govt_council":"EAST ARNHEM","ward":"ANINDILYAKWA","ntg_region":"EAST ARNHEM","community_id":451,"main_language":"Anindilyakwa","community_aliases":"No aliases recorded with NTG DIPL","population_count":1037,"community_type":"Major","electorate":"ARNHEM","population_source":"Based on ABS 2021 Census SA1","objectid":46,"longitude":136.46057}},{"geometry":{"type":"Point","coordinates":[136.7260900000001,-13.919419999999946],"crs":null},"id":47,"type":"Feature","properties":{"bushtel_url":"https://bushtel.nt.gov.au/profile/960","community_name":"ANGWURA","land_council":"ANINDILYAKWA LAND COUNCIL","latitude":-13.91942,"local_govt_council":"EAST ARNHEM","ward":"ANINDILYAKWA","ntg_region":"EAST ARNHEM","community_id":960,"main_language":"Not recorded","community_aliases":"ANGURRKURRIKBA,ANGUWARRMANJA,CENTRAL LAKE,SALT LAKE","population_count":8,"community_type":"Family Outstation","electorate":"ARNHEM","population_source":"Homelands Service Provider Report 2023","objectid":47,"longitude":136.72609}},{"geometry":{"type":"Point","coordinates":[134.41973000000007,-12.25694999999996],"crs":null},"id":48,"type":"Feature","properties":{"bushtel_url":"https://bushtel.nt.gov.au/profile/285","community_name":"ANKABADBIRRI","land_council":"NORTHERN LAND COUNCIL","latitude":-12.25695,"local_govt_council":"WEST ARNHEM","ward":"MANINGRIDA","ntg_region":"TOP END","community_id":285,"main_language":"Not recorded","community_aliases":"AN-GABARRBIRRIYA,ANGABABIRRAYI","population_count":18,"community_type":"Family Outstation","electorate":"ARAFURA","population_source":"Homelands Service Provider Report 2023","objectid":48,"longitude":134.41973}},{"geometry":{"type":"Point","coordinates":[134.56306000000006,-22.230039999999974],"crs":null},"id":49,"type":"Feature","properties":{"bushtel_url":"https://bushtel.nt.gov.au/profile/170","community_name":"ANKERRAPW","land_council":"CENTRAL LAND COUNCIL","latitude":-22.23004,"local_govt_council":"BARKLY","ward":"ALYAWARR","ntg_region":"BARKLY","community_id":170,"main_language":"Not recorded","community_aliases":"ANGKARRIPA,ANGKWETENGARENYE,ANKARRIPA,OLD UTOPIA HOMESTEAD,UTOPIA HOMESTEAD","population_count":null,"community_type":"Family Outstation","electorate":"BARKLY","population_source":"Not recorded","objectid":49,"longitude":134.56306}},{"geometry":{"type":"Point","coordinates":[133.75517000000002,-21.59674999999993],"crs":null},"id":50,"type":"Feature","properties":{"bushtel_url":"https://bushtel.nt.gov.au/profile/823","community_name":"ANKWELEYELENGKWE","land_council":"CENTRAL LAND COUNCIL","latitude":-21.59675,"local_govt_council":"CENTRAL DESERT","ward":"ANMATJERE","ntg_region":"CENTRAL AUSTRALIA","community_id":823,"main_language":"Not recorded","community_aliases":"AMARELENGKWE,WILD PLUM","population_count":6,"community_type":"Family Outstation","electorate":"BARKLY","population_source":"Homelands Service Provider Report 2023","objectid":50,"longitude":133.75517}},{"geometry":{"type":"Point","coordinates":[134.00116000000003,-21.26168999999993],"crs":null},"id":51,"type":"Feature","properties":{"bushtel_url":"https://bushtel.nt.gov.au/profile/1021","community_name":"ANNERRE","land_council":"CENTRAL LAND COUNCIL","latitude":-21.26169,"local_govt_council":"BARKLY","ward":"ALYAWARR","ntg_region":"BARKLY","community_id":1021,"main_language":"Not recorded","community_aliases":"No aliases recorded with NTG DIPL","population_count":null,"community_type":"Family Outstation","electorate":"BARKLY","population_source":"Not recorded","objectid":51,"longitude":134.00116}},{"geometry":{"type":"Point","coordinates":[133.14445000000012,-21.83472999999998],"crs":null},"id":52,"type":"Feature","properties":{"bushtel_url":"https://bushtel.nt.gov.au/profile/14","community_name":"ANNINGIE","land_council":"CENTRAL LAND COUNCIL","latitude":-21.83473,"local_govt_council":"CENTRAL DESERT","ward":"ANMATJERE","ntg_region":"CENTRAL AUSTRALIA","community_id":14,"main_language":"Not recorded","community_aliases":"YANGINJ","population_count":null,"community_type":"Family Outstation","electorate":"BARKLY","population_source":"Not recorded","objectid":52,"longitude":133.14445}},{"geometry":{"type":"Point","coordinates":[134.40934000000004,-25.663089999999954],"crs":null},"id":53,"type":"Feature","properties":{"bushtel_url":"https://bushtel.nt.gov.au/profile/788","community_name":"ANTERE","land_council":"CENTRAL LAND COUNCIL","latitude":-25.66309,"local_govt_council":"MACDONNELL","ward":"RODINGA","ntg_region":"CENTRAL AUSTRALIA","community_id":788,"main_language":"Not recorded","community_aliases":"COLSONS WELL,GOYDER SR,JOKERS CAMP","population_count":null,"community_type":"Family Outstation","electorate":"NAMATJIRA","population_source":"Not recorded","objectid":53,"longitude":134.40934}},{"geometry":{"type":"Point","coordinates":[133.87932,-23.68978999999996],"crs":null},"id":54,"type":"Feature","properties":{"bushtel_url":"https://bushtel.nt.gov.au/profile/16","community_name":"ANTHELK EWLPAYE","land_council":"CENTRAL LAND COUNCIL","latitude":-23.68979,"local_govt_council":"ALICE SPRINGS","ward":"Not recorded","ntg_region":"CENTRAL AUSTRALIA","community_id":16,"main_language":"Not recorded","community_aliases":"ANTHE EWLPAYE,CHARLES CREEK,CHARLES RIVER","population_count":null,"community_type":"Town Camp","electorate":"NAMATJIRA","population_source":"Not recorded","objectid":54,"longitude":133.87932}},{"geometry":{"type":"Point","coordinates":[133.8655000000001,-23.757499999999936],"crs":null},"id":55,"type":"Feature","properties":{"bushtel_url":"https://bushtel.nt.gov.au/profile/17","community_name":"ANTHEPE","land_council":"CENTRAL LAND COUNCIL","latitude":-23.7575,"local_govt_council":"ALICE SPRINGS","ward":"Not recorded","ntg_region":"CENTRAL AUSTRALIA","community_id":17,"main_language":"Not recorded","community_aliases":"DRIVE IN,NTAPA","population_count":null,"community_type":"Town Camp","electorate":"NAMATJIRA","population_source":"Not recorded","objectid":55,"longitude":133.8655}},{"geometry":{"type":"Point","coordinates":[133.87085000000002,-23.668349999999975],"crs":null},"id":56,"type":"Feature","properties":{"bushtel_url":"https://bushtel.nt.gov.au/profile/19","community_name":"APER ALWERRKNGE","land_council":"CENTRAL LAND COUNCIL","latitude":-23.66835,"local_govt_council":"ALICE SPRINGS","ward":"Not recorded","ntg_region":"CENTRAL AUSTRALIA","community_id":19,"main_language":"Not recorded","community_aliases":"APER ALNERRKNGE,APER ALWERRNGE,PALMERS CAMP","population_count":null,"community_type":"Town Camp","electorate":"BRAITLING","population_source":"Not recorded","objectid":56,"longitude":133.87085}},{"geometry":{"type":"Point","coordinates":[133.39848000000006,-11.527219999999943],"crs":null},"id":57,"type":"Feature","properties":{"bushtel_url":"https://bushtel.nt.gov.au/profile/335","community_name":"ARARLAGU","land_council":"NORTHERN LAND COUNCIL","latitude":-11.52722,"local_govt_council":"WEST ARNHEM","ward":"BARRAH","ntg_region":"TOP END","community_id":335,"main_language":"Not recorded","community_aliases":"ILLIARU,NORTH GOULBURN,NORTH GOULBURN ISLAND,WEIRA","population_count":null,"community_type":"Family Outstation","electorate":"ARAFURA","population_source":"Not recorded","objectid":57,"longitude":133.39848}},{"geometry":{"type":"Point","coordinates":[131.87783000000002,-11.19363999999996],"crs":null},"id":58,"type":"Feature","properties":{"bushtel_url":"https://bushtel.nt.gov.au/profile/288","community_name":"ARARU POINT","land_council":"NORTHERN LAND COUNCIL","latitude":-11.19364,"local_govt_council":"WEST ARNHEM","ward":"BARRAH","ntg_region":"TOP END","community_id":288,"main_language":"Not recorded","community_aliases":"ARARU","population_count":7,"community_type":"Family Outstation","electorate":"ARAFURA","population_source":"Homelands Service Provider Report 2023","objectid":58,"longitude":131.87783}},{"geometry":{"type":"Point","coordinates":[134.84618000000012,-22.013709999999946],"crs":null},"id":59,"type":"Feature","properties":{"bushtel_url":"https://bushtel.nt.gov.au/profile/147","community_name":"ARAWERR","land_council":"CENTRAL LAND COUNCIL","latitude":-22.01371,"local_govt_council":"BARKLY","ward":"ALYAWARR","ntg_region":"BARKLY","community_id":147,"main_language":"Not recorded","community_aliases":"ARRAWARRA,IYNGIYNYALA,SOAPY BORE","population_count":129,"community_type":"Minor","electorate":"BARKLY","population_source":"Homelands Service Provider Report 2023","objectid":59,"longitude":134.84618}},{"geometry":{"type":"Point","coordinates":[132.27083000000005,-24.073609999999974],"crs":null},"id":60,"type":"Feature","properties":{"bushtel_url":"https://bushtel.nt.gov.au/profile/20","community_name":"AREYONGA","land_council":"CENTRAL LAND COUNCIL","latitude":-24.07361,"local_govt_council":"MACDONNELL","ward":"IYARRKA","ntg_region":"CENTRAL AUSTRALIA","community_id":20,"main_language":"Pitjantjatjara","community_aliases":"UTJU","population_count":277,"community_type":"Major","electorate":"GWOJA","population_source":"Based on ABS 2021 Census SA1","objectid":60,"longitude":132.27083}},{"geometry":{"type":"Point","coordinates":[132.81995000000006,-24.52147999999994],"crs":null},"id":61,"type":"Feature","properties":{"bushtel_url":"https://bushtel.nt.gov.au/profile/1023","community_name":"ARKANTA","land_council":"CENTRAL LAND COUNCIL","latitude":-24.52148,"local_govt_council":"MACDONNELL","ward":"LJIRAPINTA","ntg_region":"CENTRAL AUSTRALIA","community_id":1023,"main_language":"Not recorded","community_aliases":"AKANTA,NO 5 BORE","population_count":12,"community_type":"Family Outstation","electorate":"GWOJA","population_source":"Homelands Service Provider Report 2023","objectid":61,"longitude":132.81995}},{"geometry":{"type":"Point","coordinates":[134.77476000000001,-22.087789999999927],"crs":null},"id":62,"type":"Feature","properties":{"bushtel_url":"https://bushtel.nt.gov.au/profile/168","community_name":"ARLPARRA","land_council":"CENTRAL LAND COUNCIL","latitude":-22.08779,"local_govt_council":"BARKLY","ward":"ALYAWARR","ntg_region":"BARKLY","community_id":168,"main_language":"Alyawarr","community_aliases":"AHALPERE,ANGARAPA,NEW SHOP,URAPUNTJA STORE,UTOPIA NEW STORE","population_count":110,"community_type":"Family Outstation","electorate":"BARKLY","population_source":"Homelands Service Provider Report 2023","objectid":62,"longitude":134.77476}},{"geometry":{"type":"Point","coordinates":[133.38142000000005,-11.755749999999978],"crs":null},"id":63,"type":"Feature","properties":{"bushtel_url":"https://bushtel.nt.gov.au/profile/968","community_name":"ARMORRAN","land_council":"NORTHERN LAND COUNCIL","latitude":-11.75575,"local_govt_council":"WEST ARNHEM","ward":"BARRAH","ntg_region":"TOP END","community_id":968,"main_language":"Not recorded","community_aliases":"No aliases recorded with NTG DIPL","population_count":8,"community_type":"Family Outstation","electorate":"ARAFURA","population_source":"Homelands Service Provider Report 2023","objectid":63,"longitude":133.38142}},{"geometry":{"type":"Point","coordinates":[132.68001000000004,-23.879179999999963],"crs":null},"id":64,"type":"Feature","properties":{"bushtel_url":"https://bushtel.nt.gov.au/profile/79","community_name":"ARMSTRONGS","land_council":"CENTRAL LAND COUNCIL","latitude":-23.87918,"local_govt_council":"MACDONNELL","ward":"LJIRAPINTA","ntg_region":"CENTRAL AUSTRALIA","community_id":79,"main_language":"Not recorded","community_aliases":"ARMSTRONG'S CAMP,KUNOTH,KUNOTHS,KUNOTHS' CAMP","population_count":5,"community_type":"Family Outstation","electorate":"GWOJA","population_source":"Homelands Service Provider Report 2023","objectid":64,"longitude":132.68001}},{"geometry":{"type":"Point","coordinates":[134.9755100000001,-20.518249999999966],"crs":null},"id":65,"type":"Feature","properties":{"bushtel_url":"https://bushtel.nt.gov.au/profile/735","community_name":"ARRAWAJIN","land_council":"CENTRAL LAND COUNCIL","latitude":-20.51825,"local_govt_council":"BARKLY","ward":"ALYAWARR","ntg_region":"BARKLY","community_id":735,"main_language":"Not recorded","community_aliases":"ARRAJAWIN,ARRANJIN,WHISTLE DUCK","population_count":null,"community_type":"Family Outstation","electorate":"BARKLY","population_source":"Not recorded","objectid":65,"longitude":134.97551}},{"geometry":{"type":"Point","coordinates":[132.6101500000001,-11.173989999999947],"crs":null},"id":66,"type":"Feature","properties":{"bushtel_url":"https://bushtel.nt.gov.au/profile/893","community_name":"ARRGAMURRMUR","land_council":"NORTHERN LAND COUNCIL","latitude":-11.17399,"local_govt_council":"WEST ARNHEM","ward":"BARRAH","ntg_region":"TOP END","community_id":893,"main_language":"Not recorded","community_aliases":"KEITH WILLIAMS","population_count":null,"community_type":"Family Outstation","electorate":"ARAFURA","population_source":"Not recorded","objectid":66,"longitude":132.61015}},{"geometry":{"type":"Point","coordinates":[133.62608000000012,-23.77980999999994],"crs":null},"id":67,"type":"Feature","properties":{"bushtel_url":"https://bushtel.nt.gov.au/profile/919","community_name":"ARRILLHJERE","land_council":"CENTRAL LAND COUNCIL","latitude":-23.77981,"local_govt_council":"MACDONNELL","ward":"RODINGA","ntg_region":"CENTRAL AUSTRALIA","community_id":919,"main_language":"Not recorded","community_aliases":"ARRLIHJERE","population_count":2,"community_type":"Family Outstation","electorate":"NAMATJIRA","population_source":"Homelands Service Provider Report 2023","objectid":67,"longitude":133.62608}},{"geometry":{"type":"Point","coordinates":[132.82937000000004,-23.982479999999953],"crs":null},"id":68,"type":"Feature","properties":{"bushtel_url":"https://bushtel.nt.gov.au/profile/21","community_name":"ARRKAPA","land_council":"CENTRAL LAND COUNCIL","latitude":-23.98248,"local_govt_council":"MACDONNELL","ward":"LJIRAPINTA","ntg_region":"CENTRAL AUSTRALIA","community_id":21,"main_language":"Not recorded","community_aliases":"ARKANAPUTA,ARRKARNKAPUTA","population_count":2,"community_type":"Family Outstation","electorate":"GWOJA","population_source":"Homelands Service Provider Report 2023","objectid":68,"longitude":132.82937}},{"geometry":{"type":"Point","coordinates":[132.28147,-22.499349999999936],"crs":null},"id":69,"type":"Feature","properties":{"bushtel_url":"https://bushtel.nt.gov.au/profile/910","community_name":"ARRUNGKEE","land_council":"CENTRAL LAND COUNCIL","latitude":-22.49935,"local_govt_council":"CENTRAL DESERT","ward":"ANMATJERE","ntg_region":"CENTRAL AUSTRALIA","community_id":910,"main_language":"Not recorded","community_aliases":"ARRUNGE,FERDIES BORE,GARDEN BORE","population_count":10,"community_type":"Family Outstation","electorate":"GWOJA","population_source":"Homelands Service Provider Report 2023","objectid":69,"longitude":132.28147}},{"geometry":{"type":"Point","coordinates":[134.54312000000004,-22.290219999999977],"crs":null},"id":70,"type":"Feature","properties":{"bushtel_url":"https://bushtel.nt.gov.au/profile/22","community_name":"ARTEKERR","land_council":"CENTRAL LAND COUNCIL","latitude":-22.29022,"local_govt_council":"BARKLY","ward":"ALYAWARR","ntg_region":"BARKLY","community_id":22,"main_language":"Not recorded","community_aliases":"ARTEKKERRE,ATIKIRRA,THREE BORES","population_count":26,"community_type":"Family Outstation","electorate":"BARKLY","population_source":"Homelands Service Provider Report 2023","objectid":70,"longitude":134.54312}},{"geometry":{"type":"Point","coordinates":[133.76660000000004,-23.25738999999993],"crs":null},"id":71,"type":"Feature","properties":{"bushtel_url":"https://bushtel.nt.gov.au/profile/712","community_name":"ARTEKERRE","land_council":"CENTRAL LAND COUNCIL","latitude":-23.25739,"local_govt_council":"MACDONNELL","ward":"RODINGA","ntg_region":"CENTRAL AUSTRALIA","community_id":712,"main_language":"Not recorded","community_aliases":"ARTERRE,HARRY CREEK,MCGRATH FLAT","population_count":51,"community_type":"Family Outstation","electorate":"NAMATJIRA","population_source":"Homelands Service Provider Report 2023","objectid":71,"longitude":133.7666}},{"geometry":{"type":"Point","coordinates":[134.86766000000011,-21.917569999999955],"crs":null},"id":72,"type":"Feature","properties":{"bushtel_url":"https://bushtel.nt.gov.au/profile/729","community_name":"ATHELEY","land_council":"CENTRAL LAND COUNCIL","latitude":-21.91757,"local_govt_council":"BARKLY","ward":"ALYAWARR","ntg_region":"BARKLY","community_id":729,"main_language":"Not recorded","community_aliases":"ATHILIYA,SILLYA","population_count":88,"community_type":"Family Outstation","electorate":"BARKLY","population_source":"Homelands Service Provider Report 2023","objectid":72,"longitude":134.86766}},{"geometry":{"type":"Point","coordinates":[134.93410000000006,-22.984299999999962],"crs":null},"id":73,"type":"Feature","properties":{"bushtel_url":"https://bushtel.nt.gov.au/profile/42","community_name":"ATITJERE","land_council":"CENTRAL LAND COUNCIL","latitude":-22.9843,"local_govt_council":"CENTRAL DESERT","ward":"AKITYARRE","ntg_region":"CENTRAL AUSTRALIA","community_id":42,"main_language":"Eastern Arrente","community_aliases":"ARLTARLPILTA,HART RANGE,HARTS RANGE","population_count":239,"community_type":"Major","electorate":"NAMATJIRA","population_source":"Based on ABS 2021 Census SA1","objectid":73,"longitude":134.9341}},{"geometry":{"type":"Point","coordinates":[131.9838900000001,-23.399449999999945],"crs":null},"id":74,"type":"Feature","properties":{"bushtel_url":"https://bushtel.nt.gov.au/profile/1015","community_name":"ATJI CREEK","land_council":"CENTRAL LAND COUNCIL","latitude":-23.39945,"local_govt_council":"MACDONNELL","ward":"LURITJA PINTUBI","ntg_region":"CENTRAL AUSTRALIA","community_id":1015,"main_language":"Not recorded","community_aliases":"No aliases recorded with NTG DIPL","population_count":10,"community_type":"Family Outstation","electorate":"GWOJA","population_source":"Homelands Service Provider Report 2023","objectid":74,"longitude":131.98389}},{"geometry":{"type":"Point","coordinates":[134.78721000000007,-22.026219999999967],"crs":null},"id":75,"type":"Feature","properties":{"bushtel_url":"https://bushtel.nt.gov.au/profile/146","community_name":"ATNARARA","land_council":"CENTRAL LAND COUNCIL","latitude":-22.02622,"local_govt_council":"BARKLY","ward":"ALYAWARR","ntg_region":"BARKLY","community_id":146,"main_language":"Not recorded","community_aliases":"AHALPERARENYE,ATNARARRA,SOAKAGE BORE","population_count":47,"community_type":"Family Outstation","electorate":"BARKLY","population_source":"Homelands Service Provider Report 2023","objectid":75,"longitude":134.78721}},{"geometry":{"type":"Point","coordinates":[134.78911000000005,-23.52357999999998],"crs":null},"id":76,"type":"Feature","properties":{"bushtel_url":"https://bushtel.nt.gov.au/profile/24995","community_name":"ATNARPA","land_council":"CENTRAL LAND COUNCIL","latitude":-23.52358,"local_govt_council":"MACDONNELL","ward":"RODINGA","ntg_region":"CENTRAL AUSTRALIA","community_id":24995,"main_language":"Not recorded","community_aliases":"No aliases recorded with NTG DIPL","population_count":8,"community_type":"Family Outstation","electorate":"NAMATJIRA","population_source":"Homelands Service Provider Report 2023","objectid":76,"longitude":134.78911}},{"geometry":{"type":"Point","coordinates":[134.61166000000003,-22.036829999999952],"crs":null},"id":77,"type":"Feature","properties":{"bushtel_url":"https://bushtel.nt.gov.au/profile/27","community_name":"ATNELTYEY","land_council":"CENTRAL LAND COUNCIL","latitude":-22.03683,"local_govt_council":"BARKLY","ward":"ALYAWARR","ntg_region":"BARKLY","community_id":27,"main_language":"Not recorded","community_aliases":"ALLALGARA ANNANGARA,ANILTJIY,ATNELTYEYE,BOUNDARY BORE","population_count":51,"community_type":"Family Outstation","electorate":"BARKLY","population_source":"Homelands Service Provider Report 2023","objectid":77,"longitude":134.61166}},{"geometry":{"type":"Point","coordinates":[134.9941100000001,-21.86955999999998],"crs":null},"id":78,"type":"Feature","properties":{"bushtel_url":"https://bushtel.nt.gov.au/profile/23","community_name":"ATNWENGERRPE","land_council":"CENTRAL LAND COUNCIL","latitude":-21.86956,"local_govt_council":"BARKLY","ward":"ALYAWARR","ntg_region":"BARKLY","community_id":23,"main_language":"Not recorded","community_aliases":"AMMAROO,ATNUNGURRPA,ATNWENGERRP,QUART POT,QUART POTS","population_count":30,"community_type":"Family Outstation","electorate":"BARKLY","population_source":"Homelands Service Provider Report 2023","objectid":78,"longitude":134.99411}},{"geometry":{"type":"Point","coordinates":[135.43529,-14.447229999999934],"crs":null},"id":79,"type":"Feature","properties":{"bushtel_url":"https://bushtel.nt.gov.au/profile/754","community_name":"AWUMBUNYJI","land_council":"NORTHERN LAND COUNCIL","latitude":-14.44723,"local_govt_council":"ROPER GULF","ward":"YUGUL MANGI","ntg_region":"BIG RIVERS","community_id":754,"main_language":"Not recorded","community_aliases":"No aliases recorded with NTG DIPL","population_count":null,"community_type":"Family Outstation","electorate":"ARNHEM","population_source":"Not recorded","objectid":79,"longitude":135.43529}},{"geometry":{"type":"Point","coordinates":[136.97858000000008,-15.74443999999994],"crs":null},"id":80,"type":"Feature","properties":{"bushtel_url":"https://bushtel.nt.gov.au/profile/1011","community_name":"BABUNGI","land_council":"NORTHERN LAND COUNCIL","latitude":-15.74444,"local_govt_council":"ROPER GULF","ward":"SOUTH WEST GULF","ntg_region":"BIG RIVERS","community_id":1011,"main_language":"Not recorded","community_aliases":"VICTORIA BAY","population_count":8,"community_type":"Family Outstation","electorate":"BARKLY","population_source":"Homelands Service Provider Report 2023","objectid":80,"longitude":136.97858}},{"geometry":{"type":"Point","coordinates":[134.44378000000006,-14.69602999999995],"crs":null},"id":81,"type":"Feature","properties":{"bushtel_url":"https://bushtel.nt.gov.au/profile/577","community_name":"BADAWARRKA","land_council":"NORTHERN LAND COUNCIL","latitude":-14.69603,"local_govt_council":"ROPER GULF","ward":"YUGUL MANGI","ntg_region":"BIG RIVERS","community_id":577,"main_language":"Not recorded","community_aliases":"BADANARRKKA,BADDAWARRKU,BUDDAWARKA,FIVE MILE CAMP","population_count":3,"community_type":"Family Outstation","electorate":"ARNHEM","population_source":"Homelands Service Provider Report 2023","objectid":81,"longitude":134.44378}},{"geometry":{"type":"Point","coordinates":[134.46372000000008,-13.758739999999932],"crs":null},"id":82,"type":"Feature","properties":{"bushtel_url":"https://bushtel.nt.gov.au/profile/811","community_name":"BAGHETTI","land_council":"NORTHERN LAND COUNCIL","latitude":-13.75874,"local_govt_council":"ROPER GULF","ward":"NYIRRANGGULUNG","ntg_region":"BIG RIVERS","community_id":811,"main_language":"Not recorded","community_aliases":"No aliases recorded with NTG DIPL","population_count":2,"community_type":"Family Outstation","electorate":"ARNHEM","population_source":"Homelands Service Provider Report 2023","objectid":82,"longitude":134.46372}},{"geometry":{"type":"Point","coordinates":[130.8551500000001,-12.416129999999953],"crs":null},"id":83,"type":"Feature","properties":{"bushtel_url":"https://bushtel.nt.gov.au/profile/290","community_name":"BAGOT","land_council":"NORTHERN LAND COUNCIL","latitude":-12.41613,"local_govt_council":"DARWIN","ward":"CHAN","ntg_region":"DARWIN, PALMERSTON, LITCHFIELD","community_id":290,"main_language":"Not recorded","community_aliases":"No aliases recorded with NTG DIPL","population_count":null,"community_type":"Town Camp","electorate":"FANNIE BAY","population_source":"Not recorded","objectid":83,"longitude":130.85515}},{"geometry":{"type":"Point","coordinates":[137.71243000000004,-17.77488999999997],"crs":null},"id":84,"type":"Feature","properties":{"bushtel_url":"https://bushtel.nt.gov.au/profile/209","community_name":"BAJAMINYI","land_council":"NORTHERN LAND COUNCIL","latitude":-17.77489,"local_govt_council":"BARKLY","ward":"KUWARRANGU","ntg_region":"BARKLY","community_id":209,"main_language":"Not recorded","community_aliases":"BARAMINGI,FISH RIVER","population_count":null,"community_type":"Family Outstation","electorate":"BARKLY","population_source":"Not recorded","objectid":84,"longitude":137.71243}},{"geometry":{"type":"Point","coordinates":[135.8485700000001,-13.249389999999948],"crs":null},"id":85,"type":"Feature","properties":{"bushtel_url":"https://bushtel.nt.gov.au/profile/456","community_name":"BALMA","land_council":"NORTHERN LAND COUNCIL","latitude":-13.24939,"local_govt_council":"EAST ARNHEM","ward":"GUMURR MIYARRKA","ntg_region":"EAST ARNHEM","community_id":456,"main_language":"Not recorded","community_aliases":"No aliases recorded with NTG DIPL","population_count":11,"community_type":"Family Outstation","electorate":"ARNHEM","population_source":"Homelands Service Provider Report 2023","objectid":85,"longitude":135.84857}},{"geometry":{"type":"Point","coordinates":[129.08393,-16.95992999999993],"crs":null},"id":86,"type":"Feature","properties":{"bushtel_url":"https://bushtel.nt.gov.au/profile/578","community_name":"BAMBOO SPRINGS","land_council":"CENTRAL LAND COUNCIL","latitude":-16.95993,"local_govt_council":"VICTORIA DALY","ward":"TIMBER CREEK","ntg_region":"BIG RIVERS","community_id":578,"main_language":"Not recorded","community_aliases":"JIRRNGOW","population_count":null,"community_type":"Family Outstation","electorate":"GWOJA","population_source":"Not recorded","objectid":86,"longitude":129.08393}},{"geometry":{"type":"Point","coordinates":[132.65140000000008,-14.47667999999993],"crs":null},"id":87,"type":"Feature","properties":{"bushtel_url":"https://bushtel.nt.gov.au/profile/946","community_name":"BANATJARL","land_council":"NORTHERN LAND COUNCIL","latitude":-14.47668,"local_govt_council":"ROPER GULF","ward":"NYIRRANGGULUNG","ntg_region":"BIG RIVERS","community_id":946,"main_language":"Not recorded","community_aliases":"KING VALLEY","population_count":10,"community_type":"Family Outstation","electorate":"ARNHEM","population_source":"Homelands Service Provider Report 2023","objectid":87,"longitude":132.6514}},{"geometry":{"type":"Point","coordinates":[136.2261000000001,-13.200399999999945],"crs":null},"id":88,"type":"Feature","properties":{"bushtel_url":"https://bushtel.nt.gov.au/profile/458","community_name":"BANIYALA","land_council":"NORTHERN LAND COUNCIL","latitude":-13.2004,"local_govt_council":"EAST ARNHEM","ward":"GUMURR MIWATJ","ntg_region":"EAST ARNHEM","community_id":458,"main_language":"Not recorded","community_aliases":"BANYALA,YILPARA","population_count":146,"community_type":"Minor","electorate":"ARNHEM","population_source":"Homelands Service Provider Report 2023","objectid":88,"longitude":136.2261}},{"geometry":{"type":"Point","coordinates":[135.8736500000001,-11.835849999999937],"crs":null},"id":89,"type":"Feature","properties":{"bushtel_url":"https://bushtel.nt.gov.au/profile/457","community_name":"BANTHULA","land_council":"NORTHERN LAND COUNCIL","latitude":-11.83585,"local_govt_council":"EAST ARNHEM","ward":"GUMURR MARTHAKAL","ntg_region":"EAST ARNHEM","community_id":457,"main_language":"Not recorded","community_aliases":"BAN'TALA,BANDHULA,BANT'THULA,GAMPURA,GANPURA","population_count":24,"community_type":"Family Outstation","electorate":"MULKA","population_source":"Homelands Service Provider Report 2023","objectid":89,"longitude":135.87365}},{"geometry":{"type":"Point","coordinates":[136.4489000000001,-13.824449999999956],"crs":null},"id":90,"type":"Feature","properties":{"bushtel_url":"https://bushtel.nt.gov.au/profile/865","community_name":"BARDALUMBA","land_council":"ANINDILYAKWA LAND COUNCIL","latitude":-13.82445,"local_govt_council":"EAST ARNHEM","ward":"ANINDILYAKWA","ntg_region":"EAST ARNHEM","community_id":865,"main_language":"Not recorded","community_aliases":"BARTALUMBA BAY,BARTELUMBA","population_count":26,"community_type":"Family Outstation","electorate":"ARNHEM","population_source":"Homelands Service Provider Report 2023","objectid":90,"longitude":136.4489}},{"geometry":{"type":"Point","coordinates":[132.08321,-14.282639999999958],"crs":null},"id":91,"type":"Feature","properties":{"bushtel_url":"https://bushtel.nt.gov.au/profile/14045564","community_name":"BARNJARN","land_council":"NORTHERN LAND COUNCIL","latitude":-14.28264,"local_govt_council":"ROPER GULF","ward":"NYIRRANGGULUNG","ntg_region":"BIG RIVERS","community_id":14045564,"main_language":"Not recorded","community_aliases":"No aliases recorded with NTG DIPL","population_count":8,"community_type":"Family Outstation","electorate":"ARNHEM","population_source":"Homelands Service Provider Report 2023","objectid":91,"longitude":132.08321}},{"geometry":{"type":"Point","coordinates":[130.35876000000007,-15.871599999999944],"crs":null},"id":92,"type":"Feature","properties":{"bushtel_url":"https://bushtel.nt.gov.au/profile/699","community_name":"BARRAK BARRAK","land_council":"NORTHERN LAND COUNCIL","latitude":-15.8716,"local_govt_council":"VICTORIA DALY","ward":"TIMBER CREEK","ntg_region":"BIG RIVERS","community_id":699,"main_language":"Not recorded","community_aliases":"BARRAC BARRAC,MAYAMUM","population_count":null,"community_type":"Family Outstation","electorate":"GWOJA","population_source":"Not recorded","objectid":92,"longitude":130.35876}},{"geometry":{"type":"Point","coordinates":[134.85057000000006,-13.156579999999963],"crs":null},"id":93,"type":"Feature","properties":{"bushtel_url":"https://bushtel.nt.gov.au/profile/579","community_name":"BARRAPUNTA","land_council":"NORTHERN LAND COUNCIL","latitude":-13.15658,"local_govt_council":"ROPER GULF","ward":"NYIRRANGGULUNG","ntg_region":"BIG RIVERS","community_id":579,"main_language":"Not recorded","community_aliases":"BANAPINTA,BANURRPANDA,EMU SPRINGS","population_count":1,"community_type":"Family Outstation","electorate":"ARNHEM","population_source":"Homelands Service Provider Report 2023","objectid":93,"longitude":134.85057}},{"geometry":{"type":"Point","coordinates":[136.39138000000003,-13.218579999999974],"crs":null},"id":94,"type":"Feature","properties":{"bushtel_url":"https://bushtel.nt.gov.au/profile/938","community_name":"BARRARATJPI","land_council":"NORTHERN LAND COUNCIL","latitude":-13.21858,"local_govt_council":"EAST ARNHEM","ward":"GUMURR MIWATJ","ntg_region":"EAST ARNHEM","community_id":938,"main_language":"Not recorded","community_aliases":"No aliases recorded with NTG DIPL","population_count":23,"community_type":"Family Outstation","electorate":"ARNHEM","population_source":"Homelands Service Provider Report 2023","objectid":94,"longitude":136.39138}},{"geometry":{"type":"Point","coordinates":[134.17529000000002,-12.348629999999957],"crs":null},"id":95,"type":"Feature","properties":{"bushtel_url":"https://bushtel.nt.gov.au/profile/792","community_name":"BARRIDJOWKENG","land_council":"NORTHERN LAND COUNCIL","latitude":-12.34863,"local_govt_council":"WEST ARNHEM","ward":"MANINGRIDA","ntg_region":"TOP END","community_id":792,"main_language":"Not recorded","community_aliases":"BARRIDJOWEN,BARRIHYOWKENG","population_count":2,"community_type":"Family Outstation","electorate":"ARAFURA","population_source":"Homelands Service Provider Report 2023","objectid":95,"longitude":134.17529}},{"geometry":{"type":"Point","coordinates":[136.46490000000006,-12.008599999999944],"crs":null},"id":96,"type":"Feature","properties":{"bushtel_url":"https://bushtel.nt.gov.au/profile/888","community_name":"BARRKIRA","land_council":"NORTHERN LAND COUNCIL","latitude":-12.0086,"local_govt_council":"EAST ARNHEM","ward":"GUMURR MIWATJ","ntg_region":"EAST ARNHEM","community_id":888,"main_language":"Not recorded","community_aliases":"No aliases recorded with NTG DIPL","population_count":13,"community_type":"Family Outstation","electorate":"MULKA","population_source":"Homelands Service Provider Report 2023","objectid":96,"longitude":136.4649}},{"geometry":{"type":"Point","coordinates":[132.8666800000001,-14.523629999999969],"crs":null},"id":97,"type":"Feature","properties":{"bushtel_url":"https://bushtel.nt.gov.au/profile/580","community_name":"BARUNGA","land_council":"NORTHERN LAND COUNCIL","latitude":-14.52363,"local_govt_council":"ROPER GULF","ward":"NYIRRANGGULUNG","ntg_region":"BIG RIVERS","community_id":580,"main_language":"Eastside Kriol","community_aliases":"BAMYILI","population_count":396,"community_type":"Major","electorate":"ARNHEM","population_source":"Based on ABS 2021 Census SA1","objectid":97,"longitude":132.86668}},{"geometry":{"type":"Point","coordinates":[131.02883000000008,-13.046289999999942],"crs":null},"id":98,"type":"Feature","properties":{"bushtel_url":"https://bushtel.nt.gov.au/profile/10677","community_name":"BATCHELOR","land_council":"NORTHERN LAND COUNCIL","latitude":-13.04629,"local_govt_council":"COOMALIE","ward":"BATCHELOR TOWNSHIP WARD","ntg_region":"TOP END","community_id":10677,"main_language":"Not recorded","community_aliases":"No aliases recorded with NTG DIPL","population_count":null,"community_type":"Village","electorate":"DALY","population_source":"Not recorded","objectid":98,"longitude":131.02883}},{"geometry":{"type":"Point","coordinates":[136.86913000000004,-23.02914999999996],"crs":null},"id":99,"type":"Feature","properties":{"bushtel_url":"https://bushtel.nt.gov.au/profile/25070","community_name":"BATTON HILL","land_council":"CENTRAL LAND COUNCIL","latitude":-23.02915,"local_govt_council":"CENTRAL DESERT","ward":"AKITYARRE","ntg_region":"CENTRAL AUSTRALIA","community_id":25070,"main_language":"Not recorded","community_aliases":"No aliases recorded with NTG DIPL","population_count":2,"community_type":"Family Outstation","electorate":"NAMATJIRA","population_source":"Homelands Service Provider Report 2023","objectid":99,"longitude":136.86913}},{"geometry":{"type":"Point","coordinates":[135.46968000000004,-16.215119999999956],"crs":null},"id":100,"type":"Feature","properties":{"bushtel_url":"https://bushtel.nt.gov.au/profile/212","community_name":"BAUHINIA DOWNS","land_council":"NORTHERN LAND COUNCIL","latitude":-16.21512,"local_govt_council":"ROPER GULF","ward":"SOUTH WEST GULF","ntg_region":"BIG RIVERS","community_id":212,"main_language":"Not recorded","community_aliases":"GURDANJI BINGBINGA","population_count":11,"community_type":"Family Outstation","electorate":"BARKLY","population_source":"Homelands Service Provider Report 2023","objectid":100,"longitude":135.46968}},{"geometry":{"type":"Point","coordinates":[136.76402000000007,-12.533649999999966],"crs":null},"id":101,"type":"Feature","properties":{"bushtel_url":"https://bushtel.nt.gov.au/profile/462","community_name":"BAWAKA","land_council":"NORTHERN LAND COUNCIL","latitude":-12.53365,"local_govt_council":"EAST ARNHEM","ward":"GUMURR MIWATJ","ntg_region":"EAST ARNHEM","community_id":462,"main_language":"Not recorded","community_aliases":"No aliases recorded with NTG DIPL","population_count":9,"community_type":"Family Outstation","electorate":"MULKA","population_source":"Homelands Service Provider Report 2023","objectid":101,"longitude":136.76402}},{"geometry":{"type":"Point","coordinates":[134.92821000000004,-12.042689999999936],"crs":null},"id":102,"type":"Feature","properties":{"bushtel_url":"https://bushtel.nt.gov.au/profile/494","community_name":"BAYAGIDA","land_council":"NORTHERN LAND COUNCIL","latitude":-12.04269,"local_govt_council":"EAST ARNHEM","ward":"GUMURR GATTJIRRK","ntg_region":"EAST ARNHEM","community_id":494,"main_language":"Not recorded","community_aliases":"GALUNGALI,GALUNGULI,RAPUMA,RAPUMA GALINGULLA,RAPUMA ISLAND,YABOOMA ISLAND","population_count":null,"community_type":"Family Outstation","electorate":"MULKA","population_source":"Not recorded","objectid":102,"longitude":134.92821}},{"geometry":{"type":"Point","coordinates":[135.8665400000001,-13.157869999999946],"crs":null},"id":103,"type":"Feature","properties":{"bushtel_url":"https://bushtel.nt.gov.au/profile/463","community_name":"BAYGURRTJI","land_council":"NORTHERN LAND COUNCIL","latitude":-13.15787,"local_govt_council":"EAST ARNHEM","ward":"GUMURR MIYARRKA","ntg_region":"EAST ARNHEM","community_id":463,"main_language":"Not recorded","community_aliases":"BAGURRITJI,BAYKURRTJI","population_count":2,"community_type":"Family Outstation","electorate":"ARNHEM","population_source":"Homelands Service Provider Report 2023","objectid":103,"longitude":135.86654}},{"geometry":{"type":"Point","coordinates":[129.00850000000003,-15.977079999999944],"crs":null},"id":104,"type":"Feature","properties":{"bushtel_url":"https://bushtel.nt.gov.au/profile/25071","community_name":"BEASLEY KNOB","land_council":"NORTHERN LAND COUNCIL","latitude":-15.97708,"local_govt_council":"VICTORIA DALY","ward":"TIMBER CREEK","ntg_region":"BIG RIVERS","community_id":25071,"main_language":"Not recorded","community_aliases":"JIYLINUM","population_count":19,"community_type":"Family Outstation","electorate":"GWOJA","population_source":"Homelands Service Provider Report 2023","objectid":104,"longitude":129.0085}},{"geometry":{"type":"Point","coordinates":[134.52565000000004,-25.582969999999932],"crs":null},"id":105,"type":"Feature","properties":{"bushtel_url":"https://bushtel.nt.gov.au/profile/844","community_name":"BEER ST BORE","land_council":"CENTRAL LAND COUNCIL","latitude":-25.58297,"local_govt_council":"MACDONNELL","ward":"RODINGA","ntg_region":"CENTRAL AUSTRALIA","community_id":844,"main_language":"Not recorded","community_aliases":"No aliases recorded with NTG DIPL","population_count":null,"community_type":"Family Outstation","electorate":"NAMATJIRA","population_source":"Not recorded","objectid":105,"longitude":134.52565}},{"geometry":{"type":"Point","coordinates":[130.69990000000007,-12.538599999999974],"crs":null},"id":106,"type":"Feature","properties":{"bushtel_url":"https://bushtel.nt.gov.au/profile/294","community_name":"BELYUEN","land_council":"NORTHERN LAND COUNCIL","latitude":-12.5386,"local_govt_council":"BELYUEN","ward":"Not recorded","ntg_region":"TOP END","community_id":294,"main_language":"Kriol","community_aliases":"DELISAVILLE,DELISSAVILLE","population_count":175,"community_type":"Major","electorate":"DALY","population_source":"Based on ABS 2021 Census SA1","objectid":106,"longitude":130.6999}},{"geometry":{"type":"Point","coordinates":[134.50486,-12.071949999999958],"crs":null},"id":107,"type":"Feature","properties":{"bushtel_url":"https://bushtel.nt.gov.au/profile/295","community_name":"BERRAJA","land_council":"NORTHERN LAND COUNCIL","latitude":-12.07195,"local_govt_council":"WEST ARNHEM","ward":"MANINGRIDA","ntg_region":"TOP END","community_id":295,"main_language":"Not recorded","community_aliases":"BERBAJA,BERRAIYA","population_count":null,"community_type":"Family Outstation","electorate":"ARAFURA","population_source":"Not recorded","objectid":107,"longitude":134.50486}},{"geometry":{"type":"Point","coordinates":[132.18150000000003,-14.550199999999961],"crs":null},"id":108,"type":"Feature","properties":{"bushtel_url":"https://bushtel.nt.gov.au/profile/582","community_name":"BINJARI","land_council":"NORTHERN LAND COUNCIL","latitude":-14.5502,"local_govt_council":"KATHERINE","ward":"Not recorded","ntg_region":"BIG RIVERS","community_id":582,"main_language":"Kriol","community_aliases":"BINJARRI,WYLUNBA","population_count":282,"community_type":"Minor","electorate":"KATHERINE","population_source":"Based on ABS 2021 Census SA1","objectid":108,"longitude":132.1815}},{"geometry":{"type":"Point","coordinates":[136.47669000000008,-12.817029999999932],"crs":null},"id":109,"type":"Feature","properties":{"bushtel_url":"https://bushtel.nt.gov.au/profile/464","community_name":"BIRANY BIRANY","land_council":"NORTHERN LAND COUNCIL","latitude":-12.81703,"local_govt_council":"EAST ARNHEM","ward":"GUMURR MIWATJ","ntg_region":"EAST ARNHEM","community_id":464,"main_language":"Not recorded","community_aliases":"BIRANYBIRANY","population_count":16,"community_type":"Minor","electorate":"MULKA","population_source":"Homelands Service Provider Report 2023","objectid":109,"longitude":136.47669}},{"geometry":{"type":"Point","coordinates":[133.07053000000008,-14.61451999999997],"crs":null},"id":110,"type":"Feature","properties":{"bushtel_url":"https://bushtel.nt.gov.au/profile/810","community_name":"BISHOPS BORE","land_council":"NORTHERN LAND COUNCIL","latitude":-14.61452,"local_govt_council":"ROPER GULF","ward":"NYIRRANGGULUNG","ntg_region":"BIG RIVERS","community_id":810,"main_language":"Not recorded","community_aliases":"No aliases recorded with NTG DIPL","population_count":null,"community_type":"Family Outstation","electorate":"ARNHEM","population_source":"Not recorded","objectid":110,"longitude":133.07053}},{"geometry":{"type":"Point","coordinates":[136.51042000000007,-15.920619999999928],"crs":null},"id":111,"type":"Feature","properties":{"bushtel_url":"https://bushtel.nt.gov.au/profile/24899","community_name":"BLACK ROCK LANDING","land_council":"NORTHERN LAND COUNCIL","latitude":-15.92062,"local_govt_council":"ROPER GULF","ward":"SOUTH WEST GULF","ntg_region":"BIG RIVERS","community_id":24899,"main_language":"Not recorded","community_aliases":"No aliases recorded with NTG DIPL","population_count":4,"community_type":"Family Outstation","electorate":"BARKLY","population_source":"Homelands Service Provider Report 2023","objectid":111,"longitude":136.51042}},{"geometry":{"type":"Point","coordinates":[134.0204900000001,-23.323519999999974],"crs":null},"id":112,"type":"Feature","properties":{"bushtel_url":"https://bushtel.nt.gov.au/profile/784","community_name":"BLACKTANK BORE","land_council":"CENTRAL LAND COUNCIL","latitude":-23.32352,"local_govt_council":"MACDONNELL","ward":"RODINGA","ntg_region":"CENTRAL AUSTRALIA","community_id":784,"main_language":"Not recorded","community_aliases":"APMWERRE,BOND SPRINGS","population_count":18,"community_type":"Family Outstation","electorate":"NAMATJIRA","population_source":"Homelands Service Provider Report 2023","objectid":112,"longitude":134.02049}},{"geometry":{"type":"Point","coordinates":[131.89688,-23.26180999999997],"crs":null},"id":113,"type":"Feature","properties":{"bushtel_url":"https://bushtel.nt.gov.au/profile/25","community_name":"BLACKWATER","land_council":"CENTRAL LAND COUNCIL","latitude":-23.26181,"local_govt_council":"MACDONNELL","ward":"LURITJA PINTUBI","ntg_region":"CENTRAL AUSTRALIA","community_id":25,"main_language":"Not recorded","community_aliases":"ATURU","population_count":9,"community_type":"Family Outstation","electorate":"GWOJA","population_source":"Homelands Service Provider Report 2023","objectid":113,"longitude":131.89688}},{"geometry":{"type":"Point","coordinates":[134.28830000000005,-25.76763999999997],"crs":null},"id":114,"type":"Feature","properties":{"bushtel_url":"https://bushtel.nt.gov.au/profile/843","community_name":"BLOODWOOD BORE","land_council":"CENTRAL LAND COUNCIL","latitude":-25.76764,"local_govt_council":"MACDONNELL","ward":"RODINGA","ntg_region":"CENTRAL AUSTRALIA","community_id":843,"main_language":"Not recorded","community_aliases":"No aliases recorded with NTG DIPL","population_count":null,"community_type":"Family Outstation","electorate":"NAMATJIRA","population_source":"Not recorded","objectid":114,"longitude":134.2883}},{"geometry":{"type":"Point","coordinates":[133.73583000000008,-19.02410999999995],"crs":null},"id":115,"type":"Feature","properties":{"bushtel_url":"https://bushtel.nt.gov.au/profile/829","community_name":"BLUE BUSH","land_council":"CENTRAL LAND COUNCIL","latitude":-19.02411,"local_govt_council":"BARKLY","ward":"PATTA","ntg_region":"BARKLY","community_id":829,"main_language":"Not recorded","community_aliases":"BLUEBUSH","population_count":null,"community_type":"Family Outstation","electorate":"BARKLY","population_source":"Not recorded","objectid":115,"longitude":133.73583}},{"geometry":{"type":"Point","coordinates":[130.61125000000004,-16.00944999999996],"crs":null},"id":116,"type":"Feature","properties":{"bushtel_url":"https://bushtel.nt.gov.au/profile/698","community_name":"BOBS YARD","land_council":"NORTHERN LAND COUNCIL","latitude":-16.00945,"local_govt_council":"VICTORIA DALY","ward":"TIMBER CREEK","ntg_region":"BIG RIVERS","community_id":698,"main_language":"Not recorded","community_aliases":"IUWAKAM,KUTJULUM BURRU","population_count":null,"community_type":"Family Outstation","electorate":"GWOJA","population_source":"Not recorded","objectid":116,"longitude":130.61125}},{"geometry":{"type":"Point","coordinates":[134.89628000000005,-12.07687999999996],"crs":null},"id":117,"type":"Feature","properties":{"bushtel_url":"https://bushtel.nt.gov.au/profile/465","community_name":"BODIA","land_council":"NORTHERN LAND COUNCIL","latitude":-12.07688,"local_govt_council":"EAST ARNHEM","ward":"GUMURR GATTJIRRK","ntg_region":"EAST ARNHEM","community_id":465,"main_language":"Not recorded","community_aliases":"No aliases recorded with NTG DIPL","population_count":44,"community_type":"Family Outstation","electorate":"MULKA","population_source":"Homelands Service Provider Report 2023","objectid":117,"longitude":134.89628}},{"geometry":{"type":"Point","coordinates":[134.41998,-12.411509999999964],"crs":null},"id":118,"type":"Feature","properties":{"bushtel_url":"https://bushtel.nt.gov.au/profile/298","community_name":"BOLKDJAM","land_council":"NORTHERN LAND COUNCIL","latitude":-12.41151,"local_govt_council":"WEST ARNHEM","ward":"MANINGRIDA","ntg_region":"TOP END","community_id":298,"main_language":"Not recorded","community_aliases":"BORLKDJAM,BULKDJAM","population_count":50,"community_type":"Family Outstation","electorate":"ARAFURA","population_source":"Homelands Service Provider Report 2023","objectid":118,"longitude":134.41998}},{"geometry":{"type":"Point","coordinates":[135.03925000000004,-14.450609999999926],"crs":null},"id":119,"type":"Feature","properties":{"bushtel_url":"https://bushtel.nt.gov.au/profile/583","community_name":"BOOMERANG LAGOON","land_council":"NORTHERN LAND COUNCIL","latitude":-14.45061,"local_govt_council":"ROPER GULF","ward":"YUGUL MANGI","ntg_region":"BIG RIVERS","community_id":583,"main_language":"Not recorded","community_aliases":"MALANBAPOY","population_count":null,"community_type":"Family Outstation","electorate":"ARNHEM","population_source":"Not recorded","objectid":119,"longitude":135.03925}},{"geometry":{"type":"Point","coordinates":[134.97834000000012,-12.241589999999974],"crs":null},"id":120,"type":"Feature","properties":{"bushtel_url":"https://bushtel.nt.gov.au/profile/481","community_name":"BOROGOMARRA","land_council":"NORTHERN LAND COUNCIL","latitude":-12.24159,"local_govt_council":"EAST ARNHEM","ward":"BIRR RAWARRANG","ntg_region":"EAST ARNHEM","community_id":481,"main_language":"Not recorded","community_aliases":"DJAKALAJIRAPURRA,DJAKALAJIRIPURRA,MANGBIRR,MANGBIRRI","population_count":null,"community_type":"Family Outstation","electorate":"MULKA","population_source":"Not recorded","objectid":120,"longitude":134.97834}},{"geometry":{"type":"Point","coordinates":[136.30690000000004,-16.06759999999997],"crs":null},"id":121,"type":"Feature","properties":{"bushtel_url":"https://bushtel.nt.gov.au/profile/11092","community_name":"BORROLOOLA","land_council":"NORTHERN LAND COUNCIL","latitude":-16.0676,"local_govt_council":"ROPER GULF","ward":"SOUTH WEST GULF","ntg_region":"BIG RIVERS","community_id":11092,"main_language":"Garrwa, Eastside Kriol","community_aliases":"No aliases recorded with NTG DIPL","population_count":886,"community_type":"Village","electorate":"BARKLY","population_source":"Based on ABS 2021 Census SA1","objectid":121,"longitude":136.3069}},{"geometry":{"type":"Point","coordinates":[129.01037000000008,-17.05302999999998],"crs":null},"id":122,"type":"Feature","properties":{"bushtel_url":"https://bushtel.nt.gov.au/profile/24904","community_name":"BRUMBY PLAINS","land_council":"CENTRAL LAND COUNCIL","latitude":-17.05303,"local_govt_council":"VICTORIA DALY","ward":"DAGURAGU","ntg_region":"BIG RIVERS","community_id":24904,"main_language":"Not recorded","community_aliases":"No aliases recorded with NTG DIPL","population_count":8,"community_type":"Family Outstation","electorate":"GWOJA","population_source":"Homelands Service Provider Report 2023","objectid":122,"longitude":129.01037}},{"geometry":{"type":"Point","coordinates":[129.31022000000007,-15.810359999999946],"crs":null},"id":123,"type":"Feature","properties":{"bushtel_url":"https://bushtel.nt.gov.au/profile/585","community_name":"BUBBLE BUBBLE","land_council":"NORTHERN LAND COUNCIL","latitude":-15.81036,"local_govt_council":"VICTORIA DALY","ward":"TIMBER CREEK","ntg_region":"BIG RIVERS","community_id":585,"main_language":"Not recorded","community_aliases":"DHAMBERRAL,DJAMBORAL,DUMBARAL ASSOC,DUMBRAL,NEWRY STATION","population_count":10,"community_type":"Family Outstation","electorate":"GWOJA","population_source":"Homelands Service Provider Report 2023","objectid":123,"longitude":129.31022}},{"geometry":{"type":"Point","coordinates":[129.16465000000005,-15.740009999999927],"crs":null},"id":124,"type":"Feature","properties":{"bushtel_url":"https://bushtel.nt.gov.au/profile/700","community_name":"BUCKET SPRINGS","land_council":"NORTHERN LAND COUNCIL","latitude":-15.74001,"local_govt_council":"VICTORIA DALY","ward":"TIMBER CREEK","ntg_region":"BIG RIVERS","community_id":700,"main_language":"Not recorded","community_aliases":"BINJEN NINGGUWUNG","population_count":null,"community_type":"Family Outstation","electorate":"GWOJA","population_source":"Not recorded","objectid":124,"longitude":129.16465}},{"geometry":{"type":"Point","coordinates":[136.76818000000003,-16.179449999999974],"crs":null},"id":125,"type":"Feature","properties":{"bushtel_url":"https://bushtel.nt.gov.au/profile/986","community_name":"BUDJANGA","land_council":"NORTHERN LAND COUNCIL","latitude":-16.17945,"local_govt_council":"ROPER GULF","ward":"SOUTH WEST GULF","ntg_region":"BIG RIVERS","community_id":986,"main_language":"Not recorded","community_aliases":"No aliases recorded with NTG DIPL","population_count":8,"community_type":"Family Outstation","electorate":"BARKLY","population_source":"Homelands Service Provider Report 2023","objectid":125,"longitude":136.76818}},{"geometry":{"type":"Point","coordinates":[132.59382000000005,-12.813689999999951],"crs":null},"id":126,"type":"Feature","properties":{"bushtel_url":"https://bushtel.nt.gov.au/profile/1027","community_name":"BUFFALO FARM","land_council":"NORTHERN LAND COUNCIL","latitude":-12.81369,"local_govt_council":"WEST ARNHEM","ward":"KAKADU","ntg_region":"TOP END","community_id":1027,"main_language":"Not recorded","community_aliases":"No aliases recorded with NTG DIPL","population_count":6,"community_type":"Family Outstation","electorate":"ARAFURA","population_source":"Homelands Service Provider Report 2023","objectid":126,"longitude":132.59382}},{"geometry":{"type":"Point","coordinates":[136.8791500000001,-16.26900999999998],"crs":null},"id":127,"type":"Feature","properties":{"bushtel_url":"https://bushtel.nt.gov.au/profile/257","community_name":"BUJAN","land_council":"NORTHERN LAND COUNCIL","latitude":-16.26901,"local_govt_council":"ROPER GULF","ward":"SOUTH WEST GULF","ntg_region":"BIG RIVERS","community_id":257,"main_language":"Not recorded","community_aliases":"BUJANA,EAST WYREAN,PUJANA","population_count":4,"community_type":"Family Outstation","electorate":"BARKLY","population_source":"Homelands Service Provider Report 2023","objectid":127,"longitude":136.87915}},{"geometry":{"type":"Point","coordinates":[136.61353000000008,-12.966469999999958],"crs":null},"id":128,"type":"Feature","properties":{"bushtel_url":"https://bushtel.nt.gov.au/profile/466","community_name":"BUKUDAL","land_council":"NORTHERN LAND COUNCIL","latitude":-12.96647,"local_govt_council":"EAST ARNHEM","ward":"GUMURR MIWATJ","ntg_region":"EAST ARNHEM","community_id":466,"main_language":"Not recorded","community_aliases":"No aliases recorded with NTG DIPL","population_count":16,"community_type":"Family Outstation","electorate":"ARNHEM","population_source":"Homelands Service Provider Report 2023","objectid":128,"longitude":136.61353}},{"geometry":{"type":"Point","coordinates":[135.70342000000005,-12.046359999999936],"crs":null},"id":129,"type":"Feature","properties":{"bushtel_url":"https://bushtel.nt.gov.au/profile/467","community_name":"BULARRING","land_council":"NORTHERN LAND COUNCIL","latitude":-12.04636,"local_govt_council":"EAST ARNHEM","ward":"GUMURR MARTHAKAL","ntg_region":"EAST ARNHEM","community_id":467,"main_language":"Not recorded","community_aliases":"BULARRINY,BULARRINYUR","population_count":null,"community_type":"Family Outstation","electorate":"MULKA","population_source":"Not recorded","objectid":129,"longitude":135.70342}},{"geometry":{"type":"Point","coordinates":[130.1220300000001,-13.083869999999933],"crs":null},"id":130,"type":"Feature","properties":{"bushtel_url":"https://bushtel.nt.gov.au/profile/300","community_name":"BULGUL","land_council":"NORTHERN LAND COUNCIL","latitude":-13.08387,"local_govt_council":"UN-INCORPORATED (COX-DALY)","ward":"Not recorded","ntg_region":"TOP END","community_id":300,"main_language":"Not recorded","community_aliases":"WADJIGAN","population_count":21,"community_type":"Family Outstation","electorate":"DALY","population_source":"Homelands Service Provider Report 2023","objectid":130,"longitude":130.12203}},{"geometry":{"type":"Point","coordinates":[130.0393600000001,-15.764919999999961],"crs":null},"id":131,"type":"Feature","properties":{"bushtel_url":"https://bushtel.nt.gov.au/profile/586","community_name":"BULLA","land_council":"NORTHERN LAND COUNCIL","latitude":-15.76492,"local_govt_council":"VICTORIA DALY","ward":"TIMBER CREEK","ntg_region":"BIG RIVERS","community_id":586,"main_language":"Westside Kriol/ Ngarinyman","community_aliases":"GUDABIJIN,GURRBIJIM","population_count":95,"community_type":"Minor","electorate":"GWOJA","population_source":"Based on ABS 2021 Census SA1","objectid":131,"longitude":130.03936}},{"geometry":{"type":"Point","coordinates":[134.3333500000001,-13.66528999999997],"crs":null},"id":132,"type":"Feature","properties":{"bushtel_url":"https://bushtel.nt.gov.au/profile/587","community_name":"BULMAN","land_council":"NORTHERN LAND COUNCIL","latitude":-13.66529,"local_govt_council":"ROPER GULF","ward":"NYIRRANGGULUNG","ntg_region":"BIG RIVERS","community_id":587,"main_language":"Eastside Kriol","community_aliases":"GULIN GULIN,YULNGU","population_count":190,"community_type":"Major","electorate":"ARNHEM","population_source":"Based on ABS 2021 Census SA1","objectid":132,"longitude":134.33335}},{"geometry":{"type":"Point","coordinates":[134.42307000000005,-12.432469999999967],"crs":null},"id":133,"type":"Feature","properties":{"bushtel_url":"https://bushtel.nt.gov.au/profile/302","community_name":"BULUHKADURU","land_council":"NORTHERN LAND COUNCIL","latitude":-12.43247,"local_govt_council":"WEST ARNHEM","ward":"MANINGRIDA","ntg_region":"TOP END","community_id":302,"main_language":"Not recorded","community_aliases":"BUKUHKADURU,BULAGADARU,BULUNKADURU","population_count":32,"community_type":"Family Outstation","electorate":"ARAFURA","population_source":"Homelands Service Provider Report 2023","objectid":133,"longitude":134.42307}},{"geometry":{"type":"Point","coordinates":[134.84672000000012,-12.235679999999945],"crs":null},"id":134,"type":"Feature","properties":{"bushtel_url":"https://bushtel.nt.gov.au/profile/468","community_name":"BUNDATHARRI","land_council":"NORTHERN LAND COUNCIL","latitude":-12.23568,"local_govt_council":"EAST ARNHEM","ward":"BIRR RAWARRANG","ntg_region":"EAST ARNHEM","community_id":468,"main_language":"Not recorded","community_aliases":"BUNDADHARRI","population_count":null,"community_type":"Family Outstation","electorate":"MULKA","population_source":"Not recorded","objectid":134,"longitude":134.84672}},{"geometry":{"type":"Point","coordinates":[135.72221000000002,-12.37448999999998],"crs":null},"id":135,"type":"Feature","properties":{"bushtel_url":"https://bushtel.nt.gov.au/profile/949","community_name":"BUNHANURA","land_council":"NORTHERN LAND COUNCIL","latitude":-12.37449,"local_govt_council":"EAST ARNHEM","ward":"GUMURR MIYARRKA","ntg_region":"EAST ARNHEM","community_id":949,"main_language":"Not recorded","community_aliases":"No aliases recorded with NTG DIPL","population_count":15,"community_type":"Family Outstation","electorate":"ARNHEM","population_source":"Homelands Service Provider Report 2023","objectid":135,"longitude":135.72221}},{"geometry":{"type":"Point","coordinates":[132.82554000000005,-11.406129999999962],"crs":null},"id":136,"type":"Feature","properties":{"bushtel_url":"https://bushtel.nt.gov.au/profile/976","community_name":"BUNI-INWUNBULUK","land_council":"NORTHERN LAND COUNCIL","latitude":-11.40613,"local_govt_council":"WEST ARNHEM","ward":"BARRAH","ntg_region":"TOP END","community_id":976,"main_language":"Not recorded","community_aliases":"ANNESLEY POINT","population_count":10,"community_type":"Family Outstation","electorate":"ARAFURA","population_source":"Homelands Service Provider Report 2023","objectid":136,"longitude":132.82554}},{"geometry":{"type":"Point","coordinates":[135.96050000000002,-12.309399999999926],"crs":null},"id":137,"type":"Feature","properties":{"bushtel_url":"https://bushtel.nt.gov.au/profile/470","community_name":"BURRUM","land_council":"NORTHERN LAND COUNCIL","latitude":-12.3094,"local_govt_council":"EAST ARNHEM","ward":"GUMURR MIYARRKA","ntg_region":"EAST ARNHEM","community_id":470,"main_language":"Not recorded","community_aliases":"BULAKATOR","population_count":13,"community_type":"Family Outstation","electorate":"ARNHEM","population_source":"Homelands Service Provider Report 2023","objectid":137,"longitude":135.9605}},{"geometry":{"type":"Point","coordinates":[137.78155000000004,-17.74228999999997],"crs":null},"id":138,"type":"Feature","properties":{"bushtel_url":"https://bushtel.nt.gov.au/profile/686","community_name":"BURRUMBURRU","land_council":"NORTHERN LAND COUNCIL","latitude":-17.74229,"local_govt_council":"BARKLY","ward":"KUWARRANGU","ntg_region":"BARKLY","community_id":686,"main_language":"Not recorded","community_aliases":"DRY CREEK","population_count":null,"community_type":"Family Outstation","electorate":"BARKLY","population_source":"Not recorded","objectid":138,"longitude":137.78155}},{"geometry":{"type":"Point","coordinates":[133.74759000000006,-23.196519999999964],"crs":null},"id":139,"type":"Feature","properties":{"bushtel_url":"https://bushtel.nt.gov.au/profile/713","community_name":"BURT CREEK","land_council":"CENTRAL LAND COUNCIL","latitude":-23.19652,"local_govt_council":"MACDONNELL","ward":"RODINGA","ntg_region":"CENTRAL AUSTRALIA","community_id":713,"main_language":"Not recorded","community_aliases":"RICE'S CAMP,YAMBA-MPWERINGE,YAMBAH-MPWERINGE","population_count":37,"community_type":"Family Outstation","electorate":"NAMATJIRA","population_source":"Homelands Service Provider Report 2023","objectid":139,"longitude":133.74759}},{"geometry":{"type":"Point","coordinates":[130.4759200000001,-17.535969999999963],"crs":null},"id":140,"type":"Feature","properties":{"bushtel_url":"https://bushtel.nt.gov.au/profile/944","community_name":"BURTA WURTA","land_council":"CENTRAL LAND COUNCIL","latitude":-17.53597,"local_govt_council":"VICTORIA DALY","ward":"DAGURAGU","ntg_region":"BIG RIVERS","community_id":944,"main_language":"Not recorded","community_aliases":"BARDU WARDU,BIRDIWATER","population_count":null,"community_type":"Family Outstation","electorate":"GWOJA","population_source":"Not recorded","objectid":140,"longitude":130.47592}},{"geometry":{"type":"Point","coordinates":[136.92545000000007,-19.598739999999964],"crs":null},"id":141,"type":"Feature","properties":{"bushtel_url":"https://bushtel.nt.gov.au/profile/1019","community_name":"BURUDU","land_council":"NORTHERN LAND COUNCIL","latitude":-19.59874,"local_govt_council":"BARKLY","ward":"KUWARRANGU","ntg_region":"BARKLY","community_id":1019,"main_language":"Not recorded","community_aliases":"RANKEN","population_count":4,"community_type":"Family Outstation","electorate":"BARKLY","population_source":"Homelands Service Provider Report 2023","objectid":141,"longitude":136.92545}},{"geometry":{"type":"Point","coordinates":[134.15408000000002,-19.717109999999934],"crs":null},"id":142,"type":"Feature","properties":{"bushtel_url":"https://bushtel.nt.gov.au/profile/24994","community_name":"BUSHCAMP","land_council":"CENTRAL LAND COUNCIL","latitude":-19.71711,"local_govt_council":"BARKLY","ward":"PATTA","ntg_region":"BARKLY","community_id":24994,"main_language":"Not recorded","community_aliases":"KALYWANPA","population_count":null,"community_type":"Family Outstation","electorate":"BARKLY","population_source":"Not recorded","objectid":142,"longitude":134.15408}},{"geometry":{"type":"Point","coordinates":[136.6365300000001,-12.69826999999998],"crs":null},"id":143,"type":"Feature","properties":{"bushtel_url":"https://bushtel.nt.gov.au/profile/803","community_name":"BUYMARR","land_council":"NORTHERN LAND COUNCIL","latitude":-12.69827,"local_govt_council":"EAST ARNHEM","ward":"GUMURR MIWATJ","ntg_region":"EAST ARNHEM","community_id":803,"main_language":"Not recorded","community_aliases":"BUYMARRWUY","population_count":6,"community_type":"Family Outstation","electorate":"MULKA","population_source":"Homelands Service Provider Report 2023","objectid":143,"longitude":136.63653}},{"geometry":{"type":"Point","coordinates":[134.5524200000001,-22.27180999999996],"crs":null},"id":144,"type":"Feature","properties":{"bushtel_url":"https://bushtel.nt.gov.au/profile/728","community_name":"CAMEL CAMP","land_council":"CENTRAL LAND COUNCIL","latitude":-22.27181,"local_govt_council":"BARKLY","ward":"ALYAWARR","ntg_region":"BARKLY","community_id":728,"main_language":"Not recorded","community_aliases":"No aliases recorded with NTG DIPL","population_count":39,"community_type":"Family Outstation","electorate":"BARKLY","population_source":"Homelands Service Provider Report 2023","objectid":144,"longitude":134.55242}},{"geometry":{"type":"Point","coordinates":[131.59435000000008,-23.75174999999996],"crs":null},"id":145,"type":"Feature","properties":{"bushtel_url":"https://bushtel.nt.gov.au/profile/768","community_name":"CAMELS HUMP","land_council":"CENTRAL LAND COUNCIL","latitude":-23.75175,"local_govt_council":"MACDONNELL","ward":"LURITJA PINTUBI","ntg_region":"CENTRAL AUSTRALIA","community_id":768,"main_language":"Not recorded","community_aliases":"UNGKURRKUGA","population_count":3,"community_type":"Family Outstation","electorate":"GWOJA","population_source":"Homelands Service Provider Report 2023","objectid":145,"longitude":131.59435}},{"geometry":{"type":"Point","coordinates":[132.9459300000001,-12.357579999999928],"crs":null},"id":146,"type":"Feature","properties":{"bushtel_url":"https://bushtel.nt.gov.au/profile/304","community_name":"CANNON HILL","land_council":"NORTHERN LAND COUNCIL","latitude":-12.35758,"local_govt_council":"WEST ARNHEM","ward":"KAKADU","ntg_region":"TOP END","community_id":304,"main_language":"Not recorded","community_aliases":"EAST ALLIGATOR,MEL","population_count":8,"community_type":"Family Outstation","electorate":"ARAFURA","population_source":"Homelands Service Provider Report 2023","objectid":146,"longitude":132.94593}},{"geometry":{"type":"Point","coordinates":[135.5867800000001,-20.64507999999995],"crs":null},"id":147,"type":"Feature","properties":{"bushtel_url":"https://bushtel.nt.gov.au/profile/219","community_name":"CANTEEN CREEK","land_council":"CENTRAL LAND COUNCIL","latitude":-20.64508,"local_govt_council":"BARKLY","ward":"ALYAWARR","ntg_region":"BARKLY","community_id":219,"main_language":"Alyawarr","community_aliases":"ORWAITILLA,ORWAITILLYA,OWAIRTILLA","population_count":173,"community_type":"Major","electorate":"BARKLY","population_source":"Based on ABS 2021 Census SA1","objectid":147,"longitude":135.58678}},{"geometry":{"type":"Point","coordinates":[131.5452100000001,-17.59746999999993],"crs":null},"id":148,"type":"Feature","properties":{"bushtel_url":"https://bushtel.nt.gov.au/profile/11623","community_name":"CATTLE CREEK","land_council":"CENTRAL LAND COUNCIL","latitude":-17.59747,"local_govt_council":"VICTORIA DALY","ward":"DAGURAGU","ntg_region":"BIG RIVERS","community_id":11623,"main_language":"Not recorded","community_aliases":"No aliases recorded with NTG DIPL","population_count":null,"community_type":"Family Outstation","electorate":"GWOJA","population_source":"Not recorded","objectid":148,"longitude":131.54521}},{"geometry":{"type":"Point","coordinates":[134.89274000000012,-25.91423999999995],"crs":null},"id":149,"type":"Feature","properties":{"bushtel_url":"https://bushtel.nt.gov.au/profile/846","community_name":"CHARLOTTE WATERS","land_council":"CENTRAL LAND COUNCIL","latitude":-25.91424,"local_govt_council":"MACDONNELL","ward":"RODINGA","ntg_region":"CENTRAL AUSTRALIA","community_id":846,"main_language":"Not recorded","community_aliases":"No aliases recorded with NTG DIPL","population_count":null,"community_type":"Family Outstation","electorate":"NAMATJIRA","population_source":"Not recorded","objectid":149,"longitude":134.89274}},{"geometry":{"type":"Point","coordinates":[130.97067000000004,-21.527769999999975],"crs":null},"id":150,"type":"Feature","properties":{"bushtel_url":"https://bushtel.nt.gov.au/profile/757","community_name":"CHILLA WELL","land_council":"CENTRAL LAND COUNCIL","latitude":-21.52777,"local_govt_council":"CENTRAL DESERT","ward":"SOUTHERN TANAMI","ntg_region":"CENTRAL AUSTRALIA","community_id":757,"main_language":"Not recorded","community_aliases":"JILA,TJILLA","population_count":null,"community_type":"Family Outstation","electorate":"GWOJA","population_source":"Not recorded","objectid":150,"longitude":130.97067}},{"geometry":{"type":"Point","coordinates":[130.26778000000002,-13.664999999999964],"crs":null},"id":151,"type":"Feature","properties":{"bushtel_url":"https://bushtel.nt.gov.au/profile/779","community_name":"CHULUK","land_council":"NORTHERN LAND COUNCIL","latitude":-13.665,"local_govt_council":"WEST DALY","ward":"THAMARRURR/PINDI PINDI","ntg_region":"TOP END","community_id":779,"main_language":"Not recorded","community_aliases":"CHILLUK,CHILUK,DJILUK","population_count":null,"community_type":"Family Outstation","electorate":"DALY","population_source":"Not recorded","objectid":151,"longitude":130.26778}},{"geometry":{"type":"Point","coordinates":[131.32757000000004,-11.650879999999972],"crs":null},"id":152,"type":"Feature","properties":{"bushtel_url":"https://bushtel.nt.gov.au/profile/1012","community_name":"CONDER POINT","land_council":"TIWI LAND COUNCIL","latitude":-11.65088,"local_govt_council":"TIWI ISLANDS","ward":"MILIKAPITI WARD","ntg_region":"TOP END","community_id":1012,"main_language":"Not recorded","community_aliases":"CONDOR POINT,YIMPINARI","population_count":8,"community_type":"Family Outstation","electorate":"ARAFURA","population_source":"Homelands Service Provider Report 2023","objectid":152,"longitude":131.32757}},{"geometry":{"type":"Point","coordinates":[136.54802000000007,-18.891429999999957],"crs":null},"id":153,"type":"Feature","properties":{"bushtel_url":"https://bushtel.nt.gov.au/profile/901","community_name":"CONNELLS LAGOON","land_council":"NORTHERN LAND COUNCIL","latitude":-18.89143,"local_govt_council":"BARKLY","ward":"KUWARRANGU","ntg_region":"BARKLY","community_id":901,"main_language":"Not recorded","community_aliases":"No aliases recorded with NTG DIPL","population_count":null,"community_type":"Family Outstation","electorate":"BARKLY","population_source":"Not recorded","objectid":153,"longitude":136.54802}},{"geometry":{"type":"Point","coordinates":[135.85671000000002,-18.366849999999943],"crs":null},"id":154,"type":"Feature","properties":{"bushtel_url":"https://bushtel.nt.gov.au/profile/220","community_name":"CORELLA CREEK","land_council":"NORTHERN LAND COUNCIL","latitude":-18.36685,"local_govt_council":"BARKLY","ward":"KUWARRANGU","ntg_region":"BARKLY","community_id":220,"main_language":"Not recorded","community_aliases":"No aliases recorded with NTG DIPL","population_count":30,"community_type":"Family Outstation","electorate":"BARKLY","population_source":"Homelands Service Provider Report 2023","objectid":154,"longitude":135.85671}},{"geometry":{"type":"Point","coordinates":[133.86792000000003,-23.31224999999995],"crs":null},"id":155,"type":"Feature","properties":{"bushtel_url":"https://bushtel.nt.gov.au/profile/1009","community_name":"CORKWOOD BORE","land_council":"CENTRAL LAND COUNCIL","latitude":-23.31225,"local_govt_council":"MACDONNELL","ward":"RODINGA","ntg_region":"CENTRAL AUSTRALIA","community_id":1009,"main_language":"Not recorded","community_aliases":"AULPERENGE,MORRIS DAM","population_count":36,"community_type":"Family Outstation","electorate":"NAMATJIRA","population_source":"Homelands Service Provider Report 2023","objectid":155,"longitude":133.86792}},{"geometry":{"type":"Point","coordinates":[134.8828900000001,-14.564529999999934],"crs":null},"id":156,"type":"Feature","properties":{"bushtel_url":"https://bushtel.nt.gov.au/profile/590","community_name":"COSTELLO","land_council":"NORTHERN LAND COUNCIL","latitude":-14.56453,"local_govt_council":"ROPER GULF","ward":"YUGUL MANGI","ntg_region":"BIG RIVERS","community_id":590,"main_language":"Not recorded","community_aliases":"CASTELLO,JILWILI,KASTELLO","population_count":2,"community_type":"Family Outstation","electorate":"ARNHEM","population_source":"Homelands Service Provider Report 2023","objectid":156,"longitude":134.88289}},{"geometry":{"type":"Point","coordinates":[135.9496200000001,-16.207509999999957],"crs":null},"id":157,"type":"Feature","properties":{"bushtel_url":"https://bushtel.nt.gov.au/profile/972","community_name":"COW LAGOON","land_council":"NORTHERN LAND COUNCIL","latitude":-16.20751,"local_govt_council":"ROPER GULF","ward":"SOUTH WEST GULF","ntg_region":"BIG RIVERS","community_id":972,"main_language":"Not recorded","community_aliases":"TALWALLAH","population_count":6,"community_type":"Family Outstation","electorate":"BARKLY","population_source":"Homelands Service Provider Report 2023","objectid":157,"longitude":135.94962}},{"geometry":{"type":"Point","coordinates":[137.09915,-16.21524999999997],"crs":null},"id":158,"type":"Feature","properties":{"bushtel_url":"https://bushtel.nt.gov.au/profile/24901","community_name":"CRABHOLE","land_council":"NORTHERN LAND COUNCIL","latitude":-16.21525,"local_govt_council":"ROPER GULF","ward":"SOUTH WEST GULF","ntg_region":"BIG RIVERS","community_id":24901,"main_language":"Not recorded","community_aliases":"No aliases recorded with NTG DIPL","population_count":2,"community_type":"Family Outstation","electorate":"BARKLY","population_source":"Homelands Service Provider Report 2023","objectid":158,"longitude":137.09915}},{"geometry":{"type":"Point","coordinates":[130.80491000000006,-17.400589999999966],"crs":null},"id":159,"type":"Feature","properties":{"bushtel_url":"https://bushtel.nt.gov.au/profile/591","community_name":"DAGURAGU","land_council":"CENTRAL LAND COUNCIL","latitude":-17.40059,"local_govt_council":"VICTORIA DALY","ward":"DAGURAGU","ntg_region":"BIG RIVERS","community_id":591,"main_language":"Gurindji / Kriol","community_aliases":"DAGARAGU,WATTIE CREEK","population_count":230,"community_type":"Major","electorate":"GWOJA","population_source":"Based on ABS 2021 Census SA1","objectid":159,"longitude":130.80491}},{"geometry":{"type":"Point","coordinates":[136.91835000000003,-12.340849999999932],"crs":null},"id":160,"type":"Feature","properties":{"bushtel_url":"https://bushtel.nt.gov.au/profile/956","community_name":"DALIWUY BAY","land_council":"NORTHERN LAND COUNCIL","latitude":-12.34085,"local_govt_council":"EAST ARNHEM","ward":"GUMURR MIWATJ","ntg_region":"EAST ARNHEM","community_id":956,"main_language":"Not recorded","community_aliases":"DALYWOI","population_count":null,"community_type":"Family Outstation","electorate":"MULKA","population_source":"Not recorded","objectid":160,"longitude":136.91835}},{"geometry":{"type":"Point","coordinates":[133.36932000000002,-16.25332999999995],"crs":null},"id":161,"type":"Feature","properties":{"bushtel_url":"https://bushtel.nt.gov.au/profile/12194","community_name":"DALY WATERS","land_council":"NORTHERN LAND COUNCIL","latitude":-16.25333,"local_govt_council":"ROPER GULF","ward":"NEVER NEVER","ntg_region":"BIG RIVERS","community_id":12194,"main_language":"Not recorded","community_aliases":"No aliases recorded with NTG DIPL","population_count":null,"community_type":"Village","electorate":"BARKLY","population_source":"Not recorded","objectid":161,"longitude":133.36932}},{"geometry":{"type":"Point","coordinates":[134.64529000000005,-12.16555999999997],"crs":null},"id":162,"type":"Feature","properties":{"bushtel_url":"https://bushtel.nt.gov.au/profile/307","community_name":"DAMDAM","land_council":"NORTHERN LAND COUNCIL","latitude":-12.16556,"local_govt_council":"WEST ARNHEM","ward":"MANINGRIDA","ntg_region":"TOP END","community_id":307,"main_language":"Not recorded","community_aliases":"DAM DAM","population_count":null,"community_type":"Family Outstation","electorate":"ARAFURA","population_source":"Not recorded","objectid":162,"longitude":134.64529}},{"geometry":{"type":"Point","coordinates":[130.9546200000001,-12.740979999999979],"crs":null},"id":163,"type":"Feature","properties":{"bushtel_url":"https://bushtel.nt.gov.au/profile/1003","community_name":"DARRANDARRA","land_council":"NORTHERN LAND COUNCIL","latitude":-12.74098,"local_govt_council":"LITCHFIELD","ward":"SOUTH WARD","ntg_region":"DARWIN, PALMERSTON, LITCHFIELD","community_id":1003,"main_language":"Not recorded","community_aliases":"SOUTHPORT","population_count":null,"community_type":"Family Outstation","electorate":"DALY","population_source":"Not recorded","objectid":163,"longitude":130.95462}},{"geometry":{"type":"Point","coordinates":[136.5927700000001,-13.724859999999978],"crs":null},"id":164,"type":"Feature","properties":{"bushtel_url":"https://bushtel.nt.gov.au/profile/472","community_name":"DARRANGMURMANJA","land_council":"ANINDILYAKWA LAND COUNCIL","latitude":-13.72486,"local_govt_council":"EAST ARNHEM","ward":"ANINDILYAKWA","ntg_region":"EAST ARNHEM","community_id":472,"main_language":"Not recorded","community_aliases":"MARBLE POINT","population_count":null,"community_type":"Family Outstation","electorate":"ARNHEM","population_source":"Not recorded","objectid":164,"longitude":136.59277}},{"geometry":{"type":"Point","coordinates":[130.84244,-12.461529999999982],"crs":null},"id":165,"type":"Feature","properties":{"bushtel_url":"https://bushtel.nt.gov.au/profile/12218","community_name":"DARWIN","land_council":"NORTHERN LAND COUNCIL","latitude":-12.46153,"local_govt_council":"DARWIN","ward":"LYONS","ntg_region":"DARWIN, PALMERSTON, LITCHFIELD","community_id":12218,"main_language":"Not recorded","community_aliases":"No aliases recorded with NTG DIPL","population_count":null,"community_type":"City","electorate":"PORT DARWIN","population_source":"Not recorded","objectid":165,"longitude":130.84244}},{"geometry":{"type":"Point","coordinates":[129.97667,-13.765349999999955],"crs":null},"id":166,"type":"Feature","properties":{"bushtel_url":"https://bushtel.nt.gov.au/profile/775","community_name":"DELEYE","land_council":"NORTHERN LAND COUNCIL","latitude":-13.76535,"local_govt_council":"WEST DALY","ward":"THAMARRURR/PINDI PINDI","ntg_region":"TOP END","community_id":775,"main_language":"Not recorded","community_aliases":"DELYE","population_count":31,"community_type":"Family Outstation","electorate":"DALY","population_source":"Homelands Service Provider Report 2023","objectid":166,"longitude":129.97667}},{"geometry":{"type":"Point","coordinates":[136.38780000000008,-12.412499999999966],"crs":null},"id":167,"type":"Feature","properties":{"bushtel_url":"https://bushtel.nt.gov.au/profile/473","community_name":"DHALINYBUY","land_council":"NORTHERN LAND COUNCIL","latitude":-12.4125,"local_govt_council":"EAST ARNHEM","ward":"GUMURR MIWATJ","ntg_region":"EAST ARNHEM","community_id":473,"main_language":"Not recorded","community_aliases":"DHALINGBOY","population_count":117,"community_type":"Minor","electorate":"MULKA","population_source":"Homelands Service Provider Report 2023","objectid":167,"longitude":136.3878}},{"geometry":{"type":"Point","coordinates":[135.56090000000006,-12.052599999999927],"crs":null},"id":168,"type":"Feature","properties":{"bushtel_url":"https://bushtel.nt.gov.au/profile/896","community_name":"DHAMBALA","land_council":"NORTHERN LAND COUNCIL","latitude":-12.0526,"local_govt_council":"EAST ARNHEM","ward":"GUMURR MARTHAKAL","ntg_region":"EAST ARNHEM","community_id":896,"main_language":"Not recorded","community_aliases":"No aliases recorded with NTG DIPL","population_count":14,"community_type":"Family Outstation","electorate":"MULKA","population_source":"Homelands Service Provider Report 2023","objectid":168,"longitude":135.5609}},{"geometry":{"type":"Point","coordinates":[136.76611000000003,-16.229169999999954],"crs":null},"id":190,"type":"Feature","properties":{"bushtel_url":"https://bushtel.nt.gov.au/profile/812","community_name":"DOOLGARINA","land_council":"NORTHERN LAND COUNCIL","latitude":-16.22917,"local_govt_council":"ROPER GULF","ward":"SOUTH WEST GULF","ntg_region":"BIG RIVERS","community_id":812,"main_language":"Not recorded","community_aliases":"JIBABANA","population_count":null,"community_type":"Family Outstation","electorate":"BARKLY","population_source":"Not recorded","objectid":190,"longitude":136.76611}},{"geometry":{"type":"Point","coordinates":[135.85557000000006,-12.656399999999962],"crs":null},"id":169,"type":"Feature","properties":{"bushtel_url":"https://bushtel.nt.gov.au/profile/475","community_name":"DHAMIYAKA","land_council":"NORTHERN LAND COUNCIL","latitude":-12.6564,"local_govt_council":"EAST ARNHEM","ward":"GUMURR MIYARRKA","ntg_region":"EAST ARNHEM","community_id":475,"main_language":"Not recorded","community_aliases":"No aliases recorded with NTG DIPL","population_count":2,"community_type":"Family Outstation","electorate":"ARNHEM","population_source":"Homelands Service Provider Report 2023","objectid":169,"longitude":135.85557}},{"geometry":{"type":"Point","coordinates":[136.73791000000006,-12.550069999999948],"crs":null},"id":170,"type":"Feature","properties":{"bushtel_url":"https://bushtel.nt.gov.au/profile/955","community_name":"DHANIYA","land_council":"NORTHERN LAND COUNCIL","latitude":-12.55007,"local_govt_council":"EAST ARNHEM","ward":"GUMURR MIWATJ","ntg_region":"EAST ARNHEM","community_id":955,"main_language":"Not recorded","community_aliases":"PORT BRADSHAW","population_count":9,"community_type":"Family Outstation","electorate":"MULKA","population_source":"Homelands Service Provider Report 2023","objectid":170,"longitude":136.73791}},{"geometry":{"type":"Point","coordinates":[135.84693000000004,-11.84937999999994],"crs":null},"id":171,"type":"Feature","properties":{"bushtel_url":"https://bushtel.nt.gov.au/profile/805","community_name":"DHARAWA","land_council":"NORTHERN LAND COUNCIL","latitude":-11.84938,"local_govt_council":"EAST ARNHEM","ward":"GUMURR MARTHAKAL","ntg_region":"EAST ARNHEM","community_id":805,"main_language":"Not recorded","community_aliases":"DHARRWAR","population_count":null,"community_type":"Family Outstation","electorate":"MULKA","population_source":"Not recorded","objectid":171,"longitude":135.84693}},{"geometry":{"type":"Point","coordinates":[136.02005000000008,-13.749829999999974],"crs":null},"id":172,"type":"Feature","properties":{"bushtel_url":"https://bushtel.nt.gov.au/profile/476","community_name":"DHARRNI","land_council":"NORTHERN LAND COUNCIL","latitude":-13.74983,"local_govt_council":"ROPER GULF","ward":"NUMBULWAR NUMBURINDI","ntg_region":"BIG RIVERS","community_id":476,"main_language":"Not recorded","community_aliases":"DHARRI,WUYINDHANGAYN","population_count":null,"community_type":"Family Outstation","electorate":"ARNHEM","population_source":"Not recorded","objectid":172,"longitude":136.02005}},{"geometry":{"type":"Point","coordinates":[135.6187000000001,-11.961199999999963],"crs":null},"id":173,"type":"Feature","properties":{"bushtel_url":"https://bushtel.nt.gov.au/profile/806","community_name":"DHAYIRRI","land_council":"NORTHERN LAND COUNCIL","latitude":-11.9612,"local_govt_council":"EAST ARNHEM","ward":"GUMURR MARTHAKAL","ntg_region":"EAST ARNHEM","community_id":806,"main_language":"Not recorded","community_aliases":"No aliases recorded with NTG DIPL","population_count":6,"community_type":"Family Outstation","electorate":"MULKA","population_source":"Homelands Service Provider Report 2023","objectid":173,"longitude":135.6187}},{"geometry":{"type":"Point","coordinates":[135.09762000000012,-12.24843999999996],"crs":null},"id":174,"type":"Feature","properties":{"bushtel_url":"https://bushtel.nt.gov.au/profile/477","community_name":"DHIPIRRINJURA","land_council":"NORTHERN LAND COUNCIL","latitude":-12.24844,"local_govt_council":"EAST ARNHEM","ward":"GUMURR GATTJIRRK","ntg_region":"EAST ARNHEM","community_id":477,"main_language":"Not recorded","community_aliases":"DHIPIRRINGURA,DIPITJI","population_count":18,"community_type":"Family Outstation","electorate":"MULKA","population_source":"Homelands Service Provider Report 2023","objectid":174,"longitude":135.09762}},{"geometry":{"type":"Point","coordinates":[136.46161000000006,-11.948349999999948],"crs":null},"id":175,"type":"Feature","properties":{"bushtel_url":"https://bushtel.nt.gov.au/profile/478","community_name":"DHOLTJI","land_council":"NORTHERN LAND COUNCIL","latitude":-11.94835,"local_govt_council":"EAST ARNHEM","ward":"GUMURR MARTHAKAL","ntg_region":"EAST ARNHEM","community_id":478,"main_language":"Not recorded","community_aliases":"No aliases recorded with NTG DIPL","population_count":null,"community_type":"Family Outstation","electorate":"MULKA","population_source":"Not recorded","objectid":175,"longitude":136.46161}},{"geometry":{"type":"Point","coordinates":[135.56920000000002,-12.003299999999967],"crs":null},"id":176,"type":"Feature","properties":{"bushtel_url":"https://bushtel.nt.gov.au/profile/664","community_name":"DHUDUPU","land_council":"NORTHERN LAND COUNCIL","latitude":-12.0033,"local_govt_council":"EAST ARNHEM","ward":"GUMURR MARTHAKAL","ntg_region":"EAST ARNHEM","community_id":664,"main_language":"Not recorded","community_aliases":"No aliases recorded with NTG DIPL","population_count":4,"community_type":"Family Outstation","electorate":"MULKA","population_source":"Homelands Service Provider Report 2023","objectid":176,"longitude":135.5692}},{"geometry":{"type":"Point","coordinates":[136.7253300000001,-12.527809999999931],"crs":null},"id":177,"type":"Feature","properties":{"bushtel_url":"https://bushtel.nt.gov.au/profile/954","community_name":"DHULMULMIYA","land_council":"NORTHERN LAND COUNCIL","latitude":-12.52781,"local_govt_council":"EAST ARNHEM","ward":"GUMURR MIWATJ","ntg_region":"EAST ARNHEM","community_id":954,"main_language":"Not recorded","community_aliases":"SPRING CAMP","population_count":null,"community_type":"Family Outstation","electorate":"MULKA","population_source":"Not recorded","objectid":177,"longitude":136.72533}},{"geometry":{"type":"Point","coordinates":[135.39218000000005,-12.667959999999937],"crs":null},"id":178,"type":"Feature","properties":{"bushtel_url":"https://bushtel.nt.gov.au/profile/479","community_name":"DHUPUWAMIRRI","land_council":"NORTHERN LAND COUNCIL","latitude":-12.66796,"local_govt_council":"EAST ARNHEM","ward":"GUMURR MIYARRKA","ntg_region":"EAST ARNHEM","community_id":479,"main_language":"Not recorded","community_aliases":"No aliases recorded with NTG DIPL","population_count":6,"community_type":"Family Outstation","electorate":"ARNHEM","population_source":"Homelands Service Provider Report 2023","objectid":178,"longitude":135.39218}},{"geometry":{"type":"Point","coordinates":[136.1766100000001,-13.054779999999937],"crs":null},"id":179,"type":"Feature","properties":{"bushtel_url":"https://bushtel.nt.gov.au/profile/554","community_name":"DHURUPUTJPI","land_council":"NORTHERN LAND COUNCIL","latitude":-13.05478,"local_govt_council":"EAST ARNHEM","ward":"GUMURR MIWATJ","ntg_region":"EAST ARNHEM","community_id":554,"main_language":"Not recorded","community_aliases":"DHURPUTJPI,DHURUPUJPI,MAYUNDJI,MAYWUNDJI,RURRUNARLA","population_count":12,"community_type":"Family Outstation","electorate":"ARNHEM","population_source":"Homelands Service Provider Report 2023","objectid":179,"longitude":136.17661}},{"geometry":{"type":"Point","coordinates":[132.04505000000006,-15.856979999999965],"crs":null},"id":180,"type":"Feature","properties":{"bushtel_url":"https://bushtel.nt.gov.au/profile/819","community_name":"DILLINYA","land_council":"NORTHERN LAND COUNCIL","latitude":-15.85698,"local_govt_council":"VICTORIA DALY","ward":"TIMBER CREEK","ntg_region":"BIG RIVERS","community_id":819,"main_language":"Not recorded","community_aliases":"DRY CREEK","population_count":null,"community_type":"Family Outstation","electorate":"DALY","population_source":"Not recorded","objectid":180,"longitude":132.04505}},{"geometry":{"type":"Point","coordinates":[129.4085500000001,-14.303729999999973],"crs":null},"id":181,"type":"Feature","properties":{"bushtel_url":"https://bushtel.nt.gov.au/profile/310","community_name":"DITCHI","land_council":"NORTHERN LAND COUNCIL","latitude":-14.30373,"local_govt_council":"WEST DALY","ward":"THAMARRURR/PINDI PINDI","ntg_region":"TOP END","community_id":310,"main_language":"Not recorded","community_aliases":"DITHI,DITJI","population_count":null,"community_type":"Family Outstation","electorate":"DALY","population_source":"Not recorded","objectid":181,"longitude":129.40855}},{"geometry":{"type":"Point","coordinates":[136.35162000000003,-13.296909999999968],"crs":null},"id":182,"type":"Feature","properties":{"bushtel_url":"https://bushtel.nt.gov.au/profile/482","community_name":"DJARRAKPI","land_council":"NORTHERN LAND COUNCIL","latitude":-13.29691,"local_govt_council":"EAST ARNHEM","ward":"GUMURR MIWATJ","ntg_region":"EAST ARNHEM","community_id":482,"main_language":"Not recorded","community_aliases":"CAPE SHIELD,DJARRAPI","population_count":29,"community_type":"Family Outstation","electorate":"ARNHEM","population_source":"Homelands Service Provider Report 2023","objectid":182,"longitude":136.35162}},{"geometry":{"type":"Point","coordinates":[131.53759000000002,-14.813109999999938],"crs":null},"id":183,"type":"Feature","properties":{"bushtel_url":"https://bushtel.nt.gov.au/profile/670","community_name":"DJARRUNG","land_council":"NORTHERN LAND COUNCIL","latitude":-14.81311,"local_govt_council":"VICTORIA DALY","ward":"TIMBER CREEK","ntg_region":"BIG RIVERS","community_id":670,"main_language":"Not recorded","community_aliases":"DJURRUNG","population_count":2,"community_type":"Family Outstation","electorate":"DALY","population_source":"Homelands Service Provider Report 2023","objectid":183,"longitude":131.53759}},{"geometry":{"type":"Point","coordinates":[134.29626000000007,-12.212869999999953],"crs":null},"id":184,"type":"Feature","properties":{"bushtel_url":"https://bushtel.nt.gov.au/profile/965","community_name":"DJINKARR","land_council":"NORTHERN LAND COUNCIL","latitude":-12.21287,"local_govt_council":"WEST ARNHEM","ward":"MANINGRIDA","ntg_region":"TOP END","community_id":965,"main_language":"Not recorded","community_aliases":"No aliases recorded with NTG DIPL","population_count":10,"community_type":"Family Outstation","electorate":"ARAFURA","population_source":"Homelands Service Provider Report 2023","objectid":184,"longitude":134.29626}},{"geometry":{"type":"Point","coordinates":[132.76363000000003,-12.729449999999929],"crs":null},"id":185,"type":"Feature","properties":{"bushtel_url":"https://bushtel.nt.gov.au/profile/981","community_name":"DJIRRBIYAK","land_council":"NORTHERN LAND COUNCIL","latitude":-12.72945,"local_govt_council":"WEST ARNHEM","ward":"KAKADU","ntg_region":"TOP END","community_id":981,"main_language":"Not recorded","community_aliases":"WHISTLE DUCK DREAMING","population_count":30,"community_type":"Family Outstation","electorate":"ARAFURA","population_source":"Homelands Service Provider Report 2023","objectid":185,"longitude":132.76363}},{"geometry":{"type":"Point","coordinates":[135.87292000000002,-11.84683999999993],"crs":null},"id":186,"type":"Feature","properties":{"bushtel_url":"https://bushtel.nt.gov.au/profile/484","community_name":"DJURRANALPI","land_council":"NORTHERN LAND COUNCIL","latitude":-11.84684,"local_govt_council":"EAST ARNHEM","ward":"GUMURR MARTHAKAL","ntg_region":"EAST ARNHEM","community_id":484,"main_language":"Not recorded","community_aliases":"DJANALPI","population_count":1,"community_type":"Family Outstation","electorate":"MULKA","population_source":"Homelands Service Provider Report 2023","objectid":186,"longitude":135.87292}},{"geometry":{"type":"Point","coordinates":[131.92027000000007,-22.262329999999963],"crs":null},"id":187,"type":"Feature","properties":{"bushtel_url":"https://bushtel.nt.gov.au/profile/46","community_name":"DONS BORE","land_council":"CENTRAL LAND COUNCIL","latitude":-22.26233,"local_govt_council":"CENTRAL DESERT","ward":"ANMATJERE","ntg_region":"CENTRAL AUSTRALIA","community_id":46,"main_language":"Not recorded","community_aliases":"ILBPILLA,ILLIPUNU,ILLIPUNY,MT ALLAN","population_count":8,"community_type":"Family Outstation","electorate":"GWOJA","population_source":"Homelands Service Provider Report 2023","objectid":187,"longitude":131.92027}},{"geometry":{"type":"Point","coordinates":[135.47028000000012,-12.89044999999993],"crs":null},"id":188,"type":"Feature","properties":{"bushtel_url":"https://bushtel.nt.gov.au/profile/485","community_name":"DONYDJI","land_council":"NORTHERN LAND COUNCIL","latitude":-12.89045,"local_govt_council":"EAST ARNHEM","ward":"GUMURR MIYARRKA","ntg_region":"EAST ARNHEM","community_id":485,"main_language":"Not recorded","community_aliases":"DOINDJI,DONIDJI,DOYNDJI","population_count":39,"community_type":"Family Outstation","electorate":"ARNHEM","population_source":"Homelands Service Provider Report 2023","objectid":188,"longitude":135.47028}},{"geometry":{"type":"Point","coordinates":[129.15921000000003,-15.725189999999941],"crs":null},"id":189,"type":"Feature","properties":{"bushtel_url":"https://bushtel.nt.gov.au/profile/942","community_name":"DOOJUM","land_council":"NORTHERN LAND COUNCIL","latitude":-15.72519,"local_govt_council":"VICTORIA DALY","ward":"TIMBER CREEK","ntg_region":"BIG RIVERS","community_id":942,"main_language":"Not recorded","community_aliases":"No aliases recorded with NTG DIPL","population_count":null,"community_type":"Family Outstation","electorate":"GWOJA","population_source":"Not recorded","objectid":189,"longitude":129.15921}},{"geometry":{"type":"Point","coordinates":[134.94684000000007,-21.231769999999983],"crs":null},"id":191,"type":"Feature","properties":{"bushtel_url":"https://bushtel.nt.gov.au/profile/24897","community_name":"DOUBLE D","land_council":"CENTRAL LAND COUNCIL","latitude":-21.23177,"local_govt_council":"BARKLY","ward":"ALYAWARR","ntg_region":"BARKLY","community_id":24897,"main_language":"Not recorded","community_aliases":"No aliases recorded with NTG DIPL","population_count":1,"community_type":"Family Outstation","electorate":"BARKLY","population_source":"Homelands Service Provider Report 2023","objectid":191,"longitude":134.94684}},{"geometry":{"type":"Point","coordinates":[131.27766000000008,-18.773769999999956],"crs":null},"id":192,"type":"Feature","properties":{"bushtel_url":"https://bushtel.nt.gov.au/profile/631","community_name":"DUCK PONDS","land_council":"CENTRAL LAND COUNCIL","latitude":-18.77377,"local_govt_council":"CENTRAL DESERT","ward":"NORTHERN TANAMI","ntg_region":"CENTRAL AUSTRALIA","community_id":631,"main_language":"Not recorded","community_aliases":"KULINGALIMPAU,MIRRIRINYUNGU,MURRINYU","population_count":null,"community_type":"Family Outstation","electorate":"GWOJA","population_source":"Not recorded","objectid":192,"longitude":131.27766}},{"geometry":{"type":"Point","coordinates":[129.09845000000007,-24.929989999999975],"crs":null},"id":193,"type":"Feature","properties":{"bushtel_url":"https://bushtel.nt.gov.au/profile/879","community_name":"EAGLE VALLEY","land_council":"CENTRAL LAND COUNCIL","latitude":-24.92999,"local_govt_council":"MACDONNELL","ward":"IYARRKA","ntg_region":"CENTRAL AUSTRALIA","community_id":879,"main_language":"Not recorded","community_aliases":"No aliases recorded with NTG DIPL","population_count":null,"community_type":"Family Outstation","electorate":"GWOJA","population_source":"Not recorded","objectid":193,"longitude":129.09845}},{"geometry":{"type":"Point","coordinates":[132.68279000000007,-23.88698999999997],"crs":null},"id":194,"type":"Feature","properties":{"bushtel_url":"https://bushtel.nt.gov.au/profile/34","community_name":"EIGHT MILE","land_council":"CENTRAL LAND COUNCIL","latitude":-23.88699,"local_govt_council":"MACDONNELL","ward":"LJIRAPINTA","ntg_region":"CENTRAL AUSTRALIA","community_id":34,"main_language":"Not recorded","community_aliases":"8 MILE,EROMANTATAKA,EROMBANTAKA,NEW 8 MILE,NEW EIGHT MILE","population_count":null,"community_type":"Family Outstation","electorate":"GWOJA","population_source":"Not recorded","objectid":194,"longitude":132.68279}},{"geometry":{"type":"Point","coordinates":[133.61583000000007,-23.776769999999942],"crs":null},"id":195,"type":"Feature","properties":{"bushtel_url":"https://bushtel.nt.gov.au/profile/920","community_name":"ELITJIA","land_council":"CENTRAL LAND COUNCIL","latitude":-23.77677,"local_govt_council":"MACDONNELL","ward":"RODINGA","ntg_region":"CENTRAL AUSTRALIA","community_id":920,"main_language":"Not recorded","community_aliases":"ALKIMILYA","population_count":16,"community_type":"Family Outstation","electorate":"NAMATJIRA","population_source":"Homelands Service Provider Report 2023","objectid":195,"longitude":133.61583}},{"geometry":{"type":"Point","coordinates":[133.5408000000001,-17.55269999999996],"crs":null},"id":196,"type":"Feature","properties":{"bushtel_url":"https://bushtel.nt.gov.au/profile/12641","community_name":"ELLIOTT","land_council":"NORTHERN LAND COUNCIL","latitude":-17.5527,"local_govt_council":"BARKLY","ward":"KUWARRANGU","ntg_region":"BARKLY","community_id":12641,"main_language":"Kriol","community_aliases":"No aliases recorded with NTG DIPL","population_count":337,"community_type":"Village","electorate":"BARKLY","population_source":"Based on ABS 2021 Census SA1","objectid":196,"longitude":133.5408}},{"geometry":{"type":"Point","coordinates":[133.53597000000002,-17.549889999999948],"crs":null},"id":197,"type":"Feature","properties":{"bushtel_url":"https://bushtel.nt.gov.au/profile/225","community_name":"ELLIOTT NORTH CAMP","land_council":"NORTHERN LAND COUNCIL","latitude":-17.54989,"local_govt_council":"BARKLY","ward":"KUWARRANGU","ntg_region":"BARKLY","community_id":225,"main_language":"Not recorded","community_aliases":"ELLIOTT,GURUNGU,NORTH CAMP","population_count":null,"community_type":"Town Camp","electorate":"BARKLY","population_source":"Not recorded","objectid":197,"longitude":133.53597}},{"geometry":{"type":"Point","coordinates":[133.5574600000001,-17.562179999999955],"crs":null},"id":198,"type":"Feature","properties":{"bushtel_url":"https://bushtel.nt.gov.au/profile/224","community_name":"ELLIOTT SOUTH CAMP","land_council":"NORTHERN LAND COUNCIL","latitude":-17.56218,"local_govt_council":"BARKLY","ward":"KUWARRANGU","ntg_region":"BARKLY","community_id":224,"main_language":"Not recorded","community_aliases":"SOUTH CAMP,WILYUGH,WILYUGOO,WILYUGU","population_count":null,"community_type":"Town Camp","electorate":"BARKLY","population_source":"Not recorded","objectid":198,"longitude":133.55746}},{"geometry":{"type":"Point","coordinates":[130.3277700000001,-14.17020999999994],"crs":null},"id":199,"type":"Feature","properties":{"bushtel_url":"https://bushtel.nt.gov.au/profile/882","community_name":"EMU POINT","land_council":"NORTHERN LAND COUNCIL","latitude":-14.17021,"local_govt_council":"WEST DALY","ward":"THAMARRURR/PINDI PINDI","ntg_region":"TOP END","community_id":882,"main_language":"Not recorded","community_aliases":"MULYUNG,NGANAMBALA","population_count":85,"community_type":"Family Outstation","electorate":"DALY","population_source":"Homelands Service Provider Report 2023","objectid":199,"longitude":130.32777}},{"geometry":{"type":"Point","coordinates":[134.4554700000001,-22.802569999999946],"crs":null},"id":200,"type":"Feature","properties":{"bushtel_url":"https://bushtel.nt.gov.au/profile/33","community_name":"ENGAWALA","land_council":"CENTRAL LAND COUNCIL","latitude":-22.80257,"local_govt_council":"CENTRAL DESERT","ward":"ANMATJERE","ntg_region":"CENTRAL AUSTRALIA","community_id":33,"main_language":"Eastern Arrente, Alyawarr","community_aliases":"ALCOOTA","population_count":193,"community_type":"Minor","electorate":"NAMATJIRA","population_source":"Based on ABS 2021 Census SA1","objectid":200,"longitude":134.45547}},{"geometry":{"type":"Point","coordinates":[133.89974000000007,-23.708099999999945],"crs":null},"id":201,"type":"Feature","properties":{"bushtel_url":"https://bushtel.nt.gov.au/profile/35","community_name":"EWYENPER ATWATYE","land_council":"CENTRAL LAND COUNCIL","latitude":-23.7081,"local_govt_council":"ALICE SPRINGS","ward":"Not recorded","ntg_region":"CENTRAL AUSTRALIA","community_id":35,"main_language":"Not recorded","community_aliases":"HIDDEN VALLEY,ILPEA ILPEA","population_count":null,"community_type":"Town Camp","electorate":"ARALUEN","population_source":"Not recorded","objectid":201,"longitude":133.89974}},{"geometry":{"type":"Point","coordinates":[134.57842000000005,-25.58143999999993],"crs":null},"id":202,"type":"Feature","properties":{"bushtel_url":"https://bushtel.nt.gov.au/profile/36","community_name":"FINKE","land_council":"CENTRAL LAND COUNCIL","latitude":-25.58144,"local_govt_council":"MACDONNELL","ward":"RODINGA","ntg_region":"CENTRAL AUSTRALIA","community_id":36,"main_language":"Pitjantjatjara, Yankunytjatjara, Southern Luritja","community_aliases":"APATULA,APUTULA","population_count":224,"community_type":"Major","electorate":"NAMATJIRA","population_source":"Based on ABS 2021 Census SA1","objectid":202,"longitude":134.57842}},{"geometry":{"type":"Point","coordinates":[130.9343100000001,-15.562979999999982],"crs":null},"id":203,"type":"Feature","properties":{"bushtel_url":"https://bushtel.nt.gov.au/profile/950","community_name":"FITZROY STATION","land_council":"NORTHERN LAND COUNCIL","latitude":-15.56298,"local_govt_council":"VICTORIA DALY","ward":"TIMBER CREEK","ntg_region":"BIG RIVERS","community_id":950,"main_language":"Not recorded","community_aliases":"No aliases recorded with NTG DIPL","population_count":12,"community_type":"Family Outstation","electorate":"DALY","population_source":"Homelands Service Provider Report 2023","objectid":203,"longitude":130.93431}},{"geometry":{"type":"Point","coordinates":[132.84834,-23.91847999999993],"crs":null},"id":204,"type":"Feature","properties":{"bushtel_url":"https://bushtel.nt.gov.au/profile/57","community_name":"FIVE MILE","land_council":"CENTRAL LAND COUNCIL","latitude":-23.91848,"local_govt_council":"MACDONNELL","ward":"LJIRAPINTA","ntg_region":"CENTRAL AUSTRALIA","community_id":57,"main_language":"Not recorded","community_aliases":"5 MILE,INTJARRANGA,RUTJINKA","population_count":3,"community_type":"Family Outstation","electorate":"GWOJA","population_source":"Homelands Service Provider Report 2023","objectid":204,"longitude":132.84834}},{"geometry":{"type":"Point","coordinates":[130.7183100000001,-13.726839999999982],"crs":null},"id":205,"type":"Feature","properties":{"bushtel_url":"https://bushtel.nt.gov.au/profile/12769","community_name":"FIVE MILE","land_council":"NORTHERN LAND COUNCIL","latitude":-13.72684,"local_govt_council":"VICTORIA DALY","ward":"MILNGIN","ntg_region":"TOP END","community_id":12769,"main_language":"Not recorded","community_aliases":"FAPIWATI FAMILY OUTSTATION,FEPPIWETI FAMILY OUTSTATION","population_count":null,"community_type":"Family Outstation","electorate":"DALY","population_source":"Not recorded","objectid":205,"longitude":130.71831}},{"geometry":{"type":"Point","coordinates":[134.0933100000001,-15.616059999999948],"crs":null},"id":206,"type":"Feature","properties":{"bushtel_url":"https://bushtel.nt.gov.au/profile/685","community_name":"FLICKS HOLE","land_council":"NORTHERN LAND COUNCIL","latitude":-15.61606,"local_govt_council":"ROPER GULF","ward":"NEVER NEVER","ntg_region":"BIG RIVERS","community_id":685,"main_language":"Not recorded","community_aliases":"FLICKS WATERHOLE,WUNOORILL ASSOC","population_count":null,"community_type":"Family Outstation","electorate":"ARNHEM","population_source":"Not recorded","objectid":206,"longitude":134.09331}},{"geometry":{"type":"Point","coordinates":[129.52127000000007,-14.537779999999941],"crs":null},"id":207,"type":"Feature","properties":{"bushtel_url":"https://bushtel.nt.gov.au/profile/911","community_name":"FOSSIL HEAD","land_council":"NORTHERN LAND COUNCIL","latitude":-14.53778,"local_govt_council":"WEST DALY","ward":"THAMARRURR/PINDI PINDI","ntg_region":"TOP END","community_id":911,"main_language":"Not recorded","community_aliases":"No aliases recorded with NTG DIPL","population_count":34,"community_type":"Family Outstation","electorate":"DALY","population_source":"Homelands Service Provider Report 2023","objectid":207,"longitude":129.52127}},{"geometry":{"type":"Point","coordinates":[134.82355000000007,-23.07382999999993],"crs":null},"id":208,"type":"Feature","properties":{"bushtel_url":"https://bushtel.nt.gov.au/profile/909","community_name":"FOXALLS WELL","land_council":"CENTRAL LAND COUNCIL","latitude":-23.07383,"local_govt_council":"CENTRAL DESERT","ward":"AKITYARRE","ntg_region":"CENTRAL AUSTRALIA","community_id":909,"main_language":"Not recorded","community_aliases":"FOXELLS WELL,FOXHALLS WELL","population_count":8,"community_type":"Family Outstation","electorate":"NAMATJIRA","population_source":"Homelands Service Provider Report 2023","objectid":208,"longitude":134.82355}},{"geometry":{"type":"Point","coordinates":[136.75732000000005,-12.166009999999972],"crs":null},"id":209,"type":"Feature","properties":{"bushtel_url":"https://bushtel.nt.gov.au/profile/496","community_name":"GALARU","land_council":"NORTHERN LAND COUNCIL","latitude":-12.16601,"local_govt_council":"EAST ARNHEM","ward":"GUMURR MIWATJ","ntg_region":"EAST ARNHEM","community_id":496,"main_language":"Not recorded","community_aliases":"EAST WOODY,GALURU","population_count":null,"community_type":"Family Outstation","electorate":"MULKA","population_source":"Not recorded","objectid":209,"longitude":136.75732}},{"geometry":{"type":"Point","coordinates":[135.59373000000005,-12.04439999999994],"crs":null},"id":210,"type":"Feature","properties":{"bushtel_url":"https://bushtel.nt.gov.au/profile/807","community_name":"GALAWARRA","land_council":"NORTHERN LAND COUNCIL","latitude":-12.0444,"local_govt_council":"EAST ARNHEM","ward":"GUMURR MARTHAKAL","ntg_region":"EAST ARNHEM","community_id":807,"main_language":"Not recorded","community_aliases":"No aliases recorded with NTG DIPL","population_count":4,"community_type":"Family Outstation","electorate":"MULKA","population_source":"Homelands Service Provider Report 2023","objectid":210,"longitude":135.59373}},{"geometry":{"type":"Point","coordinates":[134.81751000000008,-12.286949999999933],"crs":null},"id":211,"type":"Feature","properties":{"bushtel_url":"https://bushtel.nt.gov.au/profile/489","community_name":"GALAWDJAPIN","land_council":"NORTHERN LAND COUNCIL","latitude":-12.28695,"local_govt_council":"EAST ARNHEM","ward":"BIRR RAWARRANG","ntg_region":"EAST ARNHEM","community_id":489,"main_language":"Not recorded","community_aliases":"GALADJAPIN,GALATJAPAN","population_count":12,"community_type":"Family Outstation","electorate":"MULKA","population_source":"Homelands Service Provider Report 2023","objectid":211,"longitude":134.81751}},{"geometry":{"type":"Point","coordinates":[135.56640000000004,-12.023499999999956],"crs":null},"id":212,"type":"Feature","properties":{"bushtel_url":"https://bushtel.nt.gov.au/profile/492","community_name":"GALIWINKU","land_council":"NORTHERN LAND COUNCIL","latitude":-12.0235,"local_govt_council":"EAST ARNHEM","ward":"GUMURR MARTHAKAL","ntg_region":"EAST ARNHEM","community_id":492,"main_language":"Yolngu Matha (Djambarrpuyngu, Gupapuyngu, Djinang)","community_aliases":"ELCHO ISLAND,GALIWIN'KU","population_count":2582,"community_type":"Major","electorate":"MULKA","population_source":"Based on ABS 2021 Census SA1","objectid":212,"longitude":135.5664}},{"geometry":{"type":"Point","coordinates":[136.68920000000003,-12.192499999999939],"crs":null},"id":213,"type":"Feature","properties":{"bushtel_url":"https://bushtel.nt.gov.au/profile/495","community_name":"GALUPA","land_council":"NORTHERN LAND COUNCIL","latitude":-12.1925,"local_govt_council":"EAST ARNHEM","ward":"GUMURR MIWATJ","ntg_region":"EAST ARNHEM","community_id":495,"main_language":"Not recorded","community_aliases":"KINGS VILLAGE,WARDJUK","population_count":null,"community_type":"Family Outstation","electorate":"MULKA","population_source":"Not recorded","objectid":213,"longitude":136.6892}},{"geometry":{"type":"Point","coordinates":[134.68321000000003,-12.273979999999938],"crs":null},"id":214,"type":"Feature","properties":{"bushtel_url":"https://bushtel.nt.gov.au/profile/315","community_name":"GAMARDI","land_council":"NORTHERN LAND COUNCIL","latitude":-12.27398,"local_govt_council":"WEST ARNHEM","ward":"MANINGRIDA","ntg_region":"TOP END","community_id":315,"main_language":"Not recorded","community_aliases":"GAMEDI,JIMARDE","population_count":55,"community_type":"Family Outstation","electorate":"ARAFURA","population_source":"Homelands Service Provider Report 2023","objectid":214,"longitude":134.68321}},{"geometry":{"type":"Point","coordinates":[134.0764600000001,-12.649139999999932],"crs":null},"id":215,"type":"Feature","properties":{"bushtel_url":"https://bushtel.nt.gov.au/profile/316","community_name":"GAMARGAWAN","land_council":"NORTHERN LAND COUNCIL","latitude":-12.64914,"local_govt_council":"WEST ARNHEM","ward":"GUNBALANYA","ntg_region":"TOP END","community_id":316,"main_language":"Not recorded","community_aliases":"GAMARGWAN,GAMARRGAWAN","population_count":12,"community_type":"Family Outstation","electorate":"ARAFURA","population_source":"Homelands Service Provider Report 2023","objectid":215,"longitude":134.07646}},{"geometry":{"type":"Point","coordinates":[135.9435400000001,-13.04604999999998],"crs":null},"id":216,"type":"Feature","properties":{"bushtel_url":"https://bushtel.nt.gov.au/profile/498","community_name":"GAN GAN","land_council":"NORTHERN LAND COUNCIL","latitude":-13.04605,"local_govt_council":"EAST ARNHEM","ward":"GUMURR MIWATJ","ntg_region":"EAST ARNHEM","community_id":498,"main_language":"Not recorded","community_aliases":"GANGAN","population_count":78,"community_type":"Minor","electorate":"ARNHEM","population_source":"Homelands Service Provider Report 2023","objectid":216,"longitude":135.94354}},{"geometry":{"type":"Point","coordinates":[135.02131000000008,-14.474999999999966],"crs":null},"id":217,"type":"Feature","properties":{"bushtel_url":"https://bushtel.nt.gov.au/profile/1024","community_name":"GANIYARRANG","land_council":"NORTHERN LAND COUNCIL","latitude":-14.475,"local_govt_council":"ROPER GULF","ward":"YUGUL MANGI","ntg_region":"BIG RIVERS","community_id":1024,"main_language":"Not recorded","community_aliases":"GUNIARA,KANNIYARANG,ROSS HILL","population_count":null,"community_type":"Family Outstation","electorate":"ARNHEM","population_source":"Not recorded","objectid":217,"longitude":135.02131}},{"geometry":{"type":"Point","coordinates":[135.81235000000004,-11.885229999999979],"crs":null},"id":218,"type":"Feature","properties":{"bushtel_url":"https://bushtel.nt.gov.au/profile/499","community_name":"GANPURA","land_council":"NORTHERN LAND COUNCIL","latitude":-11.88523,"local_govt_council":"EAST ARNHEM","ward":"GUMURR MARTHAKAL","ntg_region":"EAST ARNHEM","community_id":499,"main_language":"Not recorded","community_aliases":"BAPULU,GANABURRA,GANPURRA","population_count":5,"community_type":"Family Outstation","electorate":"MULKA","population_source":"Homelands Service Provider Report 2023","objectid":218,"longitude":135.81235}},{"geometry":{"type":"Point","coordinates":[135.80587000000003,-12.503219999999942],"crs":null},"id":219,"type":"Feature","properties":{"bushtel_url":"https://bushtel.nt.gov.au/profile/500","community_name":"GAPUWIYAK","land_council":"NORTHERN LAND COUNCIL","latitude":-12.50322,"local_govt_council":"EAST ARNHEM","ward":"GUMURR MIYARRKA","ntg_region":"EAST ARNHEM","community_id":500,"main_language":"Yolngu Matha (Djambarrpuyngu)","community_aliases":"LAKE EVELLA","population_count":828,"community_type":"Major","electorate":"ARNHEM","population_source":"Based on ABS 2021 Census SA1","objectid":219,"longitude":135.80587}},{"geometry":{"type":"Point","coordinates":[135.02095000000008,-12.282039999999938],"crs":null},"id":220,"type":"Feature","properties":{"bushtel_url":"https://bushtel.nt.gov.au/profile/963","community_name":"GARANYDJIRR","land_council":"NORTHERN LAND COUNCIL","latitude":-12.28204,"local_govt_council":"EAST ARNHEM","ward":"BIRR RAWARRANG","ntg_region":"EAST ARNHEM","community_id":963,"main_language":"Not recorded","community_aliases":"No aliases recorded with NTG DIPL","population_count":8,"community_type":"Family Outstation","electorate":"MULKA","population_source":"Homelands Service Provider Report 2023","objectid":220,"longitude":135.02095}},{"geometry":{"type":"Point","coordinates":[136.3212900000001,-16.06878999999998],"crs":null},"id":221,"type":"Feature","properties":{"bushtel_url":"https://bushtel.nt.gov.au/profile/229","community_name":"GARAWA 1","land_council":"NORTHERN LAND COUNCIL","latitude":-16.06879,"local_govt_council":"ROPER GULF","ward":"SOUTH WEST GULF","ntg_region":"BIG RIVERS","community_id":229,"main_language":"Not recorded","community_aliases":"BORROLOOLA TOWN CAMP,GARAWA","population_count":null,"community_type":"Town Camp","electorate":"BARKLY","population_source":"Not recorded","objectid":221,"longitude":136.32129}},{"geometry":{"type":"Point","coordinates":[136.3189000000001,-16.07389999999998],"crs":null},"id":222,"type":"Feature","properties":{"bushtel_url":"https://bushtel.nt.gov.au/profile/992","community_name":"GARAWA 2","land_council":"NORTHERN LAND COUNCIL","latitude":-16.0739,"local_govt_council":"ROPER GULF","ward":"SOUTH WEST GULF","ntg_region":"BIG RIVERS","community_id":992,"main_language":"Not recorded","community_aliases":"BORROLOOLA TOWN CAMP","population_count":null,"community_type":"Town Camp","electorate":"BARKLY","population_source":"Not recorded","objectid":222,"longitude":136.3189}},{"geometry":{"type":"Point","coordinates":[135.64751,-16.674959999999942],"crs":null},"id":223,"type":"Feature","properties":{"bushtel_url":"https://bushtel.nt.gov.au/profile/993","community_name":"GARRINJINNY","land_council":"NORTHERN LAND COUNCIL","latitude":-16.67496,"local_govt_council":"ROPER GULF","ward":"SOUTH WEST GULF","ntg_region":"BIG RIVERS","community_id":993,"main_language":"Not recorded","community_aliases":"GARRINJINI","population_count":8,"community_type":"Family Outstation","electorate":"BARKLY","population_source":"Homelands Service Provider Report 2023","objectid":223,"longitude":135.64751}},{"geometry":{"type":"Point","coordinates":[135.56284000000005,-12.148609999999962],"crs":null},"id":224,"type":"Feature","properties":{"bushtel_url":"https://bushtel.nt.gov.au/profile/504","community_name":"GARRIYAK","land_council":"NORTHERN LAND COUNCIL","latitude":-12.14861,"local_govt_council":"EAST ARNHEM","ward":"GUMURR MARTHAKAL","ntg_region":"EAST ARNHEM","community_id":504,"main_language":"Not recorded","community_aliases":"GARRANDNGJUR,GARRIYAKNGURR,GIARRIYAKGUR","population_count":null,"community_type":"Family Outstation","electorate":"MULKA","population_source":"Not recorded","objectid":224,"longitude":135.56284}},{"geometry":{"type":"Point","coordinates":[136.56918000000007,-12.763049999999964],"crs":null},"id":225,"type":"Feature","properties":{"bushtel_url":"https://bushtel.nt.gov.au/profile/505","community_name":"GARRTHALALA","land_council":"NORTHERN LAND COUNCIL","latitude":-12.76305,"local_govt_council":"EAST ARNHEM","ward":"GUMURR MIWATJ","ntg_region":"EAST ARNHEM","community_id":505,"main_language":"Not recorded","community_aliases":"GARRTBALALA","population_count":54,"community_type":"Family Outstation","electorate":"MULKA","population_source":"Homelands Service Provider Report 2023","objectid":225,"longitude":136.56918}},{"geometry":{"type":"Point","coordinates":[134.8202900000001,-12.27305999999993],"crs":null},"id":226,"type":"Feature","properties":{"bushtel_url":"https://bushtel.nt.gov.au/profile/507","community_name":"GATJI","land_council":"NORTHERN LAND COUNCIL","latitude":-12.27306,"local_govt_council":"EAST ARNHEM","ward":"BIRR RAWARRANG","ntg_region":"EAST ARNHEM","community_id":507,"main_language":"Not recorded","community_aliases":"GADJI,GARTJI","population_count":4,"community_type":"Family Outstation","electorate":"MULKA","population_source":"Homelands Service Provider Report 2023","objectid":226,"longitude":134.82029}},{"geometry":{"type":"Point","coordinates":[135.90485,-11.760319999999979],"crs":null},"id":227,"type":"Feature","properties":{"bushtel_url":"https://bushtel.nt.gov.au/profile/508","community_name":"GAWA","land_council":"NORTHERN LAND COUNCIL","latitude":-11.76032,"local_govt_council":"EAST ARNHEM","ward":"GUMURR MARTHAKAL","ntg_region":"EAST ARNHEM","community_id":508,"main_language":"Not recorded","community_aliases":"No aliases recorded with NTG DIPL","population_count":19,"community_type":"Family Outstation","electorate":"MULKA","population_source":"Homelands Service Provider Report 2023","objectid":227,"longitude":135.90485}},{"geometry":{"type":"Point","coordinates":[136.32037000000003,-12.052179999999964],"crs":null},"id":228,"type":"Feature","properties":{"bushtel_url":"https://bushtel.nt.gov.au/profile/509","community_name":"GIKAL","land_council":"NORTHERN LAND COUNCIL","latitude":-12.05218,"local_govt_council":"EAST ARNHEM","ward":"GUMURR MARTHAKAL","ntg_region":"EAST ARNHEM","community_id":509,"main_language":"Not recorded","community_aliases":"No aliases recorded with NTG DIPL","population_count":null,"community_type":"Family Outstation","electorate":"MULKA","population_source":"Not recorded","objectid":228,"longitude":136.32037}},{"geometry":{"type":"Point","coordinates":[132.4807300000001,-23.971769999999935],"crs":null},"id":229,"type":"Feature","properties":{"bushtel_url":"https://bushtel.nt.gov.au/profile/38","community_name":"GILBERT SPRINGS","land_council":"CENTRAL LAND COUNCIL","latitude":-23.97177,"local_govt_council":"MACDONNELL","ward":"LJIRAPINTA","ntg_region":"CENTRAL AUSTRALIA","community_id":38,"main_language":"Not recorded","community_aliases":"LTALALTUMA","population_count":null,"community_type":"Family Outstation","electorate":"GWOJA","population_source":"Not recorded","objectid":229,"longitude":132.48073}},{"geometry":{"type":"Point","coordinates":[134.81695000000002,-12.330289999999934],"crs":null},"id":230,"type":"Feature","properties":{"bushtel_url":"https://bushtel.nt.gov.au/profile/490","community_name":"GILIRRI","land_council":"NORTHERN LAND COUNCIL","latitude":-12.33029,"local_govt_council":"EAST ARNHEM","ward":"BIRR RAWARRANG","ntg_region":"EAST ARNHEM","community_id":490,"main_language":"Not recorded","community_aliases":"GALERRA,GELERRI","population_count":null,"community_type":"Family Outstation","electorate":"MULKA","population_source":"Not recorded","objectid":230,"longitude":134.81695}},{"geometry":{"type":"Point","coordinates":[130.53275000000008,-15.787109999999927],"crs":null},"id":231,"type":"Feature","properties":{"bushtel_url":"https://bushtel.nt.gov.au/profile/597","community_name":"GILWI","land_council":"NORTHERN LAND COUNCIL","latitude":-15.78711,"local_govt_council":"VICTORIA DALY","ward":"TIMBER CREEK","ntg_region":"BIG RIVERS","community_id":597,"main_language":"Not recorded","community_aliases":"11 MILE,TWELVE MILE BORE,TWELVE MILE HOLE","population_count":86,"community_type":"Family Outstation","electorate":"DALY","population_source":"Homelands Service Provider Report 2023","objectid":231,"longitude":130.53275}},{"geometry":{"type":"Point","coordinates":[132.60772000000009,-13.578539999999975],"crs":null},"id":232,"type":"Feature","properties":{"bushtel_url":"https://bushtel.nt.gov.au/profile/945","community_name":"GIMBAT","land_council":"NORTHERN LAND COUNCIL","latitude":-13.57854,"local_govt_council":"ROPER GULF","ward":"NYIRRANGGULUNG","ntg_region":"BIG RIVERS","community_id":945,"main_language":"Not recorded","community_aliases":"No aliases recorded with NTG DIPL","population_count":null,"community_type":"Family Outstation","electorate":"ARNHEM","population_source":"Not recorded","objectid":232,"longitude":132.60772}},{"geometry":{"type":"Point","coordinates":[135.78183,-11.911689999999965],"crs":null},"id":233,"type":"Feature","properties":{"bushtel_url":"https://bushtel.nt.gov.au/profile/510","community_name":"GITAN","land_council":"NORTHERN LAND COUNCIL","latitude":-11.91169,"local_govt_council":"EAST ARNHEM","ward":"GUMURR MARTHAKAL","ntg_region":"EAST ARNHEM","community_id":510,"main_language":"Not recorded","community_aliases":"GITJAN","population_count":null,"community_type":"Family Outstation","electorate":"MULKA","population_source":"Not recorded","objectid":233,"longitude":135.78183}},{"geometry":{"type":"Point","coordinates":[134.45751000000007,-12.19924999999995],"crs":null},"id":234,"type":"Feature","properties":{"bushtel_url":"https://bushtel.nt.gov.au/profile/319","community_name":"GOCHAN JINY JIRRA","land_council":"NORTHERN LAND COUNCIL","latitude":-12.19925,"local_govt_council":"WEST ARNHEM","ward":"MANINGRIDA","ntg_region":"TOP END","community_id":319,"main_language":"Not recorded","community_aliases":"CADELL GUNARDPA,GOCHAN JINY-JIRRA,GOCHIN JINY JARD,GOCHIN JINY JIRRA,GOTJANJINJIRRA","population_count":33,"community_type":"Minor","electorate":"ARAFURA","population_source":"Homelands Service Provider Report 2023","objectid":234,"longitude":134.45751}},{"geometry":{"type":"Point","coordinates":[136.1508500000001,-12.066379999999981],"crs":null},"id":235,"type":"Feature","properties":{"bushtel_url":"https://bushtel.nt.gov.au/profile/669","community_name":"GONGURUWUY","land_council":"NORTHERN LAND COUNCIL","latitude":-12.06638,"local_govt_council":"EAST ARNHEM","ward":"GUMURR MARTHAKAL","ntg_region":"EAST ARNHEM","community_id":669,"main_language":"Not recorded","community_aliases":"GOYNGURUMUY,GUNGURUWUY,INGLIS ISLAND,WATAYNGA","population_count":null,"community_type":"Family Outstation","electorate":"MULKA","population_source":"Not recorded","objectid":235,"longitude":136.15085}},{"geometry":{"type":"Point","coordinates":[136.09751000000006,-16.158289999999965],"crs":null},"id":236,"type":"Feature","properties":{"bushtel_url":"https://bushtel.nt.gov.au/profile/723","community_name":"GOOLMINYINI","land_council":"NORTHERN LAND COUNCIL","latitude":-16.15829,"local_govt_council":"ROPER GULF","ward":"SOUTH WEST GULF","ntg_region":"BIG RIVERS","community_id":723,"main_language":"Not recorded","community_aliases":"DEVIL SPRING","population_count":29,"community_type":"Family Outstation","electorate":"BARKLY","population_source":"Homelands Service Provider Report 2023","objectid":236,"longitude":136.09751}},{"geometry":{"type":"Point","coordinates":[134.14587000000006,-13.346209999999928],"crs":null},"id":237,"type":"Feature","properties":{"bushtel_url":"https://bushtel.nt.gov.au/profile/596","community_name":"GORPULYUL","land_council":"NORTHERN LAND COUNCIL","latitude":-13.34621,"local_govt_council":"ROPER GULF","ward":"NYIRRANGGULUNG","ntg_region":"BIG RIVERS","community_id":596,"main_language":"Not recorded","community_aliases":"DALANGARR,GALPULYU,GALPYUL,GULPULIYUL,GULPULYAL","population_count":null,"community_type":"Family Outstation","electorate":"ARNHEM","population_source":"Not recorded","objectid":237,"longitude":134.14587}},{"geometry":{"type":"Point","coordinates":[134.4953200000001,-12.122939999999971],"crs":null},"id":238,"type":"Feature","properties":{"bushtel_url":"https://bushtel.nt.gov.au/profile/321","community_name":"GORRONG-GORRONG","land_council":"NORTHERN LAND COUNCIL","latitude":-12.12294,"local_govt_council":"WEST ARNHEM","ward":"MANINGRIDA","ntg_region":"TOP END","community_id":321,"main_language":"Not recorded","community_aliases":"GORONG GORONG,GORRON GORRONG","population_count":6,"community_type":"Family Outstation","electorate":"ARAFURA","population_source":"Homelands Service Provider Report 2023","objectid":238,"longitude":134.49532}},{"geometry":{"type":"Point","coordinates":[131.73817000000008,-23.15050999999994],"crs":null},"id":239,"type":"Feature","properties":{"bushtel_url":"https://bushtel.nt.gov.au/profile/44","community_name":"GREEN VALLEY","land_council":"CENTRAL LAND COUNCIL","latitude":-23.15051,"local_govt_council":"MACDONNELL","ward":"LURITJA PINTUBI","ntg_region":"CENTRAL AUSTRALIA","community_id":44,"main_language":"Not recorded","community_aliases":"ILILLI,KUMANJAYE","population_count":2,"community_type":"Family Outstation","electorate":"GWOJA","population_source":"Homelands Service Provider Report 2023","objectid":239,"longitude":131.73817}},{"geometry":{"type":"Point","coordinates":[133.80109000000004,-12.250969999999938],"crs":null},"id":240,"type":"Feature","properties":{"bushtel_url":"https://bushtel.nt.gov.au/profile/740","community_name":"GUDJEKBIN","land_council":"NORTHERN LAND COUNCIL","latitude":-12.25097,"local_govt_council":"WEST ARNHEM","ward":"GUNBALANYA","ntg_region":"TOP END","community_id":740,"main_language":"Not recorded","community_aliases":"GUBJEKBINJ,GUDJERBINJ,KUJAKBI","population_count":null,"community_type":"Family Outstation","electorate":"ARAFURA","population_source":"Not recorded","objectid":240,"longitude":133.80109}},{"geometry":{"type":"Point","coordinates":[132.33842000000004,-11.130419999999958],"crs":null},"id":241,"type":"Feature","properties":{"bushtel_url":"https://bushtel.nt.gov.au/profile/741","community_name":"GUL GUL","land_council":"Not recorded","latitude":-11.13042,"local_govt_council":null,"ward":"Not recorded","ntg_region":"Not recorded","community_id":741,"main_language":"Not recorded","community_aliases":"DANGER POINT,GULGUL","population_count":null,"community_type":"Family Outstation","electorate":"ARAFURA","population_source":"Not recorded","objectid":241,"longitude":132.33842}},{"geometry":{"type":"Point","coordinates":[130.48399000000006,-15.713259999999934],"crs":null},"id":242,"type":"Feature","properties":{"bushtel_url":"https://bushtel.nt.gov.au/profile/24905","community_name":"GULARDI","land_council":"NORTHERN LAND COUNCIL","latitude":-15.71326,"local_govt_council":"VICTORIA DALY","ward":"TIMBER CREEK","ntg_region":"BIG RIVERS","community_id":24905,"main_language":"Not recorded","community_aliases":"No aliases recorded with NTG DIPL","population_count":14,"community_type":"Family Outstation","electorate":"DALY","population_source":"Homelands Service Provider Report 2023","objectid":242,"longitude":130.48399}},{"geometry":{"type":"Point","coordinates":[135.82229000000007,-11.917009999999948],"crs":null},"id":243,"type":"Feature","properties":{"bushtel_url":"https://bushtel.nt.gov.au/profile/512","community_name":"GULMARRI","land_council":"NORTHERN LAND COUNCIL","latitude":-11.91701,"local_govt_council":"EAST ARNHEM","ward":"GUMURR MARTHAKAL","ntg_region":"EAST ARNHEM","community_id":512,"main_language":"Not recorded","community_aliases":"GALMARRI,GULAMARRI,GULMARI,GULUMARRI","population_count":5,"community_type":"Family Outstation","electorate":"MULKA","population_source":"Homelands Service Provider Report 2023","objectid":243,"longitude":135.82229}},{"geometry":{"type":"Point","coordinates":[131.09811000000002,-13.138759999999934],"crs":null},"id":244,"type":"Feature","properties":{"bushtel_url":"https://bushtel.nt.gov.au/profile/867","community_name":"GULNGARRING","land_council":"NORTHERN LAND COUNCIL","latitude":-13.13876,"local_govt_council":"COOMALIE","ward":"COOMALIE RURAL WARD","ntg_region":"TOP END","community_id":867,"main_language":"Not recorded","community_aliases":"No aliases recorded with NTG DIPL","population_count":null,"community_type":"Family Outstation","electorate":"DALY","population_source":"Not recorded","objectid":244,"longitude":131.09811}},{"geometry":{"type":"Point","coordinates":[136.0385500000001,-19.354389999999967],"crs":null},"id":245,"type":"Feature","properties":{"bushtel_url":"https://bushtel.nt.gov.au/profile/204","community_name":"GULUNGURU","land_council":"NORTHERN LAND COUNCIL","latitude":-19.35439,"local_govt_council":"BARKLY","ward":"KUWARRANGU","ntg_region":"BARKLY","community_id":204,"main_language":"Not recorded","community_aliases":"ALROY DOWNS,GULUNURRU,GULUNURU","population_count":null,"community_type":"Family Outstation","electorate":"BARKLY","population_source":"Not recorded","objectid":245,"longitude":136.03855}},{"geometry":{"type":"Point","coordinates":[133.99695000000008,-12.329449999999952],"crs":null},"id":246,"type":"Feature","properties":{"bushtel_url":"https://bushtel.nt.gov.au/profile/328","community_name":"GUMARRIRNBANG","land_council":"NORTHERN LAND COUNCIL","latitude":-12.32945,"local_govt_council":"WEST ARNHEM","ward":"GUNBALANYA","ntg_region":"TOP END","community_id":328,"main_language":"Not recorded","community_aliases":"GUMARINBARN,GUMARRINBANG,KUMARRINBAN","population_count":31,"community_type":"Family Outstation","electorate":"ARAFURA","population_source":"Homelands Service Provider Report 2023","objectid":246,"longitude":133.99695}},{"geometry":{"type":"Point","coordinates":[132.16470000000004,-11.168799999999976],"crs":null},"id":247,"type":"Feature","properties":{"bushtel_url":"https://bushtel.nt.gov.au/profile/308","community_name":"GUMERAGI","land_council":"NORTHERN LAND COUNCIL","latitude":-11.1688,"local_govt_council":"WEST ARNHEM","ward":"BARRAH","ntg_region":"TOP END","community_id":308,"main_language":"Not recorded","community_aliases":"GAMURIGGI,GUMARAGI,REEF POINT","population_count":7,"community_type":"Family Outstation","electorate":"ARAFURA","population_source":"Homelands Service Provider Report 2023","objectid":247,"longitude":132.1647}},{"geometry":{"type":"Point","coordinates":[137.48038000000008,-17.93533999999994],"crs":null},"id":248,"type":"Feature","properties":{"bushtel_url":"https://bushtel.nt.gov.au/profile/691","community_name":"GUMULUJI","land_council":"NORTHERN LAND COUNCIL","latitude":-17.93534,"local_govt_council":"BARKLY","ward":"KUWARRANGU","ntg_region":"BARKLY","community_id":691,"main_language":"Not recorded","community_aliases":"WALLIS CREEK","population_count":null,"community_type":"Family Outstation","electorate":"BARKLY","population_source":"Not recorded","objectid":248,"longitude":137.48038}},{"geometry":{"type":"Point","coordinates":[134.7630600000001,-12.060009999999977],"crs":null},"id":249,"type":"Feature","properties":{"bushtel_url":"https://bushtel.nt.gov.au/profile/497","community_name":"GUMURUGURU","land_council":"NORTHERN LAND COUNCIL","latitude":-12.06001,"local_govt_council":"EAST ARNHEM","ward":"GUMURR GATTJIRRK","ntg_region":"EAST ARNHEM","community_id":497,"main_language":"Not recorded","community_aliases":"GAMARRAGURRA,GAMARRU GUYURRU,GAMURRU GUYURRA,GARMALATJIRRINA","population_count":null,"community_type":"Family Outstation","electorate":"ARAFURA","population_source":"Not recorded","objectid":249,"longitude":134.76306}},{"geometry":{"type":"Point","coordinates":[133.05600000000004,-12.323999999999955],"crs":null},"id":250,"type":"Feature","properties":{"bushtel_url":"https://bushtel.nt.gov.au/profile/329","community_name":"GUNBALANYA","land_council":"NORTHERN LAND COUNCIL","latitude":-12.324,"local_govt_council":"WEST ARNHEM","ward":"GUNBALANYA","ntg_region":"TOP END","community_id":329,"main_language":"Kunwinjku","community_aliases":"KUNBARLLANJNJA,OENPELLI","population_count":1354,"community_type":"Major","electorate":"ARAFURA","population_source":"Based on ABS 2021 Census SA1","objectid":250,"longitude":133.056}},{"geometry":{"type":"Point","coordinates":[136.70569000000012,-12.215419999999938],"crs":null},"id":251,"type":"Feature","properties":{"bushtel_url":"https://bushtel.nt.gov.au/profile/514","community_name":"GUNYANGARA","land_council":"NORTHERN LAND COUNCIL","latitude":-12.21542,"local_govt_council":"EAST ARNHEM","ward":"GUMURR MIWATJ","ntg_region":"EAST ARNHEM","community_id":514,"main_language":"Yolgnu Matha(Gumatj)","community_aliases":"DRIMMIE HEAD,MARNGARR,SKI BEACH","population_count":283,"community_type":"Minor","electorate":"MULKA","population_source":"Based on ABS 2021 Census SA1","objectid":251,"longitude":136.70569}},{"geometry":{"type":"Point","coordinates":[134.5843000000001,-12.075199999999938],"crs":null},"id":252,"type":"Feature","properties":{"bushtel_url":"https://bushtel.nt.gov.au/profile/330","community_name":"GUPANGA","land_council":"NORTHERN LAND COUNCIL","latitude":-12.0752,"local_govt_council":"WEST ARNHEM","ward":"MANINGRIDA","ntg_region":"TOP END","community_id":330,"main_language":"Not recorded","community_aliases":"KOPUNGA","population_count":null,"community_type":"Family Outstation","electorate":"ARAFURA","population_source":"Not recorded","objectid":252,"longitude":134.5843}},{"geometry":{"type":"Point","coordinates":[136.50362000000007,-12.976159999999936],"crs":null},"id":253,"type":"Feature","properties":{"bushtel_url":"https://bushtel.nt.gov.au/profile/516","community_name":"GURKAWUY","land_council":"NORTHERN LAND COUNCIL","latitude":-12.97616,"local_govt_council":"EAST ARNHEM","ward":"GUMURR MIWATJ","ntg_region":"EAST ARNHEM","community_id":516,"main_language":"Not recorded","community_aliases":"GURKHAWUY,GURRKUWUY NO.2,TRIAL BAY","population_count":9,"community_type":"Family Outstation","electorate":"ARNHEM","population_source":"Homelands Service Provider Report 2023","objectid":253,"longitude":136.50362}},{"geometry":{"type":"Point","coordinates":[134.00904000000003,-12.20643999999993],"crs":null},"id":254,"type":"Feature","properties":{"bushtel_url":"https://bushtel.nt.gov.au/profile/331","community_name":"GURRGURR","land_council":"NORTHERN LAND COUNCIL","latitude":-12.20644,"local_govt_council":"WEST ARNHEM","ward":"GUNBALANYA","ntg_region":"TOP END","community_id":331,"main_language":"Not recorded","community_aliases":"GURRHGURR,TABLE HILL","population_count":null,"community_type":"Family Outstation","electorate":"ARAFURA","population_source":"Not recorded","objectid":254,"longitude":134.00904}},{"geometry":{"type":"Point","coordinates":[136.2316800000001,-12.592239999999947],"crs":null},"id":255,"type":"Feature","properties":{"bushtel_url":"https://bushtel.nt.gov.au/profile/517","community_name":"GURRUMURU","land_council":"NORTHERN LAND COUNCIL","latitude":-12.59224,"local_govt_council":"EAST ARNHEM","ward":"GUMURR MIWATJ","ntg_region":"EAST ARNHEM","community_id":517,"main_language":"Not recorded","community_aliases":"GURRUMURRU","population_count":44,"community_type":"Minor","electorate":"MULKA","population_source":"Homelands Service Provider Report 2023","objectid":255,"longitude":136.23168}},{"geometry":{"type":"Point","coordinates":[136.80857000000003,-12.083899999999971],"crs":null},"id":256,"type":"Feature","properties":{"bushtel_url":"https://bushtel.nt.gov.au/profile/804","community_name":"GUTJANGAN","land_council":"NORTHERN LAND COUNCIL","latitude":-12.0839,"local_govt_council":"EAST ARNHEM","ward":"GUMURR MIWATJ","ntg_region":"EAST ARNHEM","community_id":804,"main_language":"Not recorded","community_aliases":"BREMER ISLAND NORTH","population_count":37,"community_type":"Family Outstation","electorate":"MULKA","population_source":"Homelands Service Provider Report 2023","objectid":256,"longitude":136.80857}},{"geometry":{"type":"Point","coordinates":[131.88129000000004,-23.447329999999965],"crs":null},"id":257,"type":"Feature","properties":{"bushtel_url":"https://bushtel.nt.gov.au/profile/41","community_name":"HAASTS BLUFF","land_council":"CENTRAL LAND COUNCIL","latitude":-23.44733,"local_govt_council":"MACDONNELL","ward":"LURITJA PINTUBI","ntg_region":"CENTRAL AUSTRALIA","community_id":41,"main_language":"Luritja/Pintupi","community_aliases":"IKUNTJI,KUNPARRKA","population_count":96,"community_type":"Major","electorate":"GWOJA","population_source":"Based on ABS 2021 Census SA1","objectid":257,"longitude":131.88129}},{"geometry":{"type":"Point","coordinates":[134.36263000000008,-25.694919999999968],"crs":null},"id":258,"type":"Feature","properties":{"bushtel_url":"https://bushtel.nt.gov.au/profile/845","community_name":"HALFWAY CAMP","land_council":"CENTRAL LAND COUNCIL","latitude":-25.69492,"local_govt_council":"MACDONNELL","ward":"RODINGA","ntg_region":"CENTRAL AUSTRALIA","community_id":845,"main_language":"Not recorded","community_aliases":"No aliases recorded with NTG DIPL","population_count":null,"community_type":"Family Outstation","electorate":"NAMATJIRA","population_source":"Not recorded","objectid":258,"longitude":134.36263}},{"geometry":{"type":"Point","coordinates":[135.2134900000001,-20.846059999999966],"crs":null},"id":259,"type":"Feature","properties":{"bushtel_url":"https://bushtel.nt.gov.au/profile/903","community_name":"HATCHES CREEK","land_council":"CENTRAL LAND COUNCIL","latitude":-20.84606,"local_govt_council":"BARKLY","ward":"ALYAWARR","ntg_region":"BARKLY","community_id":903,"main_language":"Not recorded","community_aliases":"No aliases recorded with NTG DIPL","population_count":1,"community_type":"Family Outstation","electorate":"BARKLY","population_source":"Homelands Service Provider Report 2023","objectid":259,"longitude":135.21349}},{"geometry":{"type":"Point","coordinates":[132.93914000000007,-12.370529999999974],"crs":null},"id":260,"type":"Feature","properties":{"bushtel_url":"https://bushtel.nt.gov.au/profile/1028","community_name":"HAWK DREAMING","land_council":"NORTHERN LAND COUNCIL","latitude":-12.37053,"local_govt_council":"WEST ARNHEM","ward":"KAKADU","ntg_region":"TOP END","community_id":1028,"main_language":"Not recorded","community_aliases":"AWARCANARJU","population_count":4,"community_type":"Family Outstation","electorate":"ARAFURA","population_source":"Homelands Service Provider Report 2023","objectid":260,"longitude":132.93914}},{"geometry":{"type":"Point","coordinates":[132.77870000000007,-23.942699999999945],"crs":null},"id":261,"type":"Feature","properties":{"bushtel_url":"https://bushtel.nt.gov.au/profile/43","community_name":"HERMANNSBURG","land_council":"CENTRAL LAND COUNCIL","latitude":-23.9427,"local_govt_council":"MACDONNELL","ward":"LJIRAPINTA","ntg_region":"CENTRAL AUSTRALIA","community_id":43,"main_language":"Western Arrernte","community_aliases":"NTARIA","population_count":647,"community_type":"Major","electorate":"GWOJA","population_source":"Based on ABS 2021 Census SA1","objectid":261,"longitude":132.7787}},{"geometry":{"type":"Point","coordinates":[134.19703000000004,-19.617729999999938],"crs":null},"id":262,"type":"Feature","properties":{"bushtel_url":"https://bushtel.nt.gov.au/profile/973","community_name":"HINGSTONS PLACE","land_council":"CENTRAL LAND COUNCIL","latitude":-19.61773,"local_govt_council":"BARKLY","ward":"PATTA","ntg_region":"BARKLY","community_id":973,"main_language":"Not recorded","community_aliases":"CROW DOWNS","population_count":6,"community_type":"Family Outstation","electorate":"BARKLY","population_source":"Homelands Service Provider Report 2023","objectid":262,"longitude":134.19703}},{"geometry":{"type":"Point","coordinates":[134.09553000000005,-15.574949999999944],"crs":null},"id":263,"type":"Feature","properties":{"bushtel_url":"https://bushtel.nt.gov.au/profile/600","community_name":"HODGSON RIVER STATION","land_council":"NORTHERN LAND COUNCIL","latitude":-15.57495,"local_govt_council":"ROPER GULF","ward":"NEVER NEVER","ntg_region":"BIG RIVERS","community_id":600,"main_language":"Not recorded","community_aliases":"STATION HOMESTEAD","population_count":null,"community_type":"Minor","electorate":"ARNHEM","population_source":"Not recorded","objectid":263,"longitude":134.09553}},{"geometry":{"type":"Point","coordinates":[135.24665000000005,-21.66790999999995],"crs":null},"id":264,"type":"Feature","properties":{"bushtel_url":"https://bushtel.nt.gov.au/profile/13339033","community_name":"HONEYMOON BORE","land_council":"CENTRAL LAND COUNCIL","latitude":-21.66791,"local_govt_council":"BARKLY","ward":"ALYAWARR","ntg_region":"BARKLY","community_id":13339033,"main_language":"Not recorded","community_aliases":"No aliases recorded with NTG DIPL","population_count":2,"community_type":"Family Outstation","electorate":"BARKLY","population_source":"Homelands Service Provider Report 2023","objectid":264,"longitude":135.24665}},{"geometry":{"type":"Point","coordinates":[133.8765800000001,-23.684049999999957],"crs":null},"id":265,"type":"Feature","properties":{"bushtel_url":"https://bushtel.nt.gov.au/profile/675","community_name":"HOPPYS CAMP","land_council":"CENTRAL LAND COUNCIL","latitude":-23.68405,"local_govt_council":"ALICE SPRINGS","ward":"Not recorded","ntg_region":"CENTRAL AUSTRALIA","community_id":675,"main_language":"Not recorded","community_aliases":"ALICE SPRINGS TOWN CAMP,ARMITJIRA CAMP,HOPPY'S CAMP,LHENPA-ARTNE,LHENPA-ARTNETA,NTALKA ULPAYA","population_count":null,"community_type":"Town Camp","electorate":"NAMATJIRA","population_source":"Not recorded","objectid":265,"longitude":133.87658}},{"geometry":{"type":"Point","coordinates":[131.26078000000007,-12.63104999999996],"crs":null},"id":266,"type":"Feature","properties":{"bushtel_url":"https://bushtel.nt.gov.au/profile/334","community_name":"HUMPTY DOO","land_council":"NORTHERN LAND COUNCIL","latitude":-12.63105,"local_govt_council":"LITCHFIELD","ward":"CENTRAL WARD","ntg_region":"DARWIN, PALMERSTON, LITCHFIELD","community_id":334,"main_language":"Not recorded","community_aliases":"KOOLPINYAH,LIMILNGAN,WARIUK ASSOC.","population_count":4,"community_type":"Family Outstation","electorate":"GOYDER","population_source":"Homelands Service Provider Report 2023","objectid":266,"longitude":131.26078}},{"geometry":{"type":"Point","coordinates":[132.82910000000004,-12.650009999999952],"crs":null},"id":267,"type":"Feature","properties":{"bushtel_url":"https://bushtel.nt.gov.au/profile/800","community_name":"HUNTERS CAMP","land_council":"NORTHERN LAND COUNCIL","latitude":-12.65001,"local_govt_council":"WEST ARNHEM","ward":"KAKADU","ntg_region":"TOP END","community_id":800,"main_language":"Not recorded","community_aliases":"KURRAJONG FLATS","population_count":8,"community_type":"Family Outstation","electorate":"ARAFURA","population_source":"Homelands Service Provider Report 2023","objectid":267,"longitude":132.8291}},{"geometry":{"type":"Point","coordinates":[136.00501000000008,-16.21519999999998],"crs":null},"id":268,"type":"Feature","properties":{"bushtel_url":"https://bushtel.nt.gov.au/profile/813","community_name":"IJARRA","land_council":"NORTHERN LAND COUNCIL","latitude":-16.2152,"local_govt_council":"ROPER GULF","ward":"SOUTH WEST GULF","ntg_region":"BIG RIVERS","community_id":813,"main_language":"Not recorded","community_aliases":"CROCODILE CREEK,IJARRI","population_count":null,"community_type":"Family Outstation","electorate":"BARKLY","population_source":"Not recorded","objectid":268,"longitude":136.00501}},{"geometry":{"type":"Point","coordinates":[133.4293100000001,-22.02144999999996],"crs":null},"id":269,"type":"Feature","properties":{"bushtel_url":"https://bushtel.nt.gov.au/profile/1005","community_name":"ILEPARRATYE","land_council":"CENTRAL LAND COUNCIL","latitude":-22.02145,"local_govt_council":"CENTRAL DESERT","ward":"ANMATJERE","ntg_region":"CENTRAL AUSTRALIA","community_id":1005,"main_language":"Not recorded","community_aliases":"ILLAPAREYE,WOODS CAMP","population_count":9,"community_type":"Family Outstation","electorate":"BARKLY","population_source":"Homelands Service Provider Report 2023","objectid":269,"longitude":133.42931}},{"geometry":{"type":"Point","coordinates":[132.49215000000004,-24.534009999999967],"crs":null},"id":270,"type":"Feature","properties":{"bushtel_url":"https://bushtel.nt.gov.au/profile/24990","community_name":"ILJITJARRI","land_council":"CENTRAL LAND COUNCIL","latitude":-24.53401,"local_govt_council":"MACDONNELL","ward":"LJIRAPINTA","ntg_region":"CENTRAL AUSTRALIA","community_id":24990,"main_language":"Not recorded","community_aliases":"KURRKU","population_count":5,"community_type":"Family Outstation","electorate":"GWOJA","population_source":"Homelands Service Provider Report 2023","objectid":270,"longitude":132.49215}},{"geometry":{"type":"Point","coordinates":[132.46504000000004,-23.964609999999936],"crs":null},"id":271,"type":"Feature","properties":{"bushtel_url":"https://bushtel.nt.gov.au/profile/45","community_name":"ILKARRALALAMA","land_council":"CENTRAL LAND COUNCIL","latitude":-23.96461,"local_govt_council":"MACDONNELL","ward":"LJIRAPINTA","ntg_region":"CENTRAL AUSTRALIA","community_id":45,"main_language":"Not recorded","community_aliases":"ILKARILALAMA","population_count":2,"community_type":"Family Outstation","electorate":"GWOJA","population_source":"Homelands Service Provider Report 2023","objectid":271,"longitude":132.46504}},{"geometry":{"type":"Point","coordinates":[134.39411000000007,-21.609129999999936],"crs":null},"id":272,"type":"Feature","properties":{"bushtel_url":"https://bushtel.nt.gov.au/profile/737","community_name":"ILLEUWURRU","land_council":"CENTRAL LAND COUNCIL","latitude":-21.60913,"local_govt_council":"BARKLY","ward":"ALYAWARR","ntg_region":"BARKLY","community_id":737,"main_language":"Not recorded","community_aliases":"ILLURAHARRA","population_count":null,"community_type":"Family Outstation","electorate":"BARKLY","population_source":"Not recorded","objectid":272,"longitude":134.39411}},{"geometry":{"type":"Point","coordinates":[135.71575000000007,-22.92736999999994],"crs":null},"id":273,"type":"Feature","properties":{"bushtel_url":"https://bushtel.nt.gov.au/profile/709","community_name":"ILPERLE","land_council":"CENTRAL LAND COUNCIL","latitude":-22.92737,"local_govt_council":"CENTRAL DESERT","ward":"AKITYARRE","ntg_region":"CENTRAL AUSTRALIA","community_id":709,"main_language":"Not recorded","community_aliases":"DEAD HORSE SOAK,ILPARLE,JINKA","population_count":3,"community_type":"Family Outstation","electorate":"NAMATJIRA","population_source":"Homelands Service Provider Report 2023","objectid":273,"longitude":135.71575}},{"geometry":{"type":"Point","coordinates":[133.86110000000008,-23.665599999999984],"crs":null},"id":274,"type":"Feature","properties":{"bushtel_url":"https://bushtel.nt.gov.au/profile/48","community_name":"ILPERLE-TYATHE","land_council":"CENTRAL LAND COUNCIL","latitude":-23.6656,"local_govt_council":"ALICE SPRINGS","ward":"Not recorded","ntg_region":"CENTRAL AUSTRALIA","community_id":48,"main_language":"Not recorded","community_aliases":"LLBILI TJATJA,MOTOR REGISTRY,WALPIRI,WARLPIRI CAMP","population_count":null,"community_type":"Town Camp","electorate":"BRAITLING","population_source":"Not recorded","objectid":274,"longitude":133.8611}},{"geometry":{"type":"Point","coordinates":[133.90731000000005,-23.700159999999983],"crs":null},"id":275,"type":"Feature","properties":{"bushtel_url":"https://bushtel.nt.gov.au/profile/676","community_name":"ILPEYE ILPEYE ESTATE","land_council":"CENTRAL LAND COUNCIL","latitude":-23.70016,"local_govt_council":"ALICE SPRINGS","ward":"Not recorded","ntg_region":"CENTRAL AUSTRALIA","community_id":676,"main_language":"Not recorded","community_aliases":"ALICE SPRINGS TOWN CAMP,GOLDERS CAMP,ILPEYE ILPEYE,ILPEYE-ILPEYE,ILPIYE ILPIYE,ILPIYE-ILPIYE","population_count":null,"community_type":"Town Camp","electorate":"ARALUEN","population_source":"Not recorded","objectid":275,"longitude":133.90731}},{"geometry":{"type":"Point","coordinates":[130.36045000000001,-23.32392999999996],"crs":null},"id":276,"type":"Feature","properties":{"bushtel_url":"https://bushtel.nt.gov.au/profile/49","community_name":"ILPILI","land_council":"CENTRAL LAND COUNCIL","latitude":-23.32393,"local_govt_council":"MACDONNELL","ward":"LURITJA PINTUBI","ntg_region":"CENTRAL AUSTRALIA","community_id":49,"main_language":"Not recorded","community_aliases":"ILBPILLA,ILLPILLA,ILLPILLI,ILPILLY","population_count":null,"community_type":"Family Outstation","electorate":"GWOJA","population_source":"Not recorded","objectid":276,"longitude":130.36045}},{"geometry":{"type":"Point","coordinates":[132.71446000000003,-24.31520999999998],"crs":null},"id":277,"type":"Feature","properties":{"bushtel_url":"https://bushtel.nt.gov.au/profile/1018","community_name":"ILPURLA","land_council":"CENTRAL LAND COUNCIL","latitude":-24.31521,"local_govt_council":"MACDONNELL","ward":"LJIRAPINTA","ntg_region":"CENTRAL AUSTRALIA","community_id":1018,"main_language":"Not recorded","community_aliases":"No aliases recorded with NTG DIPL","population_count":6,"community_type":"Family Outstation","electorate":"GWOJA","population_source":"Homelands Service Provider Report 2023","objectid":277,"longitude":132.71446}},{"geometry":{"type":"Point","coordinates":[136.65003000000002,-19.03221999999994],"crs":null},"id":278,"type":"Feature","properties":{"bushtel_url":"https://bushtel.nt.gov.au/profile/904","community_name":"ILUWURRU","land_council":"NORTHERN LAND COUNCIL","latitude":-19.03222,"local_govt_council":"BARKLY","ward":"KUWARRANGU","ntg_region":"BARKLY","community_id":904,"main_language":"Not recorded","community_aliases":"ALEXANDRIA","population_count":null,"community_type":"Family Outstation","electorate":"BARKLY","population_source":"Not recorded","objectid":278,"longitude":136.65003}},{"geometry":{"type":"Point","coordinates":[133.87079000000006,-23.74381999999997],"crs":null},"id":279,"type":"Feature","properties":{"bushtel_url":"https://bushtel.nt.gov.au/profile/50","community_name":"ILYIPERENYE","land_council":"CENTRAL LAND COUNCIL","latitude":-23.74382,"local_govt_council":"ALICE SPRINGS","ward":"Not recorded","ntg_region":"CENTRAL AUSTRALIA","community_id":50,"main_language":"Not recorded","community_aliases":"ALICE SPRINGS TOWN CAMP,ILPERENTYE,ILYPERENYE,OLD TIMERS CAMP","population_count":null,"community_type":"Town Camp","electorate":"NAMATJIRA","population_source":"Not recorded","objectid":279,"longitude":133.87079}},{"geometry":{"type":"Point","coordinates":[134.68117000000007,-21.049609999999973],"crs":null},"id":280,"type":"Feature","properties":{"bushtel_url":"https://bushtel.nt.gov.au/profile/250","community_name":"IMANGARA","land_council":"CENTRAL LAND COUNCIL","latitude":-21.04961,"local_govt_council":"BARKLY","ward":"ALYAWARR","ntg_region":"BARKLY","community_id":250,"main_language":"Alyawarr","community_aliases":"IMANGARA MUNGARAI,IMANGARRA,MURRAY DOWNS,MURRY DOWNS","population_count":79,"community_type":"Minor","electorate":"BARKLY","population_source":"Based on ABS 2021 Census SA1","objectid":280,"longitude":134.68117}},{"geometry":{"type":"Point","coordinates":[132.56999000000008,-25.13050999999996],"crs":null},"id":281,"type":"Feature","properties":{"bushtel_url":"https://bushtel.nt.gov.au/profile/51","community_name":"IMANPA","land_council":"CENTRAL LAND COUNCIL","latitude":-25.13051,"local_govt_council":"MACDONNELL","ward":"IYARRKA","ntg_region":"CENTRAL AUSTRALIA","community_id":51,"main_language":"Pitjantjatjara","community_aliases":"MT EBENEZER","population_count":146,"community_type":"Major","electorate":"GWOJA","population_source":"Based on ABS 2021 Census SA1","objectid":281,"longitude":132.56999}},{"geometry":{"type":"Point","coordinates":[133.56947000000002,-25.154519999999934],"crs":null},"id":282,"type":"Feature","properties":{"bushtel_url":"https://bushtel.nt.gov.au/profile/20926","community_name":"IMPADNA","land_council":"CENTRAL LAND COUNCIL","latitude":-25.15452,"local_govt_council":"MACDONNELL","ward":"IYARRKA","ntg_region":"CENTRAL AUSTRALIA","community_id":20926,"main_language":"Not recorded","community_aliases":"No aliases recorded with NTG DIPL","population_count":null,"community_type":"Family Outstation","electorate":"NAMATJIRA","population_source":"Not recorded","objectid":282,"longitude":133.56947}},{"geometry":{"type":"Point","coordinates":[134.9685800000001,-21.21085999999997],"crs":null},"id":283,"type":"Feature","properties":{"bushtel_url":"https://bushtel.nt.gov.au/profile/961","community_name":"IMPERRENTH","land_council":"CENTRAL LAND COUNCIL","latitude":-21.21086,"local_govt_council":"BARKLY","ward":"ALYAWARR","ntg_region":"BARKLY","community_id":961,"main_language":"Not recorded","community_aliases":"ELKEDRA","population_count":null,"community_type":"Family Outstation","electorate":"BARKLY","population_source":"Not recorded","objectid":283,"longitude":134.96858}},{"geometry":{"type":"Point","coordinates":[132.74341000000004,-23.94047999999998],"crs":null},"id":284,"type":"Feature","properties":{"bushtel_url":"https://bushtel.nt.gov.au/profile/52","community_name":"IMPORTNA","land_council":"CENTRAL LAND COUNCIL","latitude":-23.94048,"local_govt_council":"MACDONNELL","ward":"LJIRAPINTA","ntg_region":"CENTRAL AUSTRALIA","community_id":52,"main_language":"Not recorded","community_aliases":"IMPOTNA,NAMATJIRA'S CAMP,NAMATYIRAS COTTAGE","population_count":4,"community_type":"Family Outstation","electorate":"GWOJA","population_source":"Homelands Service Provider Report 2023","objectid":284,"longitude":132.74341}},{"geometry":{"type":"Point","coordinates":[133.85896000000002,-23.728819999999928],"crs":null},"id":285,"type":"Feature","properties":{"bushtel_url":"https://bushtel.nt.gov.au/profile/90","community_name":"INARLENGE","land_council":"CENTRAL LAND COUNCIL","latitude":-23.72882,"local_govt_council":"ALICE SPRINGS","ward":"Not recorded","ntg_region":"CENTRAL AUSTRALIA","community_id":90,"main_language":"Not recorded","community_aliases":"LITTLE SISTERS","population_count":null,"community_type":"Town Camp","electorate":"NAMATJIRA","population_source":"Not recorded","objectid":285,"longitude":133.85896}},{"geometry":{"type":"Point","coordinates":[133.71324000000004,-23.74117999999993],"crs":null},"id":286,"type":"Feature","properties":{"bushtel_url":"https://bushtel.nt.gov.au/profile/932","community_name":"INBINA ATWATYE","land_council":"CENTRAL LAND COUNCIL","latitude":-23.74118,"local_govt_council":"MACDONNELL","ward":"RODINGA","ntg_region":"CENTRAL AUSTRALIA","community_id":932,"main_language":"Not recorded","community_aliases":"TYWENPE (B)","population_count":11,"community_type":"Family Outstation","electorate":"NAMATJIRA","population_source":"Homelands Service Provider Report 2023","objectid":286,"longitude":133.71324}},{"geometry":{"type":"Point","coordinates":[134.71992000000012,-21.677069999999958],"crs":null},"id":287,"type":"Feature","properties":{"bushtel_url":"https://bushtel.nt.gov.au/profile/15","community_name":"INDARINGINYA","land_council":"CENTRAL LAND COUNCIL","latitude":-21.67707,"local_govt_council":"BARKLY","ward":"ALYAWARR","ntg_region":"BARKLY","community_id":15,"main_language":"Not recorded","community_aliases":"ANDARININYA,ANTARRENGE,ANTARRENGENY,ANTARRINGINYA","population_count":41,"community_type":"Family Outstation","electorate":"BARKLY","population_source":"Homelands Service Provider Report 2023","objectid":287,"longitude":134.71992}},{"geometry":{"type":"Point","coordinates":[129.15249000000006,-23.16826999999995],"crs":null},"id":288,"type":"Feature","properties":{"bushtel_url":"https://bushtel.nt.gov.au/profile/54","community_name":"ININTI","land_council":"CENTRAL LAND COUNCIL","latitude":-23.16827,"local_govt_council":"MACDONNELL","ward":"LURITJA PINTUBI","ntg_region":"CENTRAL AUSTRALIA","community_id":54,"main_language":"Not recorded","community_aliases":"RED BANK BORE,REDBANK","population_count":null,"community_type":"Family Outstation","electorate":"GWOJA","population_source":"Not recorded","objectid":288,"longitude":129.15249}},{"geometry":{"type":"Point","coordinates":[133.41363,-11.611129999999946],"crs":null},"id":289,"type":"Feature","properties":{"bushtel_url":"https://bushtel.nt.gov.au/profile/336","community_name":"INJILATPARRI","land_council":"NORTHERN LAND COUNCIL","latitude":-11.61113,"local_govt_council":"WEST ARNHEM","ward":"BARRAH","ntg_region":"TOP END","community_id":336,"main_language":"Not recorded","community_aliases":"INJALAPARRA,INJALATPARRI,SOUTH GOULBURN","population_count":null,"community_type":"Family Outstation","electorate":"ARAFURA","population_source":"Not recorded","objectid":289,"longitude":133.41363}},{"geometry":{"type":"Point","coordinates":[131.12911000000008,-22.465229999999963],"crs":null},"id":290,"type":"Feature","properties":{"bushtel_url":"https://bushtel.nt.gov.au/profile/55","community_name":"INJIRRAMURRI","land_council":"CENTRAL LAND COUNCIL","latitude":-22.46523,"local_govt_council":"CENTRAL DESERT","ward":"SOUTHERN TANAMI","ntg_region":"CENTRAL AUSTRALIA","community_id":55,"main_language":"Not recorded","community_aliases":"YINJIRMARDI,YINTJIRRIMARDI","population_count":null,"community_type":"Family Outstation","electorate":"GWOJA","population_source":"Not recorded","objectid":290,"longitude":131.12911}},{"geometry":{"type":"Point","coordinates":[133.10673000000008,-23.076259999999934],"crs":null},"id":291,"type":"Feature","properties":{"bushtel_url":"https://bushtel.nt.gov.au/profile/8","community_name":"INJULKAMA","land_council":"CENTRAL LAND COUNCIL","latitude":-23.07626,"local_govt_council":"MACDONNELL","ward":"RODINGA","ntg_region":"CENTRAL AUSTRALIA","community_id":8,"main_language":"Not recorded","community_aliases":"AMBURLA","population_count":null,"community_type":"Family Outstation","electorate":"NAMATJIRA","population_source":"Not recorded","objectid":291,"longitude":133.10673}},{"geometry":{"type":"Point","coordinates":[134.84707000000003,-21.82015999999993],"crs":null},"id":292,"type":"Feature","properties":{"bushtel_url":"https://bushtel.nt.gov.au/profile/726","community_name":"INKAWENYERRE","land_council":"CENTRAL LAND COUNCIL","latitude":-21.82016,"local_govt_council":"BARKLY","ward":"ALYAWARR","ntg_region":"BARKLY","community_id":726,"main_language":"Not recorded","community_aliases":"ANGAWANGERE,MORTONS,ROCKET RANGE","population_count":43,"community_type":"Family Outstation","electorate":"BARKLY","population_source":"Homelands Service Provider Report 2023","objectid":292,"longitude":134.84707}},{"geometry":{"type":"Point","coordinates":[134.83153000000004,-22.07950999999997],"crs":null},"id":293,"type":"Feature","properties":{"bushtel_url":"https://bushtel.nt.gov.au/profile/82","community_name":"INKWELAYE","land_council":"CENTRAL LAND COUNCIL","latitude":-22.07951,"local_govt_council":"BARKLY","ward":"ALYAWARR","ntg_region":"BARKLY","community_id":82,"main_language":"Not recorded","community_aliases":"INGKWELAYE,KURRAJONG BORE,NGKULAYA","population_count":31,"community_type":"Family Outstation","electorate":"BARKLY","population_source":"Homelands Service Provider Report 2023","objectid":293,"longitude":134.83153}},{"geometry":{"type":"Point","coordinates":[132.92056000000002,-24.062919999999963],"crs":null},"id":294,"type":"Feature","properties":{"bushtel_url":"https://bushtel.nt.gov.au/profile/56","community_name":"INTJARTNAMA","land_council":"CENTRAL LAND COUNCIL","latitude":-24.06292,"local_govt_council":"MACDONNELL","ward":"LJIRAPINTA","ntg_region":"CENTRAL AUSTRALIA","community_id":56,"main_language":"Not recorded","community_aliases":"COOK'S OUTSTATION,INTJARRTNAMA","population_count":16,"community_type":"Family Outstation","electorate":"GWOJA","population_source":"Homelands Service Provider Report 2023","objectid":294,"longitude":132.92056}},{"geometry":{"type":"Point","coordinates":[131.42488000000003,-23.249729999999943],"crs":null},"id":295,"type":"Feature","properties":{"bushtel_url":"https://bushtel.nt.gov.au/profile/59","community_name":"INYILINGI","land_council":"CENTRAL LAND COUNCIL","latitude":-23.24973,"local_govt_council":"MACDONNELL","ward":"LURITJA PINTUBI","ntg_region":"CENTRAL AUSTRALIA","community_id":59,"main_language":"Not recorded","community_aliases":"ANILTJIY,INYALINGA,INYILINGIE,INYILINGKI","population_count":null,"community_type":"Family Outstation","electorate":"GWOJA","population_source":"Not recorded","objectid":295,"longitude":131.42488}},{"geometry":{"type":"Point","coordinates":[132.67808000000002,-23.92555999999996],"crs":null},"id":296,"type":"Feature","properties":{"bushtel_url":"https://bushtel.nt.gov.au/profile/771","community_name":"IPALALA","land_council":"CENTRAL LAND COUNCIL","latitude":-23.92556,"local_govt_council":"MACDONNELL","ward":"LJIRAPINTA","ntg_region":"CENTRAL AUSTRALIA","community_id":771,"main_language":"Not recorded","community_aliases":"No aliases recorded with NTG DIPL","population_count":3,"community_type":"Family Outstation","electorate":"GWOJA","population_source":"Homelands Service Provider Report 2023","objectid":296,"longitude":132.67808}},{"geometry":{"type":"Point","coordinates":[132.37407000000007,-23.98861999999997],"crs":null},"id":297,"type":"Feature","properties":{"bushtel_url":"https://bushtel.nt.gov.au/profile/60","community_name":"IPOLERA","land_council":"CENTRAL LAND COUNCIL","latitude":-23.98862,"local_govt_council":"MACDONNELL","ward":"LJIRAPINTA","ntg_region":"CENTRAL AUSTRALIA","community_id":60,"main_language":"Not recorded","community_aliases":"No aliases recorded with NTG DIPL","population_count":null,"community_type":"Family Outstation","electorate":"GWOJA","population_source":"Not recorded","objectid":297,"longitude":132.37407}},{"geometry":{"type":"Point","coordinates":[132.52876000000003,-11.34200999999996],"crs":null},"id":298,"type":"Feature","properties":{"bushtel_url":"https://bushtel.nt.gov.au/profile/978","community_name":"IRGUL POINT","land_council":"NORTHERN LAND COUNCIL","latitude":-11.34201,"local_govt_council":"WEST ARNHEM","ward":"BARRAH","ntg_region":"TOP END","community_id":978,"main_language":"Not recorded","community_aliases":"URGUL","population_count":14,"community_type":"Family Outstation","electorate":"ARAFURA","population_source":"Homelands Service Provider Report 2023","objectid":298,"longitude":132.52876}},{"geometry":{"type":"Point","coordinates":[133.90520000000004,-23.694099999999935],"crs":null},"id":299,"type":"Feature","properties":{"bushtel_url":"https://bushtel.nt.gov.au/profile/1025","community_name":"IRKLANCHA ATWACHA","land_council":"CENTRAL LAND COUNCIL","latitude":-23.6941,"local_govt_council":"ALICE SPRINGS","ward":"Not recorded","ntg_region":"CENTRAL AUSTRALIA","community_id":1025,"main_language":"Not recorded","community_aliases":"ALICE SPRINGS TOWN CAMP","population_count":null,"community_type":"Town Camp","electorate":"ARALUEN","population_source":"Not recorded","objectid":299,"longitude":133.9052}},{"geometry":{"type":"Point","coordinates":[130.43571000000009,-12.89498999999995],"crs":null},"id":300,"type":"Feature","properties":{"bushtel_url":"https://bushtel.nt.gov.au/profile/826","community_name":"IRON STONE","land_council":"NORTHERN LAND COUNCIL","latitude":-12.89499,"local_govt_council":"UN-INCORPORATED (COX-DALY)","ward":"Not recorded","ntg_region":"TOP END","community_id":826,"main_language":"Not recorded","community_aliases":"IRONSTONE,WAGAIT,WHITE EAGLE","population_count":null,"community_type":"Family Outstation","electorate":"DALY","population_source":"Not recorded","objectid":300,"longitude":130.43571}},{"geometry":{"type":"Point","coordinates":[135.13450000000012,-22.846199999999953],"crs":null},"id":301,"type":"Feature","properties":{"bushtel_url":"https://bushtel.nt.gov.au/profile/703","community_name":"IRRERLIRRE","land_council":"CENTRAL LAND COUNCIL","latitude":-22.8462,"local_govt_council":"CENTRAL DESERT","ward":"AKITYARRE","ntg_region":"CENTRAL AUSTRALIA","community_id":703,"main_language":"Not recorded","community_aliases":"MACDONALD DOWNS,MOUNT SWAN,NO 5","population_count":40,"community_type":"Family Outstation","electorate":"NAMATJIRA","population_source":"Homelands Service Provider Report 2023","objectid":301,"longitude":135.1345}},{"geometry":{"type":"Point","coordinates":[133.6946700000001,-23.751289999999983],"crs":null},"id":302,"type":"Feature","properties":{"bushtel_url":"https://bushtel.nt.gov.au/profile/921","community_name":"IRRILTYERE (A)","land_council":"CENTRAL LAND COUNCIL","latitude":-23.75129,"local_govt_council":"MACDONNELL","ward":"RODINGA","ntg_region":"CENTRAL AUSTRALIA","community_id":921,"main_language":"Not recorded","community_aliases":"No aliases recorded with NTG DIPL","population_count":9,"community_type":"Family Outstation","electorate":"NAMATJIRA","population_source":"Homelands Service Provider Report 2023","objectid":302,"longitude":133.69467}},{"geometry":{"type":"Point","coordinates":[133.68564000000003,-23.761049999999955],"crs":null},"id":303,"type":"Feature","properties":{"bushtel_url":"https://bushtel.nt.gov.au/profile/922","community_name":"IRRILTYERE (B)","land_council":"CENTRAL LAND COUNCIL","latitude":-23.76105,"local_govt_council":"MACDONNELL","ward":"RODINGA","ntg_region":"CENTRAL AUSTRALIA","community_id":922,"main_language":"Not recorded","community_aliases":"No aliases recorded with NTG DIPL","population_count":10,"community_type":"Family Outstation","electorate":"NAMATJIRA","population_source":"Homelands Service Provider Report 2023","objectid":303,"longitude":133.68564}},{"geometry":{"type":"Point","coordinates":[136.39475000000004,-21.654049999999927],"crs":null},"id":304,"type":"Feature","properties":{"bushtel_url":"https://bushtel.nt.gov.au/profile/853","community_name":"IRRMARNE","land_council":"CENTRAL LAND COUNCIL","latitude":-21.65405,"local_govt_council":"BARKLY","ward":"ALPURRURULAM","ntg_region":"BARKLY","community_id":853,"main_language":"Not recorded","community_aliases":"ERMARNE,OORRATIPPA","population_count":null,"community_type":"Family Outstation","electorate":"BARKLY","population_source":"Not recorded","objectid":304,"longitude":136.39475}},{"geometry":{"type":"Point","coordinates":[132.33103000000006,-24.625149999999962],"crs":null},"id":305,"type":"Feature","properties":{"bushtel_url":"https://bushtel.nt.gov.au/profile/24989","community_name":"IRROWA","land_council":"CENTRAL LAND COUNCIL","latitude":-24.62515,"local_govt_council":"MACDONNELL","ward":"IYARRKA","ntg_region":"CENTRAL AUSTRALIA","community_id":24989,"main_language":"Not recorded","community_aliases":"No aliases recorded with NTG DIPL","population_count":9,"community_type":"Family Outstation","electorate":"GWOJA","population_source":"Homelands Service Provider Report 2023","objectid":305,"longitude":132.33103}},{"geometry":{"type":"Point","coordinates":[135.11128000000008,-21.97996999999998],"crs":null},"id":306,"type":"Feature","properties":{"bushtel_url":"https://bushtel.nt.gov.au/profile/63","community_name":"IRRULTJA","land_council":"CENTRAL LAND COUNCIL","latitude":-21.97997,"local_govt_council":"BARKLY","ward":"ALYAWARR","ntg_region":"BARKLY","community_id":63,"main_language":"Not recorded","community_aliases":"IRRWELTY,ITTWELTYE","population_count":45,"community_type":"Minor","electorate":"BARKLY","population_source":"Homelands Service Provider Report 2023","objectid":306,"longitude":135.11128}},{"geometry":{"type":"Point","coordinates":[133.65816000000007,-23.766669999999976],"crs":null},"id":307,"type":"Feature","properties":{"bushtel_url":"https://bushtel.nt.gov.au/profile/935","community_name":"ITCHY KOO PARK","land_council":"CENTRAL LAND COUNCIL","latitude":-23.76667,"local_govt_council":"MACDONNELL","ward":"RODINGA","ntg_region":"CENTRAL AUSTRALIA","community_id":935,"main_language":"Not recorded","community_aliases":"TYWENPE (E)","population_count":52,"community_type":"Family Outstation","electorate":"NAMATJIRA","population_source":"Homelands Service Provider Report 2023","objectid":307,"longitude":133.65816}},{"geometry":{"type":"Point","coordinates":[133.59994000000006,-23.764659999999935],"crs":null},"id":308,"type":"Feature","properties":{"bushtel_url":"https://bushtel.nt.gov.au/profile/923","community_name":"ITEYEPINTYE","land_council":"CENTRAL LAND COUNCIL","latitude":-23.76466,"local_govt_council":"MACDONNELL","ward":"RODINGA","ntg_region":"CENTRAL AUSTRALIA","community_id":923,"main_language":"Not recorded","community_aliases":"No aliases recorded with NTG DIPL","population_count":25,"community_type":"Family Outstation","electorate":"NAMATJIRA","population_source":"Homelands Service Provider Report 2023","objectid":308,"longitude":133.59994}},{"geometry":{"type":"Point","coordinates":[133.61103000000003,-23.76360999999997],"crs":null},"id":309,"type":"Feature","properties":{"bushtel_url":"https://bushtel.nt.gov.au/profile/924","community_name":"ITPERLYENGE","land_council":"CENTRAL LAND COUNCIL","latitude":-23.76361,"local_govt_council":"MACDONNELL","ward":"RODINGA","ntg_region":"CENTRAL AUSTRALIA","community_id":924,"main_language":"Not recorded","community_aliases":"No aliases recorded with NTG DIPL","population_count":23,"community_type":"Family Outstation","electorate":"NAMATJIRA","population_source":"Homelands Service Provider Report 2023","objectid":309,"longitude":133.61103}},{"geometry":{"type":"Point","coordinates":[133.87168000000008,-23.663629999999955],"crs":null},"id":310,"type":"Feature","properties":{"bushtel_url":"https://bushtel.nt.gov.au/profile/64","community_name":"ITWIYETHWENGE","land_council":"CENTRAL LAND COUNCIL","latitude":-23.66363,"local_govt_council":"ALICE SPRINGS","ward":"Not recorded","ntg_region":"CENTRAL AUSTRALIA","community_id":64,"main_language":"Not recorded","community_aliases":"ALICE SPRINGS TOWN CAMP,BASSO'S FARM,BAZZO'S FARM","population_count":null,"community_type":"Town Camp","electorate":"BRAITLING","population_source":"Not recorded","objectid":310,"longitude":133.87168}},{"geometry":{"type":"Point","coordinates":[133.50327000000004,-23.79060999999996],"crs":null},"id":311,"type":"Feature","properties":{"bushtel_url":"https://bushtel.nt.gov.au/profile/65","community_name":"IWUPATAKA","land_council":"CENTRAL LAND COUNCIL","latitude":-23.79061,"local_govt_council":"MACDONNELL","ward":"RODINGA","ntg_region":"CENTRAL AUSTRALIA","community_id":65,"main_language":"Not recorded","community_aliases":"JAY CREEK","population_count":null,"community_type":"Minor","electorate":"NAMATJIRA","population_source":"Not recorded","objectid":311,"longitude":133.50327}},{"geometry":{"type":"Point","coordinates":[134.72667,-21.986759999999947],"crs":null},"id":312,"type":"Feature","properties":{"bushtel_url":"https://bushtel.nt.gov.au/profile/727","community_name":"IYLENTYE","land_council":"CENTRAL LAND COUNCIL","latitude":-21.98676,"local_govt_council":"BARKLY","ward":"ALYAWARR","ntg_region":"BARKLY","community_id":727,"main_language":"Not recorded","community_aliases":"IYIYINTJA,MOSQUITO BORE,PMARA LLINTJA","population_count":33,"community_type":"Family Outstation","electorate":"BARKLY","population_source":"Homelands Service Provider Report 2023","objectid":312,"longitude":134.72667}},{"geometry":{"type":"Point","coordinates":[132.83370000000002,-12.675199999999961],"crs":null},"id":313,"type":"Feature","properties":{"bushtel_url":"https://bushtel.nt.gov.au/profile/13836","community_name":"JABIRU","land_council":"NORTHERN LAND COUNCIL","latitude":-12.6752,"local_govt_council":"WEST ARNHEM","ward":"KAKADU","ntg_region":"TOP END","community_id":13836,"main_language":"Not recorded","community_aliases":"No aliases recorded with NTG DIPL","population_count":886,"community_type":"Village","electorate":"ARAFURA","population_source":"Based on ABS 2021 Census SA1","objectid":313,"longitude":132.8337}},{"geometry":{"type":"Point","coordinates":[133.61111000000005,-18.125609999999938],"crs":null},"id":314,"type":"Feature","properties":{"bushtel_url":"https://bushtel.nt.gov.au/profile/704","community_name":"JANGIRULU","land_council":"NORTHERN LAND COUNCIL","latitude":-18.12561,"local_govt_council":"BARKLY","ward":"KUWARRANGU","ntg_region":"BARKLY","community_id":704,"main_language":"Not recorded","community_aliases":"JANGIRURLU,JANGULURI JANGIRURLY,POWELL CREEK","population_count":null,"community_type":"Family Outstation","electorate":"BARKLY","population_source":"Not recorded","objectid":314,"longitude":133.61111}},{"geometry":{"type":"Point","coordinates":[133.22064000000012,-20.84764999999993],"crs":null},"id":315,"type":"Feature","properties":{"bushtel_url":"https://bushtel.nt.gov.au/profile/234","community_name":"JARRA JARRA","land_council":"CENTRAL LAND COUNCIL","latitude":-20.84765,"local_govt_council":"BARKLY","ward":"ALYAWARR","ntg_region":"BARKLY","community_id":234,"main_language":"Not recorded","community_aliases":"No aliases recorded with NTG DIPL","population_count":null,"community_type":"Family Outstation","electorate":"BARKLY","population_source":"Not recorded","objectid":315,"longitude":133.22064}},{"geometry":{"type":"Point","coordinates":[134.65311000000008,-12.290719999999965],"crs":null},"id":316,"type":"Feature","properties":{"bushtel_url":"https://bushtel.nt.gov.au/profile/966","community_name":"JARRAMAGORNDARRA","land_council":"NORTHERN LAND COUNCIL","latitude":-12.29072,"local_govt_council":"WEST ARNHEM","ward":"MANINGRIDA","ntg_region":"TOP END","community_id":966,"main_language":"Not recorded","community_aliases":"JARRAMONGORNDARRA","population_count":null,"community_type":"Family Outstation","electorate":"ARAFURA","population_source":"Not recorded","objectid":316,"longitude":134.65311}},{"geometry":{"type":"Point","coordinates":[133.8747300000001,-21.53388999999993],"crs":null},"id":317,"type":"Feature","properties":{"bushtel_url":"https://bushtel.nt.gov.au/profile/824","community_name":"JEMELKE","land_council":"CENTRAL LAND COUNCIL","latitude":-21.53389,"local_govt_council":"BARKLY","ward":"ALYAWARR","ntg_region":"BARKLY","community_id":824,"main_language":"Not recorded","community_aliases":"BARROW CREEK","population_count":10,"community_type":"Family Outstation","electorate":"BARKLY","population_source":"Homelands Service Provider Report 2023","objectid":317,"longitude":133.87473}},{"geometry":{"type":"Point","coordinates":[134.61989000000005,-12.297549999999944],"crs":null},"id":318,"type":"Feature","properties":{"bushtel_url":"https://bushtel.nt.gov.au/profile/338","community_name":"JI-BALBAL","land_council":"NORTHERN LAND COUNCIL","latitude":-12.29755,"local_govt_council":"WEST ARNHEM","ward":"MANINGRIDA","ntg_region":"TOP END","community_id":338,"main_language":"Not recorded","community_aliases":"BAMBOO CREEK,JIBALBAL","population_count":12,"community_type":"Family Outstation","electorate":"ARAFURA","population_source":"Homelands Service Provider Report 2023","objectid":318,"longitude":134.61989}},{"geometry":{"type":"Point","coordinates":[134.52640000000008,-12.144179999999949],"crs":null},"id":319,"type":"Feature","properties":{"bushtel_url":"https://bushtel.nt.gov.au/profile/311","community_name":"JI-BENA","land_council":"NORTHERN LAND COUNCIL","latitude":-12.14418,"local_govt_council":"WEST ARNHEM","ward":"MANINGRIDA","ntg_region":"TOP END","community_id":311,"main_language":"Not recorded","community_aliases":"DJEBENNA","population_count":29,"community_type":"Family Outstation","electorate":"ARAFURA","population_source":"Homelands Service Provider Report 2023","objectid":319,"longitude":134.5264}},{"geometry":{"type":"Point","coordinates":[134.67334000000005,-12.12167999999997],"crs":null},"id":320,"type":"Feature","properties":{"bushtel_url":"https://bushtel.nt.gov.au/profile/793","community_name":"JI-MALAWA","land_council":"NORTHERN LAND COUNCIL","latitude":-12.12168,"local_govt_council":"WEST ARNHEM","ward":"MANINGRIDA","ntg_region":"TOP END","community_id":793,"main_language":"Not recorded","community_aliases":"DJIMALAWA,JI-MALOWA,JIMALAWA","population_count":50,"community_type":"Family Outstation","electorate":"ARAFURA","population_source":"Homelands Service Provider Report 2023","objectid":320,"longitude":134.67334}},{"geometry":{"type":"Point","coordinates":[134.6150100000001,-12.05612999999994],"crs":null},"id":321,"type":"Feature","properties":{"bushtel_url":"https://bushtel.nt.gov.au/profile/340","community_name":"JI-MARDA","land_council":"NORTHERN LAND COUNCIL","latitude":-12.05613,"local_govt_council":"WEST ARNHEM","ward":"MANINGRIDA","ntg_region":"TOP END","community_id":340,"main_language":"Not recorded","community_aliases":"DJIMARDA,JIMARDA","population_count":55,"community_type":"Family Outstation","electorate":"ARAFURA","population_source":"Homelands Service Provider Report 2023","objectid":321,"longitude":134.61501}},{"geometry":{"type":"Point","coordinates":[133.30000000000007,-14.953059999999937],"crs":null},"id":322,"type":"Feature","properties":{"bushtel_url":"https://bushtel.nt.gov.au/profile/593","community_name":"JILKMINGGAN","land_council":"NORTHERN LAND COUNCIL","latitude":-14.95306,"local_govt_council":"ROPER GULF","ward":"NEVER NEVER","ntg_region":"BIG RIVERS","community_id":593,"main_language":"Eastside Kriol","community_aliases":"DJEMBERE,DJILKMINGGAN,DUCK CREEK,JILKMINGGAL","population_count":309,"community_type":"Minor","electorate":"ARNHEM","population_source":"Based on ABS 2021 Census SA1","objectid":322,"longitude":133.3}},{"geometry":{"type":"Point","coordinates":[137.5766500000001,-17.605569999999943],"crs":null},"id":323,"type":"Feature","properties":{"bushtel_url":"https://bushtel.nt.gov.au/profile/261","community_name":"JILUNDARINA","land_council":"NORTHERN LAND COUNCIL","latitude":-17.60557,"local_govt_council":"BARKLY","ward":"KUWARRANGU","ntg_region":"BARKLY","community_id":261,"main_language":"Not recorded","community_aliases":"JURLINDARRI,SEIGAL CREEK,SIEGAL CREEK,SIEGEL CREEK","population_count":null,"community_type":"Family Outstation","electorate":"BARKLY","population_source":"Not recorded","objectid":323,"longitude":137.57665}},{"geometry":{"type":"Point","coordinates":[136.6719200000001,-15.608199999999954],"crs":null},"id":324,"type":"Feature","properties":{"bushtel_url":"https://bushtel.nt.gov.au/profile/989","community_name":"JIMILAYA","land_council":"NORTHERN LAND COUNCIL","latitude":-15.6082,"local_govt_council":"ROPER GULF","ward":"SOUTH WEST GULF","ntg_region":"BIG RIVERS","community_id":989,"main_language":"Not recorded","community_aliases":"BLACK CRAGGY ISLAND","population_count":null,"community_type":"Family Outstation","electorate":"BARKLY","population_source":"Not recorded","objectid":324,"longitude":136.67192}},{"geometry":{"type":"Point","coordinates":[133.6143300000001,-17.11310999999995],"crs":null},"id":325,"type":"Feature","properties":{"bushtel_url":"https://bushtel.nt.gov.au/profile/235","community_name":"JINGALOO","land_council":"NORTHERN LAND COUNCIL","latitude":-17.11311,"local_govt_council":"BARKLY","ward":"KUWARRANGU","ntg_region":"BARKLY","community_id":235,"main_language":"Not recorded","community_aliases":"BEETALOO","population_count":null,"community_type":"Family Outstation","electorate":"BARKLY","population_source":"Not recorded","objectid":325,"longitude":133.61433}},{"geometry":{"type":"Point","coordinates":[129.9267400000001,-19.555409999999938],"crs":null},"id":326,"type":"Feature","properties":{"bushtel_url":"https://bushtel.nt.gov.au/profile/646","community_name":"JIWARANPA","land_council":"CENTRAL LAND COUNCIL","latitude":-19.55541,"local_govt_council":"CENTRAL DESERT","ward":"NORTHERN TANAMI","ntg_region":"CENTRAL AUSTRALIA","community_id":646,"main_language":"Not recorded","community_aliases":"JIWAN,JWARNPA,KAMARA,KAMIRA,TALBOT WELL","population_count":null,"community_type":"Family Outstation","electorate":"GWOJA","population_source":"Not recorded","objectid":326,"longitude":129.92674}},{"geometry":{"type":"Point","coordinates":[132.43333000000007,-14.359999999999957],"crs":null},"id":327,"type":"Feature","properties":{"bushtel_url":"https://bushtel.nt.gov.au/profile/598","community_name":"JODETLUK","land_council":"NORTHERN LAND COUNCIL","latitude":-14.36,"local_govt_council":"ROPER GULF","ward":"NYIRRANGGULUNG","ntg_region":"BIG RIVERS","community_id":598,"main_language":"Not recorded","community_aliases":"GORGE CAMP,KATHERINE TOWN CAMP,MAUDE CREEK CAMP","population_count":21,"community_type":"Family Outstation","electorate":"KATHERINE","population_source":"Homelands Service Provider Report 2023","objectid":327,"longitude":132.43333}},{"geometry":{"type":"Point","coordinates":[133.11146000000008,-15.42068999999998],"crs":null},"id":328,"type":"Feature","properties":{"bushtel_url":"https://bushtel.nt.gov.au/profile/710","community_name":"JOMET (URPALARWN)","land_council":"NORTHERN LAND COUNCIL","latitude":-15.42069,"local_govt_council":"ROPER GULF","ward":"NEVER NEVER","ntg_region":"BIG RIVERS","community_id":710,"main_language":"Not recorded","community_aliases":"BIRDUM,GORRIE,JOMET,NO 1 BORE,URPALARWN,WUBALAWAN","population_count":null,"community_type":"Family Outstation","electorate":"ARNHEM","population_source":"Not recorded","objectid":328,"longitude":133.11146}},{"geometry":{"type":"Point","coordinates":[134.4288100000001,-14.727469999999926],"crs":null},"id":329,"type":"Feature","properties":{"bushtel_url":"https://bushtel.nt.gov.au/profile/602","community_name":"JOWAR","land_council":"NORTHERN LAND COUNCIL","latitude":-14.72747,"local_govt_council":"ROPER GULF","ward":"YUGUL MANGI","ntg_region":"BIG RIVERS","community_id":602,"main_language":"Not recorded","community_aliases":"JOYAR,JUYAR,ROPER BAR","population_count":null,"community_type":"Family Outstation","electorate":"ARNHEM","population_source":"Not recorded","objectid":329,"longitude":134.42881}},{"geometry":{"type":"Point","coordinates":[131.43088000000012,-22.68593999999996],"crs":null},"id":330,"type":"Feature","properties":{"bushtel_url":"https://bushtel.nt.gov.au/profile/695","community_name":"JUNGARRAYI WARRNU","land_council":"CENTRAL LAND COUNCIL","latitude":-22.68594,"local_govt_council":"CENTRAL DESERT","ward":"SOUTHERN TANAMI","ntg_region":"CENTRAL AUSTRALIA","community_id":695,"main_language":"Not recorded","community_aliases":"JUNGARRAYIWARNU,NEW HAVEN YARIBILANGU,YARIPILANGU","population_count":null,"community_type":"Family Outstation","electorate":"GWOJA","population_source":"Not recorded","objectid":330,"longitude":131.43088}},{"geometry":{"type":"Point","coordinates":[134.1414900000001,-20.446559999999977],"crs":null},"id":331,"type":"Feature","properties":{"bushtel_url":"https://bushtel.nt.gov.au/profile/734","community_name":"JUNKAJI","land_council":"CENTRAL LAND COUNCIL","latitude":-20.44656,"local_govt_council":"BARKLY","ward":"PATTA","ntg_region":"BARKLY","community_id":734,"main_language":"Not recorded","community_aliases":"GREENWOOD,JUNGKAGU,JUNGKAJI","population_count":null,"community_type":"Family Outstation","electorate":"BARKLY","population_source":"Not recorded","objectid":331,"longitude":134.14149}},{"geometry":{"type":"Point","coordinates":[134.21279000000004,-12.069459999999935],"crs":null},"id":332,"type":"Feature","properties":{"bushtel_url":"https://bushtel.nt.gov.au/profile/794","community_name":"KABALYARRA","land_council":"NORTHERN LAND COUNCIL","latitude":-12.06946,"local_govt_council":"WEST ARNHEM","ward":"MANINGRIDA","ntg_region":"TOP END","community_id":794,"main_language":"Not recorded","community_aliases":"No aliases recorded with NTG DIPL","population_count":15,"community_type":"Family Outstation","electorate":"ARAFURA","population_source":"Homelands Service Provider Report 2023","objectid":332,"longitude":134.21279}},{"geometry":{"type":"Point","coordinates":[133.84472000000005,-12.764859999999942],"crs":null},"id":333,"type":"Feature","properties":{"bushtel_url":"https://bushtel.nt.gov.au/profile/1007","community_name":"KABULWARNAMYO","land_council":"NORTHERN LAND COUNCIL","latitude":-12.76486,"local_govt_council":"WEST ARNHEM","ward":"GUNBALANYA","ntg_region":"TOP END","community_id":1007,"main_language":"Not recorded","community_aliases":"NORHNI","population_count":4,"community_type":"Family Outstation","electorate":"ARAFURA","population_source":"Homelands Service Provider Report 2023","objectid":333,"longitude":133.84472}},{"geometry":{"type":"Point","coordinates":[134.1577900000001,-12.407789999999977],"crs":null},"id":334,"type":"Feature","properties":{"bushtel_url":"https://bushtel.nt.gov.au/profile/326","community_name":"KAKODBABULDI","land_council":"NORTHERN LAND COUNCIL","latitude":-12.40779,"local_govt_council":"WEST ARNHEM","ward":"MANINGRIDA","ntg_region":"TOP END","community_id":326,"main_language":"Not recorded","community_aliases":"GUGODBABULDI,KUKOTBUBULDI","population_count":20,"community_type":"Family Outstation","electorate":"ARAFURA","population_source":"Homelands Service Provider Report 2023","objectid":334,"longitude":134.15779}},{"geometry":{"type":"Point","coordinates":[134.36571000000004,-20.39751999999993],"crs":null},"id":335,"type":"Feature","properties":{"bushtel_url":"https://bushtel.nt.gov.au/profile/736","community_name":"KALINJARRI","land_council":"CENTRAL LAND COUNCIL","latitude":-20.39752,"local_govt_council":"BARKLY","ward":"PATTA","ntg_region":"BARKLY","community_id":736,"main_language":"Not recorded","community_aliases":"GORRIE BORE,GORRY'S BORE,KALINJARRA,KALINYMARRA","population_count":null,"community_type":"Family Outstation","electorate":"BARKLY","population_source":"Not recorded","objectid":335,"longitude":134.36571}},{"geometry":{"type":"Point","coordinates":[130.83212000000003,-17.446749999999952],"crs":null},"id":336,"type":"Feature","properties":{"bushtel_url":"https://bushtel.nt.gov.au/profile/603","community_name":"KALKARINDJI","land_council":"CENTRAL LAND COUNCIL","latitude":-17.44675,"local_govt_council":"VICTORIA DALY","ward":"DAGURAGU","ntg_region":"BIG RIVERS","community_id":603,"main_language":"Gurindji / Kriol","community_aliases":"KALKARINGI,WAVE HILL","population_count":450,"community_type":"Major","electorate":"GWOJA","population_source":"Based on ABS 2021 Census SA1","objectid":336,"longitude":130.83212}},{"geometry":{"type":"Point","coordinates":[135.35397000000012,-20.899359999999945],"crs":null},"id":337,"type":"Feature","properties":{"bushtel_url":"https://bushtel.nt.gov.au/profile/947","community_name":"KALPITAPTA","land_council":"CENTRAL LAND COUNCIL","latitude":-20.89936,"local_govt_council":"BARKLY","ward":"ALYAWARR","ntg_region":"BARKLY","community_id":947,"main_language":"Not recorded","community_aliases":"KALPITAPITA","population_count":null,"community_type":"Family Outstation","electorate":"BARKLY","population_source":"Not recorded","objectid":337,"longitude":135.35397}},{"geometry":{"type":"Point","coordinates":[129.07916000000012,-24.876109999999983],"crs":null},"id":338,"type":"Feature","properties":{"bushtel_url":"https://bushtel.nt.gov.au/profile/66","community_name":"KALTUKATJARA","land_council":"CENTRAL LAND COUNCIL","latitude":-24.87611,"local_govt_council":"MACDONNELL","ward":"IYARRKA","ntg_region":"CENTRAL AUSTRALIA","community_id":66,"main_language":"Pitjantjatjara","community_aliases":"DOCKER RIVER,KALKTUKATJARA","population_count":269,"community_type":"Major","electorate":"GWOJA","population_source":"Based on ABS 2021 Census SA1","objectid":338,"longitude":129.07916}},{"geometry":{"type":"Point","coordinates":[131.21949000000006,-16.87719999999996],"crs":null},"id":339,"type":"Feature","properties":{"bushtel_url":"https://bushtel.nt.gov.au/profile/941","community_name":"KALUMBULANI","land_council":"NORTHERN LAND COUNCIL","latitude":-16.8772,"local_govt_council":"VICTORIA DALY","ward":"WALANGERI","ntg_region":"BIG RIVERS","community_id":941,"main_language":"Not recorded","community_aliases":"CAMFIELD,KULUMANBULANI","population_count":null,"community_type":"Family Outstation","electorate":"GWOJA","population_source":"Not recorded","objectid":339,"longitude":131.21949}},{"geometry":{"type":"Point","coordinates":[133.91809000000012,-19.00386999999995],"crs":null},"id":340,"type":"Feature","properties":{"bushtel_url":"https://bushtel.nt.gov.au/profile/236","community_name":"KALUMPURLPA","land_council":"CENTRAL LAND COUNCIL","latitude":-19.00387,"local_govt_council":"BARKLY","ward":"PATTA","ntg_region":"BARKLY","community_id":236,"main_language":"Not recorded","community_aliases":"AKULUMPULPA,BLUE BUSH BORE,KALAMPURLPA,KALUMPARLPA,KALUMPULPA,KULUMPURLPA","population_count":null,"community_type":"Family Outstation","electorate":"BARKLY","population_source":"Not recorded","objectid":340,"longitude":133.91809}},{"geometry":{"type":"Point","coordinates":[136.53951000000006,-15.888479999999959],"crs":null},"id":341,"type":"Feature","properties":{"bushtel_url":"https://bushtel.nt.gov.au/profile/237","community_name":"KANGAROO ISLAND","land_council":"NORTHERN LAND COUNCIL","latitude":-15.88848,"local_govt_council":"ROPER GULF","ward":"SOUTH WEST GULF","ntg_region":"BIG RIVERS","community_id":237,"main_language":"Not recorded","community_aliases":"LOOGANWARRA,YAMEERI","population_count":10,"community_type":"Family Outstation","electorate":"BARKLY","population_source":"Homelands Service Provider Report 2023","objectid":341,"longitude":136.53951}},{"geometry":{"type":"Point","coordinates":[132.3711300000001,-12.698759999999936],"crs":null},"id":342,"type":"Feature","properties":{"bushtel_url":"https://bushtel.nt.gov.au/profile/980","community_name":"KAPALGA","land_council":"NORTHERN LAND COUNCIL","latitude":-12.69876,"local_govt_council":"WEST ARNHEM","ward":"KAKADU","ntg_region":"TOP END","community_id":980,"main_language":"Not recorded","community_aliases":"NARAMU","population_count":10,"community_type":"Family Outstation","electorate":"ARAFURA","population_source":"Homelands Service Provider Report 2023","objectid":342,"longitude":132.37113}},{"geometry":{"type":"Point","coordinates":[132.7202900000001,-23.939739999999972],"crs":null},"id":343,"type":"Feature","properties":{"bushtel_url":"https://bushtel.nt.gov.au/profile/67","community_name":"KAPORILYA","land_council":"CENTRAL LAND COUNCIL","latitude":-23.93974,"local_govt_council":"MACDONNELL","ward":"LJIRAPINTA","ntg_region":"CENTRAL AUSTRALIA","community_id":67,"main_language":"Not recorded","community_aliases":"KAPORILJA,KAPORILYA SPRINGS,KAPRILYA","population_count":9,"community_type":"Family Outstation","electorate":"GWOJA","population_source":"Homelands Service Provider Report 2023","objectid":343,"longitude":132.72029}},{"geometry":{"type":"Point","coordinates":[134.19806000000005,-19.658609999999953],"crs":null},"id":344,"type":"Feature","properties":{"bushtel_url":"https://bushtel.nt.gov.au/profile/238","community_name":"KARGARU","land_council":"CENTRAL LAND COUNCIL","latitude":-19.65861,"local_govt_council":"BARKLY","ward":"PATTA","ntg_region":"BARKLY","community_id":238,"main_language":"Not recorded","community_aliases":"EAST SIDE CAMP,KARGARU CAMP,TENNANT CREEK TOWN CAMP,WARTILPUNGARA","population_count":null,"community_type":"Town Camp","electorate":"BARKLY","population_source":"Not recorded","objectid":344,"longitude":134.19806}},{"geometry":{"type":"Point","coordinates":[133.8647400000001,-23.76436999999993],"crs":null},"id":345,"type":"Feature","properties":{"bushtel_url":"https://bushtel.nt.gov.au/profile/69","community_name":"KARNTE","land_council":"CENTRAL LAND COUNCIL","latitude":-23.76437,"local_govt_council":"ALICE SPRINGS","ward":"Not recorded","ntg_region":"CENTRAL AUSTRALIA","community_id":69,"main_language":"Not recorded","community_aliases":"ALICE SPRINGS TOWN CAMP","population_count":null,"community_type":"Town Camp","electorate":"NAMATJIRA","population_source":"Not recorded","objectid":345,"longitude":133.86474}},{"geometry":{"type":"Point","coordinates":[131.87876000000006,-22.66328999999996],"crs":null},"id":346,"type":"Feature","properties":{"bushtel_url":"https://bushtel.nt.gov.au/profile/116","community_name":"KARRINYARRA","land_council":"CENTRAL LAND COUNCIL","latitude":-22.66329,"local_govt_council":"CENTRAL DESERT","ward":"SOUTHERN TANAMI","ntg_region":"CENTRAL AUSTRALIA","community_id":116,"main_language":"Not recorded","community_aliases":"CENTRAL MOUNT WEDGE,KARRIYARRA,MOUNT WEDGE,MOUNT WEDGE STATION","population_count":null,"community_type":"Family Outstation","electorate":"GWOJA","population_source":"Not recorded","objectid":346,"longitude":131.87876}},{"geometry":{"type":"Point","coordinates":[132.26677000000007,-14.466759999999965],"crs":null},"id":347,"type":"Feature","properties":{"bushtel_url":"https://bushtel.nt.gov.au/profile/14071","community_name":"KATHERINE","land_council":"NORTHERN LAND COUNCIL","latitude":-14.46676,"local_govt_council":"KATHERINE","ward":"Not recorded","ntg_region":"BIG RIVERS","community_id":14071,"main_language":"Not recorded","community_aliases":"No aliases recorded with NTG DIPL","population_count":null,"community_type":"Town","electorate":"KATHERINE","population_source":"Not recorded","objectid":347,"longitude":132.26677}},{"geometry":{"type":"Point","coordinates":[132.00474000000008,-23.740849999999966],"crs":null},"id":348,"type":"Feature","properties":{"bushtel_url":"https://bushtel.nt.gov.au/profile/870","community_name":"KATJUTARI","land_council":"CENTRAL LAND COUNCIL","latitude":-23.74085,"local_govt_council":"MACDONNELL","ward":"LJIRAPINTA","ntg_region":"CENTRAL AUSTRALIA","community_id":870,"main_language":"Not recorded","community_aliases":"No aliases recorded with NTG DIPL","population_count":4,"community_type":"Family Outstation","electorate":"GWOJA","population_source":"Homelands Service Provider Report 2023","objectid":348,"longitude":132.00474}},{"geometry":{"type":"Point","coordinates":[130.32647000000009,-13.957829999999944],"crs":null},"id":349,"type":"Feature","properties":{"bushtel_url":"https://bushtel.nt.gov.au/profile/883","community_name":"KELERRK","land_council":"NORTHERN LAND COUNCIL","latitude":-13.95783,"local_govt_council":"WEST DALY","ward":"THAMARRURR/PINDI PINDI","ntg_region":"TOP END","community_id":883,"main_language":"Not recorded","community_aliases":"No aliases recorded with NTG DIPL","population_count":null,"community_type":"Family Outstation","electorate":"DALY","population_source":"Not recorded","objectid":349,"longitude":130.32647}},{"geometry":{"type":"Point","coordinates":[134.00927000000001,-14.926989999999932],"crs":null},"id":350,"type":"Feature","properties":{"bushtel_url":"https://bushtel.nt.gov.au/profile/1017","community_name":"KEWULYI","land_council":"NORTHERN LAND COUNCIL","latitude":-14.92699,"local_govt_council":"ROPER GULF","ward":"NEVER NEVER","ntg_region":"BIG RIVERS","community_id":1017,"main_language":"Not recorded","community_aliases":"ROPER VALLEY HOMESTEAD","population_count":16,"community_type":"Family Outstation","electorate":"ARNHEM","population_source":"Homelands Service Provider Report 2023","objectid":350,"longitude":134.00927}},{"geometry":{"type":"Point","coordinates":[136.18411000000003,-17.242359999999962],"crs":null},"id":351,"type":"Feature","properties":{"bushtel_url":"https://bushtel.nt.gov.au/profile/722","community_name":"KIANA","land_council":"NORTHERN LAND COUNCIL","latitude":-17.24236,"local_govt_council":"ROPER GULF","ward":"SOUTH WEST GULF","ntg_region":"BIG RIVERS","community_id":722,"main_language":"Not recorded","community_aliases":"No aliases recorded with NTG DIPL","population_count":15,"community_type":"Family Outstation","electorate":"BARKLY","population_source":"Homelands Service Provider Report 2023","objectid":351,"longitude":136.18411}},{"geometry":{"type":"Point","coordinates":[129.3872500000001,-23.275909999999953],"crs":null},"id":352,"type":"Feature","properties":{"bushtel_url":"https://bushtel.nt.gov.au/profile/72","community_name":"KINTORE","land_council":"CENTRAL LAND COUNCIL","latitude":-23.27591,"local_govt_council":"MACDONNELL","ward":"LURITJA PINTUBI","ntg_region":"CENTRAL AUSTRALIA","community_id":72,"main_language":"Luritja/Pintupi","community_aliases":"WALANGKURA,WALANGURA,WALUNGURRU","population_count":493,"community_type":"Major","electorate":"GWOJA","population_source":"Based on ABS 2021 Census SA1","objectid":352,"longitude":129.38725}},{"geometry":{"type":"Point","coordinates":[130.93749000000003,-12.43653999999998],"crs":null},"id":353,"type":"Feature","properties":{"bushtel_url":"https://bushtel.nt.gov.au/profile/344","community_name":"KNUCKEY LAGOON INDIGENOUS VILLAGE","land_council":"NORTHERN LAND COUNCIL","latitude":-12.43654,"local_govt_council":"LITCHFIELD","ward":"NORTH WARD","ntg_region":"DARWIN, PALMERSTON, LITCHFIELD","community_id":344,"main_language":"Not recorded","community_aliases":"11 MILE,ELEVEN MILE,KNUCKEY LAGOON COMMUNITY,KNUCKEY LAGOON TOWN CAMP","population_count":null,"community_type":"Town Camp","electorate":"KARAMA","population_source":"Not recorded","objectid":353,"longitude":130.93749}},{"geometry":{"type":"Point","coordinates":[134.32539000000008,-12.613089999999943],"crs":null},"id":354,"type":"Feature","properties":{"bushtel_url":"https://bushtel.nt.gov.au/profile/345","community_name":"KOLORBIDAHDAH","land_council":"NORTHERN LAND COUNCIL","latitude":-12.61309,"local_govt_council":"WEST ARNHEM","ward":"MANINGRIDA","ntg_region":"TOP END","community_id":345,"main_language":"Not recorded","community_aliases":"KORLOBIRRAHDA","population_count":14,"community_type":"Family Outstation","electorate":"ARAFURA","population_source":"Homelands Service Provider Report 2023","objectid":354,"longitude":134.32539}},{"geometry":{"type":"Point","coordinates":[129.7849900000001,-14.12167999999997],"crs":null},"id":355,"type":"Feature","properties":{"bushtel_url":"https://bushtel.nt.gov.au/profile/912","community_name":"KUBUYIRR","land_council":"NORTHERN LAND COUNCIL","latitude":-14.12168,"local_govt_council":"WEST DALY","ward":"THAMARRURR/PINDI PINDI","ntg_region":"TOP END","community_id":912,"main_language":"Not recorded","community_aliases":"No aliases recorded with NTG DIPL","population_count":null,"community_type":"Family Outstation","electorate":"DALY","population_source":"Not recorded","objectid":355,"longitude":129.78499}},{"geometry":{"type":"Point","coordinates":[129.4291800000001,-14.429179999999974],"crs":null},"id":356,"type":"Feature","properties":{"bushtel_url":"https://bushtel.nt.gov.au/profile/936","community_name":"KUDANTIGA","land_council":"NORTHERN LAND COUNCIL","latitude":-14.42918,"local_govt_council":"WEST DALY","ward":"THAMARRURR/PINDI PINDI","ntg_region":"TOP END","community_id":936,"main_language":"Not recorded","community_aliases":"KURANTIKA","population_count":9,"community_type":"Family Outstation","electorate":"DALY","population_source":"Homelands Service Provider Report 2023","objectid":356,"longitude":129.42918}},{"geometry":{"type":"Point","coordinates":[130.84890000000007,-12.392789999999934],"crs":null},"id":357,"type":"Feature","properties":{"bushtel_url":"https://bushtel.nt.gov.au/profile/347","community_name":"KULALUK","land_council":"NORTHERN LAND COUNCIL","latitude":-12.39279,"local_govt_council":"DARWIN","ward":"CHAN","ntg_region":"DARWIN, PALMERSTON, LITCHFIELD","community_id":347,"main_language":"Not recorded","community_aliases":"GWALWA DARANIEI ASSOC,GWALWA DARANIKI ASSOCIATION,MINMIRAMA","population_count":null,"community_type":"Town Camp","electorate":"NIGHTCLIFF","population_source":"Not recorded","objectid":357,"longitude":130.8489}},{"geometry":{"type":"Point","coordinates":[129.00638000000004,-24.715569999999957],"crs":null},"id":358,"type":"Feature","properties":{"bushtel_url":"https://bushtel.nt.gov.au/profile/747","community_name":"KULANG","land_council":"CENTRAL LAND COUNCIL","latitude":-24.71557,"local_govt_council":"MACDONNELL","ward":"IYARRKA","ntg_region":"CENTRAL AUSTRALIA","community_id":747,"main_language":"Not recorded","community_aliases":"KULAIL","population_count":null,"community_type":"Family Outstation","electorate":"GWOJA","population_source":"Not recorded","objectid":358,"longitude":129.00638}},{"geometry":{"type":"Point","coordinates":[133.3004800000001,-25.840839999999957],"crs":null},"id":359,"type":"Feature","properties":{"bushtel_url":"https://bushtel.nt.gov.au/profile/14240","community_name":"KULGERA","land_council":"CENTRAL LAND COUNCIL","latitude":-25.84084,"local_govt_council":"MACDONNELL","ward":"RODINGA","ntg_region":"CENTRAL AUSTRALIA","community_id":14240,"main_language":"Not recorded","community_aliases":"No aliases recorded with NTG DIPL","population_count":null,"community_type":"Village","electorate":"NAMATJIRA","population_source":"Not recorded","objectid":359,"longitude":133.30048}},{"geometry":{"type":"Point","coordinates":[132.00279000000012,-23.739739999999983],"crs":null},"id":360,"type":"Feature","properties":{"bushtel_url":"https://bushtel.nt.gov.au/profile/76","community_name":"KULPITHARRA","land_council":"CENTRAL LAND COUNCIL","latitude":-23.73974,"local_govt_council":"MACDONNELL","ward":"LJIRAPINTA","ntg_region":"CENTRAL AUSTRALIA","community_id":76,"main_language":"Not recorded","community_aliases":"KULPITARA,KULPITARRA","population_count":2,"community_type":"Family Outstation","electorate":"GWOJA","population_source":"Homelands Service Provider Report 2023","objectid":360,"longitude":132.00279}},{"geometry":{"type":"Point","coordinates":[129.57391000000007,-14.425859999999943],"crs":null},"id":361,"type":"Feature","properties":{"bushtel_url":"https://bushtel.nt.gov.au/profile/351","community_name":"KULTCHILL","land_council":"NORTHERN LAND COUNCIL","latitude":-14.42586,"local_govt_council":"WEST DALY","ward":"THAMARRURR/PINDI PINDI","ntg_region":"TOP END","community_id":351,"main_language":"Not recorded","community_aliases":"KULTHIL,KUTCHILL","population_count":null,"community_type":"Family Outstation","electorate":"DALY","population_source":"Not recorded","objectid":361,"longitude":129.57391}},{"geometry":{"type":"Point","coordinates":[133.6394600000001,-18.764179999999953],"crs":null},"id":362,"type":"Feature","properties":{"bushtel_url":"https://bushtel.nt.gov.au/profile/1000","community_name":"KUMUNU","land_council":"CENTRAL LAND COUNCIL","latitude":-18.76418,"local_govt_council":"BARKLY","ward":"PATTA","ntg_region":"BARKLY","community_id":1000,"main_language":"Not recorded","community_aliases":"KUNUMU","population_count":null,"community_type":"Family Outstation","electorate":"BARKLY","population_source":"Not recorded","objectid":362,"longitude":133.63946}},{"geometry":{"type":"Point","coordinates":[134.0704800000001,-12.271709999999928],"crs":null},"id":363,"type":"Feature","properties":{"bushtel_url":"https://bushtel.nt.gov.au/profile/967","community_name":"KUMURRULU","land_council":"NORTHERN LAND COUNCIL","latitude":-12.27171,"local_govt_council":"WEST ARNHEM","ward":"GUNBALANYA","ntg_region":"TOP END","community_id":967,"main_language":"Not recorded","community_aliases":"KUMURULU","population_count":15,"community_type":"Family Outstation","electorate":"ARAFURA","population_source":"Homelands Service Provider Report 2023","objectid":363,"longitude":134.07048}},{"geometry":{"type":"Point","coordinates":[129.2341100000001,-25.156969999999944],"crs":null},"id":364,"type":"Feature","properties":{"bushtel_url":"https://bushtel.nt.gov.au/profile/77","community_name":"KUNAPULA","land_council":"CENTRAL LAND COUNCIL","latitude":-25.15697,"local_govt_council":"MACDONNELL","ward":"IYARRKA","ntg_region":"CENTRAL AUSTRALIA","community_id":77,"main_language":"Not recorded","community_aliases":"No aliases recorded with NTG DIPL","population_count":null,"community_type":"Family Outstation","electorate":"GWOJA","population_source":"Not recorded","objectid":364,"longitude":129.23411}},{"geometry":{"type":"Point","coordinates":[133.72464000000002,-19.742089999999962],"crs":null},"id":365,"type":"Feature","properties":{"bushtel_url":"https://bushtel.nt.gov.au/profile/239","community_name":"KUNAYUNGKU","land_council":"CENTRAL LAND COUNCIL","latitude":-19.74209,"local_govt_council":"BARKLY","ward":"ALYAWARR","ntg_region":"BARKLY","community_id":239,"main_language":"Not recorded","community_aliases":"KUNYINGU,PARARINGI,PAWARINJI,PUWARIN","population_count":null,"community_type":"Family Outstation","electorate":"BARKLY","population_source":"Not recorded","objectid":365,"longitude":133.72464}},{"geometry":{"type":"Point","coordinates":[133.05617000000007,-12.343459999999936],"crs":null},"id":366,"type":"Feature","properties":{"bushtel_url":"https://bushtel.nt.gov.au/profile/391","community_name":"KUNGARREWARL","land_council":"NORTHERN LAND COUNCIL","latitude":-12.34346,"local_govt_council":"WEST ARNHEM","ward":"GUNBALANYA","ntg_region":"TOP END","community_id":391,"main_language":"Not recorded","community_aliases":"CLANCY'S CAMP,DJAYHGURRNGA,NAMARRING KARRAJI,NAMARRINGKARRAYI,OENPELLI CAMP","population_count":4,"community_type":"Family Outstation","electorate":"ARAFURA","population_source":"Homelands Service Provider Report 2023","objectid":366,"longitude":133.05617}},{"geometry":{"type":"Point","coordinates":[131.24371000000008,-23.626469999999983],"crs":null},"id":367,"type":"Feature","properties":{"bushtel_url":"https://bushtel.nt.gov.au/profile/78","community_name":"KUNGKAYUNTI","land_council":"CENTRAL LAND COUNCIL","latitude":-23.62647,"local_govt_council":"MACDONNELL","ward":"LURITJA PINTUBI","ntg_region":"CENTRAL AUSTRALIA","community_id":78,"main_language":"Not recorded","community_aliases":"BROWNS BORE,KUNGKIYUNTI","population_count":null,"community_type":"Family Outstation","electorate":"GWOJA","population_source":"Not recorded","objectid":367,"longitude":131.24371}},{"geometry":{"type":"Point","coordinates":[133.88026000000002,-23.69053999999994],"crs":null},"id":368,"type":"Feature","properties":{"bushtel_url":"https://bushtel.nt.gov.au/profile/1029","community_name":"KUNOTH","land_council":"CENTRAL LAND COUNCIL","latitude":-23.69054,"local_govt_council":"ALICE SPRINGS","ward":"Not recorded","ntg_region":"CENTRAL AUSTRALIA","community_id":1029,"main_language":"Not recorded","community_aliases":"THE VILLAGE","population_count":null,"community_type":"Town Camp","electorate":"NAMATJIRA","population_source":"Not recorded","objectid":368,"longitude":133.88026}},{"geometry":{"type":"Point","coordinates":[135.04000000000008,-20.611399999999946],"crs":null},"id":369,"type":"Feature","properties":{"bushtel_url":"https://bushtel.nt.gov.au/profile/14262","community_name":"KURINELLI","land_council":"CENTRAL LAND COUNCIL","latitude":-20.6114,"local_govt_council":"BARKLY","ward":"ALYAWARR","ntg_region":"BARKLY","community_id":14262,"main_language":"Not recorded","community_aliases":"No aliases recorded with NTG DIPL","population_count":null,"community_type":"Family Outstation","electorate":"BARKLY","population_source":"Not recorded","objectid":369,"longitude":135.04}},{"geometry":{"type":"Point","coordinates":[132.05316000000005,-22.142109999999946],"crs":null},"id":370,"type":"Feature","properties":{"bushtel_url":"https://bushtel.nt.gov.au/profile/110","community_name":"KURIPPI","land_council":"CENTRAL LAND COUNCIL","latitude":-22.14211,"local_govt_council":"CENTRAL DESERT","ward":"SOUTHERN TANAMI","ntg_region":"CENTRAL AUSTRALIA","community_id":110,"main_language":"Not recorded","community_aliases":"JONESY'S CAMP,MOUNT DENISON","population_count":null,"community_type":"Family Outstation","electorate":"GWOJA","population_source":"Not recorded","objectid":370,"longitude":132.05316}},{"geometry":{"type":"Point","coordinates":[129.41115000000002,-25.941779999999937],"crs":null},"id":371,"type":"Feature","properties":{"bushtel_url":"https://bushtel.nt.gov.au/profile/81","community_name":"KURKUTJARA","land_council":"CENTRAL LAND COUNCIL","latitude":-25.94178,"local_govt_council":"MACDONNELL","ward":"IYARRKA","ntg_region":"CENTRAL AUSTRALIA","community_id":81,"main_language":"Not recorded","community_aliases":"No aliases recorded with NTG DIPL","population_count":null,"community_type":"Family Outstation","electorate":"GWOJA","population_source":"Not recorded","objectid":371,"longitude":129.41115}},{"geometry":{"type":"Point","coordinates":[135.3978800000001,-19.39176999999995],"crs":null},"id":372,"type":"Feature","properties":{"bushtel_url":"https://bushtel.nt.gov.au/profile/905","community_name":"KURNTAPURRA","land_council":"NORTHERN LAND COUNCIL","latitude":-19.39177,"local_govt_council":"BARKLY","ward":"KUWARRANGU","ntg_region":"BARKLY","community_id":905,"main_language":"Not recorded","community_aliases":"FREWENA,KUNTAPURLA,KURNTURLPARA,NO 6 BORE","population_count":24,"community_type":"Family Outstation","electorate":"BARKLY","population_source":"Homelands Service Provider Report 2023","objectid":372,"longitude":135.39788}},{"geometry":{"type":"Point","coordinates":[134.47545000000002,-19.765589999999975],"crs":null},"id":373,"type":"Feature","properties":{"bushtel_url":"https://bushtel.nt.gov.au/profile/822","community_name":"KURRAYA","land_council":"CENTRAL LAND COUNCIL","latitude":-19.76559,"local_govt_council":"BARKLY","ward":"PATTA","ntg_region":"BARKLY","community_id":822,"main_language":"Not recorded","community_aliases":"GOOSE RIVER","population_count":1,"community_type":"Family Outstation","electorate":"BARKLY","population_source":"Homelands Service Provider Report 2023","objectid":373,"longitude":134.47545}},{"geometry":{"type":"Point","coordinates":[134.24012000000005,-12.488059999999962],"crs":null},"id":374,"type":"Feature","properties":{"bushtel_url":"https://bushtel.nt.gov.au/profile/753","community_name":"KURRURLDUL","land_council":"NORTHERN LAND COUNCIL","latitude":-12.48806,"local_govt_council":"WEST ARNHEM","ward":"MANINGRIDA","ntg_region":"TOP END","community_id":753,"main_language":"Not recorded","community_aliases":"KURRURLOUL,KURULDU","population_count":null,"community_type":"Family Outstation","electorate":"ARAFURA","population_source":"Not recorded","objectid":374,"longitude":134.24012}},{"geometry":{"type":"Point","coordinates":[130.36991000000012,-13.598049999999944],"crs":null},"id":375,"type":"Feature","properties":{"bushtel_url":"https://bushtel.nt.gov.au/profile/776","community_name":"KUWUMA","land_council":"NORTHERN LAND COUNCIL","latitude":-13.59805,"local_govt_council":"WEST DALY","ward":"THAMARRURR/PINDI PINDI","ntg_region":"TOP END","community_id":776,"main_language":"Not recorded","community_aliases":"DJUDIN,KUAMA,KWARMA","population_count":1,"community_type":"Family Outstation","electorate":"DALY","population_source":"Homelands Service Provider Report 2023","objectid":375,"longitude":130.36991}},{"geometry":{"type":"Point","coordinates":[129.59784000000002,-14.035459999999944],"crs":null},"id":376,"type":"Feature","properties":{"bushtel_url":"https://bushtel.nt.gov.au/profile/718","community_name":"KUY","land_council":"NORTHERN LAND COUNCIL","latitude":-14.03546,"local_govt_council":"WEST DALY","ward":"THAMARRURR/PINDI PINDI","ntg_region":"TOP END","community_id":718,"main_language":"Not recorded","community_aliases":"No aliases recorded with NTG DIPL","population_count":29,"community_type":"Family Outstation","electorate":"DALY","population_source":"Homelands Service Provider Report 2023","objectid":376,"longitude":129.59784}},{"geometry":{"type":"Point","coordinates":[132.88974000000007,-23.927239999999983],"crs":null},"id":377,"type":"Feature","properties":{"bushtel_url":"https://bushtel.nt.gov.au/profile/83","community_name":"KWALA","land_council":"CENTRAL LAND COUNCIL","latitude":-23.92724,"local_govt_council":"MACDONNELL","ward":"LJIRAPINTA","ntg_region":"CENTRAL AUSTRALIA","community_id":83,"main_language":"Not recorded","community_aliases":"ELLERY CREEK","population_count":4,"community_type":"Family Outstation","electorate":"GWOJA","population_source":"Homelands Service Provider Report 2023","objectid":377,"longitude":132.88974}},{"geometry":{"type":"Point","coordinates":[133.57451000000003,-23.76971999999995],"crs":null},"id":378,"type":"Feature","properties":{"bushtel_url":"https://bushtel.nt.gov.au/profile/925","community_name":"KWALE KWALE","land_council":"CENTRAL LAND COUNCIL","latitude":-23.76972,"local_govt_council":"MACDONNELL","ward":"RODINGA","ntg_region":"CENTRAL AUSTRALIA","community_id":925,"main_language":"Not recorded","community_aliases":"PAYEPERRENTYE (A)","population_count":21,"community_type":"Family Outstation","electorate":"NAMATJIRA","population_source":"Homelands Service Provider Report 2023","objectid":378,"longitude":133.57451}},{"geometry":{"type":"Point","coordinates":[130.29075000000012,-13.955229999999972],"crs":null},"id":379,"type":"Feature","properties":{"bushtel_url":"https://bushtel.nt.gov.au/profile/777","community_name":"KWOMBOM","land_council":"NORTHERN LAND COUNCIL","latitude":-13.95523,"local_govt_council":"WEST DALY","ward":"THAMARRURR/PINDI PINDI","ntg_region":"TOP END","community_id":777,"main_language":"Not recorded","community_aliases":"KWOMBON","population_count":null,"community_type":"Family Outstation","electorate":"DALY","population_source":"Not recorded","objectid":379,"longitude":130.29075}},{"geometry":{"type":"Point","coordinates":[131.8219600000001,-13.863159999999937],"crs":null},"id":380,"type":"Feature","properties":{"bushtel_url":"https://bushtel.nt.gov.au/profile/608","community_name":"KYBROOK FARM","land_council":"NORTHERN LAND COUNCIL","latitude":-13.86316,"local_govt_council":"VICTORIA DALY","ward":"PINE CREEK","ntg_region":"BIG RIVERS","community_id":608,"main_language":"Kriol","community_aliases":"COPPERFIELD CREEK","population_count":null,"community_type":"Minor","electorate":"DALY","population_source":"Not recorded","objectid":380,"longitude":131.82196}},{"geometry":{"type":"Point","coordinates":[132.9392600000001,-23.911839999999927],"crs":null},"id":381,"type":"Feature","properties":{"bushtel_url":"https://bushtel.nt.gov.au/profile/85","community_name":"LABRAPUNTJA","land_council":"CENTRAL LAND COUNCIL","latitude":-23.91184,"local_govt_council":"MACDONNELL","ward":"LJIRAPINTA","ntg_region":"CENTRAL AUSTRALIA","community_id":85,"main_language":"Not recorded","community_aliases":"No aliases recorded with NTG DIPL","population_count":9,"community_type":"Family Outstation","electorate":"GWOJA","population_source":"Homelands Service Provider Report 2023","objectid":381,"longitude":132.93926}},{"geometry":{"type":"Point","coordinates":[130.63834000000008,-18.335839999999962],"crs":null},"id":382,"type":"Feature","properties":{"bushtel_url":"https://bushtel.nt.gov.au/profile/609","community_name":"LAJAMANU","land_council":"CENTRAL LAND COUNCIL","latitude":-18.33584,"local_govt_council":"CENTRAL DESERT","ward":"NORTHERN TANAMI","ntg_region":"BIG RIVERS","community_id":609,"main_language":"Warlpiri","community_aliases":"HOOKER CREEK","population_count":767,"community_type":"Major","electorate":"GWOJA","population_source":"Based on ABS 2021 Census SA1","objectid":382,"longitude":130.63834}},{"geometry":{"type":"Point","coordinates":[135.06805000000008,-14.273739999999975],"crs":null},"id":383,"type":"Feature","properties":{"bushtel_url":"https://bushtel.nt.gov.au/profile/833","community_name":"LAKE KATHERINE","land_council":"NORTHERN LAND COUNCIL","latitude":-14.27374,"local_govt_council":"ROPER GULF","ward":"YUGUL MANGI","ntg_region":"BIG RIVERS","community_id":833,"main_language":"Not recorded","community_aliases":"No aliases recorded with NTG DIPL","population_count":null,"community_type":"Family Outstation","electorate":"ARNHEM","population_source":"Not recorded","objectid":383,"longitude":135.06805}},{"geometry":{"type":"Point","coordinates":[135.3616800000001,-12.099179999999933],"crs":null},"id":384,"type":"Feature","properties":{"bushtel_url":"https://bushtel.nt.gov.au/profile/519","community_name":"LANGARRA","land_council":"NORTHERN LAND COUNCIL","latitude":-12.09918,"local_govt_council":"EAST ARNHEM","ward":"GUMURR GATTJIRRK","ntg_region":"EAST ARNHEM","community_id":519,"main_language":"Not recorded","community_aliases":"HOWARD ISLAND","population_count":23,"community_type":"Family Outstation","electorate":"MULKA","population_source":"Homelands Service Provider Report 2023","objectid":384,"longitude":135.36168}},{"geometry":{"type":"Point","coordinates":[132.75603,-22.532969999999978],"crs":null},"id":385,"type":"Feature","properties":{"bushtel_url":"https://bushtel.nt.gov.au/profile/86","community_name":"LARAMBA","land_council":"CENTRAL LAND COUNCIL","latitude":-22.53297,"local_govt_council":"CENTRAL DESERT","ward":"ANMATJERE","ntg_region":"CENTRAL AUSTRALIA","community_id":86,"main_language":"Anmatyerr","community_aliases":"NAPPERBY","population_count":222,"community_type":"Major","electorate":"GWOJA","population_source":"Based on ABS 2021 Census SA1","objectid":385,"longitude":132.75603}},{"geometry":{"type":"Point","coordinates":[133.8514,-23.71103999999997],"crs":null},"id":386,"type":"Feature","properties":{"bushtel_url":"https://bushtel.nt.gov.au/profile/87","community_name":"LARAPINTA VALLEY","land_council":"CENTRAL LAND COUNCIL","latitude":-23.71104,"local_govt_council":"ALICE SPRINGS","ward":"Not recorded","ntg_region":"CENTRAL AUSTRALIA","community_id":87,"main_language":"Not recorded","community_aliases":"ALICE SPRINGS TOWN CAMP,YARINTJA ASSOC,YARRENTY ALTERE,YARRENYTY-ARLTERE","population_count":null,"community_type":"Town Camp","electorate":"NAMATJIRA","population_source":"Not recorded","objectid":386,"longitude":133.8514}},{"geometry":{"type":"Point","coordinates":[133.21630000000005,-15.575699999999927],"crs":null},"id":387,"type":"Feature","properties":{"bushtel_url":"https://bushtel.nt.gov.au/profile/14359","community_name":"LARRIMAH","land_council":"NORTHERN LAND COUNCIL","latitude":-15.5757,"local_govt_council":"ROPER GULF","ward":"NEVER NEVER","ntg_region":"BIG RIVERS","community_id":14359,"main_language":"Not recorded","community_aliases":"No aliases recorded with NTG DIPL","population_count":null,"community_type":"Village","electorate":"BARKLY","population_source":"Not recorded","objectid":387,"longitude":133.2163}},{"geometry":{"type":"Point","coordinates":[134.6801700000001,-14.783339999999953],"crs":null},"id":388,"type":"Feature","properties":{"bushtel_url":"https://bushtel.nt.gov.au/profile/696","community_name":"LARRPAYANJI","land_council":"NORTHERN LAND COUNCIL","latitude":-14.78334,"local_govt_council":"ROPER GULF","ward":"YUGUL MANGI","ntg_region":"BIG RIVERS","community_id":696,"main_language":"Not recorded","community_aliases":"MT BIRCH","population_count":null,"community_type":"Family Outstation","electorate":"ARNHEM","population_source":"Not recorded","objectid":388,"longitude":134.68017}},{"geometry":{"type":"Point","coordinates":[130.27907000000005,-13.848059999999975],"crs":null},"id":389,"type":"Feature","properties":{"bushtel_url":"https://bushtel.nt.gov.au/profile/1008","community_name":"LEICHARDT","land_council":"NORTHERN LAND COUNCIL","latitude":-13.84806,"local_govt_council":"WEST DALY","ward":"THAMARRURR/PINDI PINDI","ntg_region":"TOP END","community_id":1008,"main_language":"Not recorded","community_aliases":"No aliases recorded with NTG DIPL","population_count":null,"community_type":"Family Outstation","electorate":"DALY","population_source":"Not recorded","objectid":389,"longitude":130.27907}},{"geometry":{"type":"Point","coordinates":[135.0807400000001,-17.332079999999962],"crs":null},"id":390,"type":"Feature","properties":{"bushtel_url":"https://bushtel.nt.gov.au/profile/820","community_name":"LIJA MUKUMPARLA","land_council":"NORTHERN LAND COUNCIL","latitude":-17.33208,"local_govt_council":"BARKLY","ward":"KUWARRANGU","ntg_region":"BARKLY","community_id":820,"main_language":"Not recorded","community_aliases":"LEIGHJA,LIJA,MUKUMPARLA,MUKUNPARLA,WOMBAYA","population_count":null,"community_type":"Family Outstation","electorate":"BARKLY","population_source":"Not recorded","objectid":390,"longitude":135.08074}},{"geometry":{"type":"Point","coordinates":[134.53799000000004,-19.34335999999996],"crs":null},"id":391,"type":"Feature","properties":{"bushtel_url":"https://bushtel.nt.gov.au/profile/721","community_name":"LIKKAPARTA","land_council":"CENTRAL LAND COUNCIL","latitude":-19.34336,"local_govt_council":"BARKLY","ward":"PATTA","ntg_region":"BARKLY","community_id":721,"main_language":"Not recorded","community_aliases":"LIKAPARRTA,LIKIPARTA,MARAPURN","population_count":1,"community_type":"Minor","electorate":"BARKLY","population_source":"Homelands Service Provider Report 2023","objectid":391,"longitude":134.53799}},{"geometry":{"type":"Point","coordinates":[130.50429000000008,-17.911409999999933],"crs":null},"id":392,"type":"Feature","properties":{"bushtel_url":"https://bushtel.nt.gov.au/profile/610","community_name":"LIKU","land_council":"CENTRAL LAND COUNCIL","latitude":-17.91141,"local_govt_council":"VICTORIA DALY","ward":"DAGURAGU","ntg_region":"BIG RIVERS","community_id":610,"main_language":"Not recorded","community_aliases":"BOONEROO,BOONEROO WAVE HILL","population_count":null,"community_type":"Family Outstation","electorate":"GWOJA","population_source":"Not recorded","objectid":392,"longitude":130.50429}},{"geometry":{"type":"Point","coordinates":[131.60260000000005,-24.300499999999943],"crs":null},"id":393,"type":"Feature","properties":{"bushtel_url":"https://bushtel.nt.gov.au/profile/88","community_name":"LILLA","land_council":"CENTRAL LAND COUNCIL","latitude":-24.3005,"local_govt_council":"MACDONNELL","ward":"LJIRAPINTA","ntg_region":"CENTRAL AUSTRALIA","community_id":88,"main_language":"Not recorded","community_aliases":"LILA,REEDY ROCKHOLE","population_count":9,"community_type":"Family Outstation","electorate":"GWOJA","population_source":"Homelands Service Provider Report 2023","objectid":393,"longitude":131.6026}},{"geometry":{"type":"Point","coordinates":[132.6377900000001,-23.936399999999935],"crs":null},"id":394,"type":"Feature","properties":{"bushtel_url":"https://bushtel.nt.gov.au/profile/93","community_name":"LILTJERA","land_council":"CENTRAL LAND COUNCIL","latitude":-23.9364,"local_govt_council":"MACDONNELL","ward":"LJIRAPINTA","ntg_region":"CENTRAL AUSTRALIA","community_id":93,"main_language":"Not recorded","community_aliases":"LILTJIRA,LILTSERE,LJILJERA,LYILTJARA,LYILTJERA","population_count":6,"community_type":"Family Outstation","electorate":"GWOJA","population_source":"Homelands Service Provider Report 2023","objectid":394,"longitude":132.63779}},{"geometry":{"type":"Point","coordinates":[133.74957000000006,-17.247369999999933],"crs":null},"id":395,"type":"Feature","properties":{"bushtel_url":"https://bushtel.nt.gov.au/profile/24996","community_name":"LILY HOLE","land_council":"NORTHERN LAND COUNCIL","latitude":-17.24737,"local_govt_council":"BARKLY","ward":"KUWARRANGU","ntg_region":"BARKLY","community_id":24996,"main_language":"Not recorded","community_aliases":"LILY HOLE BORE,LILY ROCK HOLE","population_count":6,"community_type":"Family Outstation","electorate":"BARKLY","population_source":"Homelands Service Provider Report 2023","objectid":395,"longitude":133.74957}},{"geometry":{"type":"Point","coordinates":[130.6433300000001,-16.486939999999947],"crs":null},"id":396,"type":"Feature","properties":{"bushtel_url":"https://bushtel.nt.gov.au/profile/613","community_name":"LINGARA","land_council":"NORTHERN LAND COUNCIL","latitude":-16.48694,"local_govt_council":"VICTORIA DALY","ward":"WALANGERI","ntg_region":"BIG RIVERS","community_id":613,"main_language":"Not recorded","community_aliases":"LINGARRA,OLD HUMBERT RIVER,WALANGERI","population_count":46,"community_type":"Family Outstation","electorate":"GWOJA","population_source":"Homelands Service Provider Report 2023","objectid":396,"longitude":130.64333}},{"geometry":{"type":"Point","coordinates":[135.33314000000007,-24.13546999999994],"crs":null},"id":397,"type":"Feature","properties":{"bushtel_url":"https://bushtel.nt.gov.au/profile/91","community_name":"LITTLE WELL","land_council":"CENTRAL LAND COUNCIL","latitude":-24.13547,"local_govt_council":"MACDONNELL","ward":"RODINGA","ntg_region":"CENTRAL AUSTRALIA","community_id":91,"main_language":"Not recorded","community_aliases":"ALURALKWA ASSOC,ALURALKWE","population_count":6,"community_type":"Family Outstation","electorate":"NAMATJIRA","population_source":"Homelands Service Provider Report 2023","objectid":397,"longitude":135.33314}},{"geometry":{"type":"Point","coordinates":[131.13465000000008,-23.30033999999995],"crs":null},"id":398,"type":"Feature","properties":{"bushtel_url":"https://bushtel.nt.gov.au/profile/856","community_name":"LIZARD BORE","land_council":"CENTRAL LAND COUNCIL","latitude":-23.30034,"local_govt_council":"MACDONNELL","ward":"LURITJA PINTUBI","ntg_region":"CENTRAL AUSTRALIA","community_id":856,"main_language":"Not recorded","community_aliases":"No aliases recorded with NTG DIPL","population_count":null,"community_type":"Family Outstation","electorate":"GWOJA","population_source":"Not recorded","objectid":398,"longitude":131.13465}},{"geometry":{"type":"Point","coordinates":[132.90182000000004,-24.05708999999996],"crs":null},"id":399,"type":"Feature","properties":{"bushtel_url":"https://bushtel.nt.gov.au/profile/92","community_name":"LTIRA","land_council":"CENTRAL LAND COUNCIL","latitude":-24.05709,"local_govt_council":"MACDONNELL","ward":"LJIRAPINTA","ntg_region":"CENTRAL AUSTRALIA","community_id":92,"main_language":"Not recorded","community_aliases":"No aliases recorded with NTG DIPL","population_count":16,"community_type":"Family Outstation","electorate":"GWOJA","population_source":"Homelands Service Provider Report 2023","objectid":399,"longitude":132.90182}},{"geometry":{"type":"Point","coordinates":[130.5931300000001,-18.376709999999946],"crs":null},"id":400,"type":"Feature","properties":{"bushtel_url":"https://bushtel.nt.gov.au/profile/614","community_name":"LUL-TJU","land_council":"CENTRAL LAND COUNCIL","latitude":-18.37671,"local_govt_council":"CENTRAL DESERT","ward":"NORTHERN TANAMI","ntg_region":"BIG RIVERS","community_id":614,"main_language":"Not recorded","community_aliases":"LUL'TJU,LUTTJU","population_count":null,"community_type":"Family Outstation","electorate":"GWOJA","population_source":"Not recorded","objectid":400,"longitude":130.59313}},{"geometry":{"type":"Point","coordinates":[132.04497000000003,-23.73542999999995],"crs":null},"id":401,"type":"Feature","properties":{"bushtel_url":"https://bushtel.nt.gov.au/profile/871","community_name":"LUNTHARRA","land_council":"CENTRAL LAND COUNCIL","latitude":-23.73543,"local_govt_council":"MACDONNELL","ward":"LJIRAPINTA","ntg_region":"CENTRAL AUSTRALIA","community_id":871,"main_language":"Not recorded","community_aliases":"LUNTALRA","population_count":1,"community_type":"Family Outstation","electorate":"GWOJA","population_source":"Homelands Service Provider Report 2023","objectid":401,"longitude":132.04497}},{"geometry":{"type":"Point","coordinates":[132.7447400000001,-23.947239999999965],"crs":null},"id":402,"type":"Feature","properties":{"bushtel_url":"https://bushtel.nt.gov.au/profile/94","community_name":"LYILYALANAMA","land_council":"CENTRAL LAND COUNCIL","latitude":-23.94724,"local_govt_council":"MACDONNELL","ward":"LJIRAPINTA","ntg_region":"CENTRAL AUSTRALIA","community_id":94,"main_language":"Not recorded","community_aliases":"IYNGIYNYALA","population_count":3,"community_type":"Family Outstation","electorate":"GWOJA","population_source":"Homelands Service Provider Report 2023","objectid":402,"longitude":132.74474}},{"geometry":{"type":"Point","coordinates":[130.85331000000008,-21.694939999999974],"crs":null},"id":403,"type":"Feature","properties":{"bushtel_url":"https://bushtel.nt.gov.au/profile/28","community_name":"MALA","land_council":"CENTRAL LAND COUNCIL","latitude":-21.69494,"local_govt_council":"CENTRAL DESERT","ward":"SOUTHERN TANAMI","ntg_region":"CENTRAL AUSTRALIA","community_id":28,"main_language":"Not recorded","community_aliases":"No aliases recorded with NTG DIPL","population_count":null,"community_type":"Family Outstation","electorate":"GWOJA","population_source":"Not recorded","objectid":403,"longitude":130.85331}},{"geometry":{"type":"Point","coordinates":[133.91826000000003,-12.838869999999929],"crs":null},"id":404,"type":"Feature","properties":{"bushtel_url":"https://bushtel.nt.gov.au/profile/376","community_name":"MALGAWA","land_council":"NORTHERN LAND COUNCIL","latitude":-12.83887,"local_govt_council":"WEST ARNHEM","ward":"GUNBALANYA","ntg_region":"TOP END","community_id":376,"main_language":"Not recorded","community_aliases":"MARLGAWO,MOLGAWO,MORLGAWO","population_count":12,"community_type":"Family Outstation","electorate":"ARAFURA","population_source":"Homelands Service Provider Report 2023","objectid":404,"longitude":133.91826}},{"geometry":{"type":"Point","coordinates":[136.44224000000008,-13.891399999999976],"crs":null},"id":405,"type":"Feature","properties":{"bushtel_url":"https://bushtel.nt.gov.au/profile/522","community_name":"MALKALA","land_council":"ANINDILYAKWA LAND COUNCIL","latitude":-13.8914,"local_govt_council":"EAST ARNHEM","ward":"ANINDILYAKWA","ntg_region":"EAST ARNHEM","community_id":522,"main_language":"Not recorded","community_aliases":"MALKULA CREEK","population_count":97,"community_type":"Family Outstation","electorate":"ARNHEM","population_source":"Homelands Service Provider Report 2023","objectid":405,"longitude":136.44224}},{"geometry":{"type":"Point","coordinates":[136.53563000000008,-11.775409999999965],"crs":null},"id":406,"type":"Feature","properties":{"bushtel_url":"https://bushtel.nt.gov.au/profile/851","community_name":"MALLARRAMI","land_council":"NORTHERN LAND COUNCIL","latitude":-11.77541,"local_govt_council":"EAST ARNHEM","ward":"GUMURR MARTHAKAL","ntg_region":"EAST ARNHEM","community_id":851,"main_language":"Not recorded","community_aliases":"No aliases recorded with NTG DIPL","population_count":9,"community_type":"Family Outstation","electorate":"MULKA","population_source":"Homelands Service Provider Report 2023","objectid":406,"longitude":136.53563}},{"geometry":{"type":"Point","coordinates":[134.77335000000005,-12.66056999999995],"crs":null},"id":407,"type":"Feature","properties":{"bushtel_url":"https://bushtel.nt.gov.au/profile/523","community_name":"MALNJANGARNAK","land_council":"NORTHERN LAND COUNCIL","latitude":-12.66057,"local_govt_council":"WEST ARNHEM","ward":"MANINGRIDA","ntg_region":"TOP END","community_id":523,"main_language":"Not recorded","community_aliases":"MALANGANAK,MALNYANGANAK","population_count":9,"community_type":"Family Outstation","electorate":"ARAFURA","population_source":"Homelands Service Provider Report 2023","objectid":407,"longitude":134.77335}},{"geometry":{"type":"Point","coordinates":[133.65782000000002,-12.256289999999979],"crs":null},"id":408,"type":"Feature","properties":{"bushtel_url":"https://bushtel.nt.gov.au/profile/355","community_name":"MAMADAWERRE","land_council":"NORTHERN LAND COUNCIL","latitude":-12.25629,"local_govt_council":"WEST ARNHEM","ward":"GUNBALANYA","ntg_region":"TOP END","community_id":355,"main_language":"Not recorded","community_aliases":"MAMADAWERRI,SOUTH GUMADEER","population_count":75,"community_type":"Family Outstation","electorate":"ARAFURA","population_source":"Homelands Service Provider Report 2023","objectid":408,"longitude":133.65782}},{"geometry":{"type":"Point","coordinates":[129.63515000000007,-17.849509999999952],"crs":null},"id":409,"type":"Feature","properties":{"bushtel_url":"https://bushtel.nt.gov.au/profile/694","community_name":"MAMADI","land_council":"CENTRAL LAND COUNCIL","latitude":-17.84951,"local_govt_council":"VICTORIA DALY","ward":"DAGURAGU","ntg_region":"BIG RIVERS","community_id":694,"main_language":"Not recorded","community_aliases":"INVERWAY","population_count":null,"community_type":"Family Outstation","electorate":"GWOJA","population_source":"Not recorded","objectid":409,"longitude":129.63515}},{"geometry":{"type":"Point","coordinates":[132.84319000000005,-12.666379999999947],"crs":null},"id":410,"type":"Feature","properties":{"bushtel_url":"https://bushtel.nt.gov.au/profile/687","community_name":"MANABURDURMA","land_council":"NORTHERN LAND COUNCIL","latitude":-12.66638,"local_govt_council":"WEST ARNHEM","ward":"KAKADU","ntg_region":"TOP END","community_id":687,"main_language":"Not recorded","community_aliases":"JABIRU TOWN CAMP,MANABADURMA,MANABURDUMA","population_count":null,"community_type":"Town Camp","electorate":"ARAFURA","population_source":"Not recorded","objectid":410,"longitude":132.84319}},{"geometry":{"type":"Point","coordinates":[136.86085000000003,-16.051499999999976],"crs":null},"id":411,"type":"Feature","properties":{"bushtel_url":"https://bushtel.nt.gov.au/profile/816","community_name":"MANANGOORA","land_council":"NORTHERN LAND COUNCIL","latitude":-16.0515,"local_govt_council":"ROPER GULF","ward":"SOUTH WEST GULF","ntg_region":"BIG RIVERS","community_id":816,"main_language":"Not recorded","community_aliases":"WONMURRI,WONMURRIE","population_count":2,"community_type":"Family Outstation","electorate":"BARKLY","population_source":"Homelands Service Provider Report 2023","objectid":411,"longitude":136.86085}},{"geometry":{"type":"Point","coordinates":[134.03056000000004,-12.264539999999954],"crs":null},"id":412,"type":"Feature","properties":{"bushtel_url":"https://bushtel.nt.gov.au/profile/897","community_name":"MANDEDJKADJANG","land_council":"NORTHERN LAND COUNCIL","latitude":-12.26454,"local_govt_council":"WEST ARNHEM","ward":"GUNBALANYA","ntg_region":"TOP END","community_id":897,"main_language":"Not recorded","community_aliases":"MANDAJGARDAJANG","population_count":9,"community_type":"Family Outstation","electorate":"ARAFURA","population_source":"Homelands Service Provider Report 2023","objectid":412,"longitude":134.03056}},{"geometry":{"type":"Point","coordinates":[133.58456,-12.27401999999995],"crs":null},"id":413,"type":"Feature","properties":{"bushtel_url":"https://bushtel.nt.gov.au/profile/359","community_name":"MANDILBARRENG","land_council":"NORTHERN LAND COUNCIL","latitude":-12.27402,"local_govt_council":"WEST ARNHEM","ward":"GUNBALANYA","ntg_region":"TOP END","community_id":359,"main_language":"Not recorded","community_aliases":"MANDALBARENG,MANDILBARENG","population_count":8,"community_type":"Family Outstation","electorate":"ARAFURA","population_source":"Homelands Service Provider Report 2023","objectid":413,"longitude":133.58456}},{"geometry":{"type":"Point","coordinates":[133.18640000000005,-12.093699999999956],"crs":null},"id":414,"type":"Feature","properties":{"bushtel_url":"https://bushtel.nt.gov.au/profile/361","community_name":"MANGARDUBU","land_council":"NORTHERN LAND COUNCIL","latitude":-12.0937,"local_govt_council":"WEST ARNHEM","ward":"GUNBALANYA","ntg_region":"TOP END","community_id":361,"main_language":"Not recorded","community_aliases":"COOPERS CREEK,MANGADUBU,MANGARDABU","population_count":null,"community_type":"Family Outstation","electorate":"ARAFURA","population_source":"Not recorded","objectid":414,"longitude":133.1864}},{"geometry":{"type":"Point","coordinates":[134.22363000000007,-12.050849999999969],"crs":null},"id":415,"type":"Feature","properties":{"bushtel_url":"https://bushtel.nt.gov.au/profile/362","community_name":"MANINGRIDA","land_council":"NORTHERN LAND COUNCIL","latitude":-12.05085,"local_govt_council":"WEST ARNHEM","ward":"MANINGRIDA","ntg_region":"TOP END","community_id":362,"main_language":"Ndjebbena","community_aliases":"No aliases recorded with NTG DIPL","population_count":2956,"community_type":"Major","electorate":"ARAFURA","population_source":"Based on ABS 2021 Census SA1","objectid":415,"longitude":134.22363}},{"geometry":{"type":"Point","coordinates":[134.2706700000001,-12.565009999999972],"crs":null},"id":416,"type":"Feature","properties":{"bushtel_url":"https://bushtel.nt.gov.au/profile/360","community_name":"MANKORLOD","land_council":"NORTHERN LAND COUNCIL","latitude":-12.56501,"local_govt_council":"WEST ARNHEM","ward":"MANINGRIDA","ntg_region":"TOP END","community_id":360,"main_language":"Not recorded","community_aliases":"MANGALOD,NGANKDRLORD,NGANKORLOUD","population_count":26,"community_type":"Family Outstation","electorate":"ARAFURA","population_source":"Homelands Service Provider Report 2023","objectid":416,"longitude":134.27067}},{"geometry":{"type":"Point","coordinates":[134.1100100000001,-12.54063999999994],"crs":null},"id":417,"type":"Feature","properties":{"bushtel_url":"https://bushtel.nt.gov.au/profile/363","community_name":"MANMOYI","land_council":"NORTHERN LAND COUNCIL","latitude":-12.54064,"local_govt_council":"WEST ARNHEM","ward":"GUNBALANYA","ntg_region":"TOP END","community_id":363,"main_language":"Not recorded","community_aliases":"MANMOI","population_count":81,"community_type":"Minor","electorate":"ARAFURA","population_source":"Homelands Service Provider Report 2023","objectid":417,"longitude":134.11001}},{"geometry":{"type":"Point","coordinates":[130.22561000000007,-25.474579999999946],"crs":null},"id":418,"type":"Feature","properties":{"bushtel_url":"https://bushtel.nt.gov.au/profile/97","community_name":"MANTAPAYIKA","land_council":"CENTRAL LAND COUNCIL","latitude":-25.47458,"local_govt_council":"MACDONNELL","ward":"IYARRKA","ntg_region":"CENTRAL AUSTRALIA","community_id":97,"main_language":"Not recorded","community_aliases":"No aliases recorded with NTG DIPL","population_count":null,"community_type":"Family Outstation","electorate":"GWOJA","population_source":"Not recorded","objectid":418,"longitude":130.22561}},{"geometry":{"type":"Point","coordinates":[132.82797000000005,-14.266489999999976],"crs":null},"id":419,"type":"Feature","properties":{"bushtel_url":"https://bushtel.nt.gov.au/profile/595","community_name":"MANYALLALUK","land_council":"NORTHERN LAND COUNCIL","latitude":-14.26649,"local_govt_council":"ROPER GULF","ward":"NYIRRANGGULUNG","ntg_region":"BIG RIVERS","community_id":595,"main_language":"Eastside Kriol","community_aliases":"EVA VALLEY","population_count":121,"community_type":"Minor","electorate":"ARNHEM","population_source":"Based on ABS 2021 Census SA1","objectid":419,"longitude":132.82797}},{"geometry":{"type":"Point","coordinates":[136.38103,-22.54158999999993],"crs":null},"id":420,"type":"Feature","properties":{"bushtel_url":"https://bushtel.nt.gov.au/profile/902","community_name":"MAPERTE","land_council":"CENTRAL LAND COUNCIL","latitude":-22.54159,"local_govt_council":"CENTRAL DESERT","ward":"AKITYARRE","ntg_region":"CENTRAL AUSTRALIA","community_id":902,"main_language":"Not recorded","community_aliases":"JERVOIS,LUCY CREEK,MAPERTA","population_count":null,"community_type":"Family Outstation","electorate":"NAMATJIRA","population_source":"Not recorded","objectid":420,"longitude":136.38103}},{"geometry":{"type":"Point","coordinates":[135.43779000000006,-12.25317999999993],"crs":null},"id":421,"type":"Feature","properties":{"bushtel_url":"https://bushtel.nt.gov.au/profile/524","community_name":"MAPURU","land_council":"NORTHERN LAND COUNCIL","latitude":-12.25318,"local_govt_council":"EAST ARNHEM","ward":"GUMURR MARTHAKAL","ntg_region":"EAST ARNHEM","community_id":524,"main_language":"Not recorded","community_aliases":"MAPARU,MAPURA,MARPARU","population_count":81,"community_type":"Minor","electorate":"MULKA","population_source":"Homelands Service Provider Report 2023","objectid":421,"longitude":135.43779}},{"geometry":{"type":"Point","coordinates":[136.30474000000004,-16.05084999999997],"crs":null},"id":422,"type":"Feature","properties":{"bushtel_url":"https://bushtel.nt.gov.au/profile/222","community_name":"MARA","land_council":"NORTHERN LAND COUNCIL","latitude":-16.05085,"local_govt_council":"ROPER GULF","ward":"SOUTH WEST GULF","ntg_region":"BIG RIVERS","community_id":222,"main_language":"Not recorded","community_aliases":"BORROLOOLA TOWN CAMP,DULU,MALA CAMP","population_count":null,"community_type":"Town Camp","electorate":"BARKLY","population_source":"Not recorded","objectid":422,"longitude":136.30474}},{"geometry":{"type":"Point","coordinates":[135.44463000000007,-15.299889999999948],"crs":null},"id":423,"type":"Feature","properties":{"bushtel_url":"https://bushtel.nt.gov.au/profile/618","community_name":"MARIA LAGOON","land_council":"NORTHERN LAND COUNCIL","latitude":-15.29989,"local_govt_council":"ROPER GULF","ward":"YUGUL MANGI","ntg_region":"BIG RIVERS","community_id":618,"main_language":"Not recorded","community_aliases":"NUMULTJA,ST VIDGEONS' STATION","population_count":null,"community_type":"Family Outstation","electorate":"ARNHEM","population_source":"Not recorded","objectid":423,"longitude":135.44463}},{"geometry":{"type":"Point","coordinates":[132.38022,-11.229679999999973],"crs":null},"id":424,"type":"Feature","properties":{"bushtel_url":"https://bushtel.nt.gov.au/profile/828","community_name":"MARIAH","land_council":"NORTHERN LAND COUNCIL","latitude":-11.22968,"local_govt_council":"WEST ARNHEM","ward":"BARRAH","ntg_region":"TOP END","community_id":828,"main_language":"Not recorded","community_aliases":"RAFFLES BAY","population_count":null,"community_type":"Family Outstation","electorate":"ARAFURA","population_source":"Not recorded","objectid":424,"longitude":132.38022}},{"geometry":{"type":"Point","coordinates":[136.90140000000008,-16.670009999999934],"crs":null},"id":425,"type":"Feature","properties":{"bushtel_url":"https://bushtel.nt.gov.au/profile/994","community_name":"MARINIRI","land_council":"NORTHERN LAND COUNCIL","latitude":-16.67001,"local_govt_council":"ROPER GULF","ward":"SOUTH WEST GULF","ntg_region":"BIG RIVERS","community_id":994,"main_language":"Not recorded","community_aliases":"MARINRI","population_count":null,"community_type":"Family Outstation","electorate":"BARKLY","population_source":"Not recorded","objectid":425,"longitude":136.9014}},{"geometry":{"type":"Point","coordinates":[134.1790000000001,-19.654999999999973],"crs":null},"id":426,"type":"Feature","properties":{"bushtel_url":"https://bushtel.nt.gov.au/profile/223","community_name":"MARLA MARLA","land_council":"CENTRAL LAND COUNCIL","latitude":-19.655,"local_govt_council":"BARKLY","ward":"PATTA","ntg_region":"BARKLY","community_id":223,"main_language":"Not recorded","community_aliases":"DUMP CAMP,KAITEJ,LUMIN CHRISTIE,LUMIN CHRISTIE VILLAGE","population_count":null,"community_type":"Town Camp","electorate":"BARKLY","population_source":"Not recorded","objectid":426,"longitude":134.179}},{"geometry":{"type":"Point","coordinates":[133.40305,-17.37110999999993],"crs":null},"id":427,"type":"Feature","properties":{"bushtel_url":"https://bushtel.nt.gov.au/profile/252","community_name":"MARLINJA","land_council":"NORTHERN LAND COUNCIL","latitude":-17.37111,"local_govt_council":"BARKLY","ward":"KUWARRANGU","ntg_region":"BARKLY","community_id":252,"main_language":"Not recorded","community_aliases":"NEWCASTLE WATERS","population_count":68,"community_type":"Minor","electorate":"BARKLY","population_source":"Homelands Service Provider Report 2023","objectid":427,"longitude":133.40305}},{"geometry":{"type":"Point","coordinates":[133.8630700000001,-12.134529999999927],"crs":null},"id":428,"type":"Feature","properties":{"bushtel_url":"https://bushtel.nt.gov.au/profile/325","community_name":"MARLWON","land_council":"NORTHERN LAND COUNCIL","latitude":-12.13453,"local_govt_council":"WEST ARNHEM","ward":"GUNBALANYA","ntg_region":"TOP END","community_id":325,"main_language":"Not recorded","community_aliases":"KIKIKYOWH,LADY DREAMING,MALWORN","population_count":null,"community_type":"Family Outstation","electorate":"ARAFURA","population_source":"Not recorded","objectid":428,"longitude":133.86307}},{"geometry":{"type":"Point","coordinates":[129.25026000000003,-15.391089999999963],"crs":null},"id":429,"type":"Feature","properties":{"bushtel_url":"https://bushtel.nt.gov.au/profile/619","community_name":"MARRALUM","land_council":"NORTHERN LAND COUNCIL","latitude":-15.39109,"local_govt_council":"VICTORIA DALY","ward":"TIMBER CREEK","ntg_region":"BIG RIVERS","community_id":619,"main_language":"Not recorded","community_aliases":"LEGUNE STATION,MARRALAM","population_count":18,"community_type":"Family Outstation","electorate":"GWOJA","population_source":"Homelands Service Provider Report 2023","objectid":429,"longitude":129.25026}},{"geometry":{"type":"Point","coordinates":[132.5534100000001,-11.302609999999959],"crs":null},"id":430,"type":"Feature","properties":{"bushtel_url":"https://bushtel.nt.gov.au/profile/894","community_name":"MARRAMARRANI","land_council":"NORTHERN LAND COUNCIL","latitude":-11.30261,"local_govt_council":"WEST ARNHEM","ward":"BARRAH","ntg_region":"TOP END","community_id":894,"main_language":"Not recorded","community_aliases":"No aliases recorded with NTG DIPL","population_count":null,"community_type":"Family Outstation","electorate":"ARAFURA","population_source":"Not recorded","objectid":430,"longitude":132.55341}},{"geometry":{"type":"Point","coordinates":[135.80099000000007,-13.83938999999998],"crs":null},"id":431,"type":"Feature","properties":{"bushtel_url":"https://bushtel.nt.gov.au/profile/527","community_name":"MARRAYA","land_council":"NORTHERN LAND COUNCIL","latitude":-13.83939,"local_govt_council":"ROPER GULF","ward":"NUMBULWAR NUMBURINDI","ntg_region":"BIG RIVERS","community_id":527,"main_language":"Not recorded","community_aliases":"MARRAIYA","population_count":null,"community_type":"Family Outstation","electorate":"ARNHEM","population_source":"Not recorded","objectid":431,"longitude":135.80099}},{"geometry":{"type":"Point","coordinates":[135.71310000000005,-13.574229999999943],"crs":null},"id":432,"type":"Feature","properties":{"bushtel_url":"https://bushtel.nt.gov.au/profile/899","community_name":"MARRKALAWA","land_council":"NORTHERN LAND COUNCIL","latitude":-13.57423,"local_govt_council":"ROPER GULF","ward":"NUMBULWAR NUMBURINDI","ntg_region":"BIG RIVERS","community_id":899,"main_language":"Not recorded","community_aliases":"No aliases recorded with NTG DIPL","population_count":10,"community_type":"Family Outstation","electorate":"ARNHEM","population_source":"Homelands Service Provider Report 2023","objectid":432,"longitude":135.7131}},{"geometry":{"type":"Point","coordinates":[134.06446000000005,-12.23750999999993],"crs":null},"id":433,"type":"Feature","properties":{"bushtel_url":"https://bushtel.nt.gov.au/profile/368","community_name":"MARRKOLIDJBAN","land_council":"NORTHERN LAND COUNCIL","latitude":-12.23751,"local_govt_council":"WEST ARNHEM","ward":"MANINGRIDA","ntg_region":"TOP END","community_id":368,"main_language":"Not recorded","community_aliases":"MARRGOLIDJBAN,MARRKILIDBAN,MARRKOLIDBAN","population_count":21,"community_type":"Family Outstation","electorate":"ARAFURA","population_source":"Homelands Service Provider Report 2023","objectid":433,"longitude":134.06446}},{"geometry":{"type":"Point","coordinates":[136.70702000000006,-11.170059999999978],"crs":null},"id":434,"type":"Feature","properties":{"bushtel_url":"https://bushtel.nt.gov.au/profile/528","community_name":"MARTJANBA","land_council":"NORTHERN LAND COUNCIL","latitude":-11.17006,"local_govt_council":"EAST ARNHEM","ward":"GUMURR MARTHAKAL","ntg_region":"EAST ARNHEM","community_id":528,"main_language":"Not recorded","community_aliases":"JENSEN BAY,MARCHINBAR ISLAND,RIMBIJA ISLAND","population_count":null,"community_type":"Family Outstation","electorate":"MULKA","population_source":"Not recorded","objectid":434,"longitude":136.70702}},{"geometry":{"type":"Point","coordinates":[136.27125,-12.076759999999979],"crs":null},"id":435,"type":"Feature","properties":{"bushtel_url":"https://bushtel.nt.gov.au/profile/529","community_name":"MATAMATA","land_council":"NORTHERN LAND COUNCIL","latitude":-12.07676,"local_govt_council":"EAST ARNHEM","ward":"GUMURR MARTHAKAL","ntg_region":"EAST ARNHEM","community_id":529,"main_language":"Not recorded","community_aliases":"MATA MATA","population_count":7,"community_type":"Family Outstation","electorate":"MULKA","population_source":"Homelands Service Provider Report 2023","objectid":435,"longitude":136.27125}},{"geometry":{"type":"Point","coordinates":[133.0679500000001,-14.924349999999947],"crs":null},"id":436,"type":"Feature","properties":{"bushtel_url":"https://bushtel.nt.gov.au/profile/23547","community_name":"MATARANKA","land_council":"NORTHERN LAND COUNCIL","latitude":-14.92435,"local_govt_council":"ROPER GULF","ward":"NEVER NEVER","ntg_region":"BIG RIVERS","community_id":23547,"main_language":"Not recorded","community_aliases":"No aliases recorded with NTG DIPL","population_count":384,"community_type":"Village","electorate":"ARNHEM","population_source":"Based on ABS 2021 Census SA1","objectid":436,"longitude":133.06795}},{"geometry":{"type":"Point","coordinates":[133.06738000000007,-14.926179999999931],"crs":null},"id":437,"type":"Feature","properties":{"bushtel_url":"https://bushtel.nt.gov.au/profile/620","community_name":"MATARANKA TOWN CAMP","land_council":"NORTHERN LAND COUNCIL","latitude":-14.92618,"local_govt_council":"ROPER GULF","ward":"NEVER NEVER","ntg_region":"BIG RIVERS","community_id":620,"main_language":"Not recorded","community_aliases":"MATARANKA TRANSIENT CAMP","population_count":null,"community_type":"Town Camp","electorate":"ARNHEM","population_source":"Not recorded","objectid":437,"longitude":133.06738}},{"geometry":{"type":"Point","coordinates":[136.7233500000001,-13.842779999999948],"crs":null},"id":438,"type":"Feature","properties":{"bushtel_url":"https://bushtel.nt.gov.au/profile/530","community_name":"MAWULYUMANJA","land_council":"ANINDILYAKWA LAND COUNCIL","latitude":-13.84278,"local_govt_council":"EAST ARNHEM","ward":"ANINDILYAKWA","ntg_region":"EAST ARNHEM","community_id":530,"main_language":"Not recorded","community_aliases":"MANULYUMANJA,MAWALYUMANTTJA,THOMPSON BAY,THOMPSON'S BAY","population_count":9,"community_type":"Family Outstation","electorate":"ARNHEM","population_source":"Homelands Service Provider Report 2023","objectid":438,"longitude":136.72335}},{"geometry":{"type":"Point","coordinates":[132.87547000000006,-23.95348999999993],"crs":null},"id":439,"type":"Feature","properties":{"bushtel_url":"https://bushtel.nt.gov.au/profile/101","community_name":"MBALKANAKA","land_council":"CENTRAL LAND COUNCIL","latitude":-23.95349,"local_govt_council":"MACDONNELL","ward":"LJIRAPINTA","ntg_region":"CENTRAL AUSTRALIA","community_id":101,"main_language":"Not recorded","community_aliases":"SALT HOLE","population_count":2,"community_type":"Family Outstation","electorate":"GWOJA","population_source":"Homelands Service Provider Report 2023","objectid":439,"longitude":132.87547}},{"geometry":{"type":"Point","coordinates":[132.35891000000004,-23.290709999999933],"crs":null},"id":440,"type":"Feature","properties":{"bushtel_url":"https://bushtel.nt.gov.au/profile/102","community_name":"MBUNGHARA","land_council":"CENTRAL LAND COUNCIL","latitude":-23.29071,"local_govt_council":"MACDONNELL","ward":"LURITJA PINTUBI","ntg_region":"CENTRAL AUSTRALIA","community_id":102,"main_language":"Not recorded","community_aliases":"BUNGHARA,DASHWOOD,UMPANGARA,UMPANGARI","population_count":42,"community_type":"Family Outstation","electorate":"GWOJA","population_source":"Homelands Service Provider Report 2023","objectid":440,"longitude":132.35891}},{"geometry":{"type":"Point","coordinates":[130.59211000000005,-17.782389999999964],"crs":null},"id":441,"type":"Feature","properties":{"bushtel_url":"https://bushtel.nt.gov.au/profile/847","community_name":"MCDONALDS YARD","land_council":"CENTRAL LAND COUNCIL","latitude":-17.78239,"local_govt_council":"VICTORIA DALY","ward":"DAGURAGU","ntg_region":"BIG RIVERS","community_id":847,"main_language":"Not recorded","community_aliases":"BURURU,PURURU","population_count":null,"community_type":"Family Outstation","electorate":"GWOJA","population_source":"Not recorded","objectid":441,"longitude":130.59211}},{"geometry":{"type":"Point","coordinates":[131.27307000000008,-15.356959999999958],"crs":null},"id":442,"type":"Feature","properties":{"bushtel_url":"https://bushtel.nt.gov.au/profile/951","community_name":"MENNGEN","land_council":"NORTHERN LAND COUNCIL","latitude":-15.35696,"local_govt_council":"VICTORIA DALY","ward":"TIMBER CREEK","ntg_region":"BIG RIVERS","community_id":951,"main_language":"Not recorded","community_aliases":"DJALIBANG,INNESVALE STATION,JALIJBANG","population_count":43,"community_type":"Family Outstation","electorate":"DALY","population_source":"Homelands Service Provider Report 2023","objectid":442,"longitude":131.27307}},{"geometry":{"type":"Point","coordinates":[132.82865000000004,-23.91417999999993],"crs":null},"id":443,"type":"Feature","properties":{"bushtel_url":"https://bushtel.nt.gov.au/profile/872","community_name":"MERRAL NTARRAKALA","land_council":"CENTRAL LAND COUNCIL","latitude":-23.91418,"local_govt_council":"MACDONNELL","ward":"LJIRAPINTA","ntg_region":"CENTRAL AUSTRALIA","community_id":872,"main_language":"Not recorded","community_aliases":"MERRALNTARRAKALA","population_count":7,"community_type":"Family Outstation","electorate":"GWOJA","population_source":"Homelands Service Provider Report 2023","objectid":443,"longitude":132.82865}},{"geometry":{"type":"Point","coordinates":[129.96735,-14.221279999999979],"crs":null},"id":444,"type":"Feature","properties":{"bushtel_url":"https://bushtel.nt.gov.au/profile/717","community_name":"MERREPEN","land_council":"NORTHERN LAND COUNCIL","latitude":-14.22128,"local_govt_council":"WEST DALY","ward":"THAMARRURR/PINDI PINDI","ntg_region":"TOP END","community_id":717,"main_language":"Not recorded","community_aliases":"MATAPAN","population_count":26,"community_type":"Family Outstation","electorate":"DALY","population_source":"Homelands Service Provider Report 2023","objectid":444,"longitude":129.96735}},{"geometry":{"type":"Point","coordinates":[134.7680600000001,-12.12528999999995],"crs":null},"id":445,"type":"Feature","properties":{"bushtel_url":"https://bushtel.nt.gov.au/profile/372","community_name":"MEWIRNBI","land_council":"NORTHERN LAND COUNCIL","latitude":-12.12529,"local_govt_council":"WEST ARNHEM","ward":"MANINGRIDA","ntg_region":"TOP END","community_id":372,"main_language":"Not recorded","community_aliases":"MEWIRNABI","population_count":40,"community_type":"Family Outstation","electorate":"ARAFURA","population_source":"Homelands Service Provider Report 2023","objectid":445,"longitude":134.76806}},{"geometry":{"type":"Point","coordinates":[132.25890000000004,-14.455829999999935],"crs":null},"id":446,"type":"Feature","properties":{"bushtel_url":"https://bushtel.nt.gov.au/profile/621","community_name":"MIALI BRUMBY","land_council":"NORTHERN LAND COUNCIL","latitude":-14.45583,"local_govt_council":"KATHERINE","ward":"Not recorded","ntg_region":"BIG RIVERS","community_id":621,"main_language":"Not recorded","community_aliases":"KALAMO,KALAMO-MALI BRUMBY,KALANO,KALANO FARM,MIALLI","population_count":null,"community_type":"Town Camp","electorate":"KATHERINE","population_source":"Not recorded","objectid":446,"longitude":132.2589}},{"geometry":{"type":"Point","coordinates":[133.07465000000002,-12.479659999999967],"crs":null},"id":447,"type":"Feature","properties":{"bushtel_url":"https://bushtel.nt.gov.au/profile/373","community_name":"MIKGINJ VALLEY","land_council":"NORTHERN LAND COUNCIL","latitude":-12.47966,"local_govt_council":"WEST ARNHEM","ward":"GUNBALANYA","ntg_region":"TOP END","community_id":373,"main_language":"Not recorded","community_aliases":"MIKGIN,MIKGINJ,MIKINJ,MIKINJ VALLEY","population_count":12,"community_type":"Family Outstation","electorate":"ARAFURA","population_source":"Homelands Service Provider Report 2023","objectid":447,"longitude":133.07465}},{"geometry":{"type":"Point","coordinates":[136.42333000000008,-15.962309999999945],"crs":null},"id":448,"type":"Feature","properties":{"bushtel_url":"https://bushtel.nt.gov.au/profile/987","community_name":"MILIBUNTHURRA","land_council":"NORTHERN LAND COUNCIL","latitude":-15.96231,"local_govt_council":"ROPER GULF","ward":"SOUTH WEST GULF","ntg_region":"BIG RIVERS","community_id":987,"main_language":"Not recorded","community_aliases":"MILLIBUNTHURRA","population_count":4,"community_type":"Family Outstation","electorate":"BARKLY","population_source":"Homelands Service Provider Report 2023","objectid":448,"longitude":136.42333}},{"geometry":{"type":"Point","coordinates":[130.6741800000001,-11.42166999999995],"crs":null},"id":449,"type":"Feature","properties":{"bushtel_url":"https://bushtel.nt.gov.au/profile/374","community_name":"MILIKAPITI","land_council":"TIWI LAND COUNCIL","latitude":-11.42167,"local_govt_council":"TIWI ISLANDS","ward":"MILIKAPITI WARD","ntg_region":"TOP END","community_id":374,"main_language":"Tiwi (Modern and Traditional)","community_aliases":"SNAKE BAY","population_count":486,"community_type":"Major","electorate":"ARAFURA","population_source":"Based on ABS 2021 Census SA1","objectid":449,"longitude":130.67418}},{"geometry":{"type":"Point","coordinates":[134.92010000000005,-12.103599999999972],"crs":null},"id":450,"type":"Feature","properties":{"bushtel_url":"https://bushtel.nt.gov.au/profile/531","community_name":"MILINGIMBI","land_council":"NORTHERN LAND COUNCIL","latitude":-12.1036,"local_govt_council":"EAST ARNHEM","ward":"GUMURR GATTJIRRK","ntg_region":"EAST ARNHEM","community_id":531,"main_language":"Yolngu Matha (Djambarrpuyngu)","community_aliases":"No aliases recorded with NTG DIPL","population_count":1288,"community_type":"Major","electorate":"MULKA","population_source":"Based on ABS 2021 Census SA1","objectid":450,"longitude":134.9201}},{"geometry":{"type":"Point","coordinates":[134.24731000000008,-12.523159999999962],"crs":null},"id":451,"type":"Feature","properties":{"bushtel_url":"https://bushtel.nt.gov.au/profile/830","community_name":"MILMILNGKAN","land_council":"NORTHERN LAND COUNCIL","latitude":-12.52316,"local_govt_council":"WEST ARNHEM","ward":"MANINGRIDA","ntg_region":"TOP END","community_id":830,"main_language":"Not recorded","community_aliases":"BURLNGANDI","population_count":27,"community_type":"Family Outstation","electorate":"ARAFURA","population_source":"Homelands Service Provider Report 2023","objectid":451,"longitude":134.24731}},{"geometry":{"type":"Point","coordinates":[136.19583000000011,-13.783889999999928],"crs":null},"id":452,"type":"Feature","properties":{"bushtel_url":"https://bushtel.nt.gov.au/profile/532","community_name":"MILYAKBURRA","land_council":"ANINDILYAKWA LAND COUNCIL","latitude":-13.78389,"local_govt_council":"EAST ARNHEM","ward":"ANINDILYAKWA","ntg_region":"EAST ARNHEM","community_id":532,"main_language":"Anindilyakwa","community_aliases":"BICKERTON ISLAND","population_count":124,"community_type":"Major","electorate":"ARNHEM","population_source":"Based on ABS 2021 Census SA1","objectid":452,"longitude":136.19583}},{"geometry":{"type":"Point","coordinates":[136.83428000000004,-16.80210999999997],"crs":null},"id":453,"type":"Feature","properties":{"bushtel_url":"https://bushtel.nt.gov.au/profile/724","community_name":"MIMINA","land_council":"NORTHERN LAND COUNCIL","latitude":-16.80211,"local_govt_council":"ROPER GULF","ward":"SOUTH WEST GULF","ntg_region":"BIG RIVERS","community_id":724,"main_language":"Not recorded","community_aliases":"No aliases recorded with NTG DIPL","population_count":null,"community_type":"Family Outstation","electorate":"BARKLY","population_source":"Not recorded","objectid":453,"longitude":136.83428}},{"geometry":{"type":"Point","coordinates":[132.57860000000005,-11.150699999999972],"crs":null},"id":454,"type":"Feature","properties":{"bushtel_url":"https://bushtel.nt.gov.au/profile/375","community_name":"MINJILANG","land_council":"NORTHERN LAND COUNCIL","latitude":-11.1507,"local_govt_council":"WEST ARNHEM","ward":"BARRAH","ntg_region":"TOP END","community_id":375,"main_language":"Iwaidja","community_aliases":"CROKER ISLAND","population_count":311,"community_type":"Major","electorate":"ARAFURA","population_source":"Based on ABS 2021 Census SA1","objectid":454,"longitude":132.5786}},{"geometry":{"type":"Point","coordinates":[130.84918000000005,-12.411179999999945],"crs":null},"id":455,"type":"Feature","properties":{"bushtel_url":"https://bushtel.nt.gov.au/profile/825","community_name":"MINMARAMA PARK","land_council":"NORTHERN LAND COUNCIL","latitude":-12.41118,"local_govt_council":"DARWIN","ward":"CHAN","ntg_region":"DARWIN, PALMERSTON, LITCHFIELD","community_id":825,"main_language":"Not recorded","community_aliases":"No aliases recorded with NTG DIPL","population_count":null,"community_type":"Town Camp","electorate":"FANNIE BAY","population_source":"Not recorded","objectid":455,"longitude":130.84918}},{"geometry":{"type":"Point","coordinates":[134.08210000000008,-15.221599999999967],"crs":null},"id":456,"type":"Feature","properties":{"bushtel_url":"https://bushtel.nt.gov.au/profile/624","community_name":"MINYERRI","land_council":"NORTHERN LAND COUNCIL","latitude":-15.2216,"local_govt_council":"ROPER GULF","ward":"NEVER NEVER","ntg_region":"BIG RIVERS","community_id":624,"main_language":"Eastside Kriol","community_aliases":"HODGSON DOWNS,MINIYERRE,MINYERE,MINYERI,MINYERRE","population_count":763,"community_type":"Major","electorate":"ARNHEM","population_source":"Based on ABS 2021 Census SA1","objectid":456,"longitude":134.0821}},{"geometry":{"type":"Point","coordinates":[130.77884000000006,-19.018729999999948],"crs":null},"id":457,"type":"Feature","properties":{"bushtel_url":"https://bushtel.nt.gov.au/profile/745","community_name":"MIRRIDI","land_council":"CENTRAL LAND COUNCIL","latitude":-19.01873,"local_govt_council":"CENTRAL DESERT","ward":"NORTHERN TANAMI","ntg_region":"CENTRAL AUSTRALIA","community_id":745,"main_language":"Not recorded","community_aliases":"MIRRIRDI","population_count":null,"community_type":"Family Outstation","electorate":"GWOJA","population_source":"Not recorded","objectid":457,"longitude":130.77884}},{"geometry":{"type":"Point","coordinates":[135.19307000000003,-12.657789999999977],"crs":null},"id":458,"type":"Feature","properties":{"bushtel_url":"https://bushtel.nt.gov.au/profile/535","community_name":"MIRRNATJA","land_council":"NORTHERN LAND COUNCIL","latitude":-12.65779,"local_govt_council":"EAST ARNHEM","ward":"GUMURR MIYARRKA","ntg_region":"EAST ARNHEM","community_id":535,"main_language":"Not recorded","community_aliases":"MIRRNGATJA","population_count":7,"community_type":"Family Outstation","electorate":"ARNHEM","population_source":"Homelands Service Provider Report 2023","objectid":458,"longitude":135.19307}},{"geometry":{"type":"Point","coordinates":[129.0431900000001,-17.10926999999998],"crs":null},"id":459,"type":"Feature","properties":{"bushtel_url":"https://bushtel.nt.gov.au/profile/626","community_name":"MISTAKE CREEK","land_council":"CENTRAL LAND COUNCIL","latitude":-17.10927,"local_govt_council":"VICTORIA DALY","ward":"DAGURAGU","ntg_region":"BIG RIVERS","community_id":626,"main_language":"Not recorded","community_aliases":"MOONDABIJERRA","population_count":null,"community_type":"Family Outstation","electorate":"GWOJA","population_source":"Not recorded","objectid":459,"longitude":129.04319}},{"geometry":{"type":"Point","coordinates":[135.91266000000007,-14.032089999999982],"crs":null},"id":460,"type":"Feature","properties":{"bushtel_url":"https://bushtel.nt.gov.au/profile/536","community_name":"MIWUL","land_council":"NORTHERN LAND COUNCIL","latitude":-14.03209,"local_govt_council":"ROPER GULF","ward":"NUMBULWAR NUMBURINDI","ntg_region":"BIG RIVERS","community_id":536,"main_language":"Not recorded","community_aliases":"MIWAL","population_count":null,"community_type":"Family Outstation","electorate":"ARNHEM","population_source":"Not recorded","objectid":460,"longitude":135.91266}},{"geometry":{"type":"Point","coordinates":[134.35499000000004,-13.579389999999933],"crs":null},"id":461,"type":"Feature","properties":{"bushtel_url":"https://bushtel.nt.gov.au/profile/827","community_name":"MOBARN","land_council":"NORTHERN LAND COUNCIL","latitude":-13.57939,"local_govt_council":"ROPER GULF","ward":"NYIRRANGGULUNG","ntg_region":"BIG RIVERS","community_id":827,"main_language":"Not recorded","community_aliases":"BLUE WATER,MORBON","population_count":null,"community_type":"Family Outstation","electorate":"ARNHEM","population_source":"Not recorded","objectid":461,"longitude":134.35499}},{"geometry":{"type":"Point","coordinates":[133.83303,-14.874989999999968],"crs":null},"id":462,"type":"Feature","properties":{"bushtel_url":"https://bushtel.nt.gov.au/profile/627","community_name":"MOLE HILL","land_council":"NORTHERN LAND COUNCIL","latitude":-14.87499,"local_govt_council":"ROPER GULF","ward":"NEVER NEVER","ntg_region":"BIG RIVERS","community_id":627,"main_language":"Not recorded","community_aliases":"GOONDBUROON","population_count":2,"community_type":"Family Outstation","electorate":"ARNHEM","population_source":"Homelands Service Provider Report 2023","objectid":462,"longitude":133.83303}},{"geometry":{"type":"Point","coordinates":[134.26915000000008,-13.356929999999977],"crs":null},"id":463,"type":"Feature","properties":{"bushtel_url":"https://bushtel.nt.gov.au/profile/628","community_name":"MOMOB","land_council":"NORTHERN LAND COUNCIL","latitude":-13.35693,"local_govt_council":"ROPER GULF","ward":"NYIRRANGGULUNG","ntg_region":"BIG RIVERS","community_id":628,"main_language":"Not recorded","community_aliases":"BULMAN GORGE,MORMOB","population_count":null,"community_type":"Family Outstation","electorate":"ARNHEM","population_source":"Not recorded","objectid":463,"longitude":134.26915}},{"geometry":{"type":"Point","coordinates":[131.5150500000001,-16.335589999999968],"crs":null},"id":464,"type":"Feature","properties":{"bushtel_url":"https://bushtel.nt.gov.au/profile/15203","community_name":"MOOLOOLOO","land_council":"NORTHERN LAND COUNCIL","latitude":-16.33559,"local_govt_council":"VICTORIA DALY","ward":"WALANGERI","ntg_region":"BIG RIVERS","community_id":15203,"main_language":"Not recorded","community_aliases":"No aliases recorded with NTG DIPL","population_count":null,"community_type":"Family Outstation","electorate":"GWOJA","population_source":"Not recorded","objectid":464,"longitude":131.51505}},{"geometry":{"type":"Point","coordinates":[137.00053000000003,-15.624109999999973],"crs":null},"id":465,"type":"Feature","properties":{"bushtel_url":"https://bushtel.nt.gov.au/profile/990","community_name":"MOOLOOWA","land_council":"NORTHERN LAND COUNCIL","latitude":-15.62411,"local_govt_council":"ROPER GULF","ward":"SOUTH WEST GULF","ntg_region":"BIG RIVERS","community_id":990,"main_language":"Not recorded","community_aliases":"CAPE VANDERLIN,MULUWA","population_count":5,"community_type":"Family Outstation","electorate":"BARKLY","population_source":"Homelands Service Provider Report 2023","objectid":465,"longitude":137.00053}},{"geometry":{"type":"Point","coordinates":[135.07490000000007,-11.921189999999967],"crs":null},"id":466,"type":"Feature","properties":{"bushtel_url":"https://bushtel.nt.gov.au/profile/501","community_name":"MOORONGA","land_council":"NORTHERN LAND COUNCIL","latitude":-11.92119,"local_govt_council":"EAST ARNHEM","ward":"GUMURR GATTJIRRK","ntg_region":"EAST ARNHEM","community_id":501,"main_language":"Not recorded","community_aliases":"GARANDJIRRNGURA,GARMALATJIRRINA,MOOROONGGA ISLAND,MOORUNGA ISLAND","population_count":13,"community_type":"Family Outstation","electorate":"MULKA","population_source":"Homelands Service Provider Report 2023","objectid":466,"longitude":135.0749}},{"geometry":{"type":"Point","coordinates":[131.45320000000004,-24.130699999999933],"crs":null},"id":467,"type":"Feature","properties":{"bushtel_url":"https://bushtel.nt.gov.au/profile/105","community_name":"MORRIS GAP","land_council":"CENTRAL LAND COUNCIL","latitude":-24.1307,"local_govt_council":"MACDONNELL","ward":"IYARRKA","ntg_region":"CENTRAL AUSTRALIA","community_id":105,"main_language":"Not recorded","community_aliases":"No aliases recorded with NTG DIPL","population_count":null,"community_type":"Family Outstation","electorate":"GWOJA","population_source":"Not recorded","objectid":467,"longitude":131.4532}},{"geometry":{"type":"Point","coordinates":[132.7694600000001,-23.949739999999963],"crs":null},"id":468,"type":"Feature","properties":{"bushtel_url":"https://bushtel.nt.gov.au/profile/106","community_name":"MOTNAS","land_council":"CENTRAL LAND COUNCIL","latitude":-23.94974,"local_govt_council":"MACDONNELL","ward":"LJIRAPINTA","ntg_region":"CENTRAL AUSTRALIA","community_id":106,"main_language":"Not recorded","community_aliases":"MOTNA'S CAMP","population_count":3,"community_type":"Family Outstation","electorate":"GWOJA","population_source":"Homelands Service Provider Report 2023","objectid":468,"longitude":132.76946}},{"geometry":{"type":"Point","coordinates":[132.44114000000002,-21.613909999999976],"crs":null},"id":469,"type":"Feature","properties":{"bushtel_url":"https://bushtel.nt.gov.au/profile/109","community_name":"MOUNT BARKLY","land_council":"CENTRAL LAND COUNCIL","latitude":-21.61391,"local_govt_council":"CENTRAL DESERT","ward":"SOUTHERN TANAMI","ntg_region":"CENTRAL AUSTRALIA","community_id":109,"main_language":"Not recorded","community_aliases":"BAU,PAMU,PAWA,PAWU LAND TRUST","population_count":null,"community_type":"Family Outstation","electorate":"GWOJA","population_source":"Not recorded","objectid":469,"longitude":132.44114}},{"geometry":{"type":"Point","coordinates":[134.43241000000012,-13.800179999999955],"crs":null},"id":470,"type":"Feature","properties":{"bushtel_url":"https://bushtel.nt.gov.au/profile/629","community_name":"MOUNT CATT","land_council":"NORTHERN LAND COUNCIL","latitude":-13.80018,"local_govt_council":"ROPER GULF","ward":"NYIRRANGGULUNG","ntg_region":"BIG RIVERS","community_id":629,"main_language":"Not recorded","community_aliases":"BAMIRRAKURLU","population_count":12,"community_type":"Family Outstation","electorate":"ARNHEM","population_source":"Homelands Service Provider Report 2023","objectid":470,"longitude":134.43241}},{"geometry":{"type":"Point","coordinates":[134.17191000000003,-13.53258999999997],"crs":null},"id":471,"type":"Feature","properties":{"bushtel_url":"https://bushtel.nt.gov.au/profile/957","community_name":"MOUNT JEAN","land_council":"NORTHERN LAND COUNCIL","latitude":-13.53259,"local_govt_council":"ROPER GULF","ward":"NYIRRANGGULUNG","ntg_region":"BIG RIVERS","community_id":957,"main_language":"Not recorded","community_aliases":"No aliases recorded with NTG DIPL","population_count":null,"community_type":"Family Outstation","electorate":"ARNHEM","population_source":"Not recorded","objectid":471,"longitude":134.17191}},{"geometry":{"type":"Point","coordinates":[131.2731900000001,-23.26604999999995],"crs":null},"id":472,"type":"Feature","properties":{"bushtel_url":"https://bushtel.nt.gov.au/profile/112","community_name":"MOUNT LIEBIG","land_council":"CENTRAL LAND COUNCIL","latitude":-23.26605,"local_govt_council":"MACDONNELL","ward":"LURITJA PINTUBI","ntg_region":"CENTRAL AUSTRALIA","community_id":112,"main_language":"Luritja/Pintupi","community_aliases":"AMUNTURANGU,AMUNTURRUNGA,ANTURGUNU,MT LIEBIG,WATIYAWANU","population_count":282,"community_type":"Major","electorate":"GWOJA","population_source":"Based on ABS 2021 Census SA1","objectid":472,"longitude":131.27319}},{"geometry":{"type":"Point","coordinates":[133.8700100000001,-23.667509999999936],"crs":null},"id":473,"type":"Feature","properties":{"bushtel_url":"https://bushtel.nt.gov.au/profile/113","community_name":"MOUNT NANCY","land_council":"CENTRAL LAND COUNCIL","latitude":-23.66751,"local_govt_council":"ALICE SPRINGS","ward":"Not recorded","ntg_region":"CENTRAL AUSTRALIA","community_id":113,"main_language":"Not recorded","community_aliases":"NYEWENTE","population_count":null,"community_type":"Town Camp","electorate":"BRAITLING","population_source":"Not recorded","objectid":473,"longitude":133.87001}},{"geometry":{"type":"Point","coordinates":[133.8718100000001,-24.394159999999943],"crs":null},"id":474,"type":"Feature","properties":{"bushtel_url":"https://bushtel.nt.gov.au/profile/790","community_name":"MOUNT PEACHY","land_council":"CENTRAL LAND COUNCIL","latitude":-24.39416,"local_govt_council":"MACDONNELL","ward":"RODINGA","ntg_region":"CENTRAL AUSTRALIA","community_id":790,"main_language":"Not recorded","community_aliases":"NO. 1 BORE,SYD KENNY'S CAMP","population_count":4,"community_type":"Family Outstation","electorate":"NAMATJIRA","population_source":"Homelands Service Provider Report 2023","objectid":474,"longitude":133.87181}},{"geometry":{"type":"Point","coordinates":[133.62279,-23.541979999999967],"crs":null},"id":475,"type":"Feature","properties":{"bushtel_url":"https://bushtel.nt.gov.au/profile/875","community_name":"MOUNT TWELLAR","land_council":"CENTRAL LAND COUNCIL","latitude":-23.54198,"local_govt_council":"MACDONNELL","ward":"RODINGA","ntg_region":"CENTRAL AUSTRALIA","community_id":875,"main_language":"Not recorded","community_aliases":"No aliases recorded with NTG DIPL","population_count":17,"community_type":"Family Outstation","electorate":"NAMATJIRA","population_source":"Homelands Service Provider Report 2023","objectid":475,"longitude":133.62279}},{"geometry":{"type":"Point","coordinates":[133.87412000000006,-23.716789999999946],"crs":null},"id":476,"type":"Feature","properties":{"bushtel_url":"https://bushtel.nt.gov.au/profile/108","community_name":"MPWETYERRE","land_council":"CENTRAL LAND COUNCIL","latitude":-23.71679,"local_govt_council":"ALICE SPRINGS","ward":"Not recorded","ntg_region":"CENTRAL AUSTRALIA","community_id":108,"main_language":"Not recorded","community_aliases":"ABBOTS CAMP,ABBOTTS CAMP,BP CAMP,MBUTJARA,MISSION BLOCK","population_count":null,"community_type":"Town Camp","electorate":"ARALUEN","population_source":"Not recorded","objectid":476,"longitude":133.87412}},{"geometry":{"type":"Point","coordinates":[135.19891000000007,-22.956399999999974],"crs":null},"id":477,"type":"Feature","properties":{"bushtel_url":"https://bushtel.nt.gov.au/profile/855","community_name":"MT EAGLEBEAK","land_council":"CENTRAL LAND COUNCIL","latitude":-22.9564,"local_govt_council":"CENTRAL DESERT","ward":"AKITYARRE","ntg_region":"CENTRAL AUSTRALIA","community_id":855,"main_language":"Not recorded","community_aliases":"No aliases recorded with NTG DIPL","population_count":24,"community_type":"Family Outstation","electorate":"NAMATJIRA","population_source":"Homelands Service Provider Report 2023","objectid":477,"longitude":135.19891}},{"geometry":{"type":"Point","coordinates":[129.39755000000002,-17.694909999999936],"crs":null},"id":478,"type":"Feature","properties":{"bushtel_url":"https://bushtel.nt.gov.au/profile/702","community_name":"MT MAIYO","land_council":"CENTRAL LAND COUNCIL","latitude":-17.69491,"local_govt_council":"VICTORIA DALY","ward":"DAGURAGU","ntg_region":"BIG RIVERS","community_id":702,"main_language":"Not recorded","community_aliases":"MULLUYA","population_count":null,"community_type":"Family Outstation","electorate":"GWOJA","population_source":"Not recorded","objectid":478,"longitude":129.39755}},{"geometry":{"type":"Point","coordinates":[134.50814000000003,-12.258969999999977],"crs":null},"id":479,"type":"Feature","properties":{"bushtel_url":"https://bushtel.nt.gov.au/profile/964","community_name":"MU-GURTA","land_council":"NORTHERN LAND COUNCIL","latitude":-12.25897,"local_govt_council":"WEST ARNHEM","ward":"MANINGRIDA","ntg_region":"TOP END","community_id":964,"main_language":"Not recorded","community_aliases":"No aliases recorded with NTG DIPL","population_count":12,"community_type":"Family Outstation","electorate":"ARAFURA","population_source":"Homelands Service Provider Report 2023","objectid":479,"longitude":134.50814}},{"geometry":{"type":"Point","coordinates":[133.8959000000001,-18.63931999999994],"crs":null},"id":480,"type":"Feature","properties":{"bushtel_url":"https://bushtel.nt.gov.au/profile/1001","community_name":"MUCKATY","land_council":"NORTHERN LAND COUNCIL","latitude":-18.63932,"local_govt_council":"BARKLY","ward":"KUWARRANGU","ntg_region":"BARKLY","community_id":1001,"main_language":"Not recorded","community_aliases":"MARNYWUNGU","population_count":null,"community_type":"Family Outstation","electorate":"BARKLY","population_source":"Not recorded","objectid":480,"longitude":133.8959}},{"geometry":{"type":"Point","coordinates":[132.8733400000001,-12.597719999999981],"crs":null},"id":481,"type":"Feature","properties":{"bushtel_url":"https://bushtel.nt.gov.au/profile/380","community_name":"MUDGINBERRI","land_council":"NORTHERN LAND COUNCIL","latitude":-12.59772,"local_govt_council":"WEST ARNHEM","ward":"KAKADU","ntg_region":"TOP END","community_id":380,"main_language":"Not recorded","community_aliases":"No aliases recorded with NTG DIPL","population_count":40,"community_type":"Family Outstation","electorate":"ARAFURA","population_source":"Homelands Service Provider Report 2023","objectid":481,"longitude":132.87334}},{"geometry":{"type":"Point","coordinates":[136.17208000000005,-12.160889999999938],"crs":null},"id":482,"type":"Feature","properties":{"bushtel_url":"https://bushtel.nt.gov.au/profile/808","community_name":"MUDHAMUL","land_council":"NORTHERN LAND COUNCIL","latitude":-12.16089,"local_govt_council":"EAST ARNHEM","ward":"GUMURR MARTHAKAL","ntg_region":"EAST ARNHEM","community_id":808,"main_language":"Not recorded","community_aliases":"MARTHAKAL,MUTHAMAL","population_count":null,"community_type":"Family Outstation","electorate":"MULKA","population_source":"Not recorded","objectid":482,"longitude":136.17208}},{"geometry":{"type":"Point","coordinates":[134.2094400000001,-22.451389999999947],"crs":null},"id":483,"type":"Feature","properties":{"bushtel_url":"https://bushtel.nt.gov.au/profile/118","community_name":"MULGA BORE","land_council":"CENTRAL LAND COUNCIL","latitude":-22.45139,"local_govt_council":"CENTRAL DESERT","ward":"ANMATJERE","ntg_region":"CENTRAL AUSTRALIA","community_id":118,"main_language":"Not recorded","community_aliases":"AKAYA,AKAYE,ATARTINGA,ATHATHENG","population_count":46,"community_type":"Family Outstation","electorate":"BARKLY","population_source":"Homelands Service Provider Report 2023","objectid":483,"longitude":134.20944}},{"geometry":{"type":"Point","coordinates":[133.0739000000001,-14.920039999999972],"crs":null},"id":484,"type":"Feature","properties":{"bushtel_url":"https://bushtel.nt.gov.au/profile/971","community_name":"MULGGAN","land_council":"NORTHERN LAND COUNCIL","latitude":-14.92004,"local_govt_council":"ROPER GULF","ward":"NEVER NEVER","ntg_region":"BIG RIVERS","community_id":971,"main_language":"Not recorded","community_aliases":"MATARANKA TOWN CAMP,MULGAN,MULGARN","population_count":null,"community_type":"Town Camp","electorate":"ARNHEM","population_source":"Not recorded","objectid":484,"longitude":133.0739}},{"geometry":{"type":"Point","coordinates":[134.96085000000005,-12.401959999999974],"crs":null},"id":485,"type":"Feature","properties":{"bushtel_url":"https://bushtel.nt.gov.au/profile/538","community_name":"MULGURRAM","land_council":"NORTHERN LAND COUNCIL","latitude":-12.40196,"local_govt_council":"EAST ARNHEM","ward":"BIRR RAWARRANG","ntg_region":"EAST ARNHEM","community_id":538,"main_language":"Not recorded","community_aliases":"MANGU,MULGURRUM","population_count":null,"community_type":"Family Outstation","electorate":"MULKA","population_source":"Not recorded","objectid":485,"longitude":134.96085}},{"geometry":{"type":"Point","coordinates":[129.95077000000003,-13.92665999999997],"crs":null},"id":486,"type":"Feature","properties":{"bushtel_url":"https://bushtel.nt.gov.au/profile/884","community_name":"MULINGI","land_council":"NORTHERN LAND COUNCIL","latitude":-13.92666,"local_govt_council":"WEST DALY","ward":"THAMARRURR/PINDI PINDI","ntg_region":"TOP END","community_id":884,"main_language":"Not recorded","community_aliases":"MT GREENWOOD,MULINGNE","population_count":8,"community_type":"Family Outstation","electorate":"DALY","population_source":"Homelands Service Provider Report 2023","objectid":486,"longitude":129.95077}},{"geometry":{"type":"Point","coordinates":[134.13579000000004,-12.363059999999962],"crs":null},"id":487,"type":"Feature","properties":{"bushtel_url":"https://bushtel.nt.gov.au/profile/382","community_name":"MUMEKA","land_council":"NORTHERN LAND COUNCIL","latitude":-12.36306,"local_govt_council":"WEST ARNHEM","ward":"MANINGRIDA","ntg_region":"TOP END","community_id":382,"main_language":"Not recorded","community_aliases":"MOMEKA,MORMEGA","population_count":null,"community_type":"Family Outstation","electorate":"ARAFURA","population_source":"Not recorded","objectid":487,"longitude":134.13579}},{"geometry":{"type":"Point","coordinates":[135.3283500000001,-14.384179999999958],"crs":null},"id":488,"type":"Feature","properties":{"bushtel_url":"https://bushtel.nt.gov.au/profile/630","community_name":"MUMPUMAMPU","land_council":"NORTHERN LAND COUNCIL","latitude":-14.38418,"local_govt_council":"ROPER GULF","ward":"YUGUL MANGI","ntg_region":"BIG RIVERS","community_id":630,"main_language":"Not recorded","community_aliases":"MAMBUMAMBU,MIALURRA,MUMBA MUMBA,MUMBO MUMBO,MUMBU MUMBU","population_count":null,"community_type":"Family Outstation","electorate":"ARNHEM","population_source":"Not recorded","objectid":488,"longitude":135.32835}},{"geometry":{"type":"Point","coordinates":[132.6664800000001,-12.611369999999965],"crs":null},"id":489,"type":"Feature","properties":{"bushtel_url":"https://bushtel.nt.gov.au/profile/801","community_name":"MUMUKALA","land_council":"NORTHERN LAND COUNCIL","latitude":-12.61137,"local_govt_council":"WEST ARNHEM","ward":"KAKADU","ntg_region":"TOP END","community_id":801,"main_language":"Not recorded","community_aliases":"MAMUKALA,MUMAKALA","population_count":10,"community_type":"Family Outstation","electorate":"ARAFURA","population_source":"Homelands Service Provider Report 2023","objectid":489,"longitude":132.66648}},{"geometry":{"type":"Point","coordinates":[133.59552000000008,-19.382529999999974],"crs":null},"id":490,"type":"Feature","properties":{"bushtel_url":"https://bushtel.nt.gov.au/profile/248","community_name":"MUNGALAWURRU","land_council":"CENTRAL LAND COUNCIL","latitude":-19.38253,"local_govt_council":"BARKLY","ward":"PATTA","ntg_region":"BARKLY","community_id":248,"main_language":"Not recorded","community_aliases":"MANGALAWARRA,MANGALAWU,MANGARLWURRA","population_count":15,"community_type":"Family Outstation","electorate":"BARKLY","population_source":"Homelands Service Provider Report 2023","objectid":490,"longitude":133.59552}},{"geometry":{"type":"Point","coordinates":[134.19843000000003,-20.33701999999994],"crs":null},"id":491,"type":"Feature","properties":{"bushtel_url":"https://bushtel.nt.gov.au/profile/244","community_name":"MUNGKARTA","land_council":"CENTRAL LAND COUNCIL","latitude":-20.33702,"local_govt_council":"BARKLY","ward":"PATTA","ntg_region":"BARKLY","community_id":244,"main_language":"Not recorded","community_aliases":"MCLAREN CREEK,MUNGARTA","population_count":55,"community_type":"Minor","electorate":"BARKLY","population_source":"Homelands Service Provider Report 2023","objectid":491,"longitude":134.19843}},{"geometry":{"type":"Point","coordinates":[129.73313000000007,-20.584809999999948],"crs":null},"id":492,"type":"Feature","properties":{"bushtel_url":"https://bushtel.nt.gov.au/profile/647","community_name":"MUNGURRUPA","land_council":"CENTRAL LAND COUNCIL","latitude":-20.58481,"local_govt_council":"CENTRAL DESERT","ward":"NORTHERN TANAMI","ntg_region":"CENTRAL AUSTRALIA","community_id":647,"main_language":"Not recorded","community_aliases":"MANGKURRUPA,MANGKURRURPA,MONGREL DOWNS,MUNGKURRUPA,TANAMI DOWNS","population_count":null,"community_type":"Family Outstation","electorate":"GWOJA","population_source":"Not recorded","objectid":492,"longitude":129.73313}},{"geometry":{"type":"Point","coordinates":[134.18279000000007,-19.647649999999942],"crs":null},"id":493,"type":"Feature","properties":{"bushtel_url":"https://bushtel.nt.gov.au/profile/215","community_name":"MUNJI-MARLA","land_council":"CENTRAL LAND COUNCIL","latitude":-19.64765,"local_govt_council":"BARKLY","ward":"PATTA","ntg_region":"BARKLY","community_id":215,"main_language":"Not recorded","community_aliases":"BLUEBERRY HILL,MUNJI MALA","population_count":null,"community_type":"Town Camp","electorate":"BARKLY","population_source":"Not recorded","objectid":493,"longitude":134.18279}},{"geometry":{"type":"Point","coordinates":[136.18938000000003,-16.092589999999973],"crs":null},"id":494,"type":"Feature","properties":{"bushtel_url":"https://bushtel.nt.gov.au/profile/249","community_name":"MUNYALINI","land_council":"NORTHERN LAND COUNCIL","latitude":-16.09259,"local_govt_council":"ROPER GULF","ward":"SOUTH WEST GULF","ntg_region":"BIG RIVERS","community_id":249,"main_language":"Not recorded","community_aliases":"CAMPBELL SPRINGS,MINYALLINI","population_count":44,"community_type":"Family Outstation","electorate":"BARKLY","population_source":"Homelands Service Provider Report 2023","objectid":494,"longitude":136.18938}},{"geometry":{"type":"Point","coordinates":[132.91239000000007,-11.710409999999968],"crs":null},"id":495,"type":"Feature","properties":{"bushtel_url":"https://bushtel.nt.gov.au/profile/977","community_name":"MURGENELLA PLAINS","land_council":"NORTHERN LAND COUNCIL","latitude":-11.71041,"local_govt_council":"WEST ARNHEM","ward":"BARRAH","ntg_region":"TOP END","community_id":977,"main_language":"Not recorded","community_aliases":"ARRDUKBUKBUN","population_count":null,"community_type":"Family Outstation","electorate":"ARAFURA","population_source":"Not recorded","objectid":495,"longitude":132.91239}},{"geometry":{"type":"Point","coordinates":[132.8107000000001,-16.83597999999995],"crs":null},"id":496,"type":"Feature","properties":{"bushtel_url":"https://bushtel.nt.gov.au/profile/858","community_name":"MURRANJI","land_council":"NORTHERN LAND COUNCIL","latitude":-16.83598,"local_govt_council":"BARKLY","ward":"KUWARRANGU","ntg_region":"BARKLY","community_id":858,"main_language":"Not recorded","community_aliases":"No aliases recorded with NTG DIPL","population_count":4,"community_type":"Family Outstation","electorate":"BARKLY","population_source":"Homelands Service Provider Report 2023","objectid":496,"longitude":132.8107}},{"geometry":{"type":"Point","coordinates":[134.38936,-19.917839999999956],"crs":null},"id":497,"type":"Feature","properties":{"bushtel_url":"https://bushtel.nt.gov.au/profile/688","community_name":"MURTULKI","land_council":"CENTRAL LAND COUNCIL","latitude":-19.91784,"local_govt_council":"BARKLY","ward":"PATTA","ntg_region":"BARKLY","community_id":688,"main_language":"Not recorded","community_aliases":"MURTALKI","population_count":null,"community_type":"Family Outstation","electorate":"BARKLY","population_source":"Not recorded","objectid":497,"longitude":134.38936}},{"geometry":{"type":"Point","coordinates":[137.51754000000005,-18.499079999999935],"crs":null},"id":498,"type":"Feature","properties":{"bushtel_url":"https://bushtel.nt.gov.au/profile/689","community_name":"MURUN MURULA","land_council":"NORTHERN LAND COUNCIL","latitude":-18.49908,"local_govt_council":"BARKLY","ward":"KUWARRANGU","ntg_region":"BARKLY","community_id":689,"main_language":"Not recorded","community_aliases":"MURAN MURULA,MURRA MURULA,MURRAMARULA,MURU MURULA,MURULMURULA","population_count":null,"community_type":"Family Outstation","electorate":"BARKLY","population_source":"Not recorded","objectid":498,"longitude":137.51754}},{"geometry":{"type":"Point","coordinates":[130.48457000000008,-15.675269999999955],"crs":null},"id":499,"type":"Feature","properties":{"bushtel_url":"https://bushtel.nt.gov.au/profile/648","community_name":"MURUNING","land_council":"NORTHERN LAND COUNCIL","latitude":-15.67527,"local_govt_council":"VICTORIA DALY","ward":"TIMBER CREEK","ntg_region":"BIG RIVERS","community_id":648,"main_language":"Not recorded","community_aliases":"DARBY'S,MURINGUNG,MURRUNING,TIMBER CREEK","population_count":50,"community_type":"Family Outstation","electorate":"DALY","population_source":"Homelands Service Provider Report 2023","objectid":499,"longitude":130.48457}},{"geometry":{"type":"Point","coordinates":[131.06670000000008,-25.352299999999957],"crs":null},"id":500,"type":"Feature","properties":{"bushtel_url":"https://bushtel.nt.gov.au/profile/120","community_name":"MUTITJULU","land_council":"CENTRAL LAND COUNCIL","latitude":-25.3523,"local_govt_council":"MACDONNELL","ward":"IYARRKA","ntg_region":"CENTRAL AUSTRALIA","community_id":120,"main_language":"Pitjantjatjara","community_aliases":"AYERS ROCK,MUTITJULA","population_count":348,"community_type":"Major","electorate":"GWOJA","population_source":"Based on ABS 2021 Census SA1","objectid":500,"longitude":131.0667}},{"geometry":{"type":"Point","coordinates":[129.00489000000005,-23.159719999999936],"crs":null},"id":501,"type":"Feature","properties":{"bushtel_url":"https://bushtel.nt.gov.au/profile/764","community_name":"MUYIN","land_council":"CENTRAL LAND COUNCIL","latitude":-23.15972,"local_govt_council":"MACDONNELL","ward":"LURITJA PINTUBI","ntg_region":"CENTRAL AUSTRALIA","community_id":764,"main_language":"Not recorded","community_aliases":"MOYEN,MUYINNGA","population_count":null,"community_type":"Family Outstation","electorate":"GWOJA","population_source":"Not recorded","objectid":501,"longitude":129.00489}},{"geometry":{"type":"Point","coordinates":[130.4833500000001,-15.706559999999968],"crs":null},"id":502,"type":"Feature","properties":{"bushtel_url":"https://bushtel.nt.gov.au/profile/678","community_name":"MYATT","land_council":"NORTHERN LAND COUNCIL","latitude":-15.70656,"local_govt_council":"VICTORIA DALY","ward":"TIMBER CREEK","ntg_region":"BIG RIVERS","community_id":678,"main_language":"Not recorded","community_aliases":"5 MILE,FIVE MILE,GULARDI,JERRY'S","population_count":12,"community_type":"Family Outstation","electorate":"DALY","population_source":"Homelands Service Provider Report 2023","objectid":502,"longitude":130.48335}},{"geometry":{"type":"Point","coordinates":[133.29216000000008,-12.308289999999943],"crs":null},"id":503,"type":"Feature","properties":{"bushtel_url":"https://bushtel.nt.gov.au/profile/395","community_name":"NABARLEK","land_council":"NORTHERN LAND COUNCIL","latitude":-12.30829,"local_govt_council":"WEST ARNHEM","ward":"GUNBALANYA","ntg_region":"TOP END","community_id":395,"main_language":"Not recorded","community_aliases":"NARBALEK","population_count":null,"community_type":"Family Outstation","electorate":"ARAFURA","population_source":"Not recorded","objectid":503,"longitude":133.29216}},{"geometry":{"type":"Point","coordinates":[134.4022500000001,-12.061249999999973],"crs":null},"id":504,"type":"Feature","properties":{"bushtel_url":"https://bushtel.nt.gov.au/profile/887","community_name":"NABBARLA KUNINDABBA","land_council":"NORTHERN LAND COUNCIL","latitude":-12.06125,"local_govt_council":"WEST ARNHEM","ward":"MANINGRIDA","ntg_region":"TOP END","community_id":887,"main_language":"Not recorded","community_aliases":"NAQARLA,ROCKY POINT","population_count":null,"community_type":"Family Outstation","electorate":"ARAFURA","population_source":"Not recorded","objectid":504,"longitude":134.40225}},{"geometry":{"type":"Point","coordinates":[134.2945400000001,-11.993839999999977],"crs":null},"id":505,"type":"Feature","properties":{"bushtel_url":"https://bushtel.nt.gov.au/profile/886","community_name":"NADILMUK","land_council":"NORTHERN LAND COUNCIL","latitude":-11.99384,"local_govt_council":"WEST ARNHEM","ward":"MANINGRIDA","ntg_region":"TOP END","community_id":886,"main_language":"Not recorded","community_aliases":"NDJUDDA POINT","population_count":5,"community_type":"Family Outstation","electorate":"ARAFURA","population_source":"Homelands Service Provider Report 2023","objectid":505,"longitude":134.29454}},{"geometry":{"type":"Point","coordinates":[129.76657000000012,-13.953759999999932],"crs":null},"id":506,"type":"Feature","properties":{"bushtel_url":"https://bushtel.nt.gov.au/profile/396","community_name":"NADIRRI","land_council":"NORTHERN LAND COUNCIL","latitude":-13.95376,"local_govt_council":"WEST DALY","ward":"THAMARRURR/PINDI PINDI","ntg_region":"TOP END","community_id":396,"main_language":"Not recorded","community_aliases":"NARDIDI,NARDIRRI","population_count":null,"community_type":"Family Outstation","electorate":"DALY","population_source":"Not recorded","objectid":506,"longitude":129.76657}},{"geometry":{"type":"Point","coordinates":[135.1786300000001,-12.54195999999996],"crs":null},"id":507,"type":"Feature","properties":{"bushtel_url":"https://bushtel.nt.gov.au/profile/541","community_name":"NALIYINDI","land_council":"NORTHERN LAND COUNCIL","latitude":-12.54196,"local_govt_council":"EAST ARNHEM","ward":"GUMURR MIYARRKA","ntg_region":"EAST ARNHEM","community_id":541,"main_language":"Not recorded","community_aliases":"NALIYINJI,NALYINDI,NAYAWILI,NGLIYINDI","population_count":null,"community_type":"Family Outstation","electorate":"ARNHEM","population_source":"Not recorded","objectid":507,"longitude":135.17863}},{"geometry":{"type":"Point","coordinates":[129.8587900000001,-14.229449999999929],"crs":null},"id":508,"type":"Feature","properties":{"bushtel_url":"https://bushtel.nt.gov.au/profile/1026","community_name":"NAMA","land_council":"NORTHERN LAND COUNCIL","latitude":-14.22945,"local_govt_council":"WEST DALY","ward":"THAMARRURR/PINDI PINDI","ntg_region":"TOP END","community_id":1026,"main_language":"Not recorded","community_aliases":"WUDIPULINAMA","population_count":28,"community_type":"Family Outstation","electorate":"DALY","population_source":"Homelands Service Provider Report 2023","objectid":508,"longitude":129.85879}},{"geometry":{"type":"Point","coordinates":[133.71549000000005,-18.568179999999927],"crs":null},"id":509,"type":"Feature","properties":{"bushtel_url":"https://bushtel.nt.gov.au/profile/906","community_name":"NAMERINNI","land_council":"NORTHERN LAND COUNCIL","latitude":-18.56818,"local_govt_council":"BARKLY","ward":"KUWARRANGU","ntg_region":"BARKLY","community_id":906,"main_language":"Not recorded","community_aliases":"TOMKINSON CREEK","population_count":null,"community_type":"Family Outstation","electorate":"BARKLY","population_source":"Not recorded","objectid":509,"longitude":133.71549}},{"geometry":{"type":"Point","coordinates":[134.0247300000001,-12.157789999999977],"crs":null},"id":510,"type":"Feature","properties":{"bushtel_url":"https://bushtel.nt.gov.au/profile/389","community_name":"NAMUGARDABU","land_council":"NORTHERN LAND COUNCIL","latitude":-12.15779,"local_govt_council":"WEST ARNHEM","ward":"GUNBALANYA","ntg_region":"TOP END","community_id":389,"main_language":"Not recorded","community_aliases":"NAMAGARDABU,NAMAGARRARBU,NAMURGARDABU","population_count":null,"community_type":"Family Outstation","electorate":"ARAFURA","population_source":"Not recorded","objectid":510,"longitude":134.02473}},{"geometry":{"type":"Point","coordinates":[134.2838700000001,-12.211479999999938],"crs":null},"id":511,"type":"Feature","properties":{"bushtel_url":"https://bushtel.nt.gov.au/profile/392","community_name":"NANGAK","land_council":"NORTHERN LAND COUNCIL","latitude":-12.21148,"local_govt_council":"WEST ARNHEM","ward":"MANINGRIDA","ntg_region":"TOP END","community_id":392,"main_language":"Not recorded","community_aliases":"NANGARK","population_count":14,"community_type":"Family Outstation","electorate":"ARAFURA","population_source":"Homelands Service Provider Report 2023","objectid":511,"longitude":134.28387}},{"geometry":{"type":"Point","coordinates":[129.37335000000007,-14.373139999999978],"crs":null},"id":512,"type":"Feature","properties":{"bushtel_url":"https://bushtel.nt.gov.au/profile/393","community_name":"NANGU","land_council":"NORTHERN LAND COUNCIL","latitude":-14.37314,"local_govt_council":"WEST DALY","ward":"THAMARRURR/PINDI PINDI","ntg_region":"TOP END","community_id":393,"main_language":"Not recorded","community_aliases":"POINT PEARCE","population_count":null,"community_type":"Family Outstation","electorate":"DALY","population_source":"Not recorded","objectid":512,"longitude":129.37335}},{"geometry":{"type":"Point","coordinates":[135.8736500000001,-11.760569999999973],"crs":null},"id":513,"type":"Feature","properties":{"bushtel_url":"https://bushtel.nt.gov.au/profile/543","community_name":"NANYINGBURRA","land_council":"NORTHERN LAND COUNCIL","latitude":-11.76057,"local_govt_council":"EAST ARNHEM","ward":"GUMURR MARTHAKAL","ntg_region":"EAST ARNHEM","community_id":543,"main_language":"Not recorded","community_aliases":"NANGABURA,NANGINGBURRA,NANGINYBURRA,NANINGBURA POINT","population_count":7,"community_type":"Family Outstation","electorate":"MULKA","population_source":"Homelands Service Provider Report 2023","objectid":513,"longitude":135.87365}},{"geometry":{"type":"Point","coordinates":[133.61851000000001,-19.104259999999954],"crs":null},"id":514,"type":"Feature","properties":{"bushtel_url":"https://bushtel.nt.gov.au/profile/974","community_name":"NAPAGUNPA","land_council":"CENTRAL LAND COUNCIL","latitude":-19.10426,"local_govt_council":"BARKLY","ward":"PATTA","ntg_region":"BARKLY","community_id":974,"main_language":"Not recorded","community_aliases":"NGAPAGUNPA","population_count":null,"community_type":"Family Outstation","electorate":"BARKLY","population_source":"Not recorded","objectid":514,"longitude":133.61851}},{"geometry":{"type":"Point","coordinates":[132.98113,-24.02112999999997],"crs":null},"id":515,"type":"Feature","properties":{"bushtel_url":"https://bushtel.nt.gov.au/profile/873","community_name":"NATJITNAMA","land_council":"CENTRAL LAND COUNCIL","latitude":-24.02113,"local_govt_council":"MACDONNELL","ward":"LJIRAPINTA","ntg_region":"CENTRAL AUSTRALIA","community_id":873,"main_language":"Not recorded","community_aliases":"No aliases recorded with NTG DIPL","population_count":null,"community_type":"Family Outstation","electorate":"GWOJA","population_source":"Not recorded","objectid":515,"longitude":132.98113}},{"geometry":{"type":"Point","coordinates":[130.68893000000003,-13.750539999999944],"crs":null},"id":516,"type":"Feature","properties":{"bushtel_url":"https://bushtel.nt.gov.au/profile/397","community_name":"NAUIYU","land_council":"NORTHERN LAND COUNCIL","latitude":-13.75054,"local_govt_council":"VICTORIA DALY","ward":"MILNGIN","ntg_region":"TOP END","community_id":397,"main_language":"Kriol","community_aliases":"DALY RIVER,NAMIYU,NAUIYU NAMBIYI,NAUIYU NAMBIYU","population_count":411,"community_type":"Major","electorate":"DALY","population_source":"Based on ABS 2021 Census SA1","objectid":516,"longitude":130.68893}},{"geometry":{"type":"Point","coordinates":[134.24773000000005,-11.988089999999943],"crs":null},"id":517,"type":"Feature","properties":{"bushtel_url":"https://bushtel.nt.gov.au/profile/341","community_name":"NDJUDDA","land_council":"NORTHERN LAND COUNCIL","latitude":-11.98809,"local_govt_council":"WEST ARNHEM","ward":"MANINGRIDA","ntg_region":"TOP END","community_id":341,"main_language":"Not recorded","community_aliases":"NDJUDDA POINT,NJUDDA,NJUDDA POINT","population_count":null,"community_type":"Family Outstation","electorate":"ARAFURA","population_source":"Not recorded","objectid":517,"longitude":134.24773}},{"geometry":{"type":"Point","coordinates":[130.0032500000001,-14.241219999999942],"crs":null},"id":518,"type":"Feature","properties":{"bushtel_url":"https://bushtel.nt.gov.au/profile/716","community_name":"NEMARLUK","land_council":"NORTHERN LAND COUNCIL","latitude":-14.24122,"local_govt_council":"WEST DALY","ward":"THAMARRURR/PINDI PINDI","ntg_region":"TOP END","community_id":716,"main_language":"Not recorded","community_aliases":"No aliases recorded with NTG DIPL","population_count":24,"community_type":"Family Outstation","electorate":"DALY","population_source":"Homelands Service Provider Report 2023","objectid":518,"longitude":130.00325}},{"geometry":{"type":"Point","coordinates":[131.32769000000008,-23.221719999999948],"crs":null},"id":519,"type":"Feature","properties":{"bushtel_url":"https://bushtel.nt.gov.au/profile/121","community_name":"NEW BORE","land_council":"CENTRAL LAND COUNCIL","latitude":-23.22172,"local_govt_council":"MACDONNELL","ward":"LURITJA PINTUBI","ntg_region":"CENTRAL AUSTRALIA","community_id":121,"main_language":"Not recorded","community_aliases":"WADIYAWANU","population_count":9,"community_type":"Family Outstation","electorate":"GWOJA","population_source":"Homelands Service Provider Report 2023","objectid":519,"longitude":131.32769}},{"geometry":{"type":"Point","coordinates":[133.8706800000001,-23.765759999999943],"crs":null},"id":520,"type":"Feature","properties":{"bushtel_url":"https://bushtel.nt.gov.au/profile/47","community_name":"NEW ILPARPA","land_council":"CENTRAL LAND COUNCIL","latitude":-23.76576,"local_govt_council":"ALICE SPRINGS","ward":"Not recorded","ntg_region":"CENTRAL AUSTRALIA","community_id":47,"main_language":"Not recorded","community_aliases":"ALICE SPRINGS TOWN CAMP,ILPARPA","population_count":null,"community_type":"Town Camp","electorate":"NAMATJIRA","population_source":"Not recorded","objectid":520,"longitude":133.87068}},{"geometry":{"type":"Point","coordinates":[133.41030000000012,-17.37179999999995],"crs":null},"id":521,"type":"Feature","properties":{"bushtel_url":"https://bushtel.nt.gov.au/profile/21684","community_name":"NEWCASTLE WATERS","land_council":"NORTHERN LAND COUNCIL","latitude":-17.3718,"local_govt_council":"BARKLY","ward":"KUWARRANGU","ntg_region":"BARKLY","community_id":21684,"main_language":"Not recorded","community_aliases":"No aliases recorded with NTG DIPL","population_count":null,"community_type":"Village","electorate":"BARKLY","population_source":"Not recorded","objectid":521,"longitude":133.4103}},{"geometry":{"type":"Point","coordinates":[136.45640000000003,-13.820009999999968],"crs":null},"id":522,"type":"Feature","properties":{"bushtel_url":"https://bushtel.nt.gov.au/profile/545","community_name":"NGADUMIYERRKA","land_council":"ANINDILYAKWA LAND COUNCIL","latitude":-13.82001,"local_govt_council":"EAST ARNHEM","ward":"ANINDILYAKWA","ntg_region":"EAST ARNHEM","community_id":545,"main_language":"Not recorded","community_aliases":"LITTLE PARADISE,NGADUMI TERRN","population_count":27,"community_type":"Family Outstation","electorate":"ARNHEM","population_source":"Homelands Service Provider Report 2023","objectid":522,"longitude":136.4564}},{"geometry":{"type":"Point","coordinates":[134.1936300000001,-19.63528999999994],"crs":null},"id":523,"type":"Feature","properties":{"bushtel_url":"https://bushtel.nt.gov.au/profile/246","community_name":"NGALPA NGALPA","land_council":"CENTRAL LAND COUNCIL","latitude":-19.63529,"local_govt_council":"BARKLY","ward":"PATTA","ntg_region":"BARKLY","community_id":246,"main_language":"Not recorded","community_aliases":"MULGA CAMP","population_count":null,"community_type":"Town Camp","electorate":"BARKLY","population_source":"Not recorded","objectid":523,"longitude":134.19363}},{"geometry":{"type":"Point","coordinates":[134.99224000000004,-12.29834999999997],"crs":null},"id":524,"type":"Feature","properties":{"bushtel_url":"https://bushtel.nt.gov.au/profile/542","community_name":"NGANGALALA","land_council":"NORTHERN LAND COUNCIL","latitude":-12.29835,"local_govt_council":"EAST ARNHEM","ward":"BIRR RAWARRANG","ntg_region":"EAST ARNHEM","community_id":542,"main_language":"Not recorded","community_aliases":"NANGALA,NANGALALA","population_count":44,"community_type":"Minor","electorate":"MULKA","population_source":"Homelands Service Provider Report 2023","objectid":524,"longitude":134.99224}},{"geometry":{"type":"Point","coordinates":[129.9158000000001,-25.222049999999967],"crs":null},"id":525,"type":"Feature","properties":{"bushtel_url":"https://bushtel.nt.gov.au/profile/16207","community_name":"NGANGURR","land_council":"CENTRAL LAND COUNCIL","latitude":-25.22205,"local_govt_council":"MACDONNELL","ward":"IYARRKA","ntg_region":"CENTRAL AUSTRALIA","community_id":16207,"main_language":"Not recorded","community_aliases":"No aliases recorded with NTG DIPL","population_count":null,"community_type":"Family Outstation","electorate":"GWOJA","population_source":"Not recorded","objectid":525,"longitude":129.9158}},{"geometry":{"type":"Point","coordinates":[131.8796900000001,-23.46458999999993],"crs":null},"id":526,"type":"Feature","properties":{"bushtel_url":"https://bushtel.nt.gov.au/profile/765","community_name":"NGANKIRITJA","land_council":"CENTRAL LAND COUNCIL","latitude":-23.46459,"local_govt_council":"MACDONNELL","ward":"LURITJA PINTUBI","ntg_region":"CENTRAL AUSTRALIA","community_id":765,"main_language":"Not recorded","community_aliases":"NGANRRITJA","population_count":10,"community_type":"Family Outstation","electorate":"GWOJA","population_source":"Homelands Service Provider Report 2023","objectid":526,"longitude":131.87969}},{"geometry":{"type":"Point","coordinates":[129.87889000000007,-14.351109999999949],"crs":null},"id":527,"type":"Feature","properties":{"bushtel_url":"https://bushtel.nt.gov.au/profile/404","community_name":"NGANMARRIYANGA","land_council":"NORTHERN LAND COUNCIL","latitude":-14.35111,"local_govt_council":"WEST DALY","ward":"NGANMARRIYANGA","ntg_region":"TOP END","community_id":404,"main_language":"Murrinh Patha","community_aliases":"PALUMPA","population_count":427,"community_type":"Major","electorate":"DALY","population_source":"Based on ABS 2021 Census SA1","objectid":527,"longitude":129.87889}},{"geometry":{"type":"Point","coordinates":[133.2784600000001,-19.86187999999993],"crs":null},"id":528,"type":"Feature","properties":{"bushtel_url":"https://bushtel.nt.gov.au/profile/731","community_name":"NGAPPAMILARNU","land_council":"CENTRAL LAND COUNCIL","latitude":-19.86188,"local_govt_council":"BARKLY","ward":"ALYAWARR","ntg_region":"BARKLY","community_id":731,"main_language":"Not recorded","community_aliases":"MANGALAURNA,NGAPAMILARNU,NGAPPAMILARWU,PAWARINJI,YANKIRIKILANGU,YANKIRRAKALONG","population_count":null,"community_type":"Family Outstation","electorate":"BARKLY","population_source":"Not recorded","objectid":528,"longitude":133.27846}},{"geometry":{"type":"Point","coordinates":[129.48431000000005,-14.192879999999946],"crs":null},"id":529,"type":"Feature","properties":{"bushtel_url":"https://bushtel.nt.gov.au/profile/430","community_name":"NGARDINITCHI","land_council":"NORTHERN LAND COUNCIL","latitude":-14.19288,"local_govt_council":"WEST DALY","ward":"THAMARRURR/PINDI PINDI","ntg_region":"TOP END","community_id":430,"main_language":"Not recorded","community_aliases":"NGARDINITH,WENTEK,WENTES NGANAMI WENTEK","population_count":null,"community_type":"Family Outstation","electorate":"DALY","population_source":"Not recorded","objectid":529,"longitude":129.48431}},{"geometry":{"type":"Point","coordinates":[134.3569900000001,-12.790259999999932],"crs":null},"id":762,"type":"Feature","properties":{"bushtel_url":"https://bushtel.nt.gov.au/profile/796","community_name":"YAMINYI","land_council":"NORTHERN LAND COUNCIL","latitude":-12.79026,"local_govt_council":"WEST ARNHEM","ward":"MANINGRIDA","ntg_region":"TOP END","community_id":796,"main_language":"Not recorded","community_aliases":"YAMINI","population_count":null,"community_type":"Family Outstation","electorate":"ARAFURA","population_source":"Not recorded","objectid":762,"longitude":134.35699}},{"geometry":{"type":"Point","coordinates":[131.7727000000001,-22.125099999999975],"crs":null},"id":530,"type":"Feature","properties":{"bushtel_url":"https://bushtel.nt.gov.au/profile/23746","community_name":"NGARILIKIRLANGU","land_council":"CENTRAL LAND COUNCIL","latitude":-22.1251,"local_govt_council":"CENTRAL DESERT","ward":"SOUTHERN TANAMI","ntg_region":"CENTRAL AUSTRALIA","community_id":23746,"main_language":"Not recorded","community_aliases":"No aliases recorded with NTG DIPL","population_count":null,"community_type":"Family Outstation","electorate":"GWOJA","population_source":"Not recorded","objectid":530,"longitude":131.7727}},{"geometry":{"type":"Point","coordinates":[129.42257000000006,-14.462039999999945],"crs":null},"id":531,"type":"Feature","properties":{"bushtel_url":"https://bushtel.nt.gov.au/profile/913","community_name":"NGARINTHI","land_council":"NORTHERN LAND COUNCIL","latitude":-14.46204,"local_govt_council":"WEST DALY","ward":"THAMARRURR/PINDI PINDI","ntg_region":"TOP END","community_id":913,"main_language":"Not recorded","community_aliases":"WUMARR","population_count":null,"community_type":"Family Outstation","electorate":"DALY","population_source":"Not recorded","objectid":531,"longitude":129.42257}},{"geometry":{"type":"Point","coordinates":[133.40906000000007,-11.866289999999935],"crs":null},"id":532,"type":"Feature","properties":{"bushtel_url":"https://bushtel.nt.gov.au/profile/969","community_name":"NGARLU NGARLU","land_council":"NORTHERN LAND COUNCIL","latitude":-11.86629,"local_govt_council":"WEST ARNHEM","ward":"BARRAH","ntg_region":"TOP END","community_id":969,"main_language":"Not recorded","community_aliases":"KING RIVER","population_count":null,"community_type":"Family Outstation","electorate":"ARAFURA","population_source":"Not recorded","objectid":532,"longitude":133.40906}},{"geometry":{"type":"Point","coordinates":[129.90876000000003,-20.175659999999937],"crs":null},"id":533,"type":"Feature","properties":{"bushtel_url":"https://bushtel.nt.gov.au/profile/869","community_name":"NGARNKA","land_council":"CENTRAL LAND COUNCIL","latitude":-20.17566,"local_govt_council":"CENTRAL DESERT","ward":"NORTHERN TANAMI","ntg_region":"CENTRAL AUSTRALIA","community_id":869,"main_language":"Not recorded","community_aliases":"BLUE BUSH","population_count":null,"community_type":"Family Outstation","electorate":"GWOJA","population_source":"Not recorded","objectid":533,"longitude":129.90876}},{"geometry":{"type":"Point","coordinates":[135.57450000000006,-11.994299999999953],"crs":null},"id":534,"type":"Feature","properties":{"bushtel_url":"https://bushtel.nt.gov.au/profile/544","community_name":"NGAYAWILLI","land_council":"NORTHERN LAND COUNCIL","latitude":-11.9943,"local_govt_council":"EAST ARNHEM","ward":"GUMURR MARTHAKAL","ntg_region":"EAST ARNHEM","community_id":544,"main_language":"Not recorded","community_aliases":"FIRST CREEK,NAYAWILLI","population_count":8,"community_type":"Family Outstation","electorate":"MULKA","population_source":"Homelands Service Provider Report 2023","objectid":534,"longitude":135.5745}},{"geometry":{"type":"Point","coordinates":[135.52562000000012,-13.544679999999971],"crs":null},"id":535,"type":"Feature","properties":{"bushtel_url":"https://bushtel.nt.gov.au/profile/546","community_name":"NGILIPITJI","land_council":"NORTHERN LAND COUNCIL","latitude":-13.54468,"local_govt_council":"EAST ARNHEM","ward":"GUMURR MIYARRKA","ntg_region":"EAST ARNHEM","community_id":546,"main_language":"Not recorded","community_aliases":"NGULIPITJI","population_count":null,"community_type":"Family Outstation","electorate":"ARNHEM","population_source":"Not recorded","objectid":535,"longitude":135.52562}},{"geometry":{"type":"Point","coordinates":[133.45832000000007,-11.600029999999947],"crs":null},"id":536,"type":"Feature","properties":{"bushtel_url":"https://bushtel.nt.gov.au/profile/802","community_name":"NGIPIN","land_council":"NORTHERN LAND COUNCIL","latitude":-11.60003,"local_govt_council":"WEST ARNHEM","ward":"BARRAH","ntg_region":"TOP END","community_id":802,"main_language":"Not recorded","community_aliases":"NGIJBIN,NGIJIPIN,SOUTH GOULBURN","population_count":null,"community_type":"Family Outstation","electorate":"ARAFURA","population_source":"Not recorded","objectid":536,"longitude":133.45832}},{"geometry":{"type":"Point","coordinates":[134.79113000000007,-21.727409999999963],"crs":null},"id":537,"type":"Feature","properties":{"bushtel_url":"https://bushtel.nt.gov.au/profile/126","community_name":"NGKWARLERLANEM","land_council":"CENTRAL LAND COUNCIL","latitude":-21.72741,"local_govt_council":"BARKLY","ward":"ALYAWARR","ntg_region":"BARKLY","community_id":126,"main_language":"Not recorded","community_aliases":"NGKWARLALANIMA,NGWALALANIMA","population_count":null,"community_type":"Family Outstation","electorate":"BARKLY","population_source":"Not recorded","objectid":537,"longitude":134.79113}},{"geometry":{"type":"Point","coordinates":[134.73210000000006,-14.731699999999933],"crs":null},"id":538,"type":"Feature","properties":{"bushtel_url":"https://bushtel.nt.gov.au/profile/633","community_name":"NGUKURR","land_council":"NORTHERN LAND COUNCIL","latitude":-14.7317,"local_govt_council":"ROPER GULF","ward":"YUGUL MANGI","ntg_region":"BIG RIVERS","community_id":633,"main_language":"Eastside Kriol","community_aliases":"ROPER RIVER","population_count":1277,"community_type":"Major","electorate":"ARNHEM","population_source":"Based on ABS 2021 Census SA1","objectid":538,"longitude":134.7321}},{"geometry":{"type":"Point","coordinates":[129.75638000000004,-23.541579999999954],"crs":null},"id":539,"type":"Feature","properties":{"bushtel_url":"https://bushtel.nt.gov.au/profile/125","community_name":"NGUMAN","land_council":"CENTRAL LAND COUNCIL","latitude":-23.54158,"local_govt_council":"MACDONNELL","ward":"LURITJA PINTUBI","ntg_region":"CENTRAL AUSTRALIA","community_id":125,"main_language":"Not recorded","community_aliases":"NEUMAN,NEUNMAN,NGUNMAN,NUGLUMAN","population_count":null,"community_type":"Family Outstation","electorate":"GWOJA","population_source":"Not recorded","objectid":539,"longitude":129.75638}},{"geometry":{"type":"Point","coordinates":[131.2545,-23.264839999999936],"crs":null},"id":540,"type":"Feature","properties":{"bushtel_url":"https://bushtel.nt.gov.au/profile/24900","community_name":"NGUNGA","land_council":"CENTRAL LAND COUNCIL","latitude":-23.26484,"local_govt_council":"MACDONNELL","ward":"LURITJA PINTUBI","ntg_region":"CENTRAL AUSTRALIA","community_id":24900,"main_language":"Not recorded","community_aliases":"No aliases recorded with NTG DIPL","population_count":5,"community_type":"Family Outstation","electorate":"GWOJA","population_source":"Homelands Service Provider Report 2023","objectid":540,"longitude":131.2545}},{"geometry":{"type":"Point","coordinates":[129.36183000000005,-14.40444999999994],"crs":null},"id":541,"type":"Feature","properties":{"bushtel_url":"https://bushtel.nt.gov.au/profile/915","community_name":"NGUNTHAK","land_council":"NORTHERN LAND COUNCIL","latitude":-14.40445,"local_govt_council":"WEST DALY","ward":"THAMARRURR/PINDI PINDI","ntg_region":"TOP END","community_id":915,"main_language":"Not recorded","community_aliases":"No aliases recorded with NTG DIPL","population_count":null,"community_type":"Family Outstation","electorate":"DALY","population_source":"Not recorded","objectid":541,"longitude":129.36183}},{"geometry":{"type":"Point","coordinates":[135.4055300000001,-19.42134999999996],"crs":null},"id":542,"type":"Feature","properties":{"bushtel_url":"https://bushtel.nt.gov.au/profile/907","community_name":"NGURRARA","land_council":"NORTHERN LAND COUNCIL","latitude":-19.42135,"local_govt_council":"BARKLY","ward":"KUWARRANGU","ntg_region":"BARKLY","community_id":907,"main_language":"Not recorded","community_aliases":"FREWENA,WOLLALA","population_count":10,"community_type":"Family Outstation","electorate":"BARKLY","population_source":"Homelands Service Provider Report 2023","objectid":542,"longitude":135.40553}},{"geometry":{"type":"Point","coordinates":[134.51670000000001,-20.11669999999998],"crs":null},"id":543,"type":"Feature","properties":{"bushtel_url":"https://bushtel.nt.gov.au/profile/16217","community_name":"NGURRUTIJI","land_council":"CENTRAL LAND COUNCIL","latitude":-20.1167,"local_govt_council":"BARKLY","ward":"PATTA","ntg_region":"BARKLY","community_id":16217,"main_language":"Not recorded","community_aliases":"No aliases recorded with NTG DIPL","population_count":null,"community_type":"Family Outstation","electorate":"BARKLY","population_source":"Not recorded","objectid":543,"longitude":134.5167}},{"geometry":{"type":"Point","coordinates":[129.46752000000004,-23.29676999999998],"crs":null},"id":544,"type":"Feature","properties":{"bushtel_url":"https://bushtel.nt.gov.au/profile/763","community_name":"NGUTJUL","land_council":"CENTRAL LAND COUNCIL","latitude":-23.29677,"local_govt_council":"MACDONNELL","ward":"LURITJA PINTUBI","ntg_region":"CENTRAL AUSTRALIA","community_id":763,"main_language":"Not recorded","community_aliases":"No aliases recorded with NTG DIPL","population_count":null,"community_type":"Family Outstation","electorate":"GWOJA","population_source":"Not recorded","objectid":544,"longitude":129.46752}},{"geometry":{"type":"Point","coordinates":[134.3857700000001,-20.087129999999945],"crs":null},"id":545,"type":"Feature","properties":{"bushtel_url":"https://bushtel.nt.gov.au/profile/839","community_name":"NGUYARRAMINI","land_council":"CENTRAL LAND COUNCIL","latitude":-20.08713,"local_govt_council":"BARKLY","ward":"PATTA","ntg_region":"BARKLY","community_id":839,"main_language":"Not recorded","community_aliases":"WAIRAMINNEE","population_count":25,"community_type":"Family Outstation","electorate":"BARKLY","population_source":"Homelands Service Provider Report 2023","objectid":545,"longitude":134.38577}},{"geometry":{"type":"Point","coordinates":[136.7763000000001,-12.186999999999955],"crs":null},"id":546,"type":"Feature","properties":{"bushtel_url":"https://bushtel.nt.gov.au/profile/16222","community_name":"NHULUNBUY","land_council":"NORTHERN LAND COUNCIL","latitude":-12.187,"local_govt_council":"UN-INCORPORATED (NHULUNBUY)","ward":"Not recorded","ntg_region":"EAST ARNHEM","community_id":16222,"main_language":"Not recorded","community_aliases":"No aliases recorded with NTG DIPL","population_count":null,"community_type":"Town","electorate":"MULKA","population_source":"Not recorded","objectid":546,"longitude":136.7763}},{"geometry":{"type":"Point","coordinates":[135.54545000000007,-12.089619999999968],"crs":null},"id":547,"type":"Feature","properties":{"bushtel_url":"https://bushtel.nt.gov.au/profile/547","community_name":"NIKAWU","land_council":"NORTHERN LAND COUNCIL","latitude":-12.08962,"local_govt_council":"EAST ARNHEM","ward":"GUMURR MARTHAKAL","ntg_region":"EAST ARNHEM","community_id":547,"main_language":"Not recorded","community_aliases":"HOWARD ISLAND,NIKAWUNGYURA","population_count":null,"community_type":"Family Outstation","electorate":"MULKA","population_source":"Not recorded","objectid":547,"longitude":135.54545}},{"geometry":{"type":"Point","coordinates":[131.22037000000012,-16.814119999999946],"crs":null},"id":548,"type":"Feature","properties":{"bushtel_url":"https://bushtel.nt.gov.au/profile/639","community_name":"NITJPURRU","land_council":"NORTHERN LAND COUNCIL","latitude":-16.81412,"local_govt_council":"VICTORIA DALY","ward":"WALANGERI","ntg_region":"BIG RIVERS","community_id":639,"main_language":"Gurindji / Ngarinyman","community_aliases":"BUNBIDEE","population_count":142,"community_type":"Minor","electorate":"GWOJA","population_source":"Based on ABS 2021 Census SA1","objectid":548,"longitude":131.22037}},{"geometry":{"type":"Point","coordinates":[136.84527000000003,-15.56293999999997],"crs":null},"id":549,"type":"Feature","properties":{"bushtel_url":"https://bushtel.nt.gov.au/profile/814","community_name":"NORTH ISLAND","land_council":"NORTHERN LAND COUNCIL","latitude":-15.56294,"local_govt_council":"ROPER GULF","ward":"SOUTH WEST GULF","ntg_region":"BIG RIVERS","community_id":814,"main_language":"Not recorded","community_aliases":"BARRANYI,WEBE POINT","population_count":null,"community_type":"Family Outstation","electorate":"BARKLY","population_source":"Not recorded","objectid":549,"longitude":136.84527}},{"geometry":{"type":"Point","coordinates":[132.68001000000004,-23.895009999999957],"crs":null},"id":550,"type":"Feature","properties":{"bushtel_url":"https://bushtel.nt.gov.au/profile/770","community_name":"NTAKARRA","land_council":"CENTRAL LAND COUNCIL","latitude":-23.89501,"local_govt_council":"MACDONNELL","ward":"LJIRAPINTA","ntg_region":"CENTRAL AUSTRALIA","community_id":770,"main_language":"Not recorded","community_aliases":"No aliases recorded with NTG DIPL","population_count":4,"community_type":"Family Outstation","electorate":"GWOJA","population_source":"Homelands Service Provider Report 2023","objectid":550,"longitude":132.68001}},{"geometry":{"type":"Point","coordinates":[133.26529000000005,-22.12378999999993],"crs":null},"id":551,"type":"Feature","properties":{"bushtel_url":"https://bushtel.nt.gov.au/profile/127","community_name":"NTURIYA","land_council":"CENTRAL LAND COUNCIL","latitude":-22.12379,"local_govt_council":"CENTRAL DESERT","ward":"ANMATJERE","ntg_region":"CENTRAL AUSTRALIA","community_id":127,"main_language":"Anmatyerr","community_aliases":"TI TREE,TI TREE STATION","population_count":77,"community_type":"Major","electorate":"BARKLY","population_source":"Based on ABS 2021 Census SA1","objectid":551,"longitude":133.26529}},{"geometry":{"type":"Point","coordinates":[137.96944000000008,-17.979979999999955],"crs":null},"id":552,"type":"Feature","properties":{"bushtel_url":"https://bushtel.nt.gov.au/profile/251","community_name":"NUDJABARRA","land_council":"NORTHERN LAND COUNCIL","latitude":-17.97998,"local_govt_council":"BARKLY","ward":"KUWARRANGU","ntg_region":"BARKLY","community_id":251,"main_language":"Not recorded","community_aliases":"NAJABARRA,NICHOLSON RIVER,NUDGABURRA,NUDGEBURRA","population_count":null,"community_type":"Family Outstation","electorate":"BARKLY","population_source":"Not recorded","objectid":552,"longitude":137.96944}},{"geometry":{"type":"Point","coordinates":[134.93128000000002,-14.787289999999928],"crs":null},"id":553,"type":"Feature","properties":{"bushtel_url":"https://bushtel.nt.gov.au/profile/632","community_name":"NULAWAN","land_council":"NORTHERN LAND COUNCIL","latitude":-14.78729,"local_govt_council":"ROPER GULF","ward":"YUGUL MANGI","ntg_region":"BIG RIVERS","community_id":632,"main_language":"Not recorded","community_aliases":"NALAWAN,NALLAWAN,NALLAWUN,NALLOWA","population_count":4,"community_type":"Family Outstation","electorate":"ARNHEM","population_source":"Homelands Service Provider Report 2023","objectid":553,"longitude":134.93128}},{"geometry":{"type":"Point","coordinates":[135.7406000000001,-14.279099999999971],"crs":null},"id":554,"type":"Feature","properties":{"bushtel_url":"https://bushtel.nt.gov.au/profile/549","community_name":"NUMBULWAR","land_council":"NORTHERN LAND COUNCIL","latitude":-14.2791,"local_govt_council":"ROPER GULF","ward":"NUMBULWAR NUMBURINDI","ntg_region":"BIG RIVERS","community_id":549,"main_language":"Eastside Kriol","community_aliases":"ROSE RIVER","population_count":799,"community_type":"Major","electorate":"ARNHEM","population_source":"Based on ABS 2021 Census SA1","objectid":554,"longitude":135.7406}},{"geometry":{"type":"Point","coordinates":[134.9772700000001,-14.59158999999994],"crs":null},"id":555,"type":"Feature","properties":{"bushtel_url":"https://bushtel.nt.gov.au/profile/635","community_name":"NUMMERLOORI","land_council":"NORTHERN LAND COUNCIL","latitude":-14.59159,"local_govt_council":"ROPER GULF","ward":"YUGUL MANGI","ntg_region":"BIG RIVERS","community_id":635,"main_language":"Not recorded","community_aliases":"NAMALIWIRRI,NAMALURI","population_count":null,"community_type":"Family Outstation","electorate":"ARNHEM","population_source":"Not recorded","objectid":555,"longitude":134.97727}},{"geometry":{"type":"Point","coordinates":[134.50849000000005,-20.11436999999995],"crs":null},"id":556,"type":"Feature","properties":{"bushtel_url":"https://bushtel.nt.gov.au/profile/253","community_name":"NURADIDGEE","land_council":"CENTRAL LAND COUNCIL","latitude":-20.11437,"local_govt_council":"BARKLY","ward":"PATTA","ntg_region":"BARKLY","community_id":253,"main_language":"Not recorded","community_aliases":"NGURADIDGEE,NGURAMINYI,NGUYARRMINI,NURADIGEE","population_count":null,"community_type":"Family Outstation","electorate":"BARKLY","population_source":"Not recorded","objectid":556,"longitude":134.50849}},{"geometry":{"type":"Point","coordinates":[133.8628500000001,-23.68778999999995],"crs":null},"id":557,"type":"Feature","properties":{"bushtel_url":"https://bushtel.nt.gov.au/profile/129","community_name":"NYEWENTE","land_council":"CENTRAL LAND COUNCIL","latitude":-23.68779,"local_govt_council":"ALICE SPRINGS","ward":"Not recorded","ntg_region":"CENTRAL AUSTRALIA","community_id":129,"main_language":"Not recorded","community_aliases":"NYWENTE,OOTHNARANGATCHA,TRUCKING YARDS","population_count":null,"community_type":"Town Camp","electorate":"BRAITLING","population_source":"Not recorded","objectid":557,"longitude":133.86285}},{"geometry":{"type":"Point","coordinates":[130.55320000000006,-22.650499999999965],"crs":null},"id":558,"type":"Feature","properties":{"bushtel_url":"https://bushtel.nt.gov.au/profile/128","community_name":"NYIRRIPI","land_council":"CENTRAL LAND COUNCIL","latitude":-22.6505,"local_govt_council":"CENTRAL DESERT","ward":"SOUTHERN TANAMI","ntg_region":"CENTRAL AUSTRALIA","community_id":128,"main_language":"Warlpiri","community_aliases":"WAITE CREEK","population_count":295,"community_type":"Major","electorate":"GWOJA","population_source":"Based on ABS 2021 Census SA1","objectid":558,"longitude":130.5532}},{"geometry":{"type":"Point","coordinates":[133.93218000000002,-24.384979999999928],"crs":null},"id":559,"type":"Feature","properties":{"bushtel_url":"https://bushtel.nt.gov.au/profile/789","community_name":"OAK VALLEY","land_council":"CENTRAL LAND COUNCIL","latitude":-24.38498,"local_govt_council":"MACDONNELL","ward":"RODINGA","ntg_region":"CENTRAL AUSTRALIA","community_id":789,"main_language":"Not recorded","community_aliases":"ROBERT ROSS CAMP","population_count":4,"community_type":"Family Outstation","electorate":"NAMATJIRA","population_source":"Homelands Service Provider Report 2023","objectid":559,"longitude":133.93218}},{"geometry":{"type":"Point","coordinates":[129.4980700000001,-14.129179999999963],"crs":null},"id":560,"type":"Feature","properties":{"bushtel_url":"https://bushtel.nt.gov.au/profile/914","community_name":"OLD MISSION","land_council":"NORTHERN LAND COUNCIL","latitude":-14.12918,"local_govt_council":"WEST DALY","ward":"THAMARRURR/PINDI PINDI","ntg_region":"TOP END","community_id":914,"main_language":"Not recorded","community_aliases":"WUNDAKUNNY","population_count":20,"community_type":"Family Outstation","electorate":"DALY","population_source":"Homelands Service Provider Report 2023","objectid":560,"longitude":129.49807}},{"geometry":{"type":"Point","coordinates":[132.86345000000006,-24.019109999999955],"crs":null},"id":561,"type":"Feature","properties":{"bushtel_url":"https://bushtel.nt.gov.au/profile/100","community_name":"OLD STATION","land_council":"CENTRAL LAND COUNCIL","latitude":-24.01911,"local_govt_council":"MACDONNELL","ward":"LJIRAPINTA","ntg_region":"CENTRAL AUSTRALIA","community_id":100,"main_language":"Not recorded","community_aliases":"MBAKUPUTA,MPAKAPUTA,PMAKAPUTA","population_count":2,"community_type":"Family Outstation","electorate":"GWOJA","population_source":"Homelands Service Provider Report 2023","objectid":561,"longitude":132.86345}},{"geometry":{"type":"Point","coordinates":[129.06454000000008,-24.887149999999963],"crs":null},"id":562,"type":"Feature","properties":{"bushtel_url":"https://bushtel.nt.gov.au/profile/878","community_name":"OONDALOO","land_council":"CENTRAL LAND COUNCIL","latitude":-24.88715,"local_govt_council":"MACDONNELL","ward":"IYARRKA","ntg_region":"CENTRAL AUSTRALIA","community_id":878,"main_language":"Not recorded","community_aliases":"No aliases recorded with NTG DIPL","population_count":null,"community_type":"Family Outstation","electorate":"GWOJA","population_source":"Not recorded","objectid":562,"longitude":129.06454}},{"geometry":{"type":"Point","coordinates":[136.16829000000007,-22.78457999999995],"crs":null},"id":563,"type":"Feature","properties":{"bushtel_url":"https://bushtel.nt.gov.au/profile/26","community_name":"ORRTIPA-THURRA","land_council":"CENTRAL LAND COUNCIL","latitude":-22.78458,"local_govt_council":"CENTRAL DESERT","ward":"AKITYARRE","ntg_region":"CENTRAL AUSTRALIA","community_id":26,"main_language":"Not recorded","community_aliases":"BAIKAL,BONYA,DORTIPPA-THURRA ASSOC,ORRTIPA THURRA,ORTIPETHERRE,ORTIPPA THURA","population_count":62,"community_type":"Minor","electorate":"NAMATJIRA","population_source":"Homelands Service Provider Report 2023","objectid":563,"longitude":136.16829}},{"geometry":{"type":"Point","coordinates":[134.4184600000001,-19.50437999999997],"crs":null},"id":564,"type":"Feature","properties":{"bushtel_url":"https://bushtel.nt.gov.au/profile/975","community_name":"PAKULKI","land_council":"CENTRAL LAND COUNCIL","latitude":-19.50438,"local_govt_council":"BARKLY","ward":"PATTA","ntg_region":"BARKLY","community_id":975,"main_language":"Not recorded","community_aliases":"No aliases recorded with NTG DIPL","population_count":6,"community_type":"Family Outstation","electorate":"BARKLY","population_source":"Homelands Service Provider Report 2023","objectid":564,"longitude":134.41846}},{"geometry":{"type":"Point","coordinates":[132.68126000000007,-24.085339999999974],"crs":null},"id":565,"type":"Feature","properties":{"bushtel_url":"https://bushtel.nt.gov.au/profile/773","community_name":"PALM PADDOCK","land_council":"CENTRAL LAND COUNCIL","latitude":-24.08534,"local_govt_council":"MACDONNELL","ward":"LJIRAPINTA","ntg_region":"CENTRAL AUSTRALIA","community_id":773,"main_language":"Not recorded","community_aliases":"INTIYA MANGAMA,INTIYAMANGAMA,INTYAMANGAMA,PALM VALLEY","population_count":4,"community_type":"Family Outstation","electorate":"GWOJA","population_source":"Homelands Service Provider Report 2023","objectid":565,"longitude":132.68126}},{"geometry":{"type":"Point","coordinates":[130.9841,-12.480799999999931],"crs":null},"id":566,"type":"Feature","properties":{"bushtel_url":"https://bushtel.nt.gov.au/profile/17470","community_name":"PALMERSTON","land_council":"NORTHERN LAND COUNCIL","latitude":-12.4808,"local_govt_council":"PALMERSTON","ward":"Not recorded","ntg_region":"DARWIN, PALMERSTON, LITCHFIELD","community_id":17470,"main_language":"Not recorded","community_aliases":"No aliases recorded with NTG DIPL","population_count":null,"community_type":"Town","electorate":"DRYSDALE","population_source":"Not recorded","objectid":566,"longitude":130.9841}},{"geometry":{"type":"Point","coordinates":[131.01168000000007,-12.488099999999974],"crs":null},"id":567,"type":"Feature","properties":{"bushtel_url":"https://bushtel.nt.gov.au/profile/403","community_name":"PALMERSTON INDIGENOUS VILLAGE","land_council":"NORTHERN LAND COUNCIL","latitude":-12.4881,"local_govt_council":"PALMERSTON","ward":"Not recorded","ntg_region":"DARWIN, PALMERSTON, LITCHFIELD","community_id":403,"main_language":"Not recorded","community_aliases":"16 MILE,PALMERSTON TOWN CAMP","population_count":null,"community_type":"Town Camp","electorate":"NELSON","population_source":"Not recorded","objectid":567,"longitude":131.01168}},{"geometry":{"type":"Point","coordinates":[130.5558900000001,-13.074779999999976],"crs":null},"id":568,"type":"Feature","properties":{"bushtel_url":"https://bushtel.nt.gov.au/profile/369","community_name":"PANDAYAL","land_council":"NORTHERN LAND COUNCIL","latitude":-13.07478,"local_govt_council":"UN-INCORPORATED (COX-DALY)","ward":"Not recorded","ntg_region":"TOP END","community_id":369,"main_language":"Not recorded","community_aliases":"MCCALLUM CREEK,MCCULLUM,TWIN HILL,TWO SISTERS HILLS","population_count":8,"community_type":"Family Outstation","electorate":"DALY","population_source":"Homelands Service Provider Report 2023","objectid":568,"longitude":130.55589}},{"geometry":{"type":"Point","coordinates":[134.78921000000003,-23.37057999999996],"crs":null},"id":569,"type":"Feature","properties":{"bushtel_url":"https://bushtel.nt.gov.au/profile/997","community_name":"PANTHARRPILENHE","land_council":"CENTRAL LAND COUNCIL","latitude":-23.37058,"local_govt_council":"CENTRAL DESERT","ward":"AKITYARRE","ntg_region":"CENTRAL AUSTRALIA","community_id":997,"main_language":"Not recorded","community_aliases":"AMBALINDUM,PANEL WELL","population_count":4,"community_type":"Family Outstation","electorate":"NAMATJIRA","population_source":"Homelands Service Provider Report 2023","objectid":569,"longitude":134.78921}},{"geometry":{"type":"Point","coordinates":[133.11207000000002,-24.45010999999994],"crs":null},"id":570,"type":"Feature","properties":{"bushtel_url":"https://bushtel.nt.gov.au/profile/854","community_name":"PANTYINTEME","land_council":"CENTRAL LAND COUNCIL","latitude":-24.45011,"local_govt_council":"MACDONNELL","ward":"LJIRAPINTA","ntg_region":"CENTRAL AUSTRALIA","community_id":854,"main_language":"Not recorded","community_aliases":"CAVE HOLE","population_count":12,"community_type":"Family Outstation","electorate":"GWOJA","population_source":"Homelands Service Provider Report 2023","objectid":570,"longitude":133.11207}},{"geometry":{"type":"Point","coordinates":[130.02548000000002,-14.307619999999929],"crs":null},"id":571,"type":"Feature","properties":{"bushtel_url":"https://bushtel.nt.gov.au/profile/405","community_name":"PAPANGALA","land_council":"NORTHERN LAND COUNCIL","latitude":-14.30762,"local_govt_council":"WEST DALY","ward":"THAMARRURR/PINDI PINDI","ntg_region":"TOP END","community_id":405,"main_language":"Not recorded","community_aliases":"MULCHILL,PERREDERR","population_count":12,"community_type":"Family Outstation","electorate":"DALY","population_source":"Homelands Service Provider Report 2023","objectid":571,"longitude":130.02548}},{"geometry":{"type":"Point","coordinates":[131.91110000000003,-23.203059999999937],"crs":null},"id":572,"type":"Feature","properties":{"bushtel_url":"https://bushtel.nt.gov.au/profile/131","community_name":"PAPUNYA","land_council":"CENTRAL LAND COUNCIL","latitude":-23.20306,"local_govt_council":"MACDONNELL","ward":"LURITJA PINTUBI","ntg_region":"CENTRAL AUSTRALIA","community_id":131,"main_language":"Luritja/Pintupi","community_aliases":"No aliases recorded with NTG DIPL","population_count":514,"community_type":"Major","electorate":"GWOJA","population_source":"Based on ABS 2021 Census SA1","objectid":572,"longitude":131.9111}},{"geometry":{"type":"Point","coordinates":[132.53271000000007,-12.93909999999994],"crs":null},"id":573,"type":"Feature","properties":{"bushtel_url":"https://bushtel.nt.gov.au/profile/281","community_name":"PARADISE FARM","land_council":"NORTHERN LAND COUNCIL","latitude":-12.9391,"local_govt_council":"WEST ARNHEM","ward":"KAKADU","ntg_region":"TOP END","community_id":281,"main_language":"Not recorded","community_aliases":"ALDERSON,ALDERSON STATION,JIM JIM PARK HQ,JIM JIM RANGER STATION","population_count":12,"community_type":"Family Outstation","electorate":"ARAFURA","population_source":"Homelands Service Provider Report 2023","objectid":573,"longitude":132.53271}},{"geometry":{"type":"Point","coordinates":[130.65104000000008,-18.684379999999976],"crs":null},"id":574,"type":"Feature","properties":{"bushtel_url":"https://bushtel.nt.gov.au/profile/638","community_name":"PARNTA","land_council":"CENTRAL LAND COUNCIL","latitude":-18.68438,"local_govt_council":"CENTRAL DESERT","ward":"NORTHERN TANAMI","ntg_region":"BIG RIVERS","community_id":638,"main_language":"Not recorded","community_aliases":"WINNECKE","population_count":null,"community_type":"Family Outstation","electorate":"GWOJA","population_source":"Not recorded","objectid":574,"longitude":130.65104}},{"geometry":{"type":"Point","coordinates":[130.90912000000003,-20.452759999999955],"crs":null},"id":575,"type":"Feature","properties":{"bushtel_url":"https://bushtel.nt.gov.au/profile/40","community_name":"PARRULYU","land_council":"CENTRAL LAND COUNCIL","latitude":-20.45276,"local_govt_council":"CENTRAL DESERT","ward":"NORTHERN TANAMI","ntg_region":"CENTRAL AUSTRALIA","community_id":40,"main_language":"Not recorded","community_aliases":"MT DAVIDSON,YARRIPIRRI","population_count":null,"community_type":"Family Outstation","electorate":"GWOJA","population_source":"Not recorded","objectid":575,"longitude":130.90912}},{"geometry":{"type":"Point","coordinates":[130.64642000000003,-11.749819999999943],"crs":null},"id":576,"type":"Feature","properties":{"bushtel_url":"https://bushtel.nt.gov.au/profile/407","community_name":"PARU","land_council":"TIWI LAND COUNCIL","latitude":-11.74982,"local_govt_council":"TIWI ISLANDS","ward":"PIRLANGIMPI WARD","ntg_region":"TOP END","community_id":407,"main_language":"Not recorded","community_aliases":"No aliases recorded with NTG DIPL","population_count":3,"community_type":"Family Outstation","electorate":"ARAFURA","population_source":"Homelands Service Provider Report 2023","objectid":576,"longitude":130.64642}},{"geometry":{"type":"Point","coordinates":[132.56901000000005,-12.948259999999948],"crs":null},"id":577,"type":"Feature","properties":{"bushtel_url":"https://bushtel.nt.gov.au/profile/409","community_name":"PATONGA (AIRSTRIP)","land_council":"NORTHERN LAND COUNCIL","latitude":-12.94826,"local_govt_council":"WEST ARNHEM","ward":"KAKADU","ntg_region":"TOP END","community_id":409,"main_language":"Not recorded","community_aliases":"MURDUJUL","population_count":15,"community_type":"Family Outstation","electorate":"ARAFURA","population_source":"Homelands Service Provider Report 2023","objectid":577,"longitude":132.56901}},{"geometry":{"type":"Point","coordinates":[132.5804700000001,-12.958029999999951],"crs":null},"id":578,"type":"Feature","properties":{"bushtel_url":"https://bushtel.nt.gov.au/profile/900","community_name":"PATONGA (HOMESTEAD)","land_council":"NORTHERN LAND COUNCIL","latitude":-12.95803,"local_govt_council":"WEST ARNHEM","ward":"KAKADU","ntg_region":"TOP END","community_id":900,"main_language":"Not recorded","community_aliases":"No aliases recorded with NTG DIPL","population_count":10,"community_type":"Family Outstation","electorate":"ARAFURA","population_source":"Homelands Service Provider Report 2023","objectid":578,"longitude":132.58047}},{"geometry":{"type":"Point","coordinates":[133.55621000000008,-23.770739999999932],"crs":null},"id":579,"type":"Feature","properties":{"bushtel_url":"https://bushtel.nt.gov.au/profile/926","community_name":"PAYEPERRENTYE (B)","land_council":"CENTRAL LAND COUNCIL","latitude":-23.77074,"local_govt_council":"MACDONNELL","ward":"RODINGA","ntg_region":"CENTRAL AUSTRALIA","community_id":926,"main_language":"Not recorded","community_aliases":"No aliases recorded with NTG DIPL","population_count":4,"community_type":"Family Outstation","electorate":"NAMATJIRA","population_source":"Homelands Service Provider Report 2023","objectid":579,"longitude":133.55621}},{"geometry":{"type":"Point","coordinates":[135.67273000000012,-22.787249999999972],"crs":null},"id":580,"type":"Feature","properties":{"bushtel_url":"https://bushtel.nt.gov.au/profile/1014","community_name":"PENYEME","land_council":"CENTRAL LAND COUNCIL","latitude":-22.78725,"local_govt_council":"CENTRAL DESERT","ward":"AKITYARRE","ntg_region":"CENTRAL AUSTRALIA","community_id":1014,"main_language":"Not recorded","community_aliases":"No aliases recorded with NTG DIPL","population_count":null,"community_type":"Family Outstation","electorate":"NAMATJIRA","population_source":"Not recorded","objectid":580,"longitude":135.67273}},{"geometry":{"type":"Point","coordinates":[130.07630000000006,-14.150299999999959],"crs":null},"id":581,"type":"Feature","properties":{"bushtel_url":"https://bushtel.nt.gov.au/profile/410","community_name":"PEPPIMENARTI","land_council":"NORTHERN LAND COUNCIL","latitude":-14.1503,"local_govt_council":"WEST DALY","ward":"TYEMIRRI","ntg_region":"TOP END","community_id":410,"main_language":"Ngan'gikurunggurr","community_aliases":"No aliases recorded with NTG DIPL","population_count":223,"community_type":"Major","electorate":"DALY","population_source":"Based on ABS 2021 Census SA1","objectid":581,"longitude":130.0763}},{"geometry":{"type":"Point","coordinates":[129.82661000000007,-14.01962999999995],"crs":null},"id":582,"type":"Feature","properties":{"bushtel_url":"https://bushtel.nt.gov.au/profile/406","community_name":"PERREDERR","land_council":"NORTHERN LAND COUNCIL","latitude":-14.01963,"local_govt_council":"WEST DALY","ward":"THAMARRURR/PINDI PINDI","ntg_region":"TOP END","community_id":406,"main_language":"Not recorded","community_aliases":"MULCHILL,PARADALE","population_count":61,"community_type":"Family Outstation","electorate":"DALY","population_source":"Homelands Service Provider Report 2023","objectid":582,"longitude":129.82661}},{"geometry":{"type":"Point","coordinates":[133.31956000000002,-24.41325999999998],"crs":null},"id":583,"type":"Feature","properties":{"bushtel_url":"https://bushtel.nt.gov.au/profile/859","community_name":"PERTARRATENGE","land_council":"CENTRAL LAND COUNCIL","latitude":-24.41326,"local_govt_council":"MACDONNELL","ward":"LJIRAPINTA","ntg_region":"CENTRAL AUSTRALIA","community_id":859,"main_language":"Not recorded","community_aliases":"BOOMERANG BORE","population_count":24,"community_type":"Family Outstation","electorate":"GWOJA","population_source":"Homelands Service Provider Report 2023","objectid":583,"longitude":133.31956}},{"geometry":{"type":"Point","coordinates":[133.64573000000007,-23.75817999999998],"crs":null},"id":584,"type":"Feature","properties":{"bushtel_url":"https://bushtel.nt.gov.au/profile/927","community_name":"PERTE THERRE","land_council":"CENTRAL LAND COUNCIL","latitude":-23.75818,"local_govt_council":"MACDONNELL","ward":"RODINGA","ntg_region":"CENTRAL AUSTRALIA","community_id":927,"main_language":"Not recorded","community_aliases":"No aliases recorded with NTG DIPL","population_count":17,"community_type":"Family Outstation","electorate":"NAMATJIRA","population_source":"Homelands Service Provider Report 2023","objectid":584,"longitude":133.64573}},{"geometry":{"type":"Point","coordinates":[133.4336300000001,-21.999719999999968],"crs":null},"id":585,"type":"Feature","properties":{"bushtel_url":"https://bushtel.nt.gov.au/profile/860","community_name":"PETYALE","land_council":"CENTRAL LAND COUNCIL","latitude":-21.99972,"local_govt_council":"CENTRAL DESERT","ward":"ANMATJERE","ntg_region":"CENTRAL AUSTRALIA","community_id":860,"main_language":"Not recorded","community_aliases":"No aliases recorded with NTG DIPL","population_count":3,"community_type":"Family Outstation","electorate":"BARKLY","population_source":"Homelands Service Provider Report 2023","objectid":585,"longitude":133.43363}},{"geometry":{"type":"Point","coordinates":[134.43038,-24.095929999999953],"crs":null},"id":586,"type":"Feature","properties":{"bushtel_url":"https://bushtel.nt.gov.au/profile/133","community_name":"PHILLIPSON BORE","land_council":"CENTRAL LAND COUNCIL","latitude":-24.09593,"local_govt_council":"MACDONNELL","ward":"RODINGA","ntg_region":"CENTRAL AUSTRALIA","community_id":133,"main_language":"Not recorded","community_aliases":"PHILIPSON BORE","population_count":6,"community_type":"Family Outstation","electorate":"NAMATJIRA","population_source":"Homelands Service Provider Report 2023","objectid":586,"longitude":134.43038}},{"geometry":{"type":"Point","coordinates":[129.7827900000001,-19.827109999999948],"crs":null},"id":587,"type":"Feature","properties":{"bushtel_url":"https://bushtel.nt.gov.au/profile/604","community_name":"PICININNY BORE","land_council":"CENTRAL LAND COUNCIL","latitude":-19.82711,"local_govt_council":"CENTRAL DESERT","ward":"NORTHERN TANAMI","ntg_region":"CENTRAL AUSTRALIA","community_id":604,"main_language":"Not recorded","community_aliases":"BLACK HILLS,TJABALAJABALA","population_count":null,"community_type":"Family Outstation","electorate":"GWOJA","population_source":"Not recorded","objectid":587,"longitude":129.78279}},{"geometry":{"type":"Point","coordinates":[130.89011000000005,-11.763609999999971],"crs":null},"id":588,"type":"Feature","properties":{"bushtel_url":"https://bushtel.nt.gov.au/profile/744","community_name":"PICKERTARAMOOR","land_council":"TIWI LAND COUNCIL","latitude":-11.76361,"local_govt_council":"TIWI ISLANDS","ward":"PIRLANGIMPI WARD","ntg_region":"TOP END","community_id":744,"main_language":"Not recorded","community_aliases":"No aliases recorded with NTG DIPL","population_count":null,"community_type":"Minor","electorate":"ARAFURA","population_source":"Not recorded","objectid":588,"longitude":130.89011}},{"geometry":{"type":"Point","coordinates":[131.83440000000007,-13.82269999999994],"crs":null},"id":589,"type":"Feature","properties":{"bushtel_url":"https://bushtel.nt.gov.au/profile/17626","community_name":"PINE CREEK","land_council":"NORTHERN LAND COUNCIL","latitude":-13.8227,"local_govt_council":"VICTORIA DALY","ward":"PINE CREEK","ntg_region":"BIG RIVERS","community_id":17626,"main_language":"Not recorded","community_aliases":"No aliases recorded with NTG DIPL","population_count":373,"community_type":"Village","electorate":"DALY","population_source":"Based on ABS 2021 Census SA1","objectid":589,"longitude":131.8344}},{"geometry":{"type":"Point","coordinates":[131.8310600000001,-13.816009999999949],"crs":null},"id":590,"type":"Feature","properties":{"bushtel_url":"https://bushtel.nt.gov.au/profile/640","community_name":"PINE CREEK COMPOUND","land_council":"NORTHERN LAND COUNCIL","latitude":-13.81601,"local_govt_council":"VICTORIA DALY","ward":"PINE CREEK","ntg_region":"BIG RIVERS","community_id":640,"main_language":"Not recorded","community_aliases":"STOCKADE CAMP","population_count":null,"community_type":"Town Camp","electorate":"DALY","population_source":"Not recorded","objectid":590,"longitude":131.83106}},{"geometry":{"type":"Point","coordinates":[133.05366000000004,-22.379489999999976],"crs":null},"id":591,"type":"Feature","properties":{"bushtel_url":"https://bushtel.nt.gov.au/profile/134","community_name":"PINE HILL","land_council":"CENTRAL LAND COUNCIL","latitude":-22.37949,"local_govt_council":"CENTRAL DESERT","ward":"ANMATJERE","ntg_region":"CENTRAL AUSTRALIA","community_id":134,"main_language":"Not recorded","community_aliases":"ANYUMGYUMBA,AYUNGYMBA","population_count":null,"community_type":"Family Outstation","electorate":"BARKLY","population_source":"Not recorded","objectid":591,"longitude":133.05366}},{"geometry":{"type":"Point","coordinates":[133.88269000000003,-19.093199999999968],"crs":null},"id":592,"type":"Feature","properties":{"bushtel_url":"https://bushtel.nt.gov.au/profile/255","community_name":"PINGALA","land_council":"CENTRAL LAND COUNCIL","latitude":-19.0932,"local_govt_council":"BARKLY","ward":"PATTA","ntg_region":"BARKLY","community_id":255,"main_language":"Not recorded","community_aliases":"JRUNTU JANGU,JURNTA JUNGU,JURNTU JUNGU,NUALIDU","population_count":null,"community_type":"Family Outstation","electorate":"BARKLY","population_source":"Not recorded","objectid":592,"longitude":133.88269}},{"geometry":{"type":"Point","coordinates":[130.3709500000001,-18.809579999999983],"crs":null},"id":593,"type":"Feature","properties":{"bushtel_url":"https://bushtel.nt.gov.au/profile/752","community_name":"PINJA","land_council":"CENTRAL LAND COUNCIL","latitude":-18.80958,"local_govt_council":"CENTRAL DESERT","ward":"NORTHERN TANAMI","ntg_region":"BIG RIVERS","community_id":752,"main_language":"Not recorded","community_aliases":"MT WINNECKE,PIELEGJA,PILEAJA,WINNECKE CREEK","population_count":null,"community_type":"Family Outstation","electorate":"GWOJA","population_source":"Not recorded","objectid":593,"longitude":130.37095}},{"geometry":{"type":"Point","coordinates":[129.4632200000001,-23.16274999999996],"crs":null},"id":594,"type":"Feature","properties":{"bushtel_url":"https://bushtel.nt.gov.au/profile/136","community_name":"PINPIRNGA","land_council":"CENTRAL LAND COUNCIL","latitude":-23.16275,"local_govt_council":"MACDONNELL","ward":"LURITJA PINTUBI","ntg_region":"CENTRAL AUSTRALIA","community_id":136,"main_language":"Not recorded","community_aliases":"DESERT BORE,PINIARNGA,PINPIARNA,PINPIARNGA,PINPIRRNGA","population_count":null,"community_type":"Family Outstation","electorate":"GWOJA","population_source":"Not recorded","objectid":594,"longitude":129.46322}},{"geometry":{"type":"Point","coordinates":[130.4172000000001,-11.405899999999974],"crs":null},"id":595,"type":"Feature","properties":{"bushtel_url":"https://bushtel.nt.gov.au/profile/411","community_name":"PIRLANGIMPI","land_council":"TIWI LAND COUNCIL","latitude":-11.4059,"local_govt_council":"TIWI ISLANDS","ward":"PIRLANGIMPI WARD","ntg_region":"TOP END","community_id":411,"main_language":"Tiwi (Modern and Traditional)","community_aliases":"GARDEN POINT,PULARUMPI","population_count":372,"community_type":"Major","electorate":"ARAFURA","population_source":"Based on ABS 2021 Census SA1","objectid":595,"longitude":130.4172}},{"geometry":{"type":"Point","coordinates":[133.43073000000004,-22.208779999999933],"crs":null},"id":596,"type":"Feature","properties":{"bushtel_url":"https://bushtel.nt.gov.au/profile/138","community_name":"PMARA JUTUNTA","land_council":"CENTRAL LAND COUNCIL","latitude":-22.20878,"local_govt_council":"CENTRAL DESERT","ward":"ANMATJERE","ntg_region":"CENTRAL AUSTRALIA","community_id":138,"main_language":"Anmatyerr / Warlpiri","community_aliases":"SIX MILE,TI TREE SIX MILE","population_count":169,"community_type":"Major","electorate":"BARKLY","population_source":"Based on ABS 2021 Census SA1","objectid":596,"longitude":133.43073}},{"geometry":{"type":"Point","coordinates":[129.1065400000001,-15.778529999999932],"crs":null},"id":597,"type":"Feature","properties":{"bushtel_url":"https://bushtel.nt.gov.au/profile/701","community_name":"POLICEMANS HOLE","land_council":"NORTHERN LAND COUNCIL","latitude":-15.77853,"local_govt_council":"VICTORIA DALY","ward":"TIMBER CREEK","ntg_region":"BIG RIVERS","community_id":701,"main_language":"Not recorded","community_aliases":"LITTLE POLICEMANS HOLE,NYAWANYAWAN DAWANG","population_count":null,"community_type":"Family Outstation","electorate":"GWOJA","population_source":"Not recorded","objectid":597,"longitude":129.10654}},{"geometry":{"type":"Point","coordinates":[132.3797800000001,-22.563319999999976],"crs":null},"id":598,"type":"Feature","properties":{"bushtel_url":"https://bushtel.nt.gov.au/profile/139","community_name":"PULARDI","land_council":"CENTRAL LAND COUNCIL","latitude":-22.56332,"local_govt_council":"CENTRAL DESERT","ward":"ANMATJERE","ntg_region":"CENTRAL AUSTRALIA","community_id":139,"main_language":"Not recorded","community_aliases":"DESERT BORE,MT ALLAN","population_count":40,"community_type":"Family Outstation","electorate":"GWOJA","population_source":"Homelands Service Provider Report 2023","objectid":598,"longitude":132.37978}},{"geometry":{"type":"Point","coordinates":[134.68879000000004,-22.07060999999993],"crs":null},"id":599,"type":"Feature","properties":{"bushtel_url":"https://bushtel.nt.gov.au/profile/730","community_name":"PUNGALINDUM","land_council":"CENTRAL LAND COUNCIL","latitude":-22.07061,"local_govt_council":"BARKLY","ward":"ALYAWARR","ntg_region":"BARKLY","community_id":730,"main_language":"Not recorded","community_aliases":"ALPARRINYA,APENGARLINTEM,APUNGALINDUM,PUNGALINDEM,PUNGALINOEM","population_count":33,"community_type":"Family Outstation","electorate":"BARKLY","population_source":"Homelands Service Provider Report 2023","objectid":599,"longitude":134.68879}},{"geometry":{"type":"Point","coordinates":[134.5080700000001,-20.31061999999997],"crs":null},"id":600,"type":"Feature","properties":{"bushtel_url":"https://bushtel.nt.gov.au/profile/840","community_name":"PUNJARRIJI","land_council":"CENTRAL LAND COUNCIL","latitude":-20.31062,"local_govt_council":"BARKLY","ward":"PATTA","ntg_region":"BARKLY","community_id":840,"main_language":"Not recorded","community_aliases":"MOSQUITO CREEK","population_count":null,"community_type":"Family Outstation","electorate":"BARKLY","population_source":"Not recorded","objectid":600,"longitude":134.50807}},{"geometry":{"type":"Point","coordinates":[129.29393000000005,-24.673919999999953],"crs":null},"id":601,"type":"Feature","properties":{"bushtel_url":"https://bushtel.nt.gov.au/profile/140","community_name":"PUNRITJANTA","land_council":"CENTRAL LAND COUNCIL","latitude":-24.67392,"local_govt_council":"MACDONNELL","ward":"IYARRKA","ntg_region":"CENTRAL AUSTRALIA","community_id":140,"main_language":"Not recorded","community_aliases":"BLOODS RANGE,PUNITJANTA,PUNTITJARA,PUNTITJATA","population_count":null,"community_type":"Family Outstation","electorate":"GWOJA","population_source":"Not recorded","objectid":601,"longitude":129.29393}},{"geometry":{"type":"Point","coordinates":[135.6962900000001,-19.945619999999963],"crs":null},"id":602,"type":"Feature","properties":{"bushtel_url":"https://bushtel.nt.gov.au/profile/732","community_name":"PURRUKUWURRU","land_council":"CENTRAL LAND COUNCIL","latitude":-19.94562,"local_govt_council":"BARKLY","ward":"ALYAWARR","ntg_region":"BARKLY","community_id":732,"main_language":"Not recorded","community_aliases":"No aliases recorded with NTG DIPL","population_count":null,"community_type":"Family Outstation","electorate":"BARKLY","population_source":"Not recorded","objectid":602,"longitude":135.69629}},{"geometry":{"type":"Point","coordinates":[129.6404500000001,-25.07344999999998],"crs":null},"id":603,"type":"Feature","properties":{"bushtel_url":"https://bushtel.nt.gov.au/profile/141","community_name":"PUTA PUTA","land_council":"CENTRAL LAND COUNCIL","latitude":-25.07345,"local_govt_council":"MACDONNELL","ward":"IYARRKA","ntg_region":"CENTRAL AUSTRALIA","community_id":141,"main_language":"Not recorded","community_aliases":"No aliases recorded with NTG DIPL","population_count":null,"community_type":"Family Outstation","electorate":"GWOJA","population_source":"Not recorded","objectid":603,"longitude":129.64045}},{"geometry":{"type":"Point","coordinates":[130.36849000000007,-11.224569999999972],"crs":null},"id":604,"type":"Feature","properties":{"bushtel_url":"https://bushtel.nt.gov.au/profile/1020","community_name":"PUTJAMIRRA","land_council":"TIWI LAND COUNCIL","latitude":-11.22457,"local_govt_council":"TIWI ISLANDS","ward":"PIRLANGIMPI WARD","ntg_region":"TOP END","community_id":1020,"main_language":"Not recorded","community_aliases":"PITJAMIRRA","population_count":4,"community_type":"Family Outstation","electorate":"ARAFURA","population_source":"Homelands Service Provider Report 2023","objectid":604,"longitude":130.36849}},{"geometry":{"type":"Point","coordinates":[131.36997000000008,-21.343819999999937],"crs":null},"id":605,"type":"Feature","properties":{"bushtel_url":"https://bushtel.nt.gov.au/profile/117","community_name":"PUTULU","land_council":"CENTRAL LAND COUNCIL","latitude":-21.34382,"local_govt_council":"CENTRAL DESERT","ward":"SOUTHERN TANAMI","ntg_region":"CENTRAL AUSTRALIA","community_id":117,"main_language":"Not recorded","community_aliases":"MT. THEO,PITULU,PUTULAI,PUTURLU,WANAYAKA","population_count":null,"community_type":"Family Outstation","electorate":"GWOJA","population_source":"Not recorded","objectid":605,"longitude":131.36997}},{"geometry":{"type":"Point","coordinates":[130.81753000000003,-21.33116999999993],"crs":null},"id":606,"type":"Feature","properties":{"bushtel_url":"https://bushtel.nt.gov.au/profile/142","community_name":"PUYURRU","land_council":"CENTRAL LAND COUNCIL","latitude":-21.33117,"local_govt_council":"CENTRAL DESERT","ward":"SOUTHERN TANAMI","ntg_region":"CENTRAL AUSTRALIA","community_id":142,"main_language":"Not recorded","community_aliases":"No aliases recorded with NTG DIPL","population_count":null,"community_type":"Family Outstation","electorate":"GWOJA","population_source":"Not recorded","objectid":606,"longitude":130.81753}},{"geometry":{"type":"Point","coordinates":[133.71982000000003,-24.37337999999994],"crs":null},"id":607,"type":"Feature","properties":{"bushtel_url":"https://bushtel.nt.gov.au/profile/940","community_name":"PWERTE MARNTE MARNTE","land_council":"CENTRAL LAND COUNCIL","latitude":-24.37338,"local_govt_council":"MACDONNELL","ward":"RODINGA","ntg_region":"CENTRAL AUSTRALIA","community_id":940,"main_language":"Not recorded","community_aliases":"JOHN HOLLAND BORE","population_count":20,"community_type":"Family Outstation","electorate":"NAMATJIRA","population_source":"Homelands Service Provider Report 2023","objectid":607,"longitude":133.71982}},{"geometry":{"type":"Point","coordinates":[134.79239000000007,-23.372909999999933],"crs":null},"id":608,"type":"Feature","properties":{"bushtel_url":"https://bushtel.nt.gov.au/profile/791","community_name":"PWERTENTYE","land_council":"CENTRAL LAND COUNCIL","latitude":-23.37291,"local_govt_council":"CENTRAL DESERT","ward":"AKITYARRE","ntg_region":"CENTRAL AUSTRALIA","community_id":791,"main_language":"Not recorded","community_aliases":"JACK BRISCOE'S CAMP","population_count":null,"community_type":"Family Outstation","electorate":"NAMATJIRA","population_source":"Not recorded","objectid":608,"longitude":134.79239}},{"geometry":{"type":"Point","coordinates":[130.84390000000008,-12.454039999999964],"crs":null},"id":609,"type":"Feature","properties":{"bushtel_url":"https://bushtel.nt.gov.au/profile/412","community_name":"RAILWAY DAM","land_council":"NORTHERN LAND COUNCIL","latitude":-12.45404,"local_govt_council":"DARWIN","ward":"LYONS","ntg_region":"DARWIN, PALMERSTON, LITCHFIELD","community_id":412,"main_language":"Not recorded","community_aliases":"ONE MILE DAM","population_count":null,"community_type":"Town Camp","electorate":"PORT DARWIN","population_source":"Not recorded","objectid":609,"longitude":130.8439}},{"geometry":{"type":"Point","coordinates":[134.93001000000004,-12.327789999999936],"crs":null},"id":610,"type":"Feature","properties":{"bushtel_url":"https://bushtel.nt.gov.au/profile/550","community_name":"RAMINGINING","land_council":"NORTHERN LAND COUNCIL","latitude":-12.32779,"local_govt_council":"EAST ARNHEM","ward":"BIRR RAWARRANG","ntg_region":"EAST ARNHEM","community_id":550,"main_language":"Yolngu Matha (Djambarrpuyngu)","community_aliases":"No aliases recorded with NTG DIPL","population_count":956,"community_type":"Major","electorate":"MULKA","population_source":"Based on ABS 2021 Census SA1","objectid":610,"longitude":134.93001}},{"geometry":{"type":"Point","coordinates":[133.14814,-23.984879999999976],"crs":null},"id":611,"type":"Feature","properties":{"bushtel_url":"https://bushtel.nt.gov.au/profile/874","community_name":"RARANGANTJUTA","land_council":"CENTRAL LAND COUNCIL","latitude":-23.98488,"local_govt_council":"MACDONNELL","ward":"LJIRAPINTA","ntg_region":"CENTRAL AUSTRALIA","community_id":874,"main_language":"Not recorded","community_aliases":"No aliases recorded with NTG DIPL","population_count":null,"community_type":"Family Outstation","electorate":"GWOJA","population_source":"Not recorded","objectid":611,"longitude":133.14814}},{"geometry":{"type":"Point","coordinates":[136.0025300000001,-12.340309999999931],"crs":null},"id":612,"type":"Feature","properties":{"bushtel_url":"https://bushtel.nt.gov.au/profile/552","community_name":"RAYMANGIRR","land_council":"NORTHERN LAND COUNCIL","latitude":-12.34031,"local_govt_council":"EAST ARNHEM","ward":"GUMURR MIYARRKA","ntg_region":"EAST ARNHEM","community_id":552,"main_language":"Not recorded","community_aliases":"RAMANGIRR,RAMUNGIRR","population_count":26,"community_type":"Family Outstation","electorate":"ARNHEM","population_source":"Homelands Service Provider Report 2023","objectid":612,"longitude":136.00253}},{"geometry":{"type":"Point","coordinates":[132.5696700000001,-12.864489999999932],"crs":null},"id":613,"type":"Feature","properties":{"bushtel_url":"https://bushtel.nt.gov.au/profile/799","community_name":"RED LILY","land_council":"NORTHERN LAND COUNCIL","latitude":-12.86449,"local_govt_council":"WEST ARNHEM","ward":"KAKADU","ntg_region":"TOP END","community_id":799,"main_language":"Not recorded","community_aliases":"GIINDA,GINA","population_count":5,"community_type":"Family Outstation","electorate":"ARAFURA","population_source":"Homelands Service Provider Report 2023","objectid":613,"longitude":132.56967}},{"geometry":{"type":"Point","coordinates":[132.85279000000003,-24.009739999999965],"crs":null},"id":614,"type":"Feature","properties":{"bushtel_url":"https://bushtel.nt.gov.au/profile/5","community_name":"RED SANDHILL","land_council":"CENTRAL LAND COUNCIL","latitude":-24.00974,"local_govt_council":"MACDONNELL","ward":"LJIRAPINTA","ntg_region":"CENTRAL AUSTRALIA","community_id":5,"main_language":"Not recorded","community_aliases":"INTJIRRANGA","population_count":3,"community_type":"Family Outstation","electorate":"GWOJA","population_source":"Homelands Service Provider Report 2023","objectid":614,"longitude":132.85279}},{"geometry":{"type":"Point","coordinates":[129.7081300000001,-14.014839999999936],"crs":null},"id":615,"type":"Feature","properties":{"bushtel_url":"https://bushtel.nt.gov.au/profile/414","community_name":"REDCLIFF","land_council":"NORTHERN LAND COUNCIL","latitude":-14.01484,"local_govt_council":"WEST DALY","ward":"THAMARRURR/PINDI PINDI","ntg_region":"TOP END","community_id":414,"main_language":"Not recorded","community_aliases":"YEDDAIRT","population_count":27,"community_type":"Family Outstation","electorate":"DALY","population_source":"Homelands Service Provider Report 2023","objectid":615,"longitude":129.70813}},{"geometry":{"type":"Point","coordinates":[134.56526000000008,-14.71010999999993],"crs":null},"id":616,"type":"Feature","properties":{"bushtel_url":"https://bushtel.nt.gov.au/profile/641","community_name":"RITTARANGU","land_council":"NORTHERN LAND COUNCIL","latitude":-14.71011,"local_govt_council":"ROPER GULF","ward":"YUGUL MANGI","ntg_region":"BIG RIVERS","community_id":641,"main_language":"Eastside Kriol","community_aliases":"URAPUNGA","population_count":139,"community_type":"Minor","electorate":"ARNHEM","population_source":"Based on ABS 2021 Census SA1","objectid":616,"longitude":134.56526}},{"geometry":{"type":"Point","coordinates":[136.98057000000006,-16.759739999999965],"crs":null},"id":617,"type":"Feature","properties":{"bushtel_url":"https://bushtel.nt.gov.au/profile/258","community_name":"ROBINSON RIVER","land_council":"NORTHERN LAND COUNCIL","latitude":-16.75974,"local_govt_council":"ROPER GULF","ward":"SOUTH WEST GULF","ntg_region":"BIG RIVERS","community_id":258,"main_language":"Eastside Kriol","community_aliases":"MUNGOORBADA","population_count":211,"community_type":"Major","electorate":"BARKLY","population_source":"Based on ABS 2021 Census SA1","objectid":617,"longitude":136.98057}},{"geometry":{"type":"Point","coordinates":[132.1863300000001,-14.519349999999974],"crs":null},"id":618,"type":"Feature","properties":{"bushtel_url":"https://bushtel.nt.gov.au/profile/642","community_name":"ROCKHOLE","land_council":"NORTHERN LAND COUNCIL","latitude":-14.51935,"local_govt_council":"KATHERINE","ward":"Not recorded","ntg_region":"BIG RIVERS","community_id":642,"main_language":"Not recorded","community_aliases":"ROCHOLE","population_count":108,"community_type":"Minor","electorate":"KATHERINE","population_source":"Homelands Service Provider Report 2023","objectid":618,"longitude":132.18633}},{"geometry":{"type":"Point","coordinates":[132.67042000000004,-23.762129999999956],"crs":null},"id":619,"type":"Feature","properties":{"bushtel_url":"https://bushtel.nt.gov.au/profile/144","community_name":"RODNA","land_council":"CENTRAL LAND COUNCIL","latitude":-23.76213,"local_govt_council":"MACDONNELL","ward":"LJIRAPINTA","ntg_region":"CENTRAL AUSTRALIA","community_id":144,"main_language":"Not recorded","community_aliases":"No aliases recorded with NTG DIPL","population_count":null,"community_type":"Family Outstation","electorate":"GWOJA","population_source":"Not recorded","objectid":619,"longitude":132.67042}},{"geometry":{"type":"Point","coordinates":[136.29564000000005,-12.20291999999995],"crs":null},"id":620,"type":"Feature","properties":{"bushtel_url":"https://bushtel.nt.gov.au/profile/469","community_name":"RORRUWUY","land_council":"NORTHERN LAND COUNCIL","latitude":-12.20292,"local_govt_council":"EAST ARNHEM","ward":"GUMURR MARTHAKAL","ntg_region":"EAST ARNHEM","community_id":469,"main_language":"Not recorded","community_aliases":"BURRAWUY,RHODES POINT","population_count":28,"community_type":"Minor","electorate":"MULKA","population_source":"Homelands Service Provider Report 2023","objectid":620,"longitude":136.29564}},{"geometry":{"type":"Point","coordinates":[136.25382000000002,-12.904249999999934],"crs":null},"id":621,"type":"Feature","properties":{"bushtel_url":"https://bushtel.nt.gov.au/profile/480","community_name":"RURRANGALA","land_council":"NORTHERN LAND COUNCIL","latitude":-12.90425,"local_govt_council":"EAST ARNHEM","ward":"GUMURR MIWATJ","ntg_region":"EAST ARNHEM","community_id":480,"main_language":"Not recorded","community_aliases":"DHUWALKITJI,RURRANALI","population_count":14,"community_type":"Family Outstation","electorate":"ARNHEM","population_source":"Homelands Service Provider Report 2023","objectid":621,"longitude":136.25382}},{"geometry":{"type":"Point","coordinates":[132.81527000000006,-23.915809999999965],"crs":null},"id":622,"type":"Feature","properties":{"bushtel_url":"https://bushtel.nt.gov.au/profile/861","community_name":"RUTJINGKA","land_council":"CENTRAL LAND COUNCIL","latitude":-23.91581,"local_govt_council":"MACDONNELL","ward":"LJIRAPINTA","ntg_region":"CENTRAL AUSTRALIA","community_id":861,"main_language":"Not recorded","community_aliases":"No aliases recorded with NTG DIPL","population_count":2,"community_type":"Family Outstation","electorate":"GWOJA","population_source":"Homelands Service Provider Report 2023","objectid":622,"longitude":132.81527}},{"geometry":{"type":"Point","coordinates":[129.93195000000003,-13.860299999999938],"crs":null},"id":623,"type":"Feature","properties":{"bushtel_url":"https://bushtel.nt.gov.au/profile/837","community_name":"SABINA","land_council":"NORTHERN LAND COUNCIL","latitude":-13.8603,"local_govt_council":"WEST DALY","ward":"THAMARRURR/PINDI PINDI","ntg_region":"TOP END","community_id":837,"main_language":"Not recorded","community_aliases":"MUDJALINDI","population_count":null,"community_type":"Family Outstation","electorate":"DALY","population_source":"Not recorded","objectid":623,"longitude":129.93195}},{"geometry":{"type":"Point","coordinates":[134.52822000000003,-23.771199999999965],"crs":null},"id":624,"type":"Feature","properties":{"bushtel_url":"https://bushtel.nt.gov.au/profile/14153168","community_name":"SALT BORE","land_council":"CENTRAL LAND COUNCIL","latitude":-23.7712,"local_govt_council":"MACDONNELL","ward":"RODINGA","ntg_region":"CENTRAL AUSTRALIA","community_id":14153168,"main_language":"Not recorded","community_aliases":"No aliases recorded with NTG DIPL","population_count":4,"community_type":"Family Outstation","electorate":"NAMATJIRA","population_source":"Homelands Service Provider Report 2023","objectid":624,"longitude":134.52822}},{"geometry":{"type":"Point","coordinates":[136.34854000000007,-16.04183999999998],"crs":null},"id":625,"type":"Feature","properties":{"bushtel_url":"https://bushtel.nt.gov.au/profile/988","community_name":"SANDRIDGE","land_council":"NORTHERN LAND COUNCIL","latitude":-16.04184,"local_govt_council":"ROPER GULF","ward":"SOUTH WEST GULF","ntg_region":"BIG RIVERS","community_id":988,"main_language":"Not recorded","community_aliases":"POLICE LAGOON","population_count":16,"community_type":"Family Outstation","electorate":"BARKLY","population_source":"Homelands Service Provider Report 2023","objectid":625,"longitude":136.34854}},{"geometry":{"type":"Point","coordinates":[132.58027000000004,-11.207189999999969],"crs":null},"id":626,"type":"Feature","properties":{"bushtel_url":"https://bushtel.nt.gov.au/profile/892","community_name":"SANDY BAY","land_council":"NORTHERN LAND COUNCIL","latitude":-11.20719,"local_govt_council":"WEST ARNHEM","ward":"BARRAH","ntg_region":"TOP END","community_id":892,"main_language":"Not recorded","community_aliases":"No aliases recorded with NTG DIPL","population_count":4,"community_type":"Family Outstation","electorate":"ARAFURA","population_source":"Homelands Service Provider Report 2023","objectid":626,"longitude":132.58027}},{"geometry":{"type":"Point","coordinates":[132.4995,-24.560299999999927],"crs":null},"id":627,"type":"Feature","properties":{"bushtel_url":"https://bushtel.nt.gov.au/profile/24898","community_name":"SANDY BORE","land_council":"CENTRAL LAND COUNCIL","latitude":-24.5603,"local_govt_council":"MACDONNELL","ward":"LJIRAPINTA","ntg_region":"CENTRAL AUSTRALIA","community_id":24898,"main_language":"Not recorded","community_aliases":"ARNAPIPE","population_count":6,"community_type":"Family Outstation","electorate":"GWOJA","population_source":"Homelands Service Provider Report 2023","objectid":627,"longitude":132.4995}},{"geometry":{"type":"Point","coordinates":[134.37330000000009,-24.130699999999933],"crs":null},"id":628,"type":"Feature","properties":{"bushtel_url":"https://bushtel.nt.gov.au/profile/145","community_name":"SANTA TERESA","land_council":"CENTRAL LAND COUNCIL","latitude":-24.1307,"local_govt_council":"MACDONNELL","ward":"RODINGA","ntg_region":"CENTRAL AUSTRALIA","community_id":145,"main_language":"Eastern / Central Arrernte","community_aliases":"LTYENTE PURTE,LTYENTYE APURTE","population_count":708,"community_type":"Major","electorate":"NAMATJIRA","population_source":"Based on ABS 2021 Census SA1","objectid":628,"longitude":134.3733}},{"geometry":{"type":"Point","coordinates":[136.84751000000006,-13.752119999999934],"crs":null},"id":629,"type":"Feature","properties":{"bushtel_url":"https://bushtel.nt.gov.au/profile/958","community_name":"SCOTT POINT","land_council":"ANINDILYAKWA LAND COUNCIL","latitude":-13.75212,"local_govt_council":"EAST ARNHEM","ward":"ANINDILYAKWA","ntg_region":"EAST ARNHEM","community_id":958,"main_language":"Not recorded","community_aliases":"MILYANGKARRNGARNILANGWA","population_count":null,"community_type":"Family Outstation","electorate":"ARNHEM","population_source":"Not recorded","objectid":629,"longitude":136.84751}},{"geometry":{"type":"Point","coordinates":[136.91303000000005,-16.20321999999993],"crs":null},"id":630,"type":"Feature","properties":{"bushtel_url":"https://bushtel.nt.gov.au/profile/24902","community_name":"SNAKE LAGOON","land_council":"NORTHERN LAND COUNCIL","latitude":-16.20322,"local_govt_council":"ROPER GULF","ward":"SOUTH WEST GULF","ntg_region":"BIG RIVERS","community_id":24902,"main_language":"Not recorded","community_aliases":"No aliases recorded with NTG DIPL","population_count":6,"community_type":"Family Outstation","electorate":"BARKLY","population_source":"Homelands Service Provider Report 2023","objectid":630,"longitude":136.91303}},{"geometry":{"type":"Point","coordinates":[133.91529000000003,-23.159459999999967],"crs":null},"id":631,"type":"Feature","properties":{"bushtel_url":"https://bushtel.nt.gov.au/profile/948","community_name":"SNAKE WELL","land_council":"CENTRAL LAND COUNCIL","latitude":-23.15946,"local_govt_council":"MACDONNELL","ward":"RODINGA","ntg_region":"CENTRAL AUSTRALIA","community_id":948,"main_language":"Not recorded","community_aliases":"AKNGWIRRWELTYE,SNAKE CREEK","population_count":19,"community_type":"Family Outstation","electorate":"NAMATJIRA","population_source":"Homelands Service Provider Report 2023","objectid":631,"longitude":133.91529}},{"geometry":{"type":"Point","coordinates":[136.68821000000003,-15.68901999999997],"crs":null},"id":632,"type":"Feature","properties":{"bushtel_url":"https://bushtel.nt.gov.au/profile/262","community_name":"SOUTH WEST ISLAND","land_council":"NORTHERN LAND COUNCIL","latitude":-15.68902,"local_govt_council":"ROPER GULF","ward":"SOUTH WEST GULF","ntg_region":"BIG RIVERS","community_id":262,"main_language":"Not recorded","community_aliases":"WATHANKA,WATHUNGA","population_count":10,"community_type":"Family Outstation","electorate":"BARKLY","population_source":"Homelands Service Provider Report 2023","objectid":632,"longitude":136.68821}},{"geometry":{"type":"Point","coordinates":[134.91761000000008,-23.043079999999975],"crs":null},"id":633,"type":"Feature","properties":{"bushtel_url":"https://bushtel.nt.gov.au/profile/953","community_name":"SPOTTED TIGER","land_council":"CENTRAL LAND COUNCIL","latitude":-23.04308,"local_govt_council":"CENTRAL DESERT","ward":"AKITYARRE","ntg_region":"CENTRAL AUSTRALIA","community_id":953,"main_language":"Not recorded","community_aliases":"UNPEYEKENHE","population_count":4,"community_type":"Family Outstation","electorate":"NAMATJIRA","population_source":"Homelands Service Provider Report 2023","objectid":633,"longitude":134.91761}},{"geometry":{"type":"Point","coordinates":[132.45424000000003,-12.962659999999971],"crs":null},"id":634,"type":"Feature","properties":{"bushtel_url":"https://bushtel.nt.gov.au/profile/419","community_name":"SPRING PEAK","land_council":"NORTHERN LAND COUNCIL","latitude":-12.96266,"local_govt_council":"WEST ARNHEM","ward":"KAKADU","ntg_region":"TOP END","community_id":419,"main_language":"Not recorded","community_aliases":"URGDURR","population_count":25,"community_type":"Family Outstation","electorate":"ARAFURA","population_source":"Homelands Service Provider Report 2023","objectid":634,"longitude":132.45424}},{"geometry":{"type":"Point","coordinates":[132.5736300000001,-23.949739999999963],"crs":null},"id":635,"type":"Feature","properties":{"bushtel_url":"https://bushtel.nt.gov.au/profile/18","community_name":"SUGAR CREEK","land_council":"CENTRAL LAND COUNCIL","latitude":-23.94974,"local_govt_council":"MACDONNELL","ward":"LJIRAPINTA","ntg_region":"CENTRAL AUSTRALIA","community_id":18,"main_language":"Not recorded","community_aliases":"ANTJAKWERA,ANTJAKWERRA,ARRAWARRA,GANTJAKWERRA","population_count":null,"community_type":"Family Outstation","electorate":"GWOJA","population_source":"Not recorded","objectid":635,"longitude":132.57363}},{"geometry":{"type":"Point","coordinates":[130.8016100000001,-11.815279999999973],"crs":null},"id":636,"type":"Feature","properties":{"bushtel_url":"https://bushtel.nt.gov.au/profile/1013","community_name":"TAKAPIMILIYI","land_council":"TIWI LAND COUNCIL","latitude":-11.81528,"local_govt_council":"TIWI ISLANDS","ward":"PIRLANGIMPI WARD","ntg_region":"TOP END","community_id":1013,"main_language":"Not recorded","community_aliases":"No aliases recorded with NTG DIPL","population_count":2,"community_type":"Family Outstation","electorate":"ARAFURA","population_source":"Homelands Service Provider Report 2023","objectid":636,"longitude":130.80161}},{"geometry":{"type":"Point","coordinates":[133.99669000000006,-21.50657999999993],"crs":null},"id":637,"type":"Feature","properties":{"bushtel_url":"https://bushtel.nt.gov.au/profile/264","community_name":"TARA","land_council":"CENTRAL LAND COUNCIL","latitude":-21.50658,"local_govt_council":"BARKLY","ward":"ALYAWARR","ntg_region":"BARKLY","community_id":264,"main_language":"Kayetetye","community_aliases":"NEUTRAL JUNCTION","population_count":73,"community_type":"Minor","electorate":"BARKLY","population_source":"Based on ABS 2021 Census SA1","objectid":637,"longitude":133.99669}},{"geometry":{"type":"Point","coordinates":[130.71131000000003,-11.608059999999966],"crs":null},"id":638,"type":"Feature","properties":{"bushtel_url":"https://bushtel.nt.gov.au/profile/424","community_name":"TARACUMBI","land_council":"TIWI LAND COUNCIL","latitude":-11.60806,"local_govt_council":"TIWI ISLANDS","ward":"MILIKAPITI WARD","ntg_region":"TOP END","community_id":424,"main_language":"Not recorded","community_aliases":"TARINTIPI,TARRACUMBI,TURACUMBI","population_count":null,"community_type":"Family Outstation","electorate":"ARAFURA","population_source":"Not recorded","objectid":638,"longitude":130.71131}},{"geometry":{"type":"Point","coordinates":[131.41338000000007,-23.547259999999937],"crs":null},"id":639,"type":"Feature","properties":{"bushtel_url":"https://bushtel.nt.gov.au/profile/767","community_name":"TARAWARA","land_council":"CENTRAL LAND COUNCIL","latitude":-23.54726,"local_govt_council":"MACDONNELL","ward":"LURITJA PINTUBI","ntg_region":"CENTRAL AUSTRALIA","community_id":767,"main_language":"Not recorded","community_aliases":"TARAWERA,TARAWERA BORE","population_count":null,"community_type":"Family Outstation","electorate":"GWOJA","population_source":"Not recorded","objectid":639,"longitude":131.41338}},{"geometry":{"type":"Point","coordinates":[134.19020000000012,-19.64779999999996],"crs":null},"id":640,"type":"Feature","properties":{"bushtel_url":"https://bushtel.nt.gov.au/profile/18869","community_name":"TENNANT CREEK","land_council":"CENTRAL LAND COUNCIL","latitude":-19.6478,"local_govt_council":"BARKLY","ward":"PATTA","ntg_region":"BARKLY","community_id":18869,"main_language":"Not recorded","community_aliases":"No aliases recorded with NTG DIPL","population_count":null,"community_type":"Town","electorate":"BARKLY","population_source":"Not recorded","objectid":640,"longitude":134.1902}},{"geometry":{"type":"Point","coordinates":[133.41710000000012,-22.127899999999954],"crs":null},"id":641,"type":"Feature","properties":{"bushtel_url":"https://bushtel.nt.gov.au/profile/18964","community_name":"TI TREE","land_council":"CENTRAL LAND COUNCIL","latitude":-22.1279,"local_govt_council":"CENTRAL DESERT","ward":"ANMATJERE","ntg_region":"CENTRAL AUSTRALIA","community_id":18964,"main_language":"Not recorded","community_aliases":"TI-TREE","population_count":103,"community_type":"Village","electorate":"BARKLY","population_source":"Based on ABS 2021 Census SA1","objectid":641,"longitude":133.4171}},{"geometry":{"type":"Point","coordinates":[132.7766200000001,-11.474069999999926],"crs":null},"id":642,"type":"Feature","properties":{"bushtel_url":"https://bushtel.nt.gov.au/profile/306","community_name":"TIGERS CAMP","land_council":"NORTHERN LAND COUNCIL","latitude":-11.47407,"local_govt_council":"WEST ARNHEM","ward":"BARRAH","ntg_region":"TOP END","community_id":306,"main_language":"Not recorded","community_aliases":"WAMUNYI,WANNINGUJI,WANUNGI","population_count":null,"community_type":"Family Outstation","electorate":"ARAFURA","population_source":"Not recorded","objectid":642,"longitude":132.77662}},{"geometry":{"type":"Point","coordinates":[130.48040000000003,-15.662499999999966],"crs":null},"id":643,"type":"Feature","properties":{"bushtel_url":"https://bushtel.nt.gov.au/profile/18974","community_name":"TIMBER CREEK","land_council":"NORTHERN LAND COUNCIL","latitude":-15.6625,"local_govt_council":"VICTORIA DALY","ward":"TIMBER CREEK","ntg_region":"BIG RIVERS","community_id":18974,"main_language":"Ngarinyman / Kriol","community_aliases":"No aliases recorded with NTG DIPL","population_count":326,"community_type":"Village","electorate":"DALY","population_source":"Based on ABS 2021 Census SA1","objectid":643,"longitude":130.4804}},{"geometry":{"type":"Point","coordinates":[132.5739900000001,-11.096649999999954],"crs":null},"id":644,"type":"Feature","properties":{"bushtel_url":"https://bushtel.nt.gov.au/profile/891","community_name":"TIMOR SPRINGS","land_council":"NORTHERN LAND COUNCIL","latitude":-11.09665,"local_govt_council":"WEST ARNHEM","ward":"BARRAH","ntg_region":"TOP END","community_id":891,"main_language":"Not recorded","community_aliases":"No aliases recorded with NTG DIPL","population_count":null,"community_type":"Family Outstation","electorate":"ARAFURA","population_source":"Not recorded","objectid":644,"longitude":132.57399}},{"geometry":{"type":"Point","coordinates":[134.20251000000007,-19.637239999999963],"crs":null},"id":645,"type":"Feature","properties":{"bushtel_url":"https://bushtel.nt.gov.au/profile/681","community_name":"TINKARLI","land_council":"CENTRAL LAND COUNCIL","latitude":-19.63724,"local_govt_council":"BARKLY","ward":"PATTA","ntg_region":"BARKLY","community_id":681,"main_language":"Not recorded","community_aliases":"TINGKARLI","population_count":null,"community_type":"Town Camp","electorate":"BARKLY","population_source":"Not recorded","objectid":645,"longitude":134.20251}},{"geometry":{"type":"Point","coordinates":[129.55768000000012,-23.27330999999998],"crs":null},"id":646,"type":"Feature","properties":{"bushtel_url":"https://bushtel.nt.gov.au/profile/62","community_name":"TINKI","land_council":"CENTRAL LAND COUNCIL","latitude":-23.27331,"local_govt_council":"MACDONNELL","ward":"LURITJA PINTUBI","ntg_region":"CENTRAL AUSTRALIA","community_id":62,"main_language":"Not recorded","community_aliases":"IRRIMATITJA,TJINKI,TRACTOR BORE","population_count":null,"community_type":"Family Outstation","electorate":"GWOJA","population_source":"Not recorded","objectid":646,"longitude":129.55768}},{"geometry":{"type":"Point","coordinates":[134.07584000000008,-24.67388999999997],"crs":null},"id":647,"type":"Feature","properties":{"bushtel_url":"https://bushtel.nt.gov.au/profile/148","community_name":"TITJIKALA","land_council":"CENTRAL LAND COUNCIL","latitude":-24.67389,"local_govt_council":"MACDONNELL","ward":"RODINGA","ntg_region":"CENTRAL AUSTRALIA","community_id":148,"main_language":"Southern Luritja / Pitjantjatjara","community_aliases":"MARYVALE","population_count":230,"community_type":"Major","electorate":"NAMATJIRA","population_source":"Based on ABS 2021 Census SA1","objectid":647,"longitude":134.07584}},{"geometry":{"type":"Point","coordinates":[132.80529,-23.968899999999962],"crs":null},"id":648,"type":"Feature","properties":{"bushtel_url":"https://bushtel.nt.gov.au/profile/149","community_name":"TJAMANGKURRA","land_council":"CENTRAL LAND COUNCIL","latitude":-23.9689,"local_govt_council":"MACDONNELL","ward":"LJIRAPINTA","ntg_region":"CENTRAL AUSTRALIA","community_id":149,"main_language":"Not recorded","community_aliases":"TJAMANGKURA","population_count":4,"community_type":"Family Outstation","electorate":"GWOJA","population_source":"Homelands Service Provider Report 2023","objectid":648,"longitude":132.80529}},{"geometry":{"type":"Point","coordinates":[129.1218100000001,-24.915259999999932],"crs":null},"id":649,"type":"Feature","properties":{"bushtel_url":"https://bushtel.nt.gov.au/profile/880","community_name":"TJAUWATA","land_council":"CENTRAL LAND COUNCIL","latitude":-24.91526,"local_govt_council":"MACDONNELL","ward":"IYARRKA","ntg_region":"CENTRAL AUSTRALIA","community_id":880,"main_language":"Not recorded","community_aliases":"No aliases recorded with NTG DIPL","population_count":null,"community_type":"Family Outstation","electorate":"GWOJA","population_source":"Not recorded","objectid":649,"longitude":129.12181}},{"geometry":{"type":"Point","coordinates":[131.27059000000008,-23.28521999999998],"crs":null},"id":650,"type":"Feature","properties":{"bushtel_url":"https://bushtel.nt.gov.au/profile/762","community_name":"TJINTIRTJINTIRPA","land_council":"CENTRAL LAND COUNCIL","latitude":-23.28522,"local_govt_council":"MACDONNELL","ward":"LURITJA PINTUBI","ntg_region":"CENTRAL AUSTRALIA","community_id":762,"main_language":"Not recorded","community_aliases":"TJINTITJIWTIPA,WILLYWAGTAIL","population_count":null,"community_type":"Family Outstation","electorate":"GWOJA","population_source":"Not recorded","objectid":650,"longitude":131.27059}},{"geometry":{"type":"Point","coordinates":[136.04365000000007,-16.17125999999996],"crs":null},"id":651,"type":"Feature","properties":{"bushtel_url":"https://bushtel.nt.gov.au/profile/267","community_name":"TJOUNGOURI","land_council":"NORTHERN LAND COUNCIL","latitude":-16.17126,"local_govt_council":"ROPER GULF","ward":"SOUTH WEST GULF","ntg_region":"BIG RIVERS","community_id":267,"main_language":"Not recorded","community_aliases":"RYANS BEND,TJUNGOURI,YUNGURIE","population_count":null,"community_type":"Family Outstation","electorate":"BARKLY","population_source":"Not recorded","objectid":651,"longitude":136.04365}},{"geometry":{"type":"Point","coordinates":[131.41348000000005,-21.83418999999998],"crs":null},"id":652,"type":"Feature","properties":{"bushtel_url":"https://bushtel.nt.gov.au/profile/151","community_name":"TJULPUNGU","land_council":"CENTRAL LAND COUNCIL","latitude":-21.83419,"local_govt_council":"CENTRAL DESERT","ward":"SOUTHERN TANAMI","ntg_region":"CENTRAL AUSTRALIA","community_id":151,"main_language":"Not recorded","community_aliases":"ATLEE CREEK,ATLEY CREEK,CHURLPUNGU,DJULPUNG,JURLPUNGU,JUURLUPUNGU,TJUPUNGU","population_count":null,"community_type":"Family Outstation","electorate":"GWOJA","population_source":"Not recorded","objectid":652,"longitude":131.41348}},{"geometry":{"type":"Point","coordinates":[129.40113000000008,-25.01762999999994],"crs":null},"id":653,"type":"Feature","properties":{"bushtel_url":"https://bushtel.nt.gov.au/profile/152","community_name":"TJUNTI","land_council":"CENTRAL LAND COUNCIL","latitude":-25.01763,"local_govt_council":"MACDONNELL","ward":"IYARRKA","ntg_region":"CENTRAL AUSTRALIA","community_id":152,"main_language":"Not recorded","community_aliases":"LASSETERS CAVE","population_count":null,"community_type":"Family Outstation","electorate":"GWOJA","population_source":"Not recorded","objectid":653,"longitude":129.40113}},{"geometry":{"type":"Point","coordinates":[129.23084000000006,-24.851869999999963],"crs":null},"id":654,"type":"Feature","properties":{"bushtel_url":"https://bushtel.nt.gov.au/profile/153","community_name":"TJUNTINANTA","land_council":"CENTRAL LAND COUNCIL","latitude":-24.85187,"local_govt_council":"MACDONNELL","ward":"IYARRKA","ntg_region":"CENTRAL AUSTRALIA","community_id":153,"main_language":"Not recorded","community_aliases":"KIKUNKURRA,TJUNINANTA","population_count":null,"community_type":"Family Outstation","electorate":"GWOJA","population_source":"Not recorded","objectid":654,"longitude":129.23084}},{"geometry":{"type":"Point","coordinates":[132.8383500000001,-23.998899999999935],"crs":null},"id":655,"type":"Feature","properties":{"bushtel_url":"https://bushtel.nt.gov.au/profile/154","community_name":"TNAWURTA","land_council":"CENTRAL LAND COUNCIL","latitude":-23.9989,"local_govt_council":"MACDONNELL","ward":"LJIRAPINTA","ntg_region":"CENTRAL AUSTRALIA","community_id":154,"main_language":"Not recorded","community_aliases":"KWATJINMARRA,TNUWURTA","population_count":4,"community_type":"Family Outstation","electorate":"GWOJA","population_source":"Homelands Service Provider Report 2023","objectid":655,"longitude":132.83835}},{"geometry":{"type":"Point","coordinates":[133.7201100000001,-23.747149999999976],"crs":null},"id":656,"type":"Feature","properties":{"bushtel_url":"https://bushtel.nt.gov.au/profile/928","community_name":"TNERTE","land_council":"CENTRAL LAND COUNCIL","latitude":-23.74715,"local_govt_council":"MACDONNELL","ward":"RODINGA","ntg_region":"CENTRAL AUSTRALIA","community_id":928,"main_language":"Not recorded","community_aliases":"No aliases recorded with NTG DIPL","population_count":19,"community_type":"Family Outstation","electorate":"NAMATJIRA","population_source":"Homelands Service Provider Report 2023","objectid":656,"longitude":133.72011}},{"geometry":{"type":"Point","coordinates":[132.67113000000006,-23.88778999999994],"crs":null},"id":657,"type":"Feature","properties":{"bushtel_url":"https://bushtel.nt.gov.au/profile/155","community_name":"TNYIMIPURTA","land_council":"CENTRAL LAND COUNCIL","latitude":-23.88779,"local_govt_council":"MACDONNELL","ward":"LJIRAPINTA","ntg_region":"CENTRAL AUSTRALIA","community_id":155,"main_language":"Not recorded","community_aliases":"TNJIMIPUTA,TNYIMIPIRTA,TNYIMIPUTA,TNYIMPIRTA","population_count":11,"community_type":"Family Outstation","electorate":"GWOJA","population_source":"Homelands Service Provider Report 2023","objectid":657,"longitude":132.67113}},{"geometry":{"type":"Point","coordinates":[135.27050000000008,-24.258399999999938],"crs":null},"id":658,"type":"Feature","properties":{"bushtel_url":"https://bushtel.nt.gov.au/profile/14153250","community_name":"TODD RIVER DOWNS","land_council":"CENTRAL LAND COUNCIL","latitude":-24.2584,"local_govt_council":"MACDONNELL","ward":"RODINGA","ntg_region":"CENTRAL AUSTRALIA","community_id":14153250,"main_language":"Not recorded","community_aliases":"No aliases recorded with NTG DIPL","population_count":1,"community_type":"Family Outstation","electorate":"NAMATJIRA","population_source":"Homelands Service Provider Report 2023","objectid":658,"longitude":135.2705}},{"geometry":{"type":"Point","coordinates":[134.59274000000005,-22.194309999999973],"crs":null},"id":659,"type":"Feature","properties":{"bushtel_url":"https://bushtel.nt.gov.au/profile/970","community_name":"TOMMYHAWK SWAMP","land_council":"CENTRAL LAND COUNCIL","latitude":-22.19431,"local_govt_council":"BARKLY","ward":"ALYAWARR","ntg_region":"BARKLY","community_id":970,"main_language":"Not recorded","community_aliases":"No aliases recorded with NTG DIPL","population_count":4,"community_type":"Family Outstation","electorate":"BARKLY","population_source":"Homelands Service Provider Report 2023","objectid":659,"longitude":134.59274}},{"geometry":{"type":"Point","coordinates":[132.06416000000002,-23.35472999999996],"crs":null},"id":660,"type":"Feature","properties":{"bushtel_url":"https://bushtel.nt.gov.au/profile/30","community_name":"TOWN BORE","land_council":"CENTRAL LAND COUNCIL","latitude":-23.35473,"local_govt_council":"MACDONNELL","ward":"LURITJA PINTUBI","ntg_region":"CENTRAL AUSTRALIA","community_id":30,"main_language":"Not recorded","community_aliases":"ARKILKI,ARRKILKI,DERWENT BORE","population_count":15,"community_type":"Family Outstation","electorate":"GWOJA","population_source":"Homelands Service Provider Report 2023","objectid":660,"longitude":132.06416}},{"geometry":{"type":"Point","coordinates":[131.01819000000012,-12.308389999999974],"crs":null},"id":661,"type":"Feature","properties":{"bushtel_url":"https://bushtel.nt.gov.au/profile/423","community_name":"TREE POINT","land_council":"NORTHERN LAND COUNCIL","latitude":-12.30839,"local_govt_council":"LITCHFIELD","ward":"NORTH WARD","ntg_region":"DARWIN, PALMERSTON, LITCHFIELD","community_id":423,"main_language":"Not recorded","community_aliases":"DURDUGU","population_count":null,"community_type":"Family Outstation","electorate":"NELSON","population_source":"Not recorded","objectid":661,"longitude":131.01819}},{"geometry":{"type":"Point","coordinates":[134.75093000000004,-14.529379999999946],"crs":null},"id":662,"type":"Feature","properties":{"bushtel_url":"https://bushtel.nt.gov.au/profile/649","community_name":"TURKEY LAGOON","land_council":"NORTHERN LAND COUNCIL","latitude":-14.52938,"local_govt_council":"ROPER GULF","ward":"YUGUL MANGI","ntg_region":"BIG RIVERS","community_id":649,"main_language":"Not recorded","community_aliases":"BANANDA,BANUNDA,BUNUNDA","population_count":null,"community_type":"Family Outstation","electorate":"ARNHEM","population_source":"Not recorded","objectid":662,"longitude":134.75093}},{"geometry":{"type":"Point","coordinates":[134.06937000000005,-23.305139999999938],"crs":null},"id":663,"type":"Feature","properties":{"bushtel_url":"https://bushtel.nt.gov.au/profile/785","community_name":"TURNERS CAMP","land_council":"CENTRAL LAND COUNCIL","latitude":-23.30514,"local_govt_council":"MACDONNELL","ward":"RODINGA","ntg_region":"CENTRAL AUSTRALIA","community_id":785,"main_language":"Not recorded","community_aliases":"SANDY BORE","population_count":24,"community_type":"Family Outstation","electorate":"NAMATJIRA","population_source":"Homelands Service Provider Report 2023","objectid":663,"longitude":134.06937}},{"geometry":{"type":"Point","coordinates":[133.70539000000008,-23.740339999999946],"crs":null},"id":664,"type":"Feature","properties":{"bushtel_url":"https://bushtel.nt.gov.au/profile/929","community_name":"TWETYE (A)","land_council":"CENTRAL LAND COUNCIL","latitude":-23.74034,"local_govt_council":"MACDONNELL","ward":"RODINGA","ntg_region":"CENTRAL AUSTRALIA","community_id":929,"main_language":"Not recorded","community_aliases":"No aliases recorded with NTG DIPL","population_count":12,"community_type":"Family Outstation","electorate":"NAMATJIRA","population_source":"Homelands Service Provider Report 2023","objectid":664,"longitude":133.70539}},{"geometry":{"type":"Point","coordinates":[133.6963300000001,-23.74291999999997],"crs":null},"id":665,"type":"Feature","properties":{"bushtel_url":"https://bushtel.nt.gov.au/profile/930","community_name":"TWETYE (B)","land_council":"CENTRAL LAND COUNCIL","latitude":-23.74292,"local_govt_council":"MACDONNELL","ward":"RODINGA","ntg_region":"CENTRAL AUSTRALIA","community_id":930,"main_language":"Not recorded","community_aliases":"No aliases recorded with NTG DIPL","population_count":24,"community_type":"Family Outstation","electorate":"NAMATJIRA","population_source":"Homelands Service Provider Report 2023","objectid":665,"longitude":133.69633}},{"geometry":{"type":"Point","coordinates":[133.72928000000002,-23.726339999999936],"crs":null},"id":666,"type":"Feature","properties":{"bushtel_url":"https://bushtel.nt.gov.au/profile/931","community_name":"TYWENPE (A)","land_council":"CENTRAL LAND COUNCIL","latitude":-23.72634,"local_govt_council":"MACDONNELL","ward":"RODINGA","ntg_region":"CENTRAL AUSTRALIA","community_id":931,"main_language":"Not recorded","community_aliases":"TWENPE (A)","population_count":20,"community_type":"Family Outstation","electorate":"NAMATJIRA","population_source":"Homelands Service Provider Report 2023","objectid":666,"longitude":133.72928}},{"geometry":{"type":"Point","coordinates":[133.6878700000001,-23.74425999999994],"crs":null},"id":667,"type":"Feature","properties":{"bushtel_url":"https://bushtel.nt.gov.au/profile/933","community_name":"TYWENPE (C)","land_council":"CENTRAL LAND COUNCIL","latitude":-23.74426,"local_govt_council":"MACDONNELL","ward":"RODINGA","ntg_region":"CENTRAL AUSTRALIA","community_id":933,"main_language":"Not recorded","community_aliases":"TWENPE(C),TYWENPE(C)","population_count":24,"community_type":"Family Outstation","electorate":"NAMATJIRA","population_source":"Homelands Service Provider Report 2023","objectid":667,"longitude":133.68787}},{"geometry":{"type":"Point","coordinates":[133.67226000000005,-23.76479999999998],"crs":null},"id":668,"type":"Feature","properties":{"bushtel_url":"https://bushtel.nt.gov.au/profile/934","community_name":"TYWENPE (D)","land_council":"CENTRAL LAND COUNCIL","latitude":-23.7648,"local_govt_council":"MACDONNELL","ward":"RODINGA","ntg_region":"CENTRAL AUSTRALIA","community_id":934,"main_language":"Not recorded","community_aliases":"TWENPE(D)","population_count":7,"community_type":"Family Outstation","electorate":"NAMATJIRA","population_source":"Homelands Service Provider Report 2023","objectid":668,"longitude":133.67226}},{"geometry":{"type":"Point","coordinates":[137.04142000000002,-15.830059999999946],"crs":null},"id":669,"type":"Feature","properties":{"bushtel_url":"https://bushtel.nt.gov.au/profile/991","community_name":"UGUIE","land_council":"NORTHERN LAND COUNCIL","latitude":-15.83006,"local_govt_council":"ROPER GULF","ward":"SOUTH WEST GULF","ntg_region":"BIG RIVERS","community_id":991,"main_language":"Not recorded","community_aliases":"CLARKSON POINT","population_count":null,"community_type":"Family Outstation","electorate":"BARKLY","population_source":"Not recorded","objectid":669,"longitude":137.04142}},{"geometry":{"type":"Point","coordinates":[132.37395000000004,-24.59260999999998],"crs":null},"id":670,"type":"Feature","properties":{"bushtel_url":"https://bushtel.nt.gov.au/profile/159","community_name":"UKAKA","land_council":"CENTRAL LAND COUNCIL","latitude":-24.59261,"local_govt_council":"MACDONNELL","ward":"LJIRAPINTA","ntg_region":"CENTRAL AUSTRALIA","community_id":159,"main_language":"Not recorded","community_aliases":"TEMPE DOWNS","population_count":24,"community_type":"Family Outstation","electorate":"GWOJA","population_source":"Homelands Service Provider Report 2023","objectid":670,"longitude":132.37395}},{"geometry":{"type":"Point","coordinates":[129.10549000000003,-25.90948999999995],"crs":null},"id":671,"type":"Feature","properties":{"bushtel_url":"https://bushtel.nt.gov.au/profile/160","community_name":"UKATJUPU","land_council":"CENTRAL LAND COUNCIL","latitude":-25.90949,"local_govt_council":"MACDONNELL","ward":"IYARRKA","ntg_region":"CENTRAL AUSTRALIA","community_id":160,"main_language":"Not recorded","community_aliases":"UKATJUPA","population_count":null,"community_type":"Family Outstation","electorate":"GWOJA","population_source":"Not recorded","objectid":671,"longitude":129.10549}},{"geometry":{"type":"Point","coordinates":[131.92748000000006,-23.27714999999995],"crs":null},"id":672,"type":"Feature","properties":{"bushtel_url":"https://bushtel.nt.gov.au/profile/760","community_name":"ULAMBARA","land_council":"CENTRAL LAND COUNCIL","latitude":-23.27715,"local_govt_council":"MACDONNELL","ward":"LURITJA PINTUBI","ntg_region":"CENTRAL AUSTRALIA","community_id":760,"main_language":"Not recorded","community_aliases":"ULAMBAURA,ULLUMBARA","population_count":8,"community_type":"Family Outstation","electorate":"GWOJA","population_source":"Homelands Service Provider Report 2023","objectid":672,"longitude":131.92748}},{"geometry":{"type":"Point","coordinates":[133.19644000000005,-25.683569999999975],"crs":null},"id":673,"type":"Feature","properties":{"bushtel_url":"https://bushtel.nt.gov.au/profile/705","community_name":"ULBULLA","land_council":"CENTRAL LAND COUNCIL","latitude":-25.68357,"local_govt_council":"MACDONNELL","ward":"RODINGA","ntg_region":"CENTRAL AUSTRALIA","community_id":705,"main_language":"Not recorded","community_aliases":"JULALIKARI","population_count":null,"community_type":"Family Outstation","electorate":"GWOJA","population_source":"Not recorded","objectid":673,"longitude":133.19644}},{"geometry":{"type":"Point","coordinates":[131.50075000000004,-24.230909999999938],"crs":null},"id":674,"type":"Feature","properties":{"bushtel_url":"https://bushtel.nt.gov.au/profile/162","community_name":"ULPANYALI","land_council":"CENTRAL LAND COUNCIL","latitude":-24.23091,"local_govt_council":"MACDONNELL","ward":"LJIRAPINTA","ntg_region":"CENTRAL AUSTRALIA","community_id":162,"main_language":"Not recorded","community_aliases":"OCHRE HILL","population_count":17,"community_type":"Family Outstation","electorate":"GWOJA","population_source":"Homelands Service Provider Report 2023","objectid":674,"longitude":131.50075}},{"geometry":{"type":"Point","coordinates":[132.76600000000008,-23.95459999999997],"crs":null},"id":675,"type":"Feature","properties":{"bushtel_url":"https://bushtel.nt.gov.au/profile/772","community_name":"ULPUNDA","land_council":"CENTRAL LAND COUNCIL","latitude":-23.9546,"local_govt_council":"MACDONNELL","ward":"LJIRAPINTA","ntg_region":"CENTRAL AUSTRALIA","community_id":772,"main_language":"Not recorded","community_aliases":"MARCUS'S CAMP","population_count":11,"community_type":"Family Outstation","electorate":"GWOJA","population_source":"Homelands Service Provider Report 2023","objectid":675,"longitude":132.766}},{"geometry":{"type":"Point","coordinates":[135.69544000000008,-23.76407999999998],"crs":null},"id":676,"type":"Feature","properties":{"bushtel_url":"https://bushtel.nt.gov.au/profile/1016","community_name":"ULUPERTE","land_council":"CENTRAL LAND COUNCIL","latitude":-23.76408,"local_govt_council":"CENTRAL DESERT","ward":"AKITYARRE","ntg_region":"CENTRAL AUSTRALIA","community_id":1016,"main_language":"Not recorded","community_aliases":"JUNCTION BORE","population_count":null,"community_type":"Family Outstation","electorate":"NAMATJIRA","population_source":"Not recorded","objectid":676,"longitude":135.69544}},{"geometry":{"type":"Point","coordinates":[136.81113000000005,-13.859739999999931],"crs":null},"id":677,"type":"Feature","properties":{"bushtel_url":"https://bushtel.nt.gov.au/profile/555","community_name":"UMBAKUMBA","land_council":"ANINDILYAKWA LAND COUNCIL","latitude":-13.85974,"local_govt_council":"EAST ARNHEM","ward":"ANINDILYAKWA","ntg_region":"EAST ARNHEM","community_id":555,"main_language":"Anindilyakwa","community_aliases":"No aliases recorded with NTG DIPL","population_count":492,"community_type":"Major","electorate":"ARNHEM","population_source":"Based on ABS 2021 Census SA1","objectid":677,"longitude":136.81113}},{"geometry":{"type":"Point","coordinates":[130.05311000000006,-13.83072999999996],"crs":null},"id":678,"type":"Feature","properties":{"bushtel_url":"https://bushtel.nt.gov.au/profile/962","community_name":"UMINYULUK","land_council":"NORTHERN LAND COUNCIL","latitude":-13.83073,"local_govt_council":"WEST DALY","ward":"THAMARRURR/PINDI PINDI","ntg_region":"TOP END","community_id":962,"main_language":"Not recorded","community_aliases":"No aliases recorded with NTG DIPL","population_count":8,"community_type":"Family Outstation","electorate":"DALY","population_source":"Homelands Service Provider Report 2023","objectid":678,"longitude":130.05311}},{"geometry":{"type":"Point","coordinates":[129.90879000000007,-14.064409999999953],"crs":null},"id":679,"type":"Feature","properties":{"bushtel_url":"https://bushtel.nt.gov.au/profile/662","community_name":"UN-MARR","land_council":"NORTHERN LAND COUNCIL","latitude":-14.06441,"local_govt_council":"WEST DALY","ward":"THAMARRURR/PINDI PINDI","ntg_region":"TOP END","community_id":662,"main_language":"Not recorded","community_aliases":"AN-MARR,MADINGNA,MARDENGA,MARDINGA,MARDINGNA,MARINGAR,MARYGAR","population_count":null,"community_type":"Family Outstation","electorate":"DALY","population_source":"Not recorded","objectid":679,"longitude":129.90879}},{"geometry":{"type":"Point","coordinates":[134.1176200000001,-23.747619999999984],"crs":null},"id":680,"type":"Feature","properties":{"bushtel_url":"https://bushtel.nt.gov.au/profile/711","community_name":"UNDOOLYA BORE","land_council":"CENTRAL LAND COUNCIL","latitude":-23.74762,"local_govt_council":"MACDONNELL","ward":"RODINGA","ntg_region":"CENTRAL AUSTRALIA","community_id":711,"main_language":"Not recorded","community_aliases":"MOUNT UNDOOLYA,UNDOOLYA","population_count":24,"community_type":"Family Outstation","electorate":"NAMATJIRA","population_source":"Homelands Service Provider Report 2023","objectid":680,"longitude":134.11762}},{"geometry":{"type":"Point","coordinates":[132.12722000000008,-23.757229999999936],"crs":null},"id":681,"type":"Feature","properties":{"bushtel_url":"https://bushtel.nt.gov.au/profile/166","community_name":"UNDURANA 1C","land_council":"CENTRAL LAND COUNCIL","latitude":-23.75723,"local_govt_council":"MACDONNELL","ward":"LJIRAPINTA","ntg_region":"CENTRAL AUSTRALIA","community_id":166,"main_language":"Not recorded","community_aliases":"UNDARANA,UNDERANNA","population_count":2,"community_type":"Family Outstation","electorate":"GWOJA","population_source":"Homelands Service Provider Report 2023","objectid":681,"longitude":132.12722}},{"geometry":{"type":"Point","coordinates":[132.10597000000007,-23.759009999999932],"crs":null},"id":682,"type":"Feature","properties":{"bushtel_url":"https://bushtel.nt.gov.au/profile/985","community_name":"UNDURANA 2A","land_council":"CENTRAL LAND COUNCIL","latitude":-23.75901,"local_govt_council":"MACDONNELL","ward":"LJIRAPINTA","ntg_region":"CENTRAL AUSTRALIA","community_id":985,"main_language":"Not recorded","community_aliases":"No aliases recorded with NTG DIPL","population_count":6,"community_type":"Family Outstation","electorate":"GWOJA","population_source":"Homelands Service Provider Report 2023","objectid":682,"longitude":132.10597}},{"geometry":{"type":"Point","coordinates":[137.74252,-22.493169999999964],"crs":null},"id":683,"type":"Feature","properties":{"bushtel_url":"https://bushtel.nt.gov.au/profile/156","community_name":"URLAMPE","land_council":"CENTRAL LAND COUNCIL","latitude":-22.49317,"local_govt_council":"CENTRAL DESERT","ward":"AKITYARRE","ntg_region":"CENTRAL AUSTRALIA","community_id":156,"main_language":"Not recorded","community_aliases":"TOBERMOREY","population_count":20,"community_type":"Family Outstation","electorate":"NAMATJIRA","population_source":"Homelands Service Provider Report 2023","objectid":683,"longitude":137.74252}},{"geometry":{"type":"Point","coordinates":[134.0691300000001,-23.962899999999934],"crs":null},"id":684,"type":"Feature","properties":{"bushtel_url":"https://bushtel.nt.gov.au/profile/24992","community_name":"URRERMERNE","land_council":"CENTRAL LAND COUNCIL","latitude":-23.9629,"local_govt_council":"MACDONNELL","ward":"RODINGA","ntg_region":"CENTRAL AUSTRALIA","community_id":24992,"main_language":"Not recorded","community_aliases":"No aliases recorded with NTG DIPL","population_count":14,"community_type":"Family Outstation","electorate":"NAMATJIRA","population_source":"Homelands Service Provider Report 2023","objectid":684,"longitude":134.06913}},{"geometry":{"type":"Point","coordinates":[131.8735600000001,-23.488309999999956],"crs":null},"id":685,"type":"Feature","properties":{"bushtel_url":"https://bushtel.nt.gov.au/profile/24","community_name":"UTILY","land_council":"CENTRAL LAND COUNCIL","latitude":-23.48831,"local_govt_council":"MACDONNELL","ward":"LURITJA PINTUBI","ntg_region":"CENTRAL AUSTRALIA","community_id":24,"main_language":"Not recorded","community_aliases":"AUTILLY,UTILI","population_count":8,"community_type":"Family Outstation","electorate":"GWOJA","population_source":"Homelands Service Provider Report 2023","objectid":685,"longitude":131.87356}},{"geometry":{"type":"Point","coordinates":[134.18420000000003,-19.65599999999995],"crs":null},"id":686,"type":"Feature","properties":{"bushtel_url":"https://bushtel.nt.gov.au/profile/271","community_name":"VILLAGE CAMP","land_council":"CENTRAL LAND COUNCIL","latitude":-19.656,"local_govt_council":"BARKLY","ward":"PATTA","ntg_region":"BARKLY","community_id":271,"main_language":"Not recorded","community_aliases":"NYINKKANYUNU,NYINKKANYUNY,SORRY CAMP,VILLAGE TOWN CAMP","population_count":null,"community_type":"Town Camp","electorate":"BARKLY","population_source":"Not recorded","objectid":686,"longitude":134.1842}},{"geometry":{"type":"Point","coordinates":[136.4288600000001,-15.929479999999955],"crs":null},"id":687,"type":"Feature","properties":{"bushtel_url":"https://bushtel.nt.gov.au/profile/815","community_name":"WADA WADALLA","land_council":"NORTHERN LAND COUNCIL","latitude":-15.92948,"local_govt_council":"ROPER GULF","ward":"SOUTH WEST GULF","ntg_region":"BIG RIVERS","community_id":815,"main_language":"Not recorded","community_aliases":"BLACKFELLOW CREEK,WADA WADALA","population_count":3,"community_type":"Family Outstation","electorate":"BARKLY","population_source":"Homelands Service Provider Report 2023","objectid":687,"longitude":136.42886}},{"geometry":{"type":"Point","coordinates":[136.25224000000003,-15.749019999999973],"crs":null},"id":688,"type":"Feature","properties":{"bushtel_url":"https://bushtel.nt.gov.au/profile/214","community_name":"WADA WARRA","land_council":"NORTHERN LAND COUNCIL","latitude":-15.74902,"local_govt_council":"ROPER GULF","ward":"SOUTH WEST GULF","ntg_region":"BIG RIVERS","community_id":214,"main_language":"Not recorded","community_aliases":"BING BONG,BONE LAGOON,WADA WARA,WARRANBARRU ASSOC,WURRUNBURRA ASSOC","population_count":17,"community_type":"Family Outstation","electorate":"BARKLY","population_source":"Homelands Service Provider Report 2023","objectid":688,"longitude":136.25224}},{"geometry":{"type":"Point","coordinates":[129.52050000000008,-14.240399999999966],"crs":null},"id":689,"type":"Feature","properties":{"bushtel_url":"https://bushtel.nt.gov.au/profile/426","community_name":"WADEYE","land_council":"NORTHERN LAND COUNCIL","latitude":-14.2404,"local_govt_council":"WEST DALY","ward":"THAMARRURR/PINDI PINDI","ntg_region":"TOP END","community_id":426,"main_language":"Murrinh Patha","community_aliases":"PORT KEATS","population_count":2259,"community_type":"Major","electorate":"DALY","population_source":"Based on ABS 2021 Census SA1","objectid":689,"longitude":129.5205}},{"geometry":{"type":"Point","coordinates":[132.7822500000001,-11.938219999999944],"crs":null},"id":690,"type":"Feature","properties":{"bushtel_url":"https://bushtel.nt.gov.au/profile/381","community_name":"WAIDABOONAR","land_council":"NORTHERN LAND COUNCIL","latitude":-11.93822,"local_govt_council":"WEST ARNHEM","ward":"GUNBALANYA","ntg_region":"TOP END","community_id":381,"main_language":"Not recorded","community_aliases":"MT. BORRADAILE,MUDGIGARDENT,MUDJEEGARDART,MUDJIGARDART,WAIDABONOOR","population_count":null,"community_type":"Family Outstation","electorate":"ARAFURA","population_source":"Not recorded","objectid":690,"longitude":132.78225}},{"geometry":{"type":"Point","coordinates":[133.4618700000001,-25.99240999999995],"crs":null},"id":691,"type":"Feature","properties":{"bushtel_url":"https://bushtel.nt.gov.au/profile/14188734","community_name":"WAJU","land_council":"CENTRAL LAND COUNCIL","latitude":-25.99241,"local_govt_council":"MACDONNELL","ward":"RODINGA","ntg_region":"CENTRAL AUSTRALIA","community_id":14188734,"main_language":"Not recorded","community_aliases":"NEW WAJU","population_count":null,"community_type":"Family Outstation","electorate":"NAMATJIRA","population_source":"Not recorded","objectid":691,"longitude":133.46187}},{"geometry":{"type":"Point","coordinates":[134.21688000000006,-20.632289999999955],"crs":null},"id":692,"type":"Feature","properties":{"bushtel_url":"https://bushtel.nt.gov.au/profile/908","community_name":"WAKURLPU","land_council":"CENTRAL LAND COUNCIL","latitude":-20.63229,"local_govt_council":"BARKLY","ward":"ALYAWARR","ntg_region":"BARKLY","community_id":908,"main_language":"Not recorded","community_aliases":"WAUCHOPE","population_count":10,"community_type":"Family Outstation","electorate":"BARKLY","population_source":"Homelands Service Provider Report 2023","objectid":692,"longitude":134.21688}},{"geometry":{"type":"Point","coordinates":[130.77614000000005,-12.974819999999966],"crs":null},"id":693,"type":"Feature","properties":{"bushtel_url":"https://bushtel.nt.gov.au/profile/983","community_name":"WALANGURRMINY","land_council":"NORTHERN LAND COUNCIL","latitude":-12.97482,"local_govt_council":"UN-INCORPORATED (COX-DALY)","ward":"Not recorded","ntg_region":"TOP END","community_id":983,"main_language":"Not recorded","community_aliases":"FINNISS RIVER","population_count":11,"community_type":"Family Outstation","electorate":"DALY","population_source":"Homelands Service Provider Report 2023","objectid":693,"longitude":130.77614}},{"geometry":{"type":"Point","coordinates":[135.80531000000008,-13.76562999999993],"crs":null},"id":694,"type":"Feature","properties":{"bushtel_url":"https://bushtel.nt.gov.au/profile/556","community_name":"WALDNARR","land_council":"NORTHERN LAND COUNCIL","latitude":-13.76563,"local_govt_council":"ROPER GULF","ward":"NUMBULWAR NUMBURINDI","ntg_region":"BIG RIVERS","community_id":556,"main_language":"Not recorded","community_aliases":"HARRIS CREEK,WALDARR,WALDHARR","population_count":10,"community_type":"Family Outstation","electorate":"ARNHEM","population_source":"Homelands Service Provider Report 2023","objectid":694,"longitude":135.80531}},{"geometry":{"type":"Point","coordinates":[132.58843000000002,-11.179569999999956],"crs":null},"id":695,"type":"Feature","properties":{"bushtel_url":"https://bushtel.nt.gov.au/profile/291","community_name":"WALKA","land_council":"NORTHERN LAND COUNCIL","latitude":-11.17957,"local_govt_council":"WEST ARNHEM","ward":"BARRAH","ntg_region":"TOP END","community_id":291,"main_language":"Not recorded","community_aliases":"BARGE LANDING,WALKAA","population_count":null,"community_type":"Family Outstation","electorate":"ARAFURA","population_source":"Not recorded","objectid":695,"longitude":132.58843}},{"geometry":{"type":"Point","coordinates":[133.8168700000001,-24.382609999999943],"crs":null},"id":696,"type":"Feature","properties":{"bushtel_url":"https://bushtel.nt.gov.au/profile/720","community_name":"WALKABOUT BORE","land_council":"CENTRAL LAND COUNCIL","latitude":-24.38261,"local_govt_council":"MACDONNELL","ward":"RODINGA","ntg_region":"CENTRAL AUSTRALIA","community_id":720,"main_language":"Not recorded","community_aliases":"JACK KENNY'S CAMP,MPWELARRE","population_count":23,"community_type":"Family Outstation","electorate":"NAMATJIRA","population_source":"Homelands Service Provider Report 2023","objectid":696,"longitude":133.81687}},{"geometry":{"type":"Point","coordinates":[131.81991000000005,-22.162489999999934],"crs":null},"id":697,"type":"Feature","properties":{"bushtel_url":"https://bushtel.nt.gov.au/profile/750","community_name":"WALKALBA","land_council":"CENTRAL LAND COUNCIL","latitude":-22.16249,"local_govt_council":"CENTRAL DESERT","ward":"SOUTHERN TANAMI","ntg_region":"CENTRAL AUSTRALIA","community_id":750,"main_language":"Not recorded","community_aliases":"ROCK HILL,WAKALBA,WAKALPA,WAKURLPA,WALKURBLA","population_count":null,"community_type":"Family Outstation","electorate":"GWOJA","population_source":"Not recorded","objectid":697,"longitude":131.81991}},{"geometry":{"type":"Point","coordinates":[133.08630000000005,-24.124499999999955],"crs":null},"id":698,"type":"Feature","properties":{"bushtel_url":"https://bushtel.nt.gov.au/profile/174","community_name":"WALLACE ROCKHOLE","land_council":"CENTRAL LAND COUNCIL","latitude":-24.1245,"local_govt_council":"MACDONNELL","ward":"LJIRAPINTA","ntg_region":"CENTRAL AUSTRALIA","community_id":174,"main_language":"Western Arrernte","community_aliases":"ULANA,URANDA,WALLACE ROCK HOLE","population_count":102,"community_type":"Major","electorate":"GWOJA","population_source":"Based on ABS 2021 Census SA1","objectid":698,"longitude":133.0863}},{"geometry":{"type":"Point","coordinates":[136.63560000000007,-16.12266999999997],"crs":null},"id":699,"type":"Feature","properties":{"bushtel_url":"https://bushtel.nt.gov.au/profile/24903","community_name":"WALLACES LAGOON","land_council":"NORTHERN LAND COUNCIL","latitude":-16.12267,"local_govt_council":"ROPER GULF","ward":"SOUTH WEST GULF","ntg_region":"BIG RIVERS","community_id":24903,"main_language":"Not recorded","community_aliases":"No aliases recorded with NTG DIPL","population_count":3,"community_type":"Family Outstation","electorate":"BARKLY","population_source":"Homelands Service Provider Report 2023","objectid":699,"longitude":136.6356}},{"geometry":{"type":"Point","coordinates":[132.26930000000004,-14.473609999999951],"crs":null},"id":700,"type":"Feature","properties":{"bushtel_url":"https://bushtel.nt.gov.au/profile/606","community_name":"WALPIRI","land_council":"NORTHERN LAND COUNCIL","latitude":-14.47361,"local_govt_council":"KATHERINE","ward":"Not recorded","ntg_region":"BIG RIVERS","community_id":606,"main_language":"Not recorded","community_aliases":"GEYULKGAN NGURRA,KATHERINE TOWN CAMP,KATHERINE TRANSIT CAMP,WARLPIRI CAMP,WARLPIRI TRANSIENT CAMP","population_count":null,"community_type":"Town Camp","electorate":"KATHERINE","population_source":"Not recorded","objectid":700,"longitude":132.2693}},{"geometry":{"type":"Point","coordinates":[129.52559000000008,-24.737109999999973],"crs":null},"id":701,"type":"Feature","properties":{"bushtel_url":"https://bushtel.nt.gov.au/profile/748","community_name":"WALU","land_council":"CENTRAL LAND COUNCIL","latitude":-24.73711,"local_govt_council":"MACDONNELL","ward":"IYARRKA","ntg_region":"CENTRAL AUSTRALIA","community_id":748,"main_language":"Not recorded","community_aliases":"TJILKAMATA","population_count":null,"community_type":"Family Outstation","electorate":"GWOJA","population_source":"Not recorded","objectid":701,"longitude":129.52559}},{"geometry":{"type":"Point","coordinates":[129.4658300000001,-25.976669999999956],"crs":null},"id":702,"type":"Feature","properties":{"bushtel_url":"https://bushtel.nt.gov.au/profile/176","community_name":"WALYTJATJATA","land_council":"CENTRAL LAND COUNCIL","latitude":-25.97667,"local_govt_council":"MACDONNELL","ward":"IYARRKA","ntg_region":"CENTRAL AUSTRALIA","community_id":176,"main_language":"Not recorded","community_aliases":"No aliases recorded with NTG DIPL","population_count":null,"community_type":"Family Outstation","electorate":"GWOJA","population_source":"Not recorded","objectid":702,"longitude":129.46583}},{"geometry":{"type":"Point","coordinates":[133.39754000000005,-11.768609999999967],"crs":null},"id":703,"type":"Feature","properties":{"bushtel_url":"https://bushtel.nt.gov.au/profile/428","community_name":"WAMINARI","land_council":"NORTHERN LAND COUNCIL","latitude":-11.76861,"local_govt_council":"WEST ARNHEM","ward":"BARRAH","ntg_region":"TOP END","community_id":428,"main_language":"Not recorded","community_aliases":"WAMANARI,WAMINARA,WAMINARRA BAY","population_count":null,"community_type":"Family Outstation","electorate":"ARAFURA","population_source":"Not recorded","objectid":703,"longitude":133.39754}},{"geometry":{"type":"Point","coordinates":[132.51106000000004,-11.105389999999943],"crs":null},"id":704,"type":"Feature","properties":{"bushtel_url":"https://bushtel.nt.gov.au/profile/890","community_name":"WANAKUTJA","land_council":"NORTHERN LAND COUNCIL","latitude":-11.10539,"local_govt_council":"WEST ARNHEM","ward":"BARRAH","ntg_region":"TOP END","community_id":890,"main_language":"Not recorded","community_aliases":"No aliases recorded with NTG DIPL","population_count":null,"community_type":"Family Outstation","electorate":"ARAFURA","population_source":"Not recorded","objectid":704,"longitude":132.51106}},{"geometry":{"type":"Point","coordinates":[131.58803000000012,-25.996629999999982],"crs":null},"id":705,"type":"Feature","properties":{"bushtel_url":"https://bushtel.nt.gov.au/profile/119","community_name":"WANARKULA","land_council":"CENTRAL LAND COUNCIL","latitude":-25.99663,"local_govt_council":"MACDONNELL","ward":"IYARRKA","ntg_region":"CENTRAL AUSTRALIA","community_id":119,"main_language":"Not recorded","community_aliases":"MULGA PARK,MULGA PARK STATION,ROCKET BORE","population_count":null,"community_type":"Family Outstation","electorate":"GWOJA","population_source":"Not recorded","objectid":705,"longitude":131.58803}},{"geometry":{"type":"Point","coordinates":[136.34558000000004,-16.054769999999962],"crs":null},"id":706,"type":"Feature","properties":{"bushtel_url":"https://bushtel.nt.gov.au/profile/256","community_name":"WANDANGULA","land_council":"NORTHERN LAND COUNCIL","latitude":-16.05477,"local_govt_council":"ROPER GULF","ward":"SOUTH WEST GULF","ntg_region":"BIG RIVERS","community_id":256,"main_language":"Not recorded","community_aliases":"POLICE LAGOON,WANDA NGULA,WANDAGULA","population_count":39,"community_type":"Minor","electorate":"BARKLY","population_source":"Homelands Service Provider Report 2023","objectid":706,"longitude":136.34558}},{"geometry":{"type":"Point","coordinates":[136.3563600000001,-12.89146999999997],"crs":null},"id":707,"type":"Feature","properties":{"bushtel_url":"https://bushtel.nt.gov.au/profile/557","community_name":"WANDAWUY","land_council":"NORTHERN LAND COUNCIL","latitude":-12.89147,"local_govt_council":"EAST ARNHEM","ward":"GUMURR MIWATJ","ntg_region":"EAST ARNHEM","community_id":557,"main_language":"Not recorded","community_aliases":"WULWULWUY","population_count":84,"community_type":"Family Outstation","electorate":"ARNHEM","population_source":"Homelands Service Provider Report 2023","objectid":707,"longitude":136.35636}},{"geometry":{"type":"Point","coordinates":[137.46692000000007,-18.39638999999994],"crs":null},"id":708,"type":"Feature","properties":{"bushtel_url":"https://bushtel.nt.gov.au/profile/690","community_name":"WANGALINJI","land_council":"NORTHERN LAND COUNCIL","latitude":-18.39639,"local_govt_council":"BARKLY","ward":"KUWARRANGU","ntg_region":"BARKLY","community_id":690,"main_language":"Not recorded","community_aliases":"CLEAN SKIN,WANGGULINJ,WANGULINJI","population_count":null,"community_type":"Family Outstation","electorate":"BARKLY","population_source":"Not recorded","objectid":708,"longitude":137.46692}},{"geometry":{"type":"Point","coordinates":[129.01933000000008,-25.131689999999935],"crs":null},"id":709,"type":"Feature","properties":{"bushtel_url":"https://bushtel.nt.gov.au/profile/177","community_name":"WANGKARI","land_council":"CENTRAL LAND COUNCIL","latitude":-25.13169,"local_govt_council":"MACDONNELL","ward":"IYARRKA","ntg_region":"CENTRAL AUSTRALIA","community_id":177,"main_language":"Not recorded","community_aliases":"No aliases recorded with NTG DIPL","population_count":null,"community_type":"Family Outstation","electorate":"GWOJA","population_source":"Not recorded","objectid":709,"longitude":129.01933}},{"geometry":{"type":"Point","coordinates":[131.80347000000006,-24.388409999999965],"crs":null},"id":710,"type":"Feature","properties":{"bushtel_url":"https://bushtel.nt.gov.au/profile/178","community_name":"WANMARRA","land_council":"CENTRAL LAND COUNCIL","latitude":-24.38841,"local_govt_council":"MACDONNELL","ward":"LJIRAPINTA","ntg_region":"CENTRAL AUSTRALIA","community_id":178,"main_language":"Not recorded","community_aliases":"BAGOT SPRINGS","population_count":14,"community_type":"Family Outstation","electorate":"GWOJA","population_source":"Homelands Service Provider Report 2023","objectid":710,"longitude":131.80347}},{"geometry":{"type":"Point","coordinates":[135.2269100000001,-14.454009999999926],"crs":null},"id":711,"type":"Feature","properties":{"bushtel_url":"https://bushtel.nt.gov.au/profile/652","community_name":"WANMARRI","land_council":"NORTHERN LAND COUNCIL","latitude":-14.45401,"local_govt_council":"ROPER GULF","ward":"YUGUL MANGI","ntg_region":"BIG RIVERS","community_id":652,"main_language":"Not recorded","community_aliases":"WANMARI,WANMURRI","population_count":null,"community_type":"Family Outstation","electorate":"ARNHEM","population_source":"Not recorded","objectid":711,"longitude":135.22691}},{"geometry":{"type":"Point","coordinates":[136.73440000000005,-16.153099999999938],"crs":null},"id":712,"type":"Feature","properties":{"bushtel_url":"https://bushtel.nt.gov.au/profile/19471","community_name":"WARBY","land_council":"NORTHERN LAND COUNCIL","latitude":-16.1531,"local_govt_council":"ROPER GULF","ward":"SOUTH WEST GULF","ntg_region":"BIG RIVERS","community_id":19471,"main_language":"Not recorded","community_aliases":"No aliases recorded with NTG DIPL","population_count":null,"community_type":"Family Outstation","electorate":"BARKLY","population_source":"Not recorded","objectid":712,"longitude":136.7344}},{"geometry":{"type":"Point","coordinates":[136.99175000000002,-22.54893999999996],"crs":null},"id":713,"type":"Feature","properties":{"bushtel_url":"https://bushtel.nt.gov.au/profile/998","community_name":"WARLPEYANGKRERE","land_council":"CENTRAL LAND COUNCIL","latitude":-22.54894,"local_govt_council":"CENTRAL DESERT","ward":"AKITYARRE","ntg_region":"CENTRAL AUSTRALIA","community_id":998,"main_language":"Not recorded","community_aliases":"TARLTON DOWNS","population_count":null,"community_type":"Family Outstation","electorate":"NAMATJIRA","population_source":"Not recorded","objectid":713,"longitude":136.99175}},{"geometry":{"type":"Point","coordinates":[131.1786800000001,-23.26571999999993],"crs":null},"id":714,"type":"Feature","properties":{"bushtel_url":"https://bushtel.nt.gov.au/profile/179","community_name":"WARREN CREEK","land_council":"CENTRAL LAND COUNCIL","latitude":-23.26572,"local_govt_council":"MACDONNELL","ward":"LURITJA PINTUBI","ntg_region":"CENTRAL AUSTRALIA","community_id":179,"main_language":"Not recorded","community_aliases":"No aliases recorded with NTG DIPL","population_count":6,"community_type":"Family Outstation","electorate":"GWOJA","population_source":"Homelands Service Provider Report 2023","objectid":714,"longitude":131.17868}},{"geometry":{"type":"Point","coordinates":[133.38935000000004,-11.648959999999931],"crs":null},"id":715,"type":"Feature","properties":{"bushtel_url":"https://bushtel.nt.gov.au/profile/429","community_name":"WARRUWI","land_council":"NORTHERN LAND COUNCIL","latitude":-11.64896,"local_govt_council":"WEST ARNHEM","ward":"BARRAH","ntg_region":"TOP END","community_id":429,"main_language":"Maung","community_aliases":"GOULBURN ISLAND","population_count":507,"community_type":"Major","electorate":"ARAFURA","population_source":"Based on ABS 2021 Census SA1","objectid":715,"longitude":133.38935}},{"geometry":{"type":"Point","coordinates":[131.97514,-23.185099999999977],"crs":null},"id":716,"type":"Feature","properties":{"bushtel_url":"https://bushtel.nt.gov.au/profile/180","community_name":"WARUMPI","land_council":"CENTRAL LAND COUNCIL","latitude":-23.1851,"local_govt_council":"MACDONNELL","ward":"LURITJA PINTUBI","ntg_region":"CENTRAL AUSTRALIA","community_id":180,"main_language":"Not recorded","community_aliases":"3 MILE,3 MILE BORE,3 MILES,THREE MILE,THREE MILE BORE,THREE MILES","population_count":6,"community_type":"Family Outstation","electorate":"GWOJA","population_source":"Homelands Service Provider Report 2023","objectid":716,"longitude":131.97514}},{"geometry":{"type":"Point","coordinates":[129.05936000000008,-24.85857999999996],"crs":null},"id":717,"type":"Feature","properties":{"bushtel_url":"https://bushtel.nt.gov.au/profile/877","community_name":"WATARU","land_council":"CENTRAL LAND COUNCIL","latitude":-24.85858,"local_govt_council":"MACDONNELL","ward":"IYARRKA","ntg_region":"CENTRAL AUSTRALIA","community_id":877,"main_language":"Not recorded","community_aliases":"No aliases recorded with NTG DIPL","population_count":7,"community_type":"Family Outstation","electorate":"GWOJA","population_source":"Homelands Service Provider Report 2023","objectid":717,"longitude":129.05936}},{"geometry":{"type":"Point","coordinates":[135.7007400000001,-11.93960999999996],"crs":null},"id":718,"type":"Feature","properties":{"bushtel_url":"https://bushtel.nt.gov.au/profile/889","community_name":"WATDAGAWUY","land_council":"NORTHERN LAND COUNCIL","latitude":-11.93961,"local_govt_council":"EAST ARNHEM","ward":"GUMURR MARTHAKAL","ntg_region":"EAST ARNHEM","community_id":889,"main_language":"Not recorded","community_aliases":"GANAWA","population_count":null,"community_type":"Family Outstation","electorate":"MULKA","population_source":"Not recorded","objectid":718,"longitude":135.70074}},{"geometry":{"type":"Point","coordinates":[132.92501000000004,-11.548629999999946],"crs":null},"id":719,"type":"Feature","properties":{"bushtel_url":"https://bushtel.nt.gov.au/profile/385","community_name":"WAUK","land_council":"NORTHERN LAND COUNCIL","latitude":-11.54863,"local_govt_council":"WEST ARNHEM","ward":"BARRAH","ntg_region":"TOP END","community_id":385,"main_language":"Not recorded","community_aliases":"ARRDUKBUKBUN,MUNGULGAN,MURGENELLA","population_count":null,"community_type":"Family Outstation","electorate":"ARAFURA","population_source":"Not recorded","objectid":719,"longitude":132.92501}},{"geometry":{"type":"Point","coordinates":[131.4466900000001,-22.50195999999994],"crs":null},"id":720,"type":"Feature","properties":{"bushtel_url":"https://bushtel.nt.gov.au/profile/181","community_name":"WAYILILINYPA","land_council":"CENTRAL LAND COUNCIL","latitude":-22.50196,"local_govt_council":"CENTRAL DESERT","ward":"SOUTHERN TANAMI","ntg_region":"CENTRAL AUSTRALIA","community_id":181,"main_language":"Not recorded","community_aliases":"NGANA,WAYLILINPA,WAYLILYNPA","population_count":null,"community_type":"Family Outstation","electorate":"GWOJA","population_source":"Not recorded","objectid":720,"longitude":131.44669}},{"geometry":{"type":"Point","coordinates":[134.3086300000001,-13.644179999999949],"crs":null},"id":721,"type":"Feature","properties":{"bushtel_url":"https://bushtel.nt.gov.au/profile/654","community_name":"WEEMOL","land_council":"NORTHERN LAND COUNCIL","latitude":-13.64418,"local_govt_council":"ROPER GULF","ward":"NYIRRANGGULUNG","ntg_region":"BIG RIVERS","community_id":654,"main_language":"Kriol","community_aliases":"WEEMOLL,WEMOOL","population_count":109,"community_type":"Minor","electorate":"ARNHEM","population_source":"Based on ABS 2021 Census SA1","objectid":721,"longitude":134.30863}},{"geometry":{"type":"Point","coordinates":[135.1916900000001,-22.021939999999972],"crs":null},"id":722,"type":"Feature","properties":{"bushtel_url":"https://bushtel.nt.gov.au/profile/182","community_name":"WELERE","land_council":"CENTRAL LAND COUNCIL","latitude":-22.02194,"local_govt_council":"BARKLY","ward":"ALYAWARR","ntg_region":"BARKLY","community_id":182,"main_language":"Not recorded","community_aliases":"DERRY DOWNS,PERETY","population_count":6,"community_type":"Family Outstation","electorate":"BARKLY","population_source":"Homelands Service Provider Report 2023","objectid":722,"longitude":135.19169}},{"geometry":{"type":"Point","coordinates":[133.26116000000002,-25.68277999999998],"crs":null},"id":723,"type":"Feature","properties":{"bushtel_url":"https://bushtel.nt.gov.au/profile/183","community_name":"WELMALA","land_council":"CENTRAL LAND COUNCIL","latitude":-25.68278,"local_govt_council":"MACDONNELL","ward":"RODINGA","ntg_region":"CENTRAL AUSTRALIA","community_id":183,"main_language":"Not recorded","community_aliases":"WIRRMALYANGA","population_count":null,"community_type":"Family Outstation","electorate":"NAMATJIRA","population_source":"Not recorded","objectid":723,"longitude":133.26116}},{"geometry":{"type":"Point","coordinates":[132.16110000000003,-14.182549999999935],"crs":null},"id":724,"type":"Feature","properties":{"bushtel_url":"https://bushtel.nt.gov.au/profile/655","community_name":"WERENBUN","land_council":"NORTHERN LAND COUNCIL","latitude":-14.18255,"local_govt_council":"ROPER GULF","ward":"NYIRRANGGULUNG","ntg_region":"BIG RIVERS","community_id":655,"main_language":"Not recorded","community_aliases":"EDITH FALLS ROAD","population_count":20,"community_type":"Family Outstation","electorate":"ARNHEM","population_source":"Homelands Service Provider Report 2023","objectid":724,"longitude":132.1611}},{"geometry":{"type":"Point","coordinates":[133.6347300000001,-23.54264999999998],"crs":null},"id":725,"type":"Feature","properties":{"bushtel_url":"https://bushtel.nt.gov.au/profile/708","community_name":"WERRE-THERRE","land_council":"CENTRAL LAND COUNCIL","latitude":-23.54265,"local_govt_council":"MACDONNELL","ward":"RODINGA","ntg_region":"CENTRAL AUSTRALIA","community_id":708,"main_language":"Not recorded","community_aliases":"DAVIS CAMP,HAMILTON DOWNS,KUPULA URBALA,KUPUTA URBALA,MCCORMACKS CAMP,THAKAPERTE,WERE-THERRE","population_count":2,"community_type":"Family Outstation","electorate":"NAMATJIRA","population_source":"Homelands Service Provider Report 2023","objectid":725,"longitude":133.63473}},{"geometry":{"type":"Point","coordinates":[136.5023500000001,-15.642509999999959],"crs":null},"id":726,"type":"Feature","properties":{"bushtel_url":"https://bushtel.nt.gov.au/profile/274","community_name":"WEST ISLAND","land_council":"NORTHERN LAND COUNCIL","latitude":-15.64251,"local_govt_council":"ROPER GULF","ward":"SOUTH WEST GULF","ntg_region":"BIG RIVERS","community_id":274,"main_language":"Not recorded","community_aliases":"WURDIJIYA,WURDILIYA,WURDILYA,YATHUNGA","population_count":8,"community_type":"Family Outstation","electorate":"BARKLY","population_source":"Homelands Service Provider Report 2023","objectid":726,"longitude":136.50235}},{"geometry":{"type":"Point","coordinates":[133.1133900000001,-23.99572999999998],"crs":null},"id":727,"type":"Feature","properties":{"bushtel_url":"https://bushtel.nt.gov.au/profile/185","community_name":"WEST WATERHOUSE","land_council":"CENTRAL LAND COUNCIL","latitude":-23.99573,"local_govt_council":"MACDONNELL","ward":"LJIRAPINTA","ntg_region":"CENTRAL AUSTRALIA","community_id":185,"main_language":"Not recorded","community_aliases":"WEST WATER HOUSE NO.2","population_count":10,"community_type":"Family Outstation","electorate":"GWOJA","population_source":"Homelands Service Provider Report 2023","objectid":727,"longitude":133.11339}},{"geometry":{"type":"Point","coordinates":[133.43225000000007,-11.613529999999969],"crs":null},"id":728,"type":"Feature","properties":{"bushtel_url":"https://bushtel.nt.gov.au/profile/431","community_name":"WIGU","land_council":"NORTHERN LAND COUNCIL","latitude":-11.61353,"local_govt_council":"WEST ARNHEM","ward":"BARRAH","ntg_region":"TOP END","community_id":431,"main_language":"Not recorded","community_aliases":"GOULBURN ISLAND,SOUTH GOULBURN IS","population_count":null,"community_type":"Family Outstation","electorate":"ARAFURA","population_source":"Not recorded","objectid":728,"longitude":133.43225}},{"geometry":{"type":"Point","coordinates":[134.23657000000003,-19.544929999999965],"crs":null},"id":729,"type":"Feature","properties":{"bushtel_url":"https://bushtel.nt.gov.au/profile/952","community_name":"WIITIN","land_council":"CENTRAL LAND COUNCIL","latitude":-19.54493,"local_govt_council":"BARKLY","ward":"PATTA","ntg_region":"BARKLY","community_id":952,"main_language":"Not recorded","community_aliases":"TENNANT CREEK TELEGRAPH STN","population_count":7,"community_type":"Family Outstation","electorate":"BARKLY","population_source":"Homelands Service Provider Report 2023","objectid":729,"longitude":134.23657}},{"geometry":{"type":"Point","coordinates":[132.7494700000001,-11.496009999999956],"crs":null},"id":730,"type":"Feature","properties":{"bushtel_url":"https://bushtel.nt.gov.au/profile/432","community_name":"WILGI","land_council":"NORTHERN LAND COUNCIL","latitude":-11.49601,"local_govt_council":"WEST ARNHEM","ward":"BARRAH","ntg_region":"TOP END","community_id":432,"main_language":"Not recorded","community_aliases":"TIGER'S CAMP,WANINGI,WILJI,WILTJU","population_count":40,"community_type":"Family Outstation","electorate":"ARAFURA","population_source":"Homelands Service Provider Report 2023","objectid":730,"longitude":132.74947}},{"geometry":{"type":"Point","coordinates":[134.27874000000008,-23.673269999999945],"crs":null},"id":731,"type":"Feature","properties":{"bushtel_url":"https://bushtel.nt.gov.au/profile/786","community_name":"WILLIAMS WELL","land_council":"CENTRAL LAND COUNCIL","latitude":-23.67327,"local_govt_council":"MACDONNELL","ward":"RODINGA","ntg_region":"CENTRAL AUSTRALIA","community_id":786,"main_language":"Not recorded","community_aliases":"PWAYNE,WILLIAMS CAMP","population_count":9,"community_type":"Family Outstation","electorate":"NAMATJIRA","population_source":"Homelands Service Provider Report 2023","objectid":731,"longitude":134.27874}},{"geometry":{"type":"Point","coordinates":[132.61390000000006,-21.244459999999947],"crs":null},"id":732,"type":"Feature","properties":{"bushtel_url":"https://bushtel.nt.gov.au/profile/186","community_name":"WILLOWRA","land_council":"CENTRAL LAND COUNCIL","latitude":-21.24446,"local_govt_council":"CENTRAL DESERT","ward":"SOUTHERN TANAMI","ntg_region":"CENTRAL AUSTRALIA","community_id":186,"main_language":"Warlpiri","community_aliases":"WILLOWRA STATION,WIRLIYATJARRAYI","population_count":261,"community_type":"Major","electorate":"GWOJA","population_source":"Based on ABS 2021 Census SA1","objectid":732,"longitude":132.6139}},{"geometry":{"type":"Point","coordinates":[133.73110000000008,-21.74109999999996],"crs":null},"id":733,"type":"Feature","properties":{"bushtel_url":"https://bushtel.nt.gov.au/profile/187","community_name":"WILORA","land_council":"CENTRAL LAND COUNCIL","latitude":-21.7411,"local_govt_council":"CENTRAL DESERT","ward":"ANMATJERE","ntg_region":"CENTRAL AUSTRALIA","community_id":187,"main_language":"Alyawarr","community_aliases":"STIRLING STATION","population_count":69,"community_type":"Minor","electorate":"BARKLY","population_source":"Based on ABS 2021 Census SA1","objectid":733,"longitude":133.7311}},{"geometry":{"type":"Point","coordinates":[131.46172,-23.434649999999976],"crs":null},"id":734,"type":"Feature","properties":{"bushtel_url":"https://bushtel.nt.gov.au/profile/751","community_name":"WINPARKU","land_council":"CENTRAL LAND COUNCIL","latitude":-23.43465,"local_govt_council":"MACDONNELL","ward":"LURITJA PINTUBI","ntg_region":"CENTRAL AUSTRALIA","community_id":751,"main_language":"Not recorded","community_aliases":"WINOPARKU,WINOPARKY","population_count":null,"community_type":"Family Outstation","electorate":"GWOJA","population_source":"Not recorded","objectid":734,"longitude":131.46172}},{"geometry":{"type":"Point","coordinates":[135.17821000000004,-19.00616999999994],"crs":null},"id":735,"type":"Feature","properties":{"bushtel_url":"https://bushtel.nt.gov.au/profile/259","community_name":"WOGYALA","land_council":"NORTHERN LAND COUNCIL","latitude":-19.00617,"local_govt_council":"BARKLY","ward":"KUWARRANGU","ntg_region":"BARKLY","community_id":259,"main_language":"Not recorded","community_aliases":"3 MILE FLAT,ROCKHAMPTON DOWNS,WOGAYALA,WOGAYELA","population_count":40,"community_type":"Family Outstation","electorate":"BARKLY","population_source":"Homelands Service Provider Report 2023","objectid":735,"longitude":135.17821}},{"geometry":{"type":"Point","coordinates":[133.43950000000007,-21.367209999999943],"crs":null},"id":736,"type":"Feature","properties":{"bushtel_url":"https://bushtel.nt.gov.au/profile/21479","community_name":"WOLLAGALONNG OUTSTATION","land_council":"CENTRAL LAND COUNCIL","latitude":-21.36721,"local_govt_council":"CENTRAL DESERT","ward":"ANMATJERE","ntg_region":"CENTRAL AUSTRALIA","community_id":21479,"main_language":"Not recorded","community_aliases":"No aliases recorded with NTG DIPL","population_count":null,"community_type":"Family Outstation","electorate":"BARKLY","population_source":"Not recorded","objectid":736,"longitude":133.4395}},{"geometry":{"type":"Point","coordinates":[137.9888400000001,-17.218279999999936],"crs":null},"id":737,"type":"Feature","properties":{"bushtel_url":"https://bushtel.nt.gov.au/profile/275","community_name":"WOLLOGORANG","land_council":"NORTHERN LAND COUNCIL","latitude":-17.21828,"local_govt_council":"ROPER GULF","ward":"SOUTH WEST GULF","ntg_region":"BIG RIVERS","community_id":275,"main_language":"Not recorded","community_aliases":"BRANCH CREEK,DJANGALINA,JUNGALINA","population_count":2,"community_type":"Family Outstation","electorate":"BARKLY","population_source":"Homelands Service Provider Report 2023","objectid":737,"longitude":137.98884}},{"geometry":{"type":"Point","coordinates":[130.00115000000005,-13.85925999999995],"crs":null},"id":738,"type":"Feature","properties":{"bushtel_url":"https://bushtel.nt.gov.au/profile/434","community_name":"WOODYCUPALDIYA","land_council":"NORTHERN LAND COUNCIL","latitude":-13.85926,"local_govt_council":"WEST DALY","ward":"THAMARRURR/PINDI PINDI","ntg_region":"TOP END","community_id":434,"main_language":"Not recorded","community_aliases":"WOODE CUPILDIYA,WOODICUPILDYA,WOODYKAPILDIYA,WOODYKUPULDIYA,WUDIKAPILDIYEER","population_count":35,"community_type":"Minor","electorate":"DALY","population_source":"Homelands Service Provider Report 2023","objectid":738,"longitude":130.00115}},{"geometry":{"type":"Point","coordinates":[130.65890000000002,-13.105209999999943],"crs":null},"id":739,"type":"Feature","properties":{"bushtel_url":"https://bushtel.nt.gov.au/profile/697","community_name":"WOOLANING","land_council":"NORTHERN LAND COUNCIL","latitude":-13.10521,"local_govt_council":"UN-INCORPORATED (COX-DALY)","ward":"Not recorded","ntg_region":"TOP END","community_id":697,"main_language":"Not recorded","community_aliases":"No aliases recorded with NTG DIPL","population_count":4,"community_type":"Family Outstation","electorate":"DALY","population_source":"Homelands Service Provider Report 2023","objectid":739,"longitude":130.6589}},{"geometry":{"type":"Point","coordinates":[130.6427500000001,-13.674829999999929],"crs":null},"id":740,"type":"Feature","properties":{"bushtel_url":"https://bushtel.nt.gov.au/profile/715","community_name":"WOOLIANA","land_council":"NORTHERN LAND COUNCIL","latitude":-13.67483,"local_govt_council":"VICTORIA DALY","ward":"MILNGIN","ntg_region":"TOP END","community_id":715,"main_language":"Not recorded","community_aliases":"No aliases recorded with NTG DIPL","population_count":11,"community_type":"Family Outstation","electorate":"DALY","population_source":"Homelands Service Provider Report 2023","objectid":740,"longitude":130.64275}},{"geometry":{"type":"Point","coordinates":[129.94375000000002,-14.027709999999956],"crs":null},"id":741,"type":"Feature","properties":{"bushtel_url":"https://bushtel.nt.gov.au/profile/778","community_name":"WUDADUK","land_council":"NORTHERN LAND COUNCIL","latitude":-14.02771,"local_govt_council":"WEST DALY","ward":"THAMARRURR/PINDI PINDI","ntg_region":"TOP END","community_id":778,"main_language":"Not recorded","community_aliases":"MURRADUM,MURRADUN","population_count":6,"community_type":"Family Outstation","electorate":"DALY","population_source":"Homelands Service Provider Report 2023","objectid":741,"longitude":129.94375}},{"geometry":{"type":"Point","coordinates":[129.85315000000003,-14.213509999999928],"crs":null},"id":742,"type":"Feature","properties":{"bushtel_url":"https://bushtel.nt.gov.au/profile/435","community_name":"WUDAPULI","land_council":"NORTHERN LAND COUNCIL","latitude":-14.21351,"local_govt_council":"WEST DALY","ward":"THAMARRURR/PINDI PINDI","ntg_region":"TOP END","community_id":435,"main_language":"Not recorded","community_aliases":"WUDAPULLI,WUDUPULA","population_count":54,"community_type":"Family Outstation","electorate":"DALY","population_source":"Homelands Service Provider Report 2023","objectid":742,"longitude":129.85315}},{"geometry":{"type":"Point","coordinates":[133.1142000000001,-14.554799999999943],"crs":null},"id":743,"type":"Feature","properties":{"bushtel_url":"https://bushtel.nt.gov.au/profile/581","community_name":"WUGULARR","land_council":"NORTHERN LAND COUNCIL","latitude":-14.5548,"local_govt_council":"ROPER GULF","ward":"NYIRRANGGULUNG","ntg_region":"BIG RIVERS","community_id":581,"main_language":"Eastside Kriol","community_aliases":"BESWICK","population_count":636,"community_type":"Major","electorate":"ARNHEM","population_source":"Based on ABS 2021 Census SA1","objectid":743,"longitude":133.1142}},{"geometry":{"type":"Point","coordinates":[136.84162000000003,-16.406399999999962],"crs":null},"id":744,"type":"Feature","properties":{"bushtel_url":"https://bushtel.nt.gov.au/profile/995","community_name":"WULABURRI","land_council":"NORTHERN LAND COUNCIL","latitude":-16.4064,"local_govt_council":"ROPER GULF","ward":"SOUTH WEST GULF","ntg_region":"BIG RIVERS","community_id":995,"main_language":"Not recorded","community_aliases":"No aliases recorded with NTG DIPL","population_count":null,"community_type":"Family Outstation","electorate":"BARKLY","population_source":"Not recorded","objectid":744,"longitude":136.84162}},{"geometry":{"type":"Point","coordinates":[134.90591000000006,-12.355379999999968],"crs":null},"id":745,"type":"Feature","properties":{"bushtel_url":"https://bushtel.nt.gov.au/profile/838","community_name":"WULKABIMIRRI","land_council":"NORTHERN LAND COUNCIL","latitude":-12.35538,"local_govt_council":"EAST ARNHEM","ward":"BIRR RAWARRANG","ntg_region":"EAST ARNHEM","community_id":838,"main_language":"Not recorded","community_aliases":"WULKUBIMIRRI","population_count":35,"community_type":"Family Outstation","electorate":"MULKA","population_source":"Homelands Service Provider Report 2023","objectid":745,"longitude":134.90591}},{"geometry":{"type":"Point","coordinates":[135.6924100000001,-14.166479999999979],"crs":null},"id":746,"type":"Feature","properties":{"bushtel_url":"https://bushtel.nt.gov.au/profile/563","community_name":"WUMAJBARR","land_council":"NORTHERN LAND COUNCIL","latitude":-14.16648,"local_govt_council":"ROPER GULF","ward":"NUMBULWAR NUMBURINDI","ntg_region":"BIG RIVERS","community_id":563,"main_language":"Not recorded","community_aliases":"WUMARRDJBARR","population_count":8,"community_type":"Family Outstation","electorate":"ARNHEM","population_source":"Homelands Service Provider Report 2023","objectid":746,"longitude":135.69241}},{"geometry":{"type":"Point","coordinates":[129.56319000000008,-14.189069999999958],"crs":null},"id":747,"type":"Feature","properties":{"bushtel_url":"https://bushtel.nt.gov.au/profile/937","community_name":"WUMIRDIN","land_council":"NORTHERN LAND COUNCIL","latitude":-14.18907,"local_govt_council":"WEST DALY","ward":"THAMARRURR/PINDI PINDI","ntg_region":"TOP END","community_id":937,"main_language":"Not recorded","community_aliases":"No aliases recorded with NTG DIPL","population_count":null,"community_type":"Family Outstation","electorate":"DALY","population_source":"Not recorded","objectid":747,"longitude":129.56319}},{"geometry":{"type":"Point","coordinates":[136.61810000000003,-19.989799999999946],"crs":null},"id":748,"type":"Feature","properties":{"bushtel_url":"https://bushtel.nt.gov.au/profile/707","community_name":"WUNARA","land_council":"CENTRAL LAND COUNCIL","latitude":-19.9898,"local_govt_council":"BARKLY","ward":"ALYAWARR","ntg_region":"BARKLY","community_id":707,"main_language":"Not recorded","community_aliases":"ARRAWARRA,ARRUWURRA,WUNARRA,WUNURRA","population_count":8,"community_type":"Family Outstation","electorate":"BARKLY","population_source":"Homelands Service Provider Report 2023","objectid":748,"longitude":136.6181}},{"geometry":{"type":"Point","coordinates":[136.07853000000011,-11.594979999999964],"crs":null},"id":749,"type":"Feature","properties":{"bushtel_url":"https://bushtel.nt.gov.au/profile/564","community_name":"WUNBURRI","land_council":"NORTHERN LAND COUNCIL","latitude":-11.59498,"local_govt_council":"EAST ARNHEM","ward":"GUMURR MARTHAKAL","ntg_region":"EAST ARNHEM","community_id":564,"main_language":"Not recorded","community_aliases":"BURGUNNGURA ISLAND,STEVENS ISLAND,WUNBIRRI","population_count":null,"community_type":"Family Outstation","electorate":"MULKA","population_source":"Not recorded","objectid":749,"longitude":136.07853}},{"geometry":{"type":"Point","coordinates":[137.04307000000006,-16.475569999999948],"crs":null},"id":750,"type":"Feature","properties":{"bushtel_url":"https://bushtel.nt.gov.au/profile/996","community_name":"WUNDIGALLA","land_council":"NORTHERN LAND COUNCIL","latitude":-16.47557,"local_govt_council":"ROPER GULF","ward":"SOUTH WEST GULF","ntg_region":"BIG RIVERS","community_id":996,"main_language":"Not recorded","community_aliases":"No aliases recorded with NTG DIPL","population_count":4,"community_type":"Family Outstation","electorate":"BARKLY","population_source":"Homelands Service Provider Report 2023","objectid":750,"longitude":137.04307}},{"geometry":{"type":"Point","coordinates":[134.19918000000007,-19.63695999999993],"crs":null},"id":751,"type":"Feature","properties":{"bushtel_url":"https://bushtel.nt.gov.au/profile/684","community_name":"WUPPA","land_council":"CENTRAL LAND COUNCIL","latitude":-19.63696,"local_govt_council":"BARKLY","ward":"PATTA","ntg_region":"BARKLY","community_id":684,"main_language":"Not recorded","community_aliases":"WAPPA","population_count":null,"community_type":"Town Camp","electorate":"BARKLY","population_source":"Not recorded","objectid":751,"longitude":134.19918}},{"geometry":{"type":"Point","coordinates":[130.27763000000004,-11.61651999999998],"crs":null},"id":752,"type":"Feature","properties":{"bushtel_url":"https://bushtel.nt.gov.au/profile/868","community_name":"WURANKUWU","land_council":"TIWI LAND COUNCIL","latitude":-11.61652,"local_govt_council":"TIWI ISLANDS","ward":"BATHURST ISLAND WARD","ntg_region":"TOP END","community_id":868,"main_language":"Not recorded","community_aliases":"RANKU","population_count":35,"community_type":"Minor","electorate":"ARAFURA","population_source":"Homelands Service Provider Report 2023","objectid":752,"longitude":130.27763}},{"geometry":{"type":"Point","coordinates":[134.6608500000001,-12.170569999999941],"crs":null},"id":753,"type":"Feature","properties":{"bushtel_url":"https://bushtel.nt.gov.au/profile/437","community_name":"WURDEJA","land_council":"NORTHERN LAND COUNCIL","latitude":-12.17057,"local_govt_council":"WEST ARNHEM","ward":"MANINGRIDA","ntg_region":"TOP END","community_id":437,"main_language":"Not recorded","community_aliases":"WUDEJA","population_count":35,"community_type":"Family Outstation","electorate":"ARAFURA","population_source":"Homelands Service Provider Report 2023","objectid":753,"longitude":134.66085}},{"geometry":{"type":"Point","coordinates":[136.28415000000007,-16.07463999999993],"crs":null},"id":754,"type":"Feature","properties":{"bushtel_url":"https://bushtel.nt.gov.au/profile/817","community_name":"WURLBU","land_council":"NORTHERN LAND COUNCIL","latitude":-16.07464,"local_govt_council":"ROPER GULF","ward":"SOUTH WEST GULF","ntg_region":"BIG RIVERS","community_id":817,"main_language":"Not recorded","community_aliases":"OOLBOUGH,WULBU","population_count":5,"community_type":"Family Outstation","electorate":"BARKLY","population_source":"Homelands Service Provider Report 2023","objectid":754,"longitude":136.28415}},{"geometry":{"type":"Point","coordinates":[136.51557000000003,-14.137789999999939],"crs":null},"id":755,"type":"Feature","properties":{"bushtel_url":"https://bushtel.nt.gov.au/profile/565","community_name":"WURRUMENBUMANJA","land_council":"ANINDILYAKWA LAND COUNCIL","latitude":-14.13779,"local_govt_council":"EAST ARNHEM","ward":"ANINDILYAKWA","ntg_region":"EAST ARNHEM","community_id":565,"main_language":"Not recorded","community_aliases":"LESKE POOLS,LESKIE POOLS,WURRUMENBUMANDJA,WURRUMENBUMANTJA","population_count":20,"community_type":"Family Outstation","electorate":"ARNHEM","population_source":"Homelands Service Provider Report 2023","objectid":755,"longitude":136.51557}},{"geometry":{"type":"Point","coordinates":[130.63747,-11.758309999999938],"crs":null},"id":756,"type":"Feature","properties":{"bushtel_url":"https://bushtel.nt.gov.au/profile/400","community_name":"WURRUMIYANGA","land_council":"TIWI LAND COUNCIL","latitude":-11.75831,"local_govt_council":"TIWI ISLANDS","ward":"BATHURST ISLAND WARD","ntg_region":"TOP END","community_id":400,"main_language":"Tiwi (Modern and Traditional)","community_aliases":"BATHURST ISLAND,NGUIU","population_count":1668,"community_type":"Major","electorate":"ARAFURA","population_source":"Based on ABS 2021 Census SA1","objectid":756,"longitude":130.63747}},{"geometry":{"type":"Point","coordinates":[136.30349,-11.976459999999975],"crs":null},"id":757,"type":"Feature","properties":{"bushtel_url":"https://bushtel.nt.gov.au/profile/548","community_name":"WURWULA","land_council":"NORTHERN LAND COUNCIL","latitude":-11.97646,"local_govt_council":"EAST ARNHEM","ward":"GUMURR MARTHAKAL","ntg_region":"EAST ARNHEM","community_id":548,"main_language":"Not recorded","community_aliases":"INGLIS ISLAND,NIKAWUNGYURA,NYEKALA","population_count":null,"community_type":"Family Outstation","electorate":"MULKA","population_source":"Not recorded","objectid":757,"longitude":136.30349}},{"geometry":{"type":"Point","coordinates":[135.25241000000005,-20.461559999999963],"crs":null},"id":758,"type":"Feature","properties":{"bushtel_url":"https://bushtel.nt.gov.au/profile/227","community_name":"WUTUNUGURRA","land_council":"CENTRAL LAND COUNCIL","latitude":-20.46156,"local_govt_council":"BARKLY","ward":"ALYAWARR","ntg_region":"BARKLY","community_id":227,"main_language":"Alyawarr","community_aliases":"EPENARRA,WETENNGERR,WUTTUNUGURR,WUTUNURRGURA","population_count":168,"community_type":"Major","electorate":"BARKLY","population_source":"Based on ABS 2021 Census SA1","objectid":758,"longitude":135.25241}},{"geometry":{"type":"Point","coordinates":[135.5203600000001,-14.621489999999937],"crs":null},"id":759,"type":"Feature","properties":{"bushtel_url":"https://bushtel.nt.gov.au/profile/567","community_name":"WUYAGIBA","land_council":"NORTHERN LAND COUNCIL","latitude":-14.62149,"local_govt_council":"ROPER GULF","ward":"NUMBULWAR NUMBURINDI","ntg_region":"BIG RIVERS","community_id":567,"main_language":"Not recorded","community_aliases":"WIYAGIBA,WIYAKIPA","population_count":20,"community_type":"Family Outstation","electorate":"ARNHEM","population_source":"Homelands Service Provider Report 2023","objectid":759,"longitude":135.52036}},{"geometry":{"type":"Point","coordinates":[132.6639,-23.886679999999956],"crs":null},"id":760,"type":"Feature","properties":{"bushtel_url":"https://bushtel.nt.gov.au/profile/984","community_name":"YAKALA","land_council":"CENTRAL LAND COUNCIL","latitude":-23.88668,"local_govt_council":"MACDONNELL","ward":"LJIRAPINTA","ntg_region":"CENTRAL AUSTRALIA","community_id":984,"main_language":"Not recorded","community_aliases":"No aliases recorded with NTG DIPL","population_count":7,"community_type":"Family Outstation","electorate":"GWOJA","population_source":"Homelands Service Provider Report 2023","objectid":760,"longitude":132.6639}},{"geometry":{"type":"Point","coordinates":[136.00585,-12.262509999999963],"crs":null},"id":761,"type":"Feature","properties":{"bushtel_url":"https://bushtel.nt.gov.au/profile/864","community_name":"YALUKUN","land_council":"NORTHERN LAND COUNCIL","latitude":-12.26251,"local_govt_council":"EAST ARNHEM","ward":"GUMURR MIYARRKA","ntg_region":"EAST ARNHEM","community_id":864,"main_language":"Not recorded","community_aliases":"YALAKUN,YALLIQUIN","population_count":9,"community_type":"Family Outstation","electorate":"ARNHEM","population_source":"Homelands Service Provider Report 2023","objectid":761,"longitude":136.00585}},{"geometry":{"type":"Point","coordinates":[136.45613000000003,-14.21667999999994],"crs":null},"id":763,"type":"Feature","properties":{"bushtel_url":"https://bushtel.nt.gov.au/profile/573","community_name":"YANBAKWA","land_council":"ANINDILYAKWA LAND COUNCIL","latitude":-14.21668,"local_govt_council":"EAST ARNHEM","ward":"ANINDILYAKWA","ntg_region":"EAST ARNHEM","community_id":573,"main_language":"Not recorded","community_aliases":"YANBAGWA,YENBAGWA,YENBAKWA,YENBAKWAY","population_count":29,"community_type":"Family Outstation","electorate":"ARNHEM","population_source":"Homelands Service Provider Report 2023","objectid":763,"longitude":136.45613}},{"geometry":{"type":"Point","coordinates":[137.20896000000005,-16.888859999999966],"crs":null},"id":764,"type":"Feature","properties":{"bushtel_url":"https://bushtel.nt.gov.au/profile/218","community_name":"YANGULINYINA","land_council":"NORTHERN LAND COUNCIL","latitude":-16.88886,"local_govt_council":"ROPER GULF","ward":"SOUTH WEST GULF","ntg_region":"BIG RIVERS","community_id":218,"main_language":"Not recorded","community_aliases":"BIDIDA,CALVERT HILLS,SURPRISE CREEK","population_count":13,"community_type":"Family Outstation","electorate":"BARKLY","population_source":"Homelands Service Provider Report 2023","objectid":764,"longitude":137.20896}},{"geometry":{"type":"Point","coordinates":[136.65787000000012,-12.279749999999979],"crs":null},"id":765,"type":"Feature","properties":{"bushtel_url":"https://bushtel.nt.gov.au/profile/569","community_name":"YANUNGBI","land_council":"NORTHERN LAND COUNCIL","latitude":-12.27975,"local_govt_council":"EAST ARNHEM","ward":"GUMURR MIWATJ","ntg_region":"EAST ARNHEM","community_id":569,"main_language":"Not recorded","community_aliases":"YANGUMBI,YANGUNBI","population_count":6,"community_type":"Family Outstation","electorate":"MULKA","population_source":"Homelands Service Provider Report 2023","objectid":765,"longitude":136.65787}},{"geometry":{"type":"Point","coordinates":[136.30830000000003,-16.06129999999996],"crs":null},"id":766,"type":"Feature","properties":{"bushtel_url":"https://bushtel.nt.gov.au/profile/278","community_name":"YANYULA","land_council":"NORTHERN LAND COUNCIL","latitude":-16.0613,"local_govt_council":"ROPER GULF","ward":"SOUTH WEST GULF","ntg_region":"BIG RIVERS","community_id":278,"main_language":"Not recorded","community_aliases":"BORROLOOLA TOWN CAMP,YANULA","population_count":null,"community_type":"Town Camp","electorate":"BARKLY","population_source":"Not recorded","objectid":766,"longitude":136.3083}},{"geometry":{"type":"Point","coordinates":[130.8827900000001,-16.448409999999967],"crs":null},"id":767,"type":"Feature","properties":{"bushtel_url":"https://bushtel.nt.gov.au/profile/658","community_name":"YARRALIN","land_council":"NORTHERN LAND COUNCIL","latitude":-16.44841,"local_govt_council":"VICTORIA DALY","ward":"WALANGERI","ntg_region":"BIG RIVERS","community_id":658,"main_language":"Ngarinyman / Kriol","community_aliases":"No aliases recorded with NTG DIPL","population_count":332,"community_type":"Major","electorate":"GWOJA","population_source":"Based on ABS 2021 Census SA1","objectid":767,"longitude":130.88279}},{"geometry":{"type":"Point","coordinates":[130.3552800000001,-20.572529999999972],"crs":null},"id":768,"type":"Feature","properties":{"bushtel_url":"https://bushtel.nt.gov.au/profile/939","community_name":"YARTALU YARTALU","land_council":"CENTRAL LAND COUNCIL","latitude":-20.57253,"local_govt_council":"CENTRAL DESERT","ward":"NORTHERN TANAMI","ntg_region":"CENTRAL AUSTRALIA","community_id":939,"main_language":"Not recorded","community_aliases":"BOGARDEE,GRANITES,THE GRANITES,YARDULYUYARDULYU","population_count":null,"community_type":"Family Outstation","electorate":"GWOJA","population_source":"Not recorded","objectid":768,"longitude":130.35528}},{"geometry":{"type":"Point","coordinates":[131.61441000000002,-23.686219999999935],"crs":null},"id":769,"type":"Feature","properties":{"bushtel_url":"https://bushtel.nt.gov.au/profile/194","community_name":"YATEMANS BORE","land_council":"CENTRAL LAND COUNCIL","latitude":-23.68622,"local_govt_council":"MACDONNELL","ward":"LJIRAPINTA","ntg_region":"CENTRAL AUSTRALIA","community_id":194,"main_language":"Not recorded","community_aliases":"IRRANDI,IRRIANDI","population_count":null,"community_type":"Family Outstation","electorate":"GWOJA","population_source":"Not recorded","objectid":769,"longitude":131.61441}},{"geometry":{"type":"Point","coordinates":[134.92196,-12.274459999999976],"crs":null},"id":770,"type":"Feature","properties":{"bushtel_url":"https://bushtel.nt.gov.au/profile/571","community_name":"YATHALAMARRA","land_council":"NORTHERN LAND COUNCIL","latitude":-12.27446,"local_govt_council":"EAST ARNHEM","ward":"BIRR RAWARRANG","ntg_region":"EAST ARNHEM","community_id":571,"main_language":"Not recorded","community_aliases":"YATHALAMARA,YATHALMARRA","population_count":77,"community_type":"Minor","electorate":"MULKA","population_source":"Homelands Service Provider Report 2023","objectid":770,"longitude":134.92196}},{"geometry":{"type":"Point","coordinates":[131.16216000000009,-22.406429999999943],"crs":null},"id":771,"type":"Feature","properties":{"bushtel_url":"https://bushtel.nt.gov.au/profile/191","community_name":"YATJALU","land_council":"CENTRAL LAND COUNCIL","latitude":-22.40643,"local_govt_council":"CENTRAL DESERT","ward":"SOUTHERN TANAMI","ntg_region":"CENTRAL AUSTRALIA","community_id":191,"main_language":"Not recorded","community_aliases":"YAJALU","population_count":null,"community_type":"Family Outstation","electorate":"GWOJA","population_source":"Not recorded","objectid":771,"longitude":131.16216}},{"geometry":{"type":"Point","coordinates":[129.72201000000007,-14.019649999999956],"crs":null},"id":772,"type":"Feature","properties":{"bushtel_url":"https://bushtel.nt.gov.au/profile/719","community_name":"YEDERR","land_council":"NORTHERN LAND COUNCIL","latitude":-14.01965,"local_govt_council":"WEST DALY","ward":"THAMARRURR/PINDI PINDI","ntg_region":"TOP END","community_id":719,"main_language":"Not recorded","community_aliases":"No aliases recorded with NTG DIPL","population_count":null,"community_type":"Family Outstation","electorate":"DALY","population_source":"Not recorded","objectid":772,"longitude":129.72201}},{"geometry":{"type":"Point","coordinates":[136.45703000000003,-14.080559999999934],"crs":null},"id":773,"type":"Feature","properties":{"bushtel_url":"https://bushtel.nt.gov.au/profile/572","community_name":"YEDIKBA","land_council":"ANINDILYAKWA LAND COUNCIL","latitude":-14.08056,"local_govt_council":"EAST ARNHEM","ward":"ANINDILYAKWA","ntg_region":"EAST ARNHEM","community_id":572,"main_language":"Not recorded","community_aliases":"EMERALD RIVER","population_count":8,"community_type":"Family Outstation","electorate":"ARNHEM","population_source":"Homelands Service Provider Report 2023","objectid":773,"longitude":136.45703}},{"geometry":{"type":"Point","coordinates":[134.11140000000012,-12.50362999999993],"crs":null},"id":774,"type":"Feature","properties":{"bushtel_url":"https://bushtel.nt.gov.au/profile/797","community_name":"YIKARRAKKAL","land_council":"NORTHERN LAND COUNCIL","latitude":-12.50363,"local_govt_council":"WEST ARNHEM","ward":"MANINGRIDA","ntg_region":"TOP END","community_id":797,"main_language":"Not recorded","community_aliases":"KUBUMI,YIKARRAKAL","population_count":10,"community_type":"Family Outstation","electorate":"ARAFURA","population_source":"Homelands Service Provider Report 2023","objectid":774,"longitude":134.1114}},{"geometry":{"type":"Point","coordinates":[134.62196000000006,-12.042509999999936],"crs":null},"id":775,"type":"Feature","properties":{"bushtel_url":"https://bushtel.nt.gov.au/profile/303","community_name":"YILAN","land_council":"NORTHERN LAND COUNCIL","latitude":-12.04251,"local_govt_council":"WEST ARNHEM","ward":"MANINGRIDA","ntg_region":"TOP END","community_id":303,"main_language":"Not recorded","community_aliases":"BUNBAWA,MU-GANARRA,MUGANARRA,MURGANARRA,Y'LAN","population_count":30,"community_type":"Family Outstation","electorate":"ARAFURA","population_source":"Homelands Service Provider Report 2023","objectid":775,"longitude":134.62196}},{"geometry":{"type":"Point","coordinates":[135.91308000000004,-13.682039999999972],"crs":null},"id":776,"type":"Feature","properties":{"bushtel_url":"https://bushtel.nt.gov.au/profile/898","community_name":"YILILA","land_council":"NORTHERN LAND COUNCIL","latitude":-13.68204,"local_govt_council":"ROPER GULF","ward":"NUMBULWAR NUMBURINDI","ntg_region":"BIG RIVERS","community_id":898,"main_language":"Not recorded","community_aliases":"No aliases recorded with NTG DIPL","population_count":7,"community_type":"Family Outstation","electorate":"ARNHEM","population_source":"Homelands Service Provider Report 2023","objectid":776,"longitude":135.91308}},{"geometry":{"type":"Point","coordinates":[135.56463000000008,-14.217519999999979],"crs":null},"id":777,"type":"Feature","properties":{"bushtel_url":"https://bushtel.nt.gov.au/profile/574","community_name":"YIMIDARRA","land_council":"NORTHERN LAND COUNCIL","latitude":-14.21752,"local_govt_council":"ROPER GULF","ward":"NUMBULWAR NUMBURINDI","ntg_region":"BIG RIVERS","community_id":574,"main_language":"Not recorded","community_aliases":"POLICEMAN'S CROSSING,YIMIDARRI","population_count":15,"community_type":"Family Outstation","electorate":"ARNHEM","population_source":"Homelands Service Provider Report 2023","objectid":777,"longitude":135.56463}},{"geometry":{"type":"Point","coordinates":[131.82362000000012,-16.60890999999998],"crs":null},"id":778,"type":"Feature","properties":{"bushtel_url":"https://bushtel.nt.gov.au/profile/659","community_name":"YINGUWUNARRI","land_council":"NORTHERN LAND COUNCIL","latitude":-16.60891,"local_govt_council":"VICTORIA DALY","ward":"WALANGERI","ntg_region":"BIG RIVERS","community_id":659,"main_language":"Not recorded","community_aliases":"MONTEJINNI,OLD TOP SPRINGS,TOP SPRINGS,WANARR,YINGAWINARRI","population_count":null,"community_type":"Family Outstation","electorate":"GWOJA","population_source":"Not recorded","objectid":778,"longitude":131.82362}},{"geometry":{"type":"Point","coordinates":[136.22921000000008,-12.210239999999942],"crs":null},"id":779,"type":"Feature","properties":{"bushtel_url":"https://bushtel.nt.gov.au/profile/999","community_name":"YINYIKAY","land_council":"NORTHERN LAND COUNCIL","latitude":-12.21024,"local_govt_council":"EAST ARNHEM","ward":"GUMURR MARTHAKAL","ntg_region":"EAST ARNHEM","community_id":999,"main_language":"Not recorded","community_aliases":"NYINIKAY,RHODES POINT","population_count":13,"community_type":"Family Outstation","electorate":"MULKA","population_source":"Homelands Service Provider Report 2023","objectid":779,"longitude":136.22921}},{"geometry":{"type":"Point","coordinates":[130.20558000000005,-22.210459999999955],"crs":null},"id":780,"type":"Feature","properties":{"bushtel_url":"https://bushtel.nt.gov.au/profile/195","community_name":"YINYIRIPALANGU","land_council":"CENTRAL LAND COUNCIL","latitude":-22.21046,"local_govt_council":"CENTRAL DESERT","ward":"SOUTHERN TANAMI","ntg_region":"CENTRAL AUSTRALIA","community_id":195,"main_language":"Not recorded","community_aliases":"ETHEL CREEK,NGARI-PALYA","population_count":null,"community_type":"Family Outstation","electorate":"GWOJA","population_source":"Not recorded","objectid":780,"longitude":130.20558}},{"geometry":{"type":"Point","coordinates":[131.0223800000001,-12.572929999999928],"crs":null},"id":781,"type":"Feature","properties":{"bushtel_url":"https://bushtel.nt.gov.au/profile/1002","community_name":"YIRRA BANDOO","land_council":"NORTHERN LAND COUNCIL","latitude":-12.57293,"local_govt_council":"LITCHFIELD","ward":"CENTRAL WARD","ntg_region":"DARWIN, PALMERSTON, LITCHFIELD","community_id":1002,"main_language":"Not recorded","community_aliases":"ELIZABETH RIVER,VIRGINIA","population_count":null,"community_type":"Family Outstation","electorate":"GOYDER","population_source":"Not recorded","objectid":781,"longitude":131.02238}},{"geometry":{"type":"Point","coordinates":[136.02578000000005,-11.645379999999932],"crs":null},"id":782,"type":"Feature","properties":{"bushtel_url":"https://bushtel.nt.gov.au/profile/575","community_name":"YIRRINGA","land_council":"NORTHERN LAND COUNCIL","latitude":-11.64538,"local_govt_council":"EAST ARNHEM","ward":"GUMURR MARTHAKAL","ntg_region":"EAST ARNHEM","community_id":575,"main_language":"Not recorded","community_aliases":"DRYSDALE ISLAND","population_count":null,"community_type":"Family Outstation","electorate":"MULKA","population_source":"Not recorded","objectid":782,"longitude":136.02578}},{"geometry":{"type":"Point","coordinates":[136.89168000000006,-12.252789999999948],"crs":null},"id":783,"type":"Feature","properties":{"bushtel_url":"https://bushtel.nt.gov.au/profile/576","community_name":"YIRRKALA","land_council":"NORTHERN LAND COUNCIL","latitude":-12.25279,"local_govt_council":"EAST ARNHEM","ward":"GUMURR MIWATJ","ntg_region":"EAST ARNHEM","community_id":576,"main_language":"Yolngu Matha(Djambarrpuyngu)","community_aliases":"No aliases recorded with NTG DIPL","population_count":771,"community_type":"Major","electorate":"MULKA","population_source":"Based on ABS 2021 Census SA1","objectid":783,"longitude":136.89168}},{"geometry":{"type":"Point","coordinates":[136.63724000000002,-12.233349999999973],"crs":null},"id":784,"type":"Feature","properties":{"bushtel_url":"https://bushtel.nt.gov.au/profile/672","community_name":"YUDU YUDU","land_council":"NORTHERN LAND COUNCIL","latitude":-12.23335,"local_govt_council":"EAST ARNHEM","ward":"GUMURR MIWATJ","ntg_region":"EAST ARNHEM","community_id":672,"main_language":"Not recorded","community_aliases":"YUDUYUDU","population_count":14,"community_type":"Family Outstation","electorate":"MULKA","population_source":"Homelands Service Provider Report 2023","objectid":784,"longitude":136.63724}},{"geometry":{"type":"Point","coordinates":[132.20557000000008,-22.25834999999995],"crs":null},"id":785,"type":"Feature","properties":{"bushtel_url":"https://bushtel.nt.gov.au/profile/197","community_name":"YUELAMU","land_council":"CENTRAL LAND COUNCIL","latitude":-22.25835,"local_govt_council":"CENTRAL DESERT","ward":"ANMATJERE","ntg_region":"CENTRAL AUSTRALIA","community_id":197,"main_language":"Anmatyerr / Warlpiri","community_aliases":"ALPIRAKINA,MOUNT ALLAN","population_count":175,"community_type":"Major","electorate":"GWOJA","population_source":"Based on ABS 2021 Census SA1","objectid":785,"longitude":132.20557}},{"geometry":{"type":"Point","coordinates":[131.79529000000002,-22.253889999999956],"crs":null},"id":786,"type":"Feature","properties":{"bushtel_url":"https://bushtel.nt.gov.au/profile/198","community_name":"YUENDUMU","land_council":"CENTRAL LAND COUNCIL","latitude":-22.25389,"local_govt_council":"CENTRAL DESERT","ward":"SOUTHERN TANAMI","ntg_region":"CENTRAL AUSTRALIA","community_id":198,"main_language":"Warlpiri","community_aliases":"No aliases recorded with NTG DIPL","population_count":869,"community_type":"Major","electorate":"GWOJA","population_source":"Based on ABS 2021 Census SA1","objectid":786,"longitude":131.79529}},{"geometry":{"type":"Point","coordinates":[130.98766000000012,-25.241329999999948],"crs":null},"id":787,"type":"Feature","properties":{"bushtel_url":"https://bushtel.nt.gov.au/profile/20026","community_name":"YULARA","land_council":"CENTRAL LAND COUNCIL","latitude":-25.24133,"local_govt_council":"UN-INCORPORATED (YULARA)","ward":"Not recorded","ntg_region":"CENTRAL AUSTRALIA","community_id":20026,"main_language":"Not recorded","community_aliases":"YULURA","population_count":null,"community_type":"Town","electorate":"GWOJA","population_source":"Not recorded","objectid":787,"longitude":130.98766}},{"geometry":{"type":"Point","coordinates":[130.8910800000001,-25.254549999999938],"crs":null},"id":788,"type":"Feature","properties":{"bushtel_url":"https://bushtel.nt.gov.au/profile/863","community_name":"YULARA PULKA","land_council":"CENTRAL LAND COUNCIL","latitude":-25.25455,"local_govt_council":"MACDONNELL","ward":"IYARRKA","ntg_region":"CENTRAL AUSTRALIA","community_id":863,"main_language":"Not recorded","community_aliases":"No aliases recorded with NTG DIPL","population_count":5,"community_type":"Family Outstation","electorate":"GWOJA","population_source":"Homelands Service Provider Report 2023","objectid":788,"longitude":130.89108}},{"geometry":{"type":"Point","coordinates":[136.99970000000008,-15.777699999999982],"crs":null},"id":789,"type":"Feature","properties":{"bushtel_url":"https://bushtel.nt.gov.au/profile/1010","community_name":"YULBARA","land_council":"NORTHERN LAND COUNCIL","latitude":-15.7777,"local_govt_council":"ROPER GULF","ward":"SOUTH WEST GULF","ntg_region":"BIG RIVERS","community_id":1010,"main_language":"Not recorded","community_aliases":"ULBARA POINT","population_count":null,"community_type":"Family Outstation","electorate":"BARKLY","population_source":"Not recorded","objectid":789,"longitude":136.9997}},{"geometry":{"type":"Point","coordinates":[130.78047000000004,-21.627309999999966],"crs":null},"id":790,"type":"Feature","properties":{"bushtel_url":"https://bushtel.nt.gov.au/profile/200","community_name":"YUMURRPA","land_council":"CENTRAL LAND COUNCIL","latitude":-21.62731,"local_govt_council":"CENTRAL DESERT","ward":"SOUTHERN TANAMI","ntg_region":"CENTRAL AUSTRALIA","community_id":200,"main_language":"Not recorded","community_aliases":"CAVES BORE,YUMURLPA","population_count":null,"community_type":"Family Outstation","electorate":"GWOJA","population_source":"Not recorded","objectid":790,"longitude":130.78047}},{"geometry":{"type":"Point","coordinates":[129.5392200000001,-23.56346999999994],"crs":null},"id":791,"type":"Feature","properties":{"bushtel_url":"https://bushtel.nt.gov.au/profile/196","community_name":"YUWALKI","land_council":"CENTRAL LAND COUNCIL","latitude":-23.56347,"local_govt_council":"MACDONNELL","ward":"LURITJA PINTUBI","ntg_region":"CENTRAL AUSTRALIA","community_id":196,"main_language":"Not recorded","community_aliases":"MT. DAVID BORE,UALKI,YUALTJI","population_count":null,"community_type":"Family Outstation","electorate":"GWOJA","population_source":"Not recorded","objectid":791,"longitude":129.53922}},{"geometry":{"type":"Point","coordinates":[131.65064000000007,-22.03565999999995],"crs":null},"id":792,"type":"Feature","properties":{"bushtel_url":"https://bushtel.nt.gov.au/profile/123","community_name":"YUWERLI","land_council":"CENTRAL LAND COUNCIL","latitude":-22.03566,"local_govt_council":"CENTRAL DESERT","ward":"SOUTHERN TANAMI","ntg_region":"CENTRAL AUSTRALIA","community_id":123,"main_language":"Not recorded","community_aliases":"BEAN TREE,NGALIKIRLAN","population_count":null,"community_type":"Family Outstation","electorate":"GWOJA","population_source":"Not recorded","objectid":792,"longitude":131.65064}}],"type":"FeatureCollection","properties":{"exceededTransferLimit":false}}