{"features":[{"geometry":{"type":"Point","coordinates":[136.54839000000004,-16.085749999999962],"crs":null},"id":1,"type":"Feature","properties":{"site_type":"WP","community_name":"20 Mile","latitude":-16.08575,"alternative_community_name___lo":"Approx 30km E of Borroloola","state":"NT","objectid":1,"longitude":136.54839}},{"geometry":{"type":"Point","coordinates":[132.47481000000005,-11.152769999999975],"crs":null},"id":2,"type":"Feature","properties":{"site_type":"WP","community_name":"Adjamarragu","latitude":-11.15277,"alternative_community_name___lo":"Croker Island","state":"NT","objectid":2,"longitude":132.47481}},{"geometry":{"type":"Point","coordinates":[132.19270000000006,-26.251259999999945],"crs":null},"id":3,"type":"Feature","properties":{"site_type":"WP","community_name":"Aeroplane 1","latitude":-26.25126,"alternative_community_name___lo":"30km S of the NT/SA border, 110km W of Stuart Hwy","state":"SA","objectid":3,"longitude":132.1927}},{"geometry":{"type":"Point","coordinates":[136.7786400000001,-13.863599999999963],"crs":null},"id":4,"type":"Feature","properties":{"site_type":"WP","community_name":"Akwalirrumanja","latitude":-13.8636,"alternative_community_name___lo":"Groote Eylandt","state":"NT","objectid":4,"longitude":136.77864}},{"geometry":{"type":"Point","coordinates":[132.52817000000005,-11.067679999999939],"crs":null},"id":5,"type":"Feature","properties":{"site_type":"WP","community_name":"Alamirra","latitude":-11.06768,"alternative_community_name___lo":"Croker Island","state":"NT","objectid":5,"longitude":132.52817}},{"geometry":{"type":"Point","coordinates":[134.22964000000002,-24.881309999999928],"crs":null},"id":6,"type":"Feature","properties":{"site_type":"WP","community_name":"Alice Well","latitude":-24.88131,"alternative_community_name___lo":"150km SSE of Alice Springs, 110km from Stuart Hwy","state":"NT","objectid":6,"longitude":134.22964}},{"geometry":{"type":"Point","coordinates":[132.46257000000003,-23.955599999999947],"crs":null},"id":7,"type":"Feature","properties":{"site_type":"WP","community_name":"Alkngarrija","latitude":-23.9556,"alternative_community_name___lo":"Alkngarriintja, 180km W of Alice Springs","state":"NT","objectid":7,"longitude":132.46257}},{"geometry":{"type":"Point","coordinates":[128.87854000000004,-16.029469999999947],"crs":null},"id":8,"type":"Feature","properties":{"site_type":"WP","community_name":"Alligator Hole","latitude":-16.02947,"alternative_community_name___lo":"49km SE of Kununurra","state":"WA","objectid":8,"longitude":128.87854}},{"geometry":{"type":"Point","coordinates":[131.2120500000001,-25.913499999999942],"crs":null},"id":9,"type":"Feature","properties":{"site_type":"WP","community_name":"Alpara","latitude":-25.9135,"alternative_community_name___lo":"220km W of the Stuart Highway, 10km N of the SA/NT border","state":"NT","objectid":9,"longitude":131.21205}},{"geometry":{"type":"Point","coordinates":[133.45488000000012,-11.594869999999958],"crs":null},"id":10,"type":"Feature","properties":{"site_type":"WP","community_name":"Amatjatpalk","latitude":-11.59487,"alternative_community_name___lo":"South Goulburn Island","state":"NT","objectid":10,"longitude":133.45488}},{"geometry":{"type":"Point","coordinates":[129.12314000000003,-24.929359999999974],"crs":null},"id":11,"type":"Feature","properties":{"site_type":"WP","community_name":"Amputjutu","latitude":-24.92936,"alternative_community_name___lo":"210km WNW of Uluru near Docker River","state":"NT","objectid":11,"longitude":129.12314}},{"geometry":{"type":"Point","coordinates":[133.03191000000004,-26.863899999999944],"crs":null},"id":12,"type":"Feature","properties":{"site_type":"WP","community_name":"Amuroona","latitude":-26.8639,"alternative_community_name___lo":"70km W of Stuart Hwy 115km S of SA/NT border","state":"SA","objectid":12,"longitude":133.03191}},{"geometry":{"type":"Point","coordinates":[134.21652000000006,-22.55768999999998],"crs":null},"id":13,"type":"Feature","properties":{"site_type":"WP","community_name":"Angula","latitude":-22.55769,"alternative_community_name___lo":"170km N of Alice Springs, 100km E of Hwy","state":"NT","objectid":13,"longitude":134.21652}},{"geometry":{"type":"Point","coordinates":[132.82539000000008,-11.405809999999974],"crs":null},"id":14,"type":"Feature","properties":{"site_type":"WP","community_name":"Annesley Point","latitude":-11.40581,"alternative_community_name___lo":"150km N of Jabiru in WAL","state":"NT","objectid":14,"longitude":132.82539}},{"geometry":{"type":"Point","coordinates":[145.3158400000001,-15.60015999999996],"crs":null},"id":15,"type":"Feature","properties":{"site_type":"WP","community_name":"Archer Point","latitude":-15.60016,"alternative_community_name___lo":"15km SE of Cooktown","state":"QLD","objectid":15,"longitude":145.31584}},{"geometry":{"type":"Point","coordinates":[132.82986000000005,-23.982289999999978],"crs":null},"id":16,"type":"Feature","properties":{"site_type":"WP","community_name":"Arrkapa","latitude":-23.98229,"alternative_community_name___lo":"Arkanaputa.\nNear Hermannsburg","state":"NT","objectid":16,"longitude":132.82986}},{"geometry":{"type":"Point","coordinates":[131.98340000000007,-23.399499999999932],"crs":null},"id":17,"type":"Feature","properties":{"site_type":"WP","community_name":"Atji Creek","latitude":-23.3995,"alternative_community_name___lo":"250km West of Alice Springs","state":"NT","objectid":17,"longitude":131.9834}},{"geometry":{"type":"Point","coordinates":[141.7745500000001,-15.111209999999971],"crs":null},"id":18,"type":"Feature","properties":{"site_type":"WP","community_name":"Baa's Yard","latitude":-15.11121,"alternative_community_name___lo":"50km N of Kowanyama on W coast of CY","state":"QLD","objectid":18,"longitude":141.77455}},{"geometry":{"type":"Point","coordinates":[136.97846000000004,-15.744069999999965],"crs":null},"id":19,"type":"Feature","properties":{"site_type":"WP","community_name":"Babungi","latitude":-15.74407,"alternative_community_name___lo":"Vanderlin Island, off Borroloola","state":"NT","objectid":19,"longitude":136.97846}},{"geometry":{"type":"Point","coordinates":[139.62276000000008,-16.428759999999954],"crs":null},"id":20,"type":"Feature","properties":{"site_type":"WP","community_name":"Balaleah","latitude":-16.42876,"alternative_community_name___lo":"Mornington Island","state":"QLD","objectid":20,"longitude":139.62276}},{"geometry":{"type":"Point","coordinates":[132.06563000000006,-26.366079999999954],"crs":null},"id":21,"type":"Feature","properties":{"site_type":"WP","community_name":"Balfour Well","latitude":-26.36608,"alternative_community_name___lo":"45km S of the NT/SA border, 125km W of Stuart Hwy","state":"SA","objectid":21,"longitude":132.06563}},{"geometry":{"type":"Point","coordinates":[145.22662000000003,-15.741319999999973],"crs":null},"id":22,"type":"Feature","properties":{"site_type":"WP","community_name":"Bana Yarrilji Bubu (Shipton's Flat)","latitude":-15.74132,"alternative_community_name___lo":"35km S of Cooktown near E coast of CY","state":"QLD","objectid":22,"longitude":145.22662}},{"geometry":{"type":"Point","coordinates":[122.58838000000003,-16.976609999999937],"crs":null},"id":23,"type":"Feature","properties":{"site_type":"WP","community_name":"Banana Well","latitude":-16.97661,"alternative_community_name___lo":"125km NNE of Broome","state":"WA","objectid":23,"longitude":122.58838}},{"geometry":{"type":"Point","coordinates":[144.99381000000005,-17.40391999999997],"crs":null},"id":24,"type":"Feature","properties":{"site_type":"WP","community_name":"Bar Barrum","latitude":-17.40392,"alternative_community_name___lo":"100km SW of Cairns","state":"QLD","objectid":24,"longitude":144.99381}},{"geometry":{"type":"Point","coordinates":[127.76076000000012,-18.126169999999945],"crs":null},"id":25,"type":"Feature","properties":{"site_type":"WP","community_name":"Barangya Boongaray","latitude":-18.12617,"alternative_community_name___lo":"15km NE of Halls Creek","state":"WA","objectid":25,"longitude":127.76076}},{"geometry":{"type":"Point","coordinates":[139.69778000000008,-16.479419999999948],"crs":null},"id":26,"type":"Feature","properties":{"site_type":"WP","community_name":"Barrakiah","latitude":-16.47942,"alternative_community_name___lo":"Mornington Island","state":"QLD","objectid":26,"longitude":139.69778}},{"geometry":{"type":"Point","coordinates":[134.17541000000006,-12.349179999999933],"crs":null},"id":27,"type":"Feature","properties":{"site_type":"WP","community_name":"Barrijowkeng","latitude":-12.34918,"alternative_community_name___lo":"60km S of Maningrida in WAL","state":"NT","objectid":27,"longitude":134.17541}},{"geometry":{"type":"Point","coordinates":[142.67063000000007,-12.661759999999958],"crs":null},"id":28,"type":"Feature","properties":{"site_type":"WP","community_name":"Batavia Downs","latitude":-12.66176,"alternative_community_name___lo":"100km E of Weipa","state":"QLD","objectid":28,"longitude":142.67063}},{"geometry":{"type":"Point","coordinates":[135.47464000000002,-16.21228999999994],"crs":null},"id":29,"type":"Feature","properties":{"site_type":"WP","community_name":"Bauhinia Downs","latitude":-16.21229,"alternative_community_name___lo":"100km WSW of Borroloola","state":"NT","objectid":29,"longitude":135.47464}},{"geometry":{"type":"Point","coordinates":[126.1179800000001,-18.75670999999994],"crs":null},"id":30,"type":"Feature","properties":{"site_type":"WP","community_name":"Bawoorrooga","latitude":-18.75671,"alternative_community_name___lo":"100km SE of Fitzroy Crossing, on Great Northern Hwy","state":"WA","objectid":30,"longitude":126.11798}},{"geometry":{"type":"Point","coordinates":[134.50490000000002,-12.07224999999994],"crs":null},"id":31,"type":"Feature","properties":{"site_type":"WP","community_name":"Berraja","latitude":-12.07225,"alternative_community_name___lo":"Approx 25km E of Maningrida","state":"NT","objectid":31,"longitude":134.5049}},{"geometry":{"type":"Point","coordinates":[139.21163,-16.57007999999996],"crs":null},"id":32,"type":"Feature","properties":{"site_type":"WP","community_name":"Bidjagun","latitude":-16.57008,"alternative_community_name___lo":"Mornington Island","state":"QLD","objectid":32,"longitude":139.21163}},{"geometry":{"type":"Point","coordinates":[145.12173000000007,-15.183029999999974],"crs":null},"id":33,"type":"Feature","properties":{"site_type":"WP","community_name":"Billy Boil","latitude":-15.18303,"alternative_community_name___lo":"40km NNW of Cooktown","state":"QLD","objectid":33,"longitude":145.12173}},{"geometry":{"type":"Point","coordinates":[132.18077000000005,-14.549319999999966],"crs":null},"id":34,"type":"Feature","properties":{"site_type":"WP","community_name":"Binjari Top Camp","latitude":-14.54932,"alternative_community_name___lo":"15km SW of Katherine, 1.5km NW of Victoria Hwy","state":"NT","objectid":34,"longitude":132.18077}},{"geometry":{"type":"Point","coordinates":[136.67181000000005,-15.608429999999942],"crs":null},"id":35,"type":"Feature","properties":{"site_type":"WP","community_name":"Black Craggy","latitude":-15.60843,"alternative_community_name___lo":"Island off Borroloola","state":"NT","objectid":35,"longitude":136.67181}},{"geometry":{"type":"Point","coordinates":[132.33874000000003,-26.32406999999995],"crs":null},"id":36,"type":"Feature","properties":{"site_type":"WP","community_name":"Black Hill 3","latitude":-26.32407,"alternative_community_name___lo":"100km WSW of where the Stuart Highway crosses the SA/NT border","state":"SA","objectid":36,"longitude":132.33874}},{"geometry":{"type":"Point","coordinates":[134.02008,-23.357789999999966],"crs":null},"id":37,"type":"Feature","properties":{"site_type":"WP","community_name":"Black Tank South","latitude":-23.35779,"alternative_community_name___lo":"50km ENE of Alice Springs","state":"NT","objectid":37,"longitude":134.02008}},{"geometry":{"type":"Point","coordinates":[121.64015000000006,-18.86677999999995],"crs":null},"id":38,"type":"Feature","properties":{"site_type":"WP","community_name":"Brubrunganjal (Kitty Wells)","latitude":-18.86678,"alternative_community_name___lo":"170km SW of Broome","state":"WA","objectid":38,"longitude":121.64015}},{"geometry":{"type":"Point","coordinates":[136.87854000000004,-16.268149999999935],"crs":null},"id":39,"type":"Feature","properties":{"site_type":"WP","community_name":"Budjana","latitude":-16.26815,"alternative_community_name___lo":"70km ESE of Borroloola","state":"NT","objectid":39,"longitude":136.87854}},{"geometry":{"type":"Point","coordinates":[136.7689200000001,-16.17796999999996],"crs":null},"id":40,"type":"Feature","properties":{"site_type":"WP","community_name":"Budjanga","latitude":-16.17797,"alternative_community_name___lo":"55km E of Borroloola","state":"NT","objectid":40,"longitude":136.76892}},{"geometry":{"type":"Point","coordinates":[132.5940300000001,-12.813739999999939],"crs":null},"id":41,"type":"Feature","properties":{"site_type":"WP","community_name":"Buffalo Farm","latitude":-12.81374,"alternative_community_name___lo":"190km E of Darwin in Kakadu, 30km SW of Jabiru","state":"NT","objectid":41,"longitude":132.59403}},{"geometry":{"type":"Point","coordinates":[123.61369000000002,-18.589999999999975],"crs":null},"id":42,"type":"Feature","properties":{"site_type":"WP","community_name":"Bulinjarr","latitude":-18.59,"alternative_community_name___lo":"110km ESE of Broome","state":"WA","objectid":42,"longitude":123.61369}},{"geometry":{"type":"Point","coordinates":[136.77510000000007,-16.19855999999993],"crs":null},"id":43,"type":"Feature","properties":{"site_type":"WP","community_name":"Bull Rush","latitude":-16.19856,"alternative_community_name___lo":"55km E of Borroloola","state":"NT","objectid":43,"longitude":136.7751}},{"geometry":{"type":"Point","coordinates":[135.70355000000006,-12.046399999999949],"crs":null},"id":44,"type":"Feature","properties":{"site_type":"WP","community_name":"Bullariny","latitude":-12.0464,"alternative_community_name___lo":"On mainland just S of Elcho Island","state":"NT","objectid":44,"longitude":135.70355}},{"geometry":{"type":"Point","coordinates":[134.84676000000002,-12.23557999999997],"crs":null},"id":45,"type":"Feature","properties":{"site_type":"WP","community_name":"Bundadharri","latitude":-12.23558,"alternative_community_name___lo":"Approx 15km NW of Ramingining","state":"NT","objectid":45,"longitude":134.84676}},{"geometry":{"type":"Point","coordinates":[115.6393700000001,-28.833669999999984],"crs":null},"id":46,"type":"Feature","properties":{"site_type":"WP","community_name":"Bundy Bunna","latitude":-28.83367,"alternative_community_name___lo":"Approx 140km East of Geraldton","state":"WA","objectid":46,"longitude":115.63937}},{"geometry":{"type":"Point","coordinates":[125.61002000000008,-18.17357999999996],"crs":null},"id":47,"type":"Feature","properties":{"site_type":"WP","community_name":"Bungardi","latitude":-18.17358,"alternative_community_name___lo":"Approx 6km NE of Fitzroy Crossing","state":"WA","objectid":47,"longitude":125.61002}},{"geometry":{"type":"Point","coordinates":[127.71042000000011,-18.259919999999966],"crs":null},"id":48,"type":"Feature","properties":{"site_type":"WP","community_name":"Burraluba Yura Ngurra Workers Hostel","latitude":-18.25992,"alternative_community_name___lo":"5km S of Halls Creek","state":"WA","objectid":48,"longitude":127.71042}},{"geometry":{"type":"Point","coordinates":[136.92558000000008,-19.599769999999978],"crs":null},"id":49,"type":"Feature","properties":{"site_type":"WP","community_name":"Burudu","latitude":-19.59977,"alternative_community_name___lo":"300km E of Tennant Creek","state":"NT","objectid":49,"longitude":136.92558}},{"geometry":{"type":"Point","coordinates":[122.31774000000007,-17.17230999999998],"crs":null},"id":50,"type":"Feature","properties":{"site_type":"WP","community_name":"Carnot Springs","latitude":-17.17231,"alternative_community_name___lo":"Approx 180kmNNE of Broome","state":"WA","objectid":50,"longitude":122.31774}},{"geometry":{"type":"Point","coordinates":[131.34868000000006,-26.03439999999995],"crs":null},"id":51,"type":"Feature","properties":{"site_type":"WP","community_name":"Cave Hill","latitude":-26.0344,"alternative_community_name___lo":"200km W of Stuart Hwy on SA/NT border","state":"SA","objectid":51,"longitude":131.34868}},{"geometry":{"type":"Point","coordinates":[134.8931100000001,-25.914409999999975],"crs":null},"id":52,"type":"Feature","properties":{"site_type":"WP","community_name":"Charlotte Waters","latitude":-25.91441,"alternative_community_name___lo":"300km SSE of Alice Springs, 200km from Stuart Hwy","state":"NT","objectid":52,"longitude":134.89311}},{"geometry":{"type":"Point","coordinates":[145.30086000000006,-16.052399999999977],"crs":null},"id":53,"type":"Feature","properties":{"site_type":"WP","community_name":"China Camp","latitude":-16.0524,"alternative_community_name___lo":"70km S of Cooktown near coast","state":"QLD","objectid":53,"longitude":145.30086}},{"geometry":{"type":"Point","coordinates":[143.00189000000012,-13.119929999999954],"crs":null},"id":54,"type":"Feature","properties":{"site_type":"WP","community_name":"Chuula","latitude":-13.11993,"alternative_community_name___lo":"135km ESE of Weipa, 20km E of Pen Dev Rd","state":"QLD","objectid":54,"longitude":143.00189}},{"geometry":{"type":"Point","coordinates":[138.58458000000007,-17.888709999999946],"crs":null},"id":55,"type":"Feature","properties":{"site_type":"WP","community_name":"Corinda","latitude":-17.88871,"alternative_community_name___lo":"65km E of NT border, 120km S of Gulf coast","state":"QLD","objectid":55,"longitude":138.58458}},{"geometry":{"type":"Point","coordinates":[135.94963000000007,-16.20775999999995],"crs":null},"id":56,"type":"Feature","properties":{"site_type":"WP","community_name":"Cow Lagoon","latitude":-16.20776,"alternative_community_name___lo":"40km SW of Borroloola in EAL","state":"NT","objectid":56,"longitude":135.94963}},{"geometry":{"type":"Point","coordinates":[139.66683000000012,-16.453739999999982],"crs":null},"id":57,"type":"Feature","properties":{"site_type":"WP","community_name":"Dadagun","latitude":-16.45374,"alternative_community_name___lo":"Mornington Island","state":"QLD","objectid":57,"longitude":139.66683}},{"geometry":{"type":"Point","coordinates":[129.97684000000004,-13.765729999999962],"crs":null},"id":58,"type":"Feature","properties":{"site_type":"WP","community_name":"Delye","latitude":-13.76573,"alternative_community_name___lo":"335km SW of Darwin","state":"NT","objectid":58,"longitude":129.97684}},{"geometry":{"type":"Point","coordinates":[135.85532000000012,-12.656329999999969],"crs":null},"id":59,"type":"Feature","properties":{"site_type":"WP","community_name":"Dhamiyaka","latitude":-12.65633,"alternative_community_name___lo":"90km W of Nhulunbuy in EAL","state":"NT","objectid":59,"longitude":135.85532}},{"geometry":{"type":"Point","coordinates":[135.61842000000001,-11.96139999999997],"crs":null},"id":60,"type":"Feature","properties":{"site_type":"WP","community_name":"Dhayirri","latitude":-11.9614,"alternative_community_name___lo":"Elcho Island","state":"NT","objectid":60,"longitude":135.61842}},{"geometry":{"type":"Point","coordinates":[135.56959000000006,-12.003639999999962],"crs":null},"id":61,"type":"Feature","properties":{"site_type":"WP","community_name":"Dhudupu","latitude":-12.00364,"alternative_community_name___lo":"Baland Beach\nElcho Island","state":"NT","objectid":61,"longitude":135.56959}},{"geometry":{"type":"Point","coordinates":[135.39241000000004,-12.668479999999931],"crs":null},"id":62,"type":"Feature","properties":{"site_type":"WP","community_name":"Dhupuwamirri","latitude":-12.66848,"alternative_community_name___lo":"120km W of Nhulunbuy in EAL","state":"NT","objectid":62,"longitude":135.39241}},{"geometry":{"type":"Point","coordinates":[139.44220000000007,-16.523609999999962],"crs":null},"id":63,"type":"Feature","properties":{"site_type":"WP","community_name":"Dimereah","latitude":-16.52361,"alternative_community_name___lo":"Mornington Island","state":"QLD","objectid":63,"longitude":139.4422}},{"geometry":{"type":"Point","coordinates":[136.3515900000001,-13.297019999999975],"crs":null},"id":64,"type":"Feature","properties":{"site_type":"WP","community_name":"Djarrakapi","latitude":-13.29702,"alternative_community_name___lo":"120km WSW of Nhulunbuy, in EAL","state":"NT","objectid":64,"longitude":136.35159}},{"geometry":{"type":"Point","coordinates":[122.31748000000005,-17.05672999999996],"crs":null},"id":65,"type":"Feature","properties":{"site_type":"WP","community_name":"Djibinj","latitude":-17.05673,"alternative_community_name___lo":"135km N of Broome","state":"WA","objectid":65,"longitude":122.31748}},{"geometry":{"type":"Point","coordinates":[124.86061000000007,-19.055139999999938],"crs":null},"id":66,"type":"Feature","properties":{"site_type":"WP","community_name":"Djillimbardi","latitude":-19.05514,"alternative_community_name___lo":"150km SW of Fitzroy Crossing","state":"WA","objectid":66,"longitude":124.86061}},{"geometry":{"type":"Point","coordinates":[134.28593,-12.20285999999993],"crs":null},"id":67,"type":"Feature","properties":{"site_type":"WP","community_name":"Djinkarr","latitude":-12.20286,"alternative_community_name___lo":"20km S of Maningrida in WAL","state":"NT","objectid":67,"longitude":134.28593}},{"geometry":{"type":"Point","coordinates":[132.76389000000006,-12.729819999999961],"crs":null},"id":68,"type":"Feature","properties":{"site_type":"WP","community_name":"Djirrbiyuk","latitude":-12.72982,"alternative_community_name___lo":"200km E of Darwin in Kakadu near Jabiru","state":"NT","objectid":68,"longitude":132.76389}},{"geometry":{"type":"Point","coordinates":[131.91975000000002,-22.262099999999975],"crs":null},"id":69,"type":"Feature","properties":{"site_type":"WP","community_name":"Dons Bore","latitude":-22.2621,"alternative_community_name___lo":"300km NW of Alice Springs, 5 km from Tanami Rd","state":"NT","objectid":69,"longitude":131.91975}},{"geometry":{"type":"Point","coordinates":[139.31407000000002,-16.66647999999998],"crs":null},"id":70,"type":"Feature","properties":{"site_type":"WP","community_name":"Doonguru","latitude":-16.66648,"alternative_community_name___lo":"Mornington Island","state":"QLD","objectid":70,"longitude":139.31407}},{"geometry":{"type":"Point","coordinates":[139.22067000000004,-16.54135999999994],"crs":null},"id":71,"type":"Feature","properties":{"site_type":"WP","community_name":"Dwendi","latitude":-16.54136,"alternative_community_name___lo":"Mornington Island","state":"QLD","objectid":71,"longitude":139.22067}},{"geometry":{"type":"Point","coordinates":[132.09450000000004,-26.007939999999962],"crs":null},"id":72,"type":"Feature","properties":{"site_type":"WP","community_name":"Eagle Bore","latitude":-26.00794,"alternative_community_name___lo":"120km W of the Stuart Highway on the SA/NT border","state":"SA","objectid":72,"longitude":132.0945}},{"geometry":{"type":"Point","coordinates":[129.09851000000003,-24.92991999999998],"crs":null},"id":73,"type":"Feature","properties":{"site_type":"WP","community_name":"Eagle Valley","latitude":-24.92992,"alternative_community_name___lo":"210km WNW of Uluru near Docker River","state":"NT","objectid":73,"longitude":129.09851}},{"geometry":{"type":"Point","coordinates":[133.61224000000004,-23.77595999999994],"crs":null},"id":74,"type":"Feature","properties":{"site_type":"WP","community_name":"Elitjia","latitude":-23.77596,"alternative_community_name___lo":"32km W of Alice Springs","state":"NT","objectid":74,"longitude":133.61224}},{"geometry":{"type":"Point","coordinates":[139.56538000000012,-16.49652999999995],"crs":null},"id":75,"type":"Feature","properties":{"site_type":"WP","community_name":"Elizabeth River","latitude":-16.49653,"alternative_community_name___lo":"Mornington Island","state":"QLD","objectid":75,"longitude":139.56538}},{"geometry":{"type":"Point","coordinates":[122.6278000000001,-16.801439999999957],"crs":null},"id":76,"type":"Feature","properties":{"site_type":"WP","community_name":"Embalgun","latitude":-16.80144,"alternative_community_name___lo":"150km N of Broome","state":"WA","objectid":76,"longitude":122.6278}},{"geometry":{"type":"Point","coordinates":[144.5317100000001,-15.645829999999933],"crs":null},"id":77,"type":"Feature","properties":{"site_type":"WP","community_name":"Festival Ground","latitude":-15.64583,"alternative_community_name___lo":"Cape York 15km SE of  Laura","state":"QLD","objectid":77,"longitude":144.53171}},{"geometry":{"type":"Point","coordinates":[137.71242000000007,-17.774779999999964],"crs":null},"id":78,"type":"Feature","properties":{"site_type":"WP","community_name":"Fish River","latitude":-17.77478,"alternative_community_name___lo":"Approx 200km SE of Borroloola","state":"NT","objectid":78,"longitude":137.71242}},{"geometry":{"type":"Point","coordinates":[130.93353000000002,-15.563609999999926],"crs":null},"id":79,"type":"Feature","properties":{"site_type":"WP","community_name":"Fitzroy Station","latitude":-15.56361,"alternative_community_name___lo":"200km SW of Katherine","state":"NT","objectid":79,"longitude":130.93353}},{"geometry":{"type":"Point","coordinates":[120.1907900000001,-21.906439999999975],"crs":null},"id":80,"type":"Feature","properties":{"site_type":"WP","community_name":"Five Mile Camp","latitude":-21.90644,"alternative_community_name___lo":"Approx 200km N of Newman","state":"WA","objectid":80,"longitude":120.19079}},{"geometry":{"type":"Point","coordinates":[134.8235800000001,-23.073849999999936],"crs":null},"id":81,"type":"Feature","properties":{"site_type":"WP","community_name":"Foxall's Well","latitude":-23.07385,"alternative_community_name___lo":"Foxelle, Foxhalls Well, 150km NE of Alice Springs, 10km S of Plenty Hwy","state":"NT","objectid":81,"longitude":134.82358}},{"geometry":{"type":"Point","coordinates":[134.82028000000003,-12.272829999999942],"crs":null},"id":82,"type":"Feature","properties":{"site_type":"WP","community_name":"Gadji","latitude":-12.27283,"alternative_community_name___lo":"Approx 25km NW of Raminging in EAL","state":"NT","objectid":82,"longitude":134.82028}},{"geometry":{"type":"Point","coordinates":[135.59409000000005,-12.04335999999995],"crs":null},"id":83,"type":"Feature","properties":{"site_type":"WP","community_name":"Galawarra","latitude":-12.04336,"alternative_community_name___lo":"Elcho Island","state":"NT","objectid":83,"longitude":135.59409}},{"geometry":{"type":"Point","coordinates":[139.4296700000001,-16.669419999999946],"crs":null},"id":84,"type":"Feature","properties":{"site_type":"WP","community_name":"Ganthawu","latitude":-16.66942,"alternative_community_name___lo":"Mornington Island","state":"QLD","objectid":84,"longitude":139.42967}},{"geometry":{"type":"Point","coordinates":[135.02095000000008,-12.281769999999938],"crs":null},"id":85,"type":"Feature","properties":{"site_type":"WP","community_name":"Garanydjirr","latitude":-12.28177,"alternative_community_name___lo":"100km ESE of Maningrida, on the coast","state":"NT","objectid":85,"longitude":135.02095}},{"geometry":{"type":"Point","coordinates":[121.91877000000011,-18.461989999999957],"crs":null},"id":86,"type":"Feature","properties":{"site_type":"WP","community_name":"Garimba","latitude":-18.46199,"alternative_community_name___lo":"125km S of Broome","state":"WA","objectid":86,"longitude":121.91877}},{"geometry":{"type":"Point","coordinates":[135.6481500000001,-16.67491999999993],"crs":null},"id":87,"type":"Feature","properties":{"site_type":"WP","community_name":"Garinjinny","latitude":-16.67492,"alternative_community_name___lo":"100km SW of Borroloola","state":"NT","objectid":87,"longitude":135.64815}},{"geometry":{"type":"Point","coordinates":[136.5510700000001,-12.597959999999944],"crs":null},"id":88,"type":"Feature","properties":{"site_type":"WP","community_name":"Garrathiya","latitude":-12.59796,"alternative_community_name___lo":"Approx 100km SW of Nhulunbuy","state":"NT","objectid":88,"longitude":136.55107}},{"geometry":{"type":"Point","coordinates":[128.76785000000007,-15.92587999999995],"crs":null},"id":89,"type":"Feature","properties":{"site_type":"WP","community_name":"Geboowama","latitude":-15.92588,"alternative_community_name___lo":"22km S of Kununurra","state":"WA","objectid":89,"longitude":128.76785}},{"geometry":{"type":"Point","coordinates":[125.97322000000008,-18.747109999999964],"crs":null},"id":90,"type":"Feature","properties":{"site_type":"WP","community_name":"Gilly Sharpe","latitude":-18.74711,"alternative_community_name___lo":"84km SE of Fitzroy Crossing, on GNH","state":"WA","objectid":90,"longitude":125.97322}},{"geometry":{"type":"Point","coordinates":[115.18969000000004,-25.82078999999993],"crs":null},"id":91,"type":"Feature","properties":{"site_type":"WP","community_name":"Gilroyd","latitude":-25.82079,"alternative_community_name___lo":"Approx 50km S of Gascoyne Junction","state":"WA","objectid":91,"longitude":115.18969}},{"geometry":{"type":"Point","coordinates":[135.7818400000001,-11.911489999999958],"crs":null},"id":92,"type":"Feature","properties":{"site_type":"WP","community_name":"Gitan","latitude":-11.91149,"alternative_community_name___lo":"Elcho Island","state":"NT","objectid":92,"longitude":135.78184}},{"geometry":{"type":"Point","coordinates":[143.27489000000003,-14.848909999999933],"crs":null},"id":93,"type":"Feature","properties":{"site_type":"WP","community_name":"Glengarland","latitude":-14.84891,"alternative_community_name___lo":"240km NW of Cooktown, 25km W of Pen Dev Rd","state":"QLD","objectid":93,"longitude":143.27489}},{"geometry":{"type":"Point","coordinates":[122.54991000000007,-16.85994999999997],"crs":null},"id":94,"type":"Feature","properties":{"site_type":"WP","community_name":"Gnylmarung","latitude":-16.85995,"alternative_community_name___lo":"150km NNE of Broome","state":"WA","objectid":94,"longitude":122.54991}},{"geometry":{"type":"Point","coordinates":[122.61016000000006,-16.77520999999996],"crs":null},"id":95,"type":"Feature","properties":{"site_type":"WP","community_name":"Goojarr Goonyool (Two Moons)","latitude":-16.77521,"alternative_community_name___lo":"35km from Middle Lagoon, 190km N from Broome","state":"WA","objectid":95,"longitude":122.61016}},{"geometry":{"type":"Point","coordinates":[122.95288000000005,-16.40942999999993],"crs":null},"id":96,"type":"Feature","properties":{"site_type":"WP","community_name":"Goolargoon","latitude":-16.40943,"alternative_community_name___lo":"200km N of Broome","state":"WA","objectid":96,"longitude":122.95288}},{"geometry":{"type":"Point","coordinates":[122.66338000000007,-16.796039999999948],"crs":null},"id":97,"type":"Feature","properties":{"site_type":"WP","community_name":"Goombaragin","latitude":-16.79604,"alternative_community_name___lo":"150km NNE of Broome","state":"WA","objectid":97,"longitude":122.66338}},{"geometry":{"type":"Point","coordinates":[134.49533000000008,-12.123049999999978],"crs":null},"id":98,"type":"Feature","properties":{"site_type":"WP","community_name":"Gorrong Gorrong","latitude":-12.12305,"alternative_community_name___lo":"130km ESE of Maningrida on coast in EAL","state":"NT","objectid":98,"longitude":134.49533}},{"geometry":{"type":"Point","coordinates":[133.49727000000007,-26.938079999999957],"crs":null},"id":99,"type":"Feature","properties":{"site_type":"WP","community_name":"Granite Downs","latitude":-26.93808,"alternative_community_name___lo":"15km E of Stuart Hwy 110km S of SA/NT border","state":"SA","objectid":99,"longitude":133.49727}},{"geometry":{"type":"Point","coordinates":[139.23950000000002,-16.596379999999954],"crs":null},"id":100,"type":"Feature","properties":{"site_type":"WP","community_name":"Guban Guru","latitude":-16.59638,"alternative_community_name___lo":"Mornington Island","state":"QLD","objectid":100,"longitude":139.2395}},{"geometry":{"type":"Point","coordinates":[139.3624000000001,-16.575609999999926],"crs":null},"id":101,"type":"Feature","properties":{"site_type":"WP","community_name":"Gubanyari","latitude":-16.57561,"alternative_community_name___lo":"Mornington Island","state":"QLD","objectid":101,"longitude":139.3624}},{"geometry":{"type":"Point","coordinates":[123.14573000000007,-16.881179999999972],"crs":null},"id":102,"type":"Feature","properties":{"site_type":"WP","community_name":"Gubuli","latitude":-16.88118,"alternative_community_name___lo":"190km NE of Broome, 100km N of Great Northern Hwy","state":"a","objectid":102,"longitude":123.14573}},{"geometry":{"type":"Point","coordinates":[135.82230000000004,-11.91730999999993],"crs":null},"id":103,"type":"Feature","properties":{"site_type":"WP","community_name":"Gulumarri","latitude":-11.91731,"alternative_community_name___lo":"Elcho Island","state":"NT","objectid":103,"longitude":135.8223}},{"geometry":{"type":"Point","coordinates":[122.90398000000005,-16.460419999999942],"crs":null},"id":104,"type":"Feature","properties":{"site_type":"WP","community_name":"Gulumonon","latitude":-16.46042,"alternative_community_name___lo":"200km N of Broome","state":"WA","objectid":104,"longitude":122.90398}},{"geometry":{"type":"Point","coordinates":[123.03218000000004,-16.423089999999945],"crs":null},"id":105,"type":"Feature","properties":{"site_type":"WP","community_name":"Gumbarnun","latitude":-16.42309,"alternative_community_name___lo":"200km NNE of Broome","state":"WA","objectid":105,"longitude":123.03218}},{"geometry":{"type":"Point","coordinates":[132.16408,-11.17017999999996],"crs":null},"id":106,"type":"Feature","properties":{"site_type":"WP","community_name":"Gumeragi","latitude":-11.17018,"alternative_community_name___lo":"West Arnhem Land","state":"NT","objectid":106,"longitude":132.16408}},{"geometry":{"type":"Point","coordinates":[137.48065000000008,-17.935369999999978],"crs":null},"id":107,"type":"Feature","properties":{"site_type":"WP","community_name":"Gumuluji","latitude":-17.93537,"alternative_community_name___lo":"Approx 200km SE of Borroloola","state":"NT","objectid":107,"longitude":137.48065}},{"geometry":{"type":"Point","coordinates":[139.37943000000007,-16.658789999999954],"crs":null},"id":108,"type":"Feature","properties":{"site_type":"WP","community_name":"Gunun Woonam","latitude":-16.65879,"alternative_community_name___lo":"Mornington Island","state":"QLD","objectid":108,"longitude":139.37943}},{"geometry":{"type":"Point","coordinates":[134.5837600000001,-12.075329999999951],"crs":null},"id":109,"type":"Feature","properties":{"site_type":"WP","community_name":"Gupanga","latitude":-12.07533,"alternative_community_name___lo":"Approx 35km E of Maningrida","state":"NT","objectid":109,"longitude":134.58376}},{"geometry":{"type":"Point","coordinates":[136.50380000000007,-12.97593999999998],"crs":null},"id":110,"type":"Feature","properties":{"site_type":"WP","community_name":"Gurkawuy","latitude":-12.97594,"alternative_community_name___lo":"90km S of Nhulunbuy in EAL","state":"NT","objectid":110,"longitude":136.5038}},{"geometry":{"type":"Point","coordinates":[122.78681000000006,-16.732549999999947],"crs":null},"id":111,"type":"Feature","properties":{"site_type":"WP","community_name":"Gurrbalgun (Urmarr)","latitude":-16.73255,"alternative_community_name___lo":"140km NE of Broome","state":"WA","objectid":111,"longitude":122.78681}},{"geometry":{"type":"Point","coordinates":[134.93393000000003,-22.986699999999928],"crs":null},"id":333,"type":"Feature","properties":{"site_type":"CP","community_name":"Harts Range","latitude":-22.9867,"alternative_community_name___lo":"Atitjere","state":"NT","objectid":333,"longitude":134.93393}},{"geometry":{"type":"Point","coordinates":[131.0889400000001,-26.30331999999993],"crs":null},"id":112,"type":"Feature","properties":{"site_type":"WP","community_name":"Happy Valley","latitude":-26.30332,"alternative_community_name___lo":"225km W of Stuart Hwy S of SA/NT border","state":"SA","objectid":112,"longitude":131.08894}},{"geometry":{"type":"Point","coordinates":[135.21417000000008,-20.846149999999966],"crs":null},"id":113,"type":"Feature","properties":{"site_type":"WP","community_name":"Hatches Creek","latitude":-20.84615,"alternative_community_name___lo":"220km NNE of Alice Springs, 110km E of Stuart Hwy","state":"NT","objectid":113,"longitude":135.21417}},{"geometry":{"type":"Point","coordinates":[133.87711000000002,-23.68435999999997],"crs":null},"id":114,"type":"Feature","properties":{"site_type":"WP","community_name":"Hoppy's Camp","latitude":-23.68436,"alternative_community_name___lo":"1.5km N of Alice Springs town centre in Town Camp","state":"NT","objectid":114,"longitude":133.87711}},{"geometry":{"type":"Point","coordinates":[133.42716000000007,-22.02303999999998],"crs":null},"id":115,"type":"Feature","properties":{"site_type":"WP","community_name":"Illeparratye","latitude":-22.02304,"alternative_community_name___lo":"Woods Camp, 200km N of Alice Springs, 5km W of Stuart Hwy","state":"NT","objectid":115,"longitude":133.42716}},{"geometry":{"type":"Point","coordinates":[135.63249000000008,-22.913779999999974],"crs":null},"id":116,"type":"Feature","properties":{"site_type":"WP","community_name":"Ilperle","latitude":-22.91378,"alternative_community_name___lo":"292km ENE of Alice Springs","state":"NT","objectid":116,"longitude":135.63249}},{"geometry":{"type":"Point","coordinates":[132.49263000000008,-24.53397999999993],"crs":null},"id":117,"type":"Feature","properties":{"site_type":"WP","community_name":"Iltjiltjari","latitude":-24.53398,"alternative_community_name___lo":"185km WSW of Alice Springs","state":"NT","objectid":117,"longitude":132.49263}},{"geometry":{"type":"Point","coordinates":[134.94646000000012,-21.23294999999996],"crs":null},"id":118,"type":"Feature","properties":{"site_type":"WP","community_name":"Imperenth #1","latitude":-21.23295,"alternative_community_name___lo":"320km ENE of Alice Springs","state":"NT","objectid":118,"longitude":134.94646}},{"geometry":{"type":"Point","coordinates":[134.96881000000008,-21.210879999999975],"crs":null},"id":119,"type":"Feature","properties":{"site_type":"WP","community_name":"Imperrenth","latitude":-21.21088,"alternative_community_name___lo":"475km NE of Alice Springs","state":"NT","objectid":119,"longitude":134.96881}},{"geometry":{"type":"Point","coordinates":[132.67786,-23.92525999999998],"crs":null},"id":120,"type":"Feature","properties":{"site_type":"WP","community_name":"Ipalala","latitude":-23.92526,"alternative_community_name___lo":"Near Hermannsburg, 125km WSW of Alice Springs","state":"NT","objectid":120,"longitude":132.67786}},{"geometry":{"type":"Point","coordinates":[132.52925000000005,-11.342119999999966],"crs":null},"id":121,"type":"Feature","properties":{"site_type":"WP","community_name":"Irrgul Point","latitude":-11.34212,"alternative_community_name___lo":"150km N of Jabiru in WAL","state":"NT","objectid":121,"longitude":132.52925}},{"geometry":{"type":"Point","coordinates":[115.62722000000008,-21.84404999999998],"crs":null},"id":122,"type":"Feature","properties":{"site_type":"WP","community_name":"Jundaru","latitude":-21.84405,"alternative_community_name___lo":"380km SW of Port Hedland","state":"WA","objectid":122,"longitude":115.62722}},{"geometry":{"type":"Point","coordinates":[137.98904000000005,-17.217979999999955],"crs":null},"id":123,"type":"Feature","properties":{"site_type":"WP","community_name":"Jungalina","latitude":-17.21798,"alternative_community_name___lo":"Branch Creek, Djangalina, Wollogarang. 220km SE of Borroloola, on QLD border","state":"NT","objectid":123,"longitude":137.98904}},{"geometry":{"type":"Point","coordinates":[138.40930000000003,-30.81777999999997],"crs":null},"id":124,"type":"Feature","properties":{"site_type":"WP","community_name":"Kakalpurannha Homeland","latitude":-30.81778,"alternative_community_name___lo":"Beltana, 200km NNE of Port Augusta","state":"SA","objectid":124,"longitude":138.4093}},{"geometry":{"type":"Point","coordinates":[144.21738000000005,-14.892579999999953],"crs":null},"id":125,"type":"Feature","properties":{"site_type":"WP","community_name":"Kalpowar Station","latitude":-14.89258,"alternative_community_name___lo":"140km NW of Cooktown, 50km NE of Pen Dev Rd","state":"QLD","objectid":125,"longitude":144.21738}},{"geometry":{"type":"Point","coordinates":[125.61725000000001,-18.313799999999958],"crs":null},"id":126,"type":"Feature","properties":{"site_type":"WP","community_name":"Kamparrimi","latitude":-18.3138,"alternative_community_name___lo":"14km SE of Fitzroy Crossing, on GNH","state":"WA","objectid":126,"longitude":125.61725}},{"geometry":{"type":"Point","coordinates":[136.53943000000004,-15.888459999999952],"crs":null},"id":127,"type":"Feature","properties":{"site_type":"WP","community_name":"Kangaroo Island","latitude":-15.88846,"alternative_community_name___lo":"Near Borroloola","state":"NT","objectid":127,"longitude":136.53943}},{"geometry":{"type":"Point","coordinates":[133.84468000000004,-12.764839999999936],"crs":null},"id":128,"type":"Feature","properties":{"site_type":"WP","community_name":"Karbulwarnamyo","latitude":-12.76484,"alternative_community_name___lo":"340km E of Darwin in WAL","state":"NT","objectid":128,"longitude":133.84468}},{"geometry":{"type":"Point","coordinates":[131.1776000000001,-26.153809999999964],"crs":null},"id":129,"type":"Feature","properties":{"site_type":"WP","community_name":"Katjikuta","latitude":-26.15381,"alternative_community_name___lo":"APY, 20km S of SA/NT border, 220km W of Stuart Hwy","state":"SA","objectid":129,"longitude":131.1776}},{"geometry":{"type":"Point","coordinates":[130.3209700000001,-13.962669999999946],"crs":null},"id":130,"type":"Feature","properties":{"site_type":"WP","community_name":"Kellerk","latitude":-13.96267,"alternative_community_name___lo":"100km NE of Wadeye","state":"NT","objectid":130,"longitude":130.32097}},{"geometry":{"type":"Point","coordinates":[143.3714000000001,-14.184569999999951],"crs":null},"id":131,"type":"Feature","properties":{"site_type":"WP","community_name":"Kulpa","latitude":-14.18457,"alternative_community_name___lo":"40km SE of Coen, Cape York, 10km from Pen. Dev. Rd","state":"QLD","objectid":131,"longitude":143.3714}},{"geometry":{"type":"Point","coordinates":[133.63947000000007,-18.764759999999967],"crs":null},"id":132,"type":"Feature","properties":{"site_type":"WP","community_name":"Kumunu","latitude":-18.76476,"alternative_community_name___lo":"150km NNW of Tennant Creek, 50km W of Stuart Hwy","state":"NT","objectid":132,"longitude":133.63947}},{"geometry":{"type":"Point","coordinates":[134.0704800000001,-12.271979999999928],"crs":null},"id":133,"type":"Feature","properties":{"site_type":"WP","community_name":"Kumurrulu","latitude":-12.27198,"alternative_community_name___lo":"30km SW of Maningrida in WAL","state":"NT","objectid":133,"longitude":134.07048}},{"geometry":{"type":"Point","coordinates":[129.23421000000008,-25.15695999999997],"crs":null},"id":134,"type":"Feature","properties":{"site_type":"WP","community_name":"Kunapula","latitude":-25.15696,"alternative_community_name___lo":"200km WNW of Uluru near Docker River","state":"NT","objectid":134,"longitude":129.23421}},{"geometry":{"type":"Point","coordinates":[128.94037000000003,-15.897639999999967],"crs":null},"id":135,"type":"Feature","properties":{"site_type":"WP","community_name":"Kununurra (4 Mile)","latitude":-15.89764,"alternative_community_name___lo":"25km SE of Kununurra, on Victoria Hwy","state":"WA","objectid":135,"longitude":128.94037}},{"geometry":{"type":"Point","coordinates":[135.69510000000002,-34.62833999999998],"crs":null},"id":136,"type":"Feature","properties":{"site_type":"WP","community_name":"Kuranya","latitude":-34.62834,"alternative_community_name___lo":"3km NW of Port Lincoln","state":"SA","objectid":136,"longitude":135.6951}},{"geometry":{"type":"Point","coordinates":[134.47543000000007,-19.765709999999956],"crs":null},"id":137,"type":"Feature","properties":{"site_type":"WP","community_name":"Kurraya","latitude":-19.76571,"alternative_community_name___lo":"40km ESE of Tennant Creek","state":"NT","objectid":137,"longitude":134.47543}},{"geometry":{"type":"Point","coordinates":[132.88962000000004,-23.92709999999994],"crs":null},"id":138,"type":"Feature","properties":{"site_type":"WP","community_name":"Kwala","latitude":-23.9271,"alternative_community_name___lo":"Hermannsburg, 150km W of Alice","state":"NT","objectid":138,"longitude":132.88962}},{"geometry":{"type":"Point","coordinates":[132.9396700000001,-23.911689999999965],"crs":null},"id":139,"type":"Feature","properties":{"site_type":"WP","community_name":"Labrapuntja","latitude":-23.91169,"alternative_community_name___lo":"Near Hermannsburg, 125km WSW of Alice Springs","state":"NT","objectid":139,"longitude":132.93967}},{"geometry":{"type":"Point","coordinates":[139.2659000000001,-16.494129999999927],"crs":null},"id":140,"type":"Feature","properties":{"site_type":"WP","community_name":"Lametha","latitude":-16.49413,"alternative_community_name___lo":"Mornington Island","state":"QLD","objectid":140,"longitude":139.2659}},{"geometry":{"type":"Point","coordinates":[138.44002000000012,-30.366149999999948],"crs":null},"id":141,"type":"Feature","properties":{"site_type":"WP","community_name":"Leigh Creek Top Tank","latitude":-30.36615,"alternative_community_name___lo":"Leigh Creek Station. 250km ENE of Port Augusta","state":"SA","objectid":141,"longitude":138.44002}},{"geometry":{"type":"Point","coordinates":[136.5160400000001,-14.137279999999976],"crs":null},"id":142,"type":"Feature","properties":{"site_type":"WP","community_name":"Leske Pools","latitude":-14.13728,"alternative_community_name___lo":"Groote Eylandt","state":"NT","objectid":142,"longitude":136.51604}},{"geometry":{"type":"Point","coordinates":[133.7494200000001,-17.247139999999945],"crs":null},"id":143,"type":"Feature","properties":{"site_type":"WP","community_name":"Lilly Hole Creek","latitude":-17.24714,"alternative_community_name___lo":"Lily Hole Bore, Lily Rock Hole, 300km N of Tennant Creek, 40km E of Stuart Hwy","state":"NT","objectid":143,"longitude":133.74942}},{"geometry":{"type":"Point","coordinates":[143.67664000000002,-14.48897999999997],"crs":null},"id":144,"type":"Feature","properties":{"site_type":"WP","community_name":"Lilyvale Station","latitude":-14.48898,"alternative_community_name___lo":"200km NW of Cooktown, 50km NE of Pen Dev Rd","state":"QLD","objectid":144,"longitude":143.67664}},{"geometry":{"type":"Point","coordinates":[130.64290000000005,-16.487029999999947],"crs":null},"id":145,"type":"Feature","properties":{"site_type":"WP","community_name":"Lingarra","latitude":-16.48703,"alternative_community_name___lo":"Lingara, Old Humbert River and Walangeri. 300km SW of Katherine","state":"NT","objectid":145,"longitude":130.6429}},{"geometry":{"type":"Point","coordinates":[143.5083800000001,-12.959859999999935],"crs":null},"id":146,"type":"Feature","properties":{"site_type":"WP","community_name":"Lockhart Old Site","latitude":-12.95986,"alternative_community_name___lo":"Approx 80km E of Archer River","state":"QLD","objectid":146,"longitude":143.50838}},{"geometry":{"type":"Point","coordinates":[139.4181400000001,-16.448169999999948],"crs":null},"id":147,"type":"Feature","properties":{"site_type":"WP","community_name":"Lowareah","latitude":-16.44817,"alternative_community_name___lo":"Mornington Island","state":"QLD","objectid":147,"longitude":139.41814}},{"geometry":{"type":"Point","coordinates":[130.5931300000001,-18.376719999999978],"crs":null},"id":148,"type":"Feature","properties":{"site_type":"WP","community_name":"Lul-Tju","latitude":-18.37672,"alternative_community_name___lo":"420km WNW of Tennant Creek","state":"NT","objectid":148,"longitude":130.59313}},{"geometry":{"type":"Point","coordinates":[132.04502000000002,-23.735209999999938],"crs":null},"id":149,"type":"Feature","properties":{"site_type":"WP","community_name":"Luntharra","latitude":-23.73521,"alternative_community_name___lo":"200km W of Alice Springs","state":"NT","objectid":149,"longitude":132.04502}},{"geometry":{"type":"Point","coordinates":[131.25453000000005,-23.265029999999967],"crs":null},"id":150,"type":"Feature","properties":{"site_type":"WP","community_name":"Lwnpa","latitude":-23.26503,"alternative_community_name___lo":"300km W of Alice Springs near Mt. Liebig","state":"NT","objectid":150,"longitude":131.25453}},{"geometry":{"type":"Point","coordinates":[132.63744000000008,-23.935599999999965],"crs":null},"id":151,"type":"Feature","properties":{"site_type":"WP","community_name":"Lyiltjara","latitude":-23.9356,"alternative_community_name___lo":"Litjera. Near Hermannsburg, 125km WSW of Alice Springs","state":"NT","objectid":151,"longitude":132.63744}},{"geometry":{"type":"Point","coordinates":[136.44257000000005,-13.89140999999995],"crs":null},"id":152,"type":"Feature","properties":{"site_type":"WP","community_name":"Malkala","latitude":-13.89141,"alternative_community_name___lo":"Groote Eylandt","state":"NT","objectid":152,"longitude":136.44257}},{"geometry":{"type":"Point","coordinates":[136.83800000000008,-16.00303999999994],"crs":null},"id":153,"type":"Feature","properties":{"site_type":"WP","community_name":"Manangoora","latitude":-16.00304,"alternative_community_name___lo":"60km ENE of Borroloola","state":"NT","objectid":153,"longitude":136.838}},{"geometry":{"type":"Point","coordinates":[134.9788400000001,-12.24187999999998],"crs":null},"id":154,"type":"Feature","properties":{"site_type":"WP","community_name":"Manginberri","latitude":-12.24188,"alternative_community_name___lo":"90km E of Maningrida on coast in EAL","state":"NT","objectid":154,"longitude":134.97884}},{"geometry":{"type":"Point","coordinates":[122.53862000000004,-16.835789999999974],"crs":null},"id":155,"type":"Feature","properties":{"site_type":"WP","community_name":"Map","latitude":-16.83579,"alternative_community_name___lo":"150km NNE of Broome","state":"WA","objectid":155,"longitude":122.53862}},{"geometry":{"type":"Point","coordinates":[141.82634000000007,-12.03284999999994],"crs":null},"id":156,"type":"Feature","properties":{"site_type":"WP","community_name":"Mapoon","latitude":-12.03285,"alternative_community_name___lo":"Camp Chivaree. 80km N of Weipa","state":"QLD","objectid":156,"longitude":141.82634}},{"geometry":{"type":"Point","coordinates":[135.44452,-15.300179999999955],"crs":null},"id":157,"type":"Feature","properties":{"site_type":"WP","community_name":"Maria Lagoon","latitude":-15.30018,"alternative_community_name___lo":"130km NW of Borroloola in EAL","state":"NT","objectid":157,"longitude":135.44452}},{"geometry":{"type":"Point","coordinates":[143.87485000000004,-14.54774999999995],"crs":null},"id":158,"type":"Feature","properties":{"site_type":"WP","community_name":"Marina Plains","latitude":-14.54775,"alternative_community_name___lo":"200km NW of Cooktown, on the E coast","state":"QLD","objectid":158,"longitude":143.87485}},{"geometry":{"type":"Point","coordinates":[138.33998000000008,-21.596649999999954],"crs":null},"id":159,"type":"Feature","properties":{"site_type":"WP","community_name":"Marmanya","latitude":-21.59665,"alternative_community_name___lo":"190km SW of Mt. Isa","state":"QLD","objectid":159,"longitude":138.33998}},{"geometry":{"type":"Point","coordinates":[132.55330000000004,-11.302769999999953],"crs":null},"id":160,"type":"Feature","properties":{"site_type":"WP","community_name":"Marramarrani","latitude":-11.30277,"alternative_community_name___lo":"Croker Island","state":"NT","objectid":160,"longitude":132.5533}},{"geometry":{"type":"Point","coordinates":[135.71323000000007,-13.574239999999975],"crs":null},"id":161,"type":"Feature","properties":{"site_type":"WP","community_name":"Marrkalawa","latitude":-13.57424,"alternative_community_name___lo":"200km SW of Nhulunbuy in EAL near E coast","state":"NT","objectid":161,"longitude":135.71323}},{"geometry":{"type":"Point","coordinates":[118.98218000000008,-20.354059999999947],"crs":null},"id":162,"type":"Feature","properties":{"site_type":"WP","community_name":"Marta Marta","latitude":-20.35406,"alternative_community_name___lo":"50km E of Port Hedland","state":"WA","objectid":162,"longitude":118.98218}},{"geometry":{"type":"Point","coordinates":[126.14526000000001,-15.398499999999956],"crs":null},"id":163,"type":"Feature","properties":{"site_type":"WP","community_name":"Marunbabidi","latitude":-15.3985,"alternative_community_name___lo":"270km WNW of Kununurra","state":"WA","objectid":163,"longitude":126.14526}},{"geometry":{"type":"Point","coordinates":[139.0947900000001,-16.839629999999943],"crs":null},"id":164,"type":"Feature","properties":{"site_type":"WP","community_name":"Mayanba","latitude":-16.83963,"alternative_community_name___lo":"Forsyth Island near Mornington Island","state":"QLD","objectid":164,"longitude":139.09479}},{"geometry":{"type":"Point","coordinates":[132.87566000000004,-23.953049999999962],"crs":null},"id":165,"type":"Feature","properties":{"site_type":"WP","community_name":"Mbalkanaka","latitude":-23.95305,"alternative_community_name___lo":"Salt Hole.\nNear Hermannsburg, 125km WSW of Alice Springs","state":"NT","objectid":165,"longitude":132.87566}},{"geometry":{"type":"Point","coordinates":[144.81128,-15.242559999999969],"crs":null},"id":166,"type":"Feature","properties":{"site_type":"WP","community_name":"Melsonby","latitude":-15.24256,"alternative_community_name___lo":"70km NW of Cooktown","state":"QLD","objectid":166,"longitude":144.81128}},{"geometry":{"type":"Point","coordinates":[142.5490400000001,-13.78213999999997],"crs":null},"id":167,"type":"Feature","properties":{"site_type":"WP","community_name":"Merapah Station","latitude":-13.78214,"alternative_community_name___lo":"Approx 120km NW of Coen, 480km NW of Cooktown","state":"QLD","objectid":167,"longitude":142.54904}},{"geometry":{"type":"Point","coordinates":[122.59153000000003,-16.765589999999975],"crs":null},"id":168,"type":"Feature","properties":{"site_type":"WP","community_name":"Mercedes Cove","latitude":-16.76559,"alternative_community_name___lo":"35km from Middle Lagoon, 190km N from Broome","state":"WA","objectid":168,"longitude":122.59153}},{"geometry":{"type":"Point","coordinates":[132.82892000000004,-23.914369999999963],"crs":null},"id":169,"type":"Feature","properties":{"site_type":"WP","community_name":"Merral Ntarrakala","latitude":-23.91437,"alternative_community_name___lo":"120km W of Alice Springs","state":"NT","objectid":169,"longitude":132.82892}},{"geometry":{"type":"Point","coordinates":[122.57567000000006,-16.77395999999993],"crs":null},"id":170,"type":"Feature","properties":{"site_type":"WP","community_name":"Middle Lagoon","latitude":-16.77396,"alternative_community_name___lo":"150km N of Broome","state":"WA","objectid":170,"longitude":122.57567}},{"geometry":{"type":"Point","coordinates":[133.07468000000006,-12.479579999999942],"crs":null},"id":171,"type":"Feature","properties":{"site_type":"WP","community_name":"Mikginj Valley","latitude":-12.47958,"alternative_community_name___lo":"50km NE of Jabiru in WAL","state":"NT","objectid":171,"longitude":133.07468}},{"geometry":{"type":"Point","coordinates":[136.42291000000012,-15.962489999999946],"crs":null},"id":172,"type":"Feature","properties":{"site_type":"WP","community_name":"Milibunthurra","latitude":-15.96249,"alternative_community_name___lo":"20km NE of Borroloola","state":"NT","objectid":172,"longitude":136.42291}},{"geometry":{"type":"Point","coordinates":[134.24733000000003,-12.523199999999974],"crs":null},"id":173,"type":"Feature","properties":{"site_type":"WP","community_name":"Milmilngkan","latitude":-12.5232,"alternative_community_name___lo":"50km S of Maningrida in WAL","state":"NT","objectid":173,"longitude":134.24733}},{"geometry":{"type":"Point","coordinates":[136.83391000000006,-16.802169999999933],"crs":null},"id":174,"type":"Feature","properties":{"site_type":"WP","community_name":"Mimina","latitude":-16.80217,"alternative_community_name___lo":"140km SW of Borroloola","state":"NT","objectid":174,"longitude":136.83391}},{"geometry":{"type":"Point","coordinates":[117.21205000000009,-20.804209999999955],"crs":null},"id":175,"type":"Feature","properties":{"site_type":"WP","community_name":"Mingullatharndo","latitude":-20.80421,"alternative_community_name___lo":"Approx 50 kms North of Karratha","state":"WA","objectid":175,"longitude":117.21205}},{"geometry":{"type":"Point","coordinates":[143.64163000000008,-14.081019999999967],"crs":null},"id":176,"type":"Feature","properties":{"site_type":"WP","community_name":"Moojeeba","latitude":-14.08102,"alternative_community_name___lo":"110km ESE of Coen","state":"QLD","objectid":176,"longitude":143.64163}},{"geometry":{"type":"Point","coordinates":[137.00108000000012,-15.622939999999971],"crs":null},"id":177,"type":"Feature","properties":{"site_type":"WP","community_name":"Mooloowa","latitude":-15.62294,"alternative_community_name___lo":"Vanderlin Island, off Borroloola","state":"NT","objectid":177,"longitude":137.00108}},{"geometry":{"type":"Point","coordinates":[132.0532800000001,-22.14199999999994],"crs":null},"id":178,"type":"Feature","properties":{"site_type":"WP","community_name":"Mount Dennison","latitude":-22.142,"alternative_community_name___lo":"300km NW of Alice Springs, 35 km from Tanami Rd","state":"NT","objectid":178,"longitude":132.05328}},{"geometry":{"type":"Point","coordinates":[133.8743800000001,-24.39310999999998],"crs":null},"id":179,"type":"Feature","properties":{"site_type":"WP","community_name":"Mount Peachy","latitude":-24.39311,"alternative_community_name___lo":"Number One Bore, Syd Kenny camp, 100km S of Alice Sp.","state":"NT","objectid":179,"longitude":133.87438}},{"geometry":{"type":"Point","coordinates":[134.12756000000002,-23.745589999999936],"crs":null},"id":180,"type":"Feature","properties":{"site_type":"WP","community_name":"Mount Undoolya","latitude":-23.74559,"alternative_community_name___lo":"30km E of Alice Springs, on Ross Hwy","state":"NT","objectid":180,"longitude":134.12756}},{"geometry":{"type":"Point","coordinates":[134.14678000000004,-27.95817999999997],"crs":null},"id":181,"type":"Feature","properties":{"site_type":"WP","community_name":"Mount Willoughby","latitude":-27.95818,"alternative_community_name___lo":"150km NW of Coober Pedy, 5km E of Stuart Hwy","state":"SA","objectid":181,"longitude":134.14678}},{"geometry":{"type":"Point","coordinates":[132.86377000000005,-24.018749999999955],"crs":null},"id":182,"type":"Feature","properties":{"site_type":"WP","community_name":"Mpakaputa","latitude":-24.01875,"alternative_community_name___lo":"120km WSW of Alice Springs","state":"NT","objectid":182,"longitude":132.86377}},{"geometry":{"type":"Point","coordinates":[133.89600000000007,-18.639119999999934],"crs":null},"id":183,"type":"Feature","properties":{"site_type":"WP","community_name":"Muckaty","latitude":-18.63912,"alternative_community_name___lo":"127km N of Tennant Creek","state":"NT","objectid":183,"longitude":133.896}},{"geometry":{"type":"Point","coordinates":[132.11275000000012,-26.81463999999994],"crs":null},"id":184,"type":"Feature","properties":{"site_type":"WP","community_name":"Mulga Bore","latitude":-26.81464,"alternative_community_name___lo":"130km W of the Stuart Highway, 100km S of the SA/NT border","state":"SA","objectid":184,"longitude":132.11275}},{"geometry":{"type":"Point","coordinates":[129.95032000000003,-13.92727999999994],"crs":null},"id":185,"type":"Feature","properties":{"site_type":"WP","community_name":"Mulingi","latitude":-13.92728,"alternative_community_name___lo":"335km SW of Darwin","state":"NT","objectid":185,"longitude":129.95032}},{"geometry":{"type":"Point","coordinates":[133.93378000000007,-32.32198999999997],"crs":null},"id":186,"type":"Feature","properties":{"site_type":"WP","community_name":"Munda & Wanna Mar","latitude":-32.32199,"alternative_community_name___lo":"40km SW of Ceduna","state":"SA","objectid":186,"longitude":133.93378}},{"geometry":{"type":"Point","coordinates":[129.73338,-20.58475999999996],"crs":null},"id":187,"type":"Feature","properties":{"site_type":"WP","community_name":"Mungurrupa","latitude":-20.58476,"alternative_community_name___lo":"500km WSW of Tennant Creek","state":"NT","objectid":187,"longitude":129.73338}},{"geometry":{"type":"Point","coordinates":[125.75069000000008,-17.455839999999966],"crs":null},"id":188,"type":"Feature","properties":{"site_type":"WP","community_name":"Munmural","latitude":-17.45584,"alternative_community_name___lo":"100km N of Fitzroy Crossing","state":"WA","objectid":188,"longitude":125.75069}},{"geometry":{"type":"Point","coordinates":[132.91194000000007,-11.710319999999967],"crs":null},"id":189,"type":"Feature","properties":{"site_type":"WP","community_name":"Murgenella Plains","latitude":-11.71032,"alternative_community_name___lo":"120km N of Jabiru in WAL","state":"NT","objectid":189,"longitude":132.91194}},{"geometry":{"type":"Point","coordinates":[122.56976000000009,-16.922049999999956],"crs":null},"id":190,"type":"Feature","properties":{"site_type":"WP","community_name":"Murphy Creek","latitude":-16.92205,"alternative_community_name___lo":"130km ENE of Broome in Dampier Pen, on coast","state":"WA","objectid":190,"longitude":122.56976}},{"geometry":{"type":"Point","coordinates":[141.2807200000001,-17.04696999999993],"crs":null},"id":191,"type":"Feature","properties":{"site_type":"WP","community_name":"Myra Vale","latitude":-17.04697,"alternative_community_name___lo":"80km NE of Karumba near Gulf coast","state":"QLD","objectid":191,"longitude":141.28072}},{"geometry":{"type":"Point","coordinates":[138.21710000000007,-30.450019999999938],"crs":null},"id":192,"type":"Feature","properties":{"site_type":"WP","community_name":"Myrtle Springs","latitude":-30.45002,"alternative_community_name___lo":"Myrtle Springs Station, 220km NNE of Port Augusta","state":"SA","objectid":192,"longitude":138.2171}},{"geometry":{"type":"Point","coordinates":[135.17816000000005,-12.54210999999998],"crs":null},"id":193,"type":"Feature","properties":{"site_type":"WP","community_name":"Nalayindi","latitude":-12.54211,"alternative_community_name___lo":"120km ESE of Maningrida in EAL","state":"NT","objectid":193,"longitude":135.17816}},{"geometry":{"type":"Point","coordinates":[134.2964300000001,-12.21333999999996],"crs":null},"id":194,"type":"Feature","properties":{"site_type":"WP","community_name":"Nangak","latitude":-12.21334,"alternative_community_name___lo":"2km S of Maningrida, N. Arnhem Land","state":"NT","objectid":194,"longitude":134.29643}},{"geometry":{"type":"Point","coordinates":[135.87373000000002,-11.760089999999934],"crs":null},"id":195,"type":"Feature","properties":{"site_type":"WP","community_name":"Nanginyburra","latitude":-11.76009,"alternative_community_name___lo":"Elcho Island","state":"NT","objectid":195,"longitude":135.87373}},{"geometry":{"type":"Point","coordinates":[134.29446000000007,-11.993589999999926],"crs":null},"id":196,"type":"Feature","properties":{"site_type":"WP","community_name":"Nardmiluk","latitude":-11.99359,"alternative_community_name___lo":"24km NE of Maningrida in WAL","state":"NT","objectid":196,"longitude":134.29446}},{"geometry":{"type":"Point","coordinates":[131.32771000000002,-23.22156999999993],"crs":null},"id":197,"type":"Feature","properties":{"site_type":"WP","community_name":"New Bore","latitude":-23.22157,"alternative_community_name___lo":"Wadiyawanu, near Mt. Liebig 300km W of Alice Springs","state":"NT","objectid":197,"longitude":131.32771}},{"geometry":{"type":"Point","coordinates":[142.4333600000001,-14.794919999999934],"crs":null},"id":198,"type":"Feature","properties":{"site_type":"WP","community_name":"New Strathgordon","latitude":-14.79492,"alternative_community_name___lo":"Approx 120km NE of Kowanyama","state":"QLD","objectid":198,"longitude":142.43336}},{"geometry":{"type":"Point","coordinates":[132.2332,-26.086649999999963],"crs":null},"id":199,"type":"Feature","properties":{"site_type":"WP","community_name":"New Well","latitude":-26.08665,"alternative_community_name___lo":"105km W of the Stuart Highway on the SA/NT border","state":"SA","objectid":199,"longitude":132.2332}},{"geometry":{"type":"Point","coordinates":[136.45625000000007,-13.820149999999956],"crs":null},"id":200,"type":"Feature","properties":{"site_type":"WP","community_name":"Ngaduniyerrk","latitude":-13.82015,"alternative_community_name___lo":"Groote Eylandt","state":"NT","objectid":200,"longitude":136.45625}},{"geometry":{"type":"Point","coordinates":[126.22316000000001,-19.385209999999972],"crs":null},"id":201,"type":"Feature","properties":{"site_type":"WP","community_name":"Ngarantjadu","latitude":-19.38521,"alternative_community_name___lo":"200km SE of Fitzroy Crossing, 70km S of Great Northern Hwy","state":"WA","objectid":201,"longitude":126.22316}},{"geometry":{"type":"Point","coordinates":[122.56977000000006,-16.907639999999958],"crs":null},"id":202,"type":"Feature","properties":{"site_type":"WP","community_name":"Ngarlan Burr","latitude":-16.90764,"alternative_community_name___lo":"130km ENE of Broome in Dampier Pen, on coast","state":"WA","objectid":202,"longitude":122.56977}},{"geometry":{"type":"Point","coordinates":[135.5743900000001,-11.99407999999994],"crs":null},"id":203,"type":"Feature","properties":{"site_type":"WP","community_name":"Ngayawillii","latitude":-11.99408,"alternative_community_name___lo":"First Creek.\nElcho Is.","state":"NT","objectid":203,"longitude":135.57439}},{"geometry":{"type":"Point","coordinates":[130.59514000000001,-11.77795999999995],"crs":null},"id":204,"type":"Feature","properties":{"site_type":"WP","community_name":"Nguiu (4 Mile)","latitude":-11.77796,"alternative_community_name___lo":"Bathurst Island","state":"NT","objectid":204,"longitude":130.59514}},{"geometry":{"type":"Point","coordinates":[135.4054900000001,-19.42152999999996],"crs":null},"id":205,"type":"Feature","properties":{"site_type":"WP","community_name":"Ngurrara","latitude":-19.42153,"alternative_community_name___lo":"Approx 120km ENE of Tennant Creek","state":"NT","objectid":205,"longitude":135.40549}},{"geometry":{"type":"Point","coordinates":[135.5456600000001,-12.08967999999993],"crs":null},"id":206,"type":"Feature","properties":{"site_type":"WP","community_name":"Nikawu","latitude":-12.08968,"alternative_community_name___lo":"Howard Island, just SW of Elcho Island","state":"NT","objectid":206,"longitude":135.54566}},{"geometry":{"type":"Point","coordinates":[138.7050200000001,-17.919059999999945],"crs":null},"id":207,"type":"Feature","properties":{"site_type":"WP","community_name":"Nine Mile","latitude":-17.91906,"alternative_community_name___lo":"75km E of NT border, 120km S of Gulf coast","state":"QLD","objectid":207,"longitude":138.70502}},{"geometry":{"type":"Point","coordinates":[139.56688000000008,-17.091489999999965],"crs":null},"id":208,"type":"Feature","properties":{"site_type":"WP","community_name":"Njinjilki","latitude":-17.09149,"alternative_community_name___lo":"Bentnick Island near Mornington Island","state":"QLD","objectid":208,"longitude":139.56688}},{"geometry":{"type":"Point","coordinates":[144.8160600000001,-15.332449999999938],"crs":null},"id":209,"type":"Feature","properties":{"site_type":"WP","community_name":"Normanby Station","latitude":-15.33245,"alternative_community_name___lo":"Approx 50km NW of Cooktown","state":"QLD","objectid":209,"longitude":144.81606}},{"geometry":{"type":"Point","coordinates":[128.06131000000005,-17.201329999999928],"crs":null},"id":210,"type":"Feature","properties":{"site_type":"WP","community_name":"Norton Bore","latitude":-17.20133,"alternative_community_name___lo":"130km NNE of Halls Creek","state":"WA","objectid":210,"longitude":128.06131}},{"geometry":{"type":"Point","coordinates":[127.78870000000006,-15.54789999999997],"crs":null},"id":211,"type":"Feature","properties":{"site_type":"WP","community_name":"Nulla Nulla","latitude":-15.5479,"alternative_community_name___lo":"100km WNW of Kununurra","state":"WA","objectid":211,"longitude":127.7887}},{"geometry":{"type":"Point","coordinates":[143.29219000000012,-13.701979999999935],"crs":null},"id":212,"type":"Feature","properties":{"site_type":"WP","community_name":"Nyacha Wanta","latitude":-13.70198,"alternative_community_name___lo":"Approx 60km NE of Coen","state":"QLD","objectid":212,"longitude":143.29219}},{"geometry":{"type":"Point","coordinates":[142.9441200000001,-15.410729999999944],"crs":null},"id":213,"type":"Feature","properties":{"site_type":"WP","community_name":"Oriners","latitude":-15.41073,"alternative_community_name___lo":"250km W of Cooktown","state":"QLD","objectid":213,"longitude":142.94412}},{"geometry":{"type":"Point","coordinates":[126.71891000000005,-14.12459999999993],"crs":null},"id":214,"type":"Feature","properties":{"site_type":"WP","community_name":"Pago","latitude":-14.1246,"alternative_community_name___lo":"Approx 50km N of Kalumburu","state":"WA","objectid":214,"longitude":126.71891}},{"geometry":{"type":"Point","coordinates":[134.7595100000001,-20.406919999999957],"crs":null},"id":215,"type":"Feature","properties":{"site_type":"WP","community_name":"Palpang (10 Mile)","latitude":-20.40692,"alternative_community_name___lo":"440km N of Alice Springs, 60km E of Stuart Hwy","state":"NT","objectid":215,"longitude":134.75951}},{"geometry":{"type":"Point","coordinates":[136.17041000000006,-15.62083999999993],"crs":null},"id":216,"type":"Feature","properties":{"site_type":"WP","community_name":"Pandanus Ridge","latitude":-15.62084,"alternative_community_name___lo":"Approx 50km N of Borroloola","state":"NT","objectid":216,"longitude":136.17041}},{"geometry":{"type":"Point","coordinates":[131.97473000000002,-23.185379999999952],"crs":null},"id":217,"type":"Feature","properties":{"site_type":"WP","community_name":"Papunya (3 Mile)","latitude":-23.18538,"alternative_community_name___lo":"Warumpi, 250km W of Alice Springs","state":"NT","objectid":217,"longitude":131.97473}},{"geometry":{"type":"Point","coordinates":[132.5331900000001,-12.938959999999952],"crs":null},"id":218,"type":"Feature","properties":{"site_type":"WP","community_name":"Paradise Farm","latitude":-12.93896,"alternative_community_name___lo":"56km SW of Jabiru","state":"NT","objectid":218,"longitude":132.53319}},{"geometry":{"type":"Point","coordinates":[125.06277000000011,-18.587089999999932],"crs":null},"id":219,"type":"Feature","properties":{"site_type":"WP","community_name":"Parkal Springs","latitude":-18.58709,"alternative_community_name___lo":"75km SW of Fitzroy Crossing","state":"WA","objectid":219,"longitude":125.06277}},{"geometry":{"type":"Point","coordinates":[132.58081000000004,-12.958299999999952],"crs":null},"id":220,"type":"Feature","properties":{"site_type":"WP","community_name":"Patonga Homestead","latitude":-12.9583,"alternative_community_name___lo":"190km E of Darwin in Kakadu, 45km SW of Jabiru","state":"NT","objectid":220,"longitude":132.58081}},{"geometry":{"type":"Point","coordinates":[141.71863000000008,-12.235289999999964],"crs":null},"id":221,"type":"Feature","properties":{"site_type":"WP","community_name":"Pennefather","latitude":-12.23529,"alternative_community_name___lo":"67km N of Weipa","state":"QLD","objectid":221,"longitude":141.71863}},{"geometry":{"type":"Point","coordinates":[135.67258000000004,-22.787289999999928],"crs":null},"id":222,"type":"Feature","properties":{"site_type":"WP","community_name":"Penyeme","latitude":-22.78729,"alternative_community_name___lo":"225km NE of Alice, near Marshall River","state":"NT","objectid":222,"longitude":135.67258}},{"geometry":{"type":"Point","coordinates":[134.43069000000003,-24.09618999999998],"crs":null},"id":223,"type":"Feature","properties":{"site_type":"WP","community_name":"Philipson Bore","latitude":-24.09619,"alternative_community_name___lo":"90km SE of Alice Springs","state":"NT","objectid":223,"longitude":134.43069}},{"geometry":{"type":"Point","coordinates":[139.16016000000002,-16.67999999999995],"crs":null},"id":224,"type":"Feature","properties":{"site_type":"WP","community_name":"Piggy Well","latitude":-16.68,"alternative_community_name___lo":"Denham Island near Mornington Island","state":"QLD","objectid":224,"longitude":139.16016}},{"geometry":{"type":"Point","coordinates":[129.30405000000007,-24.912349999999947],"crs":null},"id":225,"type":"Feature","properties":{"site_type":"WP","community_name":"Piyultjara","latitude":-24.91235,"alternative_community_name___lo":"200km WNW of Uluru near Docker River","state":"NT","objectid":225,"longitude":129.30405}},{"geometry":{"type":"Point","coordinates":[135.87503000000004,-34.55457999999993],"crs":null},"id":226,"type":"Feature","properties":{"site_type":"WP","community_name":"Poonindie","latitude":-34.55458,"alternative_community_name___lo":"3km N of Port Lincoln","state":"SA","objectid":226,"longitude":135.87503}},{"geometry":{"type":"Point","coordinates":[121.60126000000002,-23.595199999999977],"crs":null},"id":227,"type":"Feature","properties":{"site_type":"WP","community_name":"Puntawarri","latitude":-23.5952,"alternative_community_name___lo":"Approx 150km E of Newman","state":"WA","objectid":227,"longitude":121.60126}},{"geometry":{"type":"Point","coordinates":[143.28763000000004,-14.05069999999995],"crs":null},"id":228,"type":"Feature","properties":{"site_type":"WP","community_name":"Puntimu","latitude":-14.0507,"alternative_community_name___lo":"Cape York 280km NW of Cooktown","state":"QLD","objectid":228,"longitude":143.28763}},{"geometry":{"type":"Point","coordinates":[134.41821000000004,-19.50416999999993],"crs":null},"id":229,"type":"Feature","properties":{"site_type":"WP","community_name":"Putulki","latitude":-19.50417,"alternative_community_name___lo":"Pakulki. 30km NE of Tennant Creek, 8km S of Barkly Hwy","state":"NT","objectid":229,"longitude":134.41821}},{"geometry":{"type":"Point","coordinates":[132.1682300000001,-26.25765999999993],"crs":null},"id":230,"type":"Feature","properties":{"site_type":"WP","community_name":"Racecourse","latitude":-26.25766,"alternative_community_name___lo":"110km W of Stuart Hwy S of SA/NT border","state":"SA","objectid":230,"longitude":132.16823}},{"geometry":{"type":"Point","coordinates":[133.67522000000008,-24.333919999999978],"crs":null},"id":231,"type":"Feature","properties":{"site_type":"WP","community_name":"Rainbow Valley","latitude":-24.33392,"alternative_community_name___lo":"80km S of Alice Springs, 30km from Stuart Hwy","state":"NT","objectid":231,"longitude":133.67522}},{"geometry":{"type":"Point","coordinates":[131.58833000000004,-25.997599999999977],"crs":null},"id":232,"type":"Feature","properties":{"site_type":"WP","community_name":"Rocket Bore","latitude":-25.9976,"alternative_community_name___lo":"Wanarkula, Mulga Park, Mulga Park Station. 170km W of Stuart Hwy on SA/NT border","state":"NT","objectid":232,"longitude":131.58833}},{"geometry":{"type":"Point","coordinates":[126.69891000000007,-18.770879999999977],"crs":null},"id":233,"type":"Feature","properties":{"site_type":"WP","community_name":"Rockie Springs","latitude":-18.77088,"alternative_community_name___lo":"165km SE of Fitzroy Crossing","state":"WA","objectid":233,"longitude":126.69891}},{"geometry":{"type":"Point","coordinates":[134.40231000000006,-12.061229999999966],"crs":null},"id":234,"type":"Feature","properties":{"site_type":"WP","community_name":"Rocky Point","latitude":-12.06123,"alternative_community_name___lo":"23km E of Maningrida in WAL","state":"NT","objectid":234,"longitude":134.40231}},{"geometry":{"type":"Point","coordinates":[142.66829000000007,-13.656739999999957],"crs":null},"id":235,"type":"Feature","properties":{"site_type":"WP","community_name":"Rokeby","latitude":-13.65674,"alternative_community_name___lo":"120km NW of Coen, 480km NW of Cooktown","state":"QLD","objectid":235,"longitude":142.66829}},{"geometry":{"type":"Point","coordinates":[121.70287000000008,-18.73127999999997],"crs":null},"id":236,"type":"Feature","properties":{"site_type":"WP","community_name":"Rollah (Oompanaguba)","latitude":-18.73128,"alternative_community_name___lo":"150km SW of Broome","state":"WA","objectid":236,"longitude":121.70287}},{"geometry":{"type":"Point","coordinates":[129.93158000000005,-13.860149999999976],"crs":null},"id":237,"type":"Feature","properties":{"site_type":"WP","community_name":"Sabina","latitude":-13.86015,"alternative_community_name___lo":"335km SW of Darwin","state":"NT","objectid":237,"longitude":129.93158}},{"geometry":{"type":"Point","coordinates":[136.7260900000001,-13.919179999999926],"crs":null},"id":238,"type":"Feature","properties":{"site_type":"WP","community_name":"Salt Lake 1","latitude":-13.91918,"alternative_community_name___lo":"Angwura, Anguwarnanja.\nGroote Eylandt","state":"NT","objectid":238,"longitude":136.72609}},{"geometry":{"type":"Point","coordinates":[136.34833000000003,-16.04171999999994],"crs":null},"id":239,"type":"Feature","properties":{"site_type":"WP","community_name":"Sandridge","latitude":-16.04172,"alternative_community_name___lo":"3km S of Borroloola, in EAL","state":"NT","objectid":239,"longitude":136.34833}},{"geometry":{"type":"Point","coordinates":[132.57994000000008,-11.207429999999931],"crs":null},"id":240,"type":"Feature","properties":{"site_type":"WP","community_name":"Sandy Bay","latitude":-11.20743,"alternative_community_name___lo":"Croker Island","state":"NT","objectid":240,"longitude":132.57994}},{"geometry":{"type":"Point","coordinates":[132.49944000000005,-24.56043999999997],"crs":null},"id":241,"type":"Feature","properties":{"site_type":"WP","community_name":"Sandy Bore NT","latitude":-24.56044,"alternative_community_name___lo":"80km W of Stuart Hwy, 80km N of Lasseter Hwy","state":"NT","objectid":241,"longitude":132.49944}},{"geometry":{"type":"Point","coordinates":[132.48113,-27.154799999999966],"crs":null},"id":242,"type":"Feature","properties":{"site_type":"WP","community_name":"Sandy Bore SA","latitude":-27.1548,"alternative_community_name___lo":"80km W of Stuart Hwy 125km S of SA/NT border","state":"SA","objectid":242,"longitude":132.48113}},{"geometry":{"type":"Point","coordinates":[141.6006500000001,-15.446999999999946],"crs":null},"id":243,"type":"Feature","properties":{"site_type":"WP","community_name":"Scrubby Bore","latitude":-15.447,"alternative_community_name___lo":"5km SE of Kowanyama on W coast of CY","state":"QLD","objectid":243,"longitude":141.60065}},{"geometry":{"type":"Point","coordinates":[132.72423000000003,-27.04237999999998],"crs":null},"id":244,"type":"Feature","properties":{"site_type":"WP","community_name":"Shannons Bore","latitude":-27.04238,"alternative_community_name___lo":"75km W of Stuart Hwy 120km S of SA/NT border","state":"SA","objectid":244,"longitude":132.72423}},{"geometry":{"type":"Point","coordinates":[141.96536000000003,-15.360409999999945],"crs":null},"id":245,"type":"Feature","properties":{"site_type":"WP","community_name":"Shelfo Crossing","latitude":-15.36041,"alternative_community_name___lo":"Approx 19km N of Kowanyama","state":"QLD","objectid":245,"longitude":141.96536}},{"geometry":{"type":"Point","coordinates":[143.54974000000004,-13.977219999999932],"crs":null},"id":246,"type":"Feature","properties":{"site_type":"WP","community_name":"Silver Plain","latitude":-13.97722,"alternative_community_name___lo":"40km E of Coen","state":"QLD","objectid":246,"longitude":143.54974}},{"geometry":{"type":"Point","coordinates":[139.1594100000001,-16.650859999999966],"crs":null},"id":247,"type":"Feature","properties":{"site_type":"WP","community_name":"Slim Creek","latitude":-16.65086,"alternative_community_name___lo":"Mornington Island","state":"QLD","objectid":247,"longitude":139.15941}},{"geometry":{"type":"Point","coordinates":[136.65829000000008,-15.688779999999952],"crs":null},"id":248,"type":"Feature","properties":{"site_type":"WP","community_name":"South West Island","latitude":-15.68878,"alternative_community_name___lo":"Off Borroloola","state":"NT","objectid":248,"longitude":136.65829}},{"geometry":{"type":"Point","coordinates":[138.88179000000002,-17.653569999999945],"crs":null},"id":249,"type":"Feature","properties":{"site_type":"WP","community_name":"Spoon Creek","latitude":-17.65357,"alternative_community_name___lo":"95km E of NT border, 90km S of Gulf coast","state":"QLD","objectid":249,"longitude":138.88179}},{"geometry":{"type":"Point","coordinates":[134.91788000000008,-23.042979999999943],"crs":null},"id":250,"type":"Feature","properties":{"site_type":"WP","community_name":"Spotted Tiger","latitude":-23.04298,"alternative_community_name___lo":"Approx 250km NE of Alice Springs","state":"NT","objectid":250,"longitude":134.91788}},{"geometry":{"type":"Point","coordinates":[136.4970300000001,-16.558829999999944],"crs":null},"id":251,"type":"Feature","properties":{"site_type":"WP","community_name":"Spring Creek","latitude":-16.55883,"alternative_community_name___lo":"Approx 50km S of Borroloola","state":"NT","objectid":251,"longitude":136.49703}},{"geometry":{"type":"Point","coordinates":[145.12881000000004,-15.058999999999969],"crs":null},"id":252,"type":"Feature","properties":{"site_type":"WP","community_name":"Starcke","latitude":-15.059,"alternative_community_name___lo":"Mt. Webb, 50km N of Cooktown","state":"QLD","objectid":252,"longitude":145.12881}},{"geometry":{"type":"Point","coordinates":[130.80141000000003,-11.815139999999928],"crs":null},"id":253,"type":"Feature","properties":{"site_type":"WP","community_name":"Takapimiliyi","latitude":-11.81514,"alternative_community_name___lo":"Melville Island","state":"NT","objectid":253,"longitude":130.80141}},{"geometry":{"type":"Point","coordinates":[130.1665200000001,-26.299079999999947],"crs":null},"id":254,"type":"Feature","properties":{"site_type":"WP","community_name":"Tankaanu","latitude":-26.29908,"alternative_community_name___lo":"40km S of the SA/NT border, 125km E of the SA/WA border","state":"SA","objectid":254,"longitude":130.16652}},{"geometry":{"type":"Point","coordinates":[141.71172,-15.405119999999954],"crs":null},"id":255,"type":"Feature","properties":{"site_type":"WP","community_name":"The Crossing","latitude":-15.40512,"alternative_community_name___lo":"10km NNW of Kowanyama near W coast of CY","state":"QLD","objectid":255,"longitude":141.71172}},{"geometry":{"type":"Point","coordinates":[143.6642300000001,-14.083939999999927],"crs":null},"id":256,"type":"Feature","properties":{"site_type":"WP","community_name":"Theetinji","latitude":-14.08394,"alternative_community_name___lo":"110km ESE of Coen","state":"QLD","objectid":256,"longitude":143.66423}},{"geometry":{"type":"Point","coordinates":[145.3465000000001,-15.955829999999935],"crs":null},"id":257,"type":"Feature","properties":{"site_type":"WP","community_name":"Thompson's Creek","latitude":-15.95583,"alternative_community_name___lo":"60km S of Cooktown near coast","state":"QLD","objectid":257,"longitude":145.3465}},{"geometry":{"type":"Point","coordinates":[120.15893000000005,-21.85949999999997],"crs":null},"id":258,"type":"Feature","properties":{"site_type":"WP","community_name":"Three Mile","latitude":-21.8595,"alternative_community_name___lo":"Approx 200km N of Newman","state":"WA","objectid":258,"longitude":120.15893}},{"geometry":{"type":"Point","coordinates":[131.99558000000002,-26.982729999999947],"crs":null},"id":259,"type":"Feature","properties":{"site_type":"WP","community_name":"Tjilpil","latitude":-26.98273,"alternative_community_name___lo":"125km WSW of where the Stuart Highway crosses the SA/NT border","state":"SA","objectid":259,"longitude":131.99558}},{"geometry":{"type":"Point","coordinates":[131.27042000000006,-23.28530999999998],"crs":null},"id":260,"type":"Feature","properties":{"site_type":"WP","community_name":"Tjintirtjintirpa","latitude":-23.28531,"alternative_community_name___lo":"300km W of Alice Springs near Mt. Liebig","state":"NT","objectid":260,"longitude":131.27042}},{"geometry":{"type":"Point","coordinates":[132.20839,-26.40327999999994],"crs":null},"id":261,"type":"Feature","properties":{"site_type":"WP","community_name":"Tjiwuru","latitude":-26.40328,"alternative_community_name___lo":"120km WSW of where the Stuart Highway crosses the SA/NT border","state":"SA","objectid":261,"longitude":132.20839}},{"geometry":{"type":"Point","coordinates":[132.83843000000002,-23.99885999999998],"crs":null},"id":262,"type":"Feature","properties":{"site_type":"WP","community_name":"Tnawurta","latitude":-23.99886,"alternative_community_name___lo":"Near Hermannsburg, 125km WSW of Alice Springs","state":"NT","objectid":262,"longitude":132.83843}},{"geometry":{"type":"Point","coordinates":[115.22913000000005,-25.43706999999995],"crs":null},"id":263,"type":"Feature","properties":{"site_type":"WP","community_name":"Towrana","latitude":-25.43707,"alternative_community_name___lo":"Approx 150km S of Gascoyne Junction","state":"WA","objectid":263,"longitude":115.22913}},{"geometry":{"type":"Point","coordinates":[132.07997000000012,-26.328799999999944],"crs":null},"id":264,"type":"Feature","properties":{"site_type":"WP","community_name":"Turkey Bore","latitude":-26.3288,"alternative_community_name___lo":"40km S of the NT/SA border, 120km W of Stuart Hwy","state":"SA","objectid":264,"longitude":132.07997}},{"geometry":{"type":"Point","coordinates":[116.11024000000009,-23.48037999999997],"crs":null},"id":265,"type":"Feature","properties":{"site_type":"WP","community_name":"Ullawarra","latitude":-23.48038,"alternative_community_name___lo":"Approx 900km North of Geraldton","state":"WA","objectid":265,"longitude":116.11024}},{"geometry":{"type":"Point","coordinates":[134.06024000000002,-23.98023999999998],"crs":null},"id":266,"type":"Feature","properties":{"site_type":"WP","community_name":"Urremerne","latitude":-23.98024,"alternative_community_name___lo":"40km SSE of Alice Springs","state":"NT","objectid":266,"longitude":134.06024}},{"geometry":{"type":"Point","coordinates":[133.39780000000007,-11.768729999999948],"crs":null},"id":267,"type":"Feature","properties":{"site_type":"WP","community_name":"Waiminari","latitude":-11.76873,"alternative_community_name___lo":"90km WNW of Maningrida on coast in WAL","state":"NT","objectid":267,"longitude":133.3978}},{"geometry":{"type":"Point","coordinates":[131.79066000000012,-27.004709999999932],"crs":null},"id":268,"type":"Feature","properties":{"site_type":"WP","community_name":"Walalakara","latitude":-27.00471,"alternative_community_name___lo":"170km W of Stuart Hwy 120km S of SA/NT border","state":"SA","objectid":268,"longitude":131.79066}},{"geometry":{"type":"Point","coordinates":[139.14604000000008,-16.762389999999982],"crs":null},"id":269,"type":"Feature","properties":{"site_type":"WP","community_name":"Walburdin","latitude":-16.76239,"alternative_community_name___lo":"Andrew's Island near Mornington Island","state":"QLD","objectid":269,"longitude":139.14604}},{"geometry":{"type":"Point","coordinates":[136.63574000000006,-16.12275999999997],"crs":null},"id":270,"type":"Feature","properties":{"site_type":"WP","community_name":"Wallace's Outstation","latitude":-16.12276,"alternative_community_name___lo":"Approx 45km E of Borroloola","state":"NT","objectid":270,"longitude":136.63574}},{"geometry":{"type":"Point","coordinates":[132.51096000000007,-11.105539999999962],"crs":null},"id":271,"type":"Feature","properties":{"site_type":"WP","community_name":"Wanakutja","latitude":-11.10554,"alternative_community_name___lo":"Croker Island","state":"NT","objectid":271,"longitude":132.51096}},{"geometry":{"type":"Point","coordinates":[139.31865000000005,-16.71650999999997],"crs":null},"id":272,"type":"Feature","properties":{"site_type":"WP","community_name":"Warnbullin","latitude":-16.71651,"alternative_community_name___lo":"Mornington Island","state":"QLD","objectid":272,"longitude":139.31865}},{"geometry":{"type":"Point","coordinates":[125.35625000000005,-17.737459999999942],"crs":null},"id":273,"type":"Feature","properties":{"site_type":"WP","community_name":"Warringarri","latitude":-17.73746,"alternative_community_name___lo":"85km NNW of Fitzroy Crossing","state":"WA","objectid":273,"longitude":125.35625}},{"geometry":{"type":"Point","coordinates":[135.70001000000002,-11.939959999999928],"crs":null},"id":274,"type":"Feature","properties":{"site_type":"WP","community_name":"Watdagawuy","latitude":-11.93996,"alternative_community_name___lo":"Elcho Island","state":"NT","objectid":274,"longitude":135.70001}},{"geometry":{"type":"Point","coordinates":[141.98445000000004,-12.698419999999942],"crs":null},"id":275,"type":"Feature","properties":{"site_type":"WP","community_name":"Wa-Tyne","latitude":-12.69842,"alternative_community_name___lo":"12km ESE of Weipa","state":"QLD","objectid":275,"longitude":141.98445}},{"geometry":{"type":"Point","coordinates":[133.11377000000005,-23.995609999999942],"crs":null},"id":276,"type":"Feature","properties":{"site_type":"WP","community_name":"West Waterhouse","latitude":-23.99561,"alternative_community_name___lo":"90km SW of Alice Springs","state":"NT","objectid":276,"longitude":133.11377}},{"geometry":{"type":"Point","coordinates":[116.80663000000004,-21.01347999999996],"crs":null},"id":277,"type":"Feature","properties":{"site_type":"WP","community_name":"Weymul","latitude":-21.01348,"alternative_community_name___lo":"210km SW of Port Hedland","state":"WA","objectid":277,"longitude":116.80663}},{"geometry":{"type":"Point","coordinates":[133.43288000000007,-11.613519999999937],"crs":null},"id":278,"type":"Feature","properties":{"site_type":"WP","community_name":"Wigu","latitude":-11.61352,"alternative_community_name___lo":"South Goulburn Island","state":"NT","objectid":278,"longitude":133.43288}},{"geometry":{"type":"Point","coordinates":[132.7512200000001,-11.494599999999934],"crs":null},"id":279,"type":"Feature","properties":{"site_type":"WP","community_name":"Wiligi","latitude":-11.4946,"alternative_community_name___lo":"140km N of Jabiru in WAL","state":"NT","objectid":279,"longitude":132.75122}},{"geometry":{"type":"Point","coordinates":[118.75668000000007,-22.192299999999932],"crs":null},"id":280,"type":"Feature","properties":{"site_type":"WP","community_name":"Wirrillimarra","latitude":-22.1923,"alternative_community_name___lo":"Approx 215km NW of Newman","state":"WA","objectid":280,"longitude":118.75668}},{"geometry":{"type":"Point","coordinates":[134.23656000000005,-19.544929999999965],"crs":null},"id":281,"type":"Feature","properties":{"site_type":"WP","community_name":"Wittin","latitude":-19.54493,"alternative_community_name___lo":"Wiitin. 9km N of Tennant Creek","state":"NT","objectid":281,"longitude":134.23656}},{"geometry":{"type":"Point","coordinates":[136.86102000000005,-16.051619999999957],"crs":null},"id":282,"type":"Feature","properties":{"site_type":"WP","community_name":"Wonmurri","latitude":-16.05162,"alternative_community_name___lo":"60km ENE of Borroloola","state":"NT","objectid":282,"longitude":136.86102}},{"geometry":{"type":"Point","coordinates":[141.75911000000008,-15.317579999999964],"crs":null},"id":283,"type":"Feature","properties":{"site_type":"WP","community_name":"Wonya Bore","latitude":-15.31758,"alternative_community_name___lo":"20km N of Kowanyama","state":"QLD","objectid":283,"longitude":141.75911}},{"geometry":{"type":"Point","coordinates":[132.37840000000006,-11.269469999999956],"crs":null},"id":284,"type":"Feature","properties":{"site_type":"WP","community_name":"Woodji","latitude":-11.26947,"alternative_community_name___lo":"150km N of Jabiru in WAL","state":"NT","objectid":284,"longitude":132.3784}},{"geometry":{"type":"Point","coordinates":[129.94347000000005,-14.027969999999982],"crs":null},"id":285,"type":"Feature","properties":{"site_type":"WP","community_name":"Wudaduk","latitude":-14.02797,"alternative_community_name___lo":"335km SW of Darwin","state":"NT","objectid":285,"longitude":129.94347}},{"geometry":{"type":"Point","coordinates":[135.69243000000006,-14.166849999999954],"crs":null},"id":286,"type":"Feature","properties":{"site_type":"WP","community_name":"Wumajbarr","latitude":-14.16685,"alternative_community_name___lo":"470km SE of Katherine","state":"NT","objectid":286,"longitude":135.69243}},{"geometry":{"type":"Point","coordinates":[137.04335000000003,-16.47523999999993],"crs":null},"id":287,"type":"Feature","properties":{"site_type":"WP","community_name":"Wundigalla","latitude":-16.47524,"alternative_community_name___lo":"100km SE of Borroloola","state":"NT","objectid":287,"longitude":137.04335}},{"geometry":{"type":"Point","coordinates":[144.99664000000007,-17.126139999999964],"crs":null},"id":288,"type":"Feature","properties":{"site_type":"WP","community_name":"Wungu QLD","latitude":-17.12614,"alternative_community_name___lo":"90km W of Cairns","state":"QLD","objectid":288,"longitude":144.99664}},{"geometry":{"type":"Point","coordinates":[127.99889000000007,-18.325459999999964],"crs":null},"id":289,"type":"Feature","properties":{"site_type":"WP","community_name":"Wungu WA","latitude":-18.32546,"alternative_community_name___lo":"70km E of Halls Creek","state":"WA","objectid":289,"longitude":127.99889}},{"geometry":{"type":"Point","coordinates":[134.35706000000005,-12.790709999999933],"crs":null},"id":290,"type":"Feature","properties":{"site_type":"WP","community_name":"Yamini","latitude":-12.79071,"alternative_community_name___lo":"90km S of Maningrida in EAL","state":"NT","objectid":290,"longitude":134.35706}},{"geometry":{"type":"Point","coordinates":[136.4562400000001,-14.216569999999933],"crs":null},"id":291,"type":"Feature","properties":{"site_type":"WP","community_name":"Yanbakwa","latitude":-14.21657,"alternative_community_name___lo":"Groote Eylandt","state":"NT","objectid":291,"longitude":136.45624}},{"geometry":{"type":"Point","coordinates":[136.45784000000003,-14.079899999999952],"crs":null},"id":292,"type":"Feature","properties":{"site_type":"WP","community_name":"Yedikba","latitude":-14.0799,"alternative_community_name___lo":"Groote Eylandt","state":"NT","objectid":292,"longitude":136.45784}},{"geometry":{"type":"Point","coordinates":[135.56488000000002,-14.21772999999996],"crs":null},"id":293,"type":"Feature","properties":{"site_type":"WP","community_name":"Yimidarra","latitude":-14.21773,"alternative_community_name___lo":"260km WSW of Nhulunbuy in EAL","state":"NT","objectid":293,"longitude":135.56488}},{"geometry":{"type":"Point","coordinates":[128.69218,-15.88746999999995],"crs":null},"id":294,"type":"Feature","properties":{"site_type":"WP","community_name":"Yirralalem","latitude":-15.88747,"alternative_community_name___lo":"20km S of Kununurra","state":"WA","objectid":294,"longitude":128.69218}},{"geometry":{"type":"Point","coordinates":[130.00308000000007,-14.241039999999941],"crs":null},"id":372,"type":"Feature","properties":{"site_type":"CP","community_name":"Nemarluk","latitude":-14.24104,"alternative_community_name___lo":null,"state":"NT","objectid":372,"longitude":130.00308}},{"geometry":{"type":"Point","coordinates":[132.37701000000004,-22.466449999999952],"crs":null},"id":295,"type":"Feature","properties":{"site_type":"WP","community_name":"Yuelamu (10 Mile)","latitude":-22.46645,"alternative_community_name___lo":"230km NW of Alice Springs, 20km from Tanami Rd","state":"NT","objectid":295,"longitude":132.37701}},{"geometry":{"type":"Point","coordinates":[133.93668000000002,-22.21467999999993],"crs":null},"id":296,"type":"Feature","properties":{"site_type":"CP","community_name":"Adelaide Bore","latitude":-22.21468,"alternative_community_name___lo":"Woolla","state":"NT","objectid":296,"longitude":133.93668}},{"geometry":{"type":"Point","coordinates":[137.84676000000002,-20.981419999999957],"crs":null},"id":297,"type":"Feature","properties":{"site_type":"CPW","community_name":"Alpurrurulam","latitude":-20.98142,"alternative_community_name___lo":"Lake Nash","state":"NT","objectid":297,"longitude":137.84676}},{"geometry":{"type":"Point","coordinates":[137.84975000000009,-20.985589999999945],"crs":null},"id":298,"type":"Feature","properties":{"site_type":"CPW","community_name":"Alpurrurulam","latitude":-20.98559,"alternative_community_name___lo":"Lake Nash","state":"NT","objectid":298,"longitude":137.84975}},{"geometry":{"type":"Point","coordinates":[137.84480000000008,-20.98539999999997],"crs":null},"id":299,"type":"Feature","properties":{"site_type":"CPW","community_name":"Alpurrurulam","latitude":-20.9854,"alternative_community_name___lo":"Lake Nash","state":"NT","objectid":299,"longitude":137.8448}},{"geometry":{"type":"Point","coordinates":[137.84909000000005,-20.985559999999964],"crs":null},"id":300,"type":"Feature","properties":{"site_type":"CPW","community_name":"Alpurrurulam","latitude":-20.98556,"alternative_community_name___lo":"Lake Nash","state":"NT","objectid":300,"longitude":137.84909}},{"geometry":{"type":"Point","coordinates":[131.10336000000007,-13.243759999999952],"crs":null},"id":301,"type":"Feature","properties":{"site_type":"CP","community_name":"Amangal","latitude":-13.24376,"alternative_community_name___lo":"Adelaide River Town Camp, Wairia","state":"NT","objectid":301,"longitude":131.10336}},{"geometry":{"type":"Point","coordinates":[134.84166000000005,-21.89766999999995],"crs":null},"id":302,"type":"Feature","properties":{"site_type":"CP","community_name":"Amengernterneah","latitude":-21.89767,"alternative_community_name___lo":"Mingintirnina, Urapentye, Utopia","state":"NT","objectid":302,"longitude":134.84166}},{"geometry":{"type":"Point","coordinates":[135.22485000000006,-21.65910999999994],"crs":null},"id":303,"type":"Feature","properties":{"site_type":"CP","community_name":"Ampilatwatja","latitude":-21.65911,"alternative_community_name___lo":"Aharreng, Aherre, Ammaro, Ammaroo, Amperlatwatye, Honeymoon Bore","state":"NT","objectid":303,"longitude":135.22485}},{"geometry":{"type":"Point","coordinates":[135.2270400000001,-21.658239999999978],"crs":null},"id":304,"type":"Feature","properties":{"site_type":"CP","community_name":"Ampilatwatja","latitude":-21.65824,"alternative_community_name___lo":"Aharreng, Aherre, Ammaro, Ammaroo, Amperlatwatye, Honeymoon Bore","state":"NT","objectid":304,"longitude":135.22704}},{"geometry":{"type":"Point","coordinates":[134.56204000000002,-22.229439999999954],"crs":null},"id":305,"type":"Feature","properties":{"site_type":"CP","community_name":"Ankerrapw Homestead","latitude":-22.22944,"alternative_community_name___lo":"Angkarripa, Angkwetengarenye, Ankarripa, Old Utopia Homestead","state":"NT","objectid":305,"longitude":134.56204}},{"geometry":{"type":"Point","coordinates":[131.87819000000002,-11.192559999999958],"crs":null},"id":306,"type":"Feature","properties":{"site_type":"CP","community_name":"Araru Point","latitude":-11.19256,"alternative_community_name___lo":null,"state":"NT","objectid":306,"longitude":131.87819}},{"geometry":{"type":"Point","coordinates":[134.8467300000001,-22.012959999999964],"crs":null},"id":307,"type":"Feature","properties":{"site_type":"CP","community_name":"Arawerr","latitude":-22.01296,"alternative_community_name___lo":null,"state":"NT","objectid":307,"longitude":134.84673}},{"geometry":{"type":"Point","coordinates":[132.2683300000001,-24.07320999999996],"crs":null},"id":308,"type":"Feature","properties":{"site_type":"CPW","community_name":"Areyonga","latitude":-24.07321,"alternative_community_name___lo":null,"state":"NT","objectid":308,"longitude":132.26833}},{"geometry":{"type":"Point","coordinates":[132.26939000000004,-24.073369999999954],"crs":null},"id":309,"type":"Feature","properties":{"site_type":"CPW","community_name":"Areyonga","latitude":-24.07337,"alternative_community_name___lo":null,"state":"NT","objectid":309,"longitude":132.26939}},{"geometry":{"type":"Point","coordinates":[134.77589000000012,-22.08657999999997],"crs":null},"id":310,"type":"Feature","properties":{"site_type":"CP","community_name":"Arlparra","latitude":-22.08658,"alternative_community_name___lo":"Ahalpere, Angarapa, New Shop, Uranpuntja, Store, Utopia New Store","state":"NT","objectid":310,"longitude":134.77589}},{"geometry":{"type":"Point","coordinates":[133.62587000000008,-23.779529999999966],"crs":null},"id":311,"type":"Feature","properties":{"site_type":"CP","community_name":"Arrilljhere","latitude":-23.77953,"alternative_community_name___lo":null,"state":"NT","objectid":311,"longitude":133.62587}},{"geometry":{"type":"Point","coordinates":[134.54295000000002,-22.290359999999964],"crs":null},"id":312,"type":"Feature","properties":{"site_type":"CP","community_name":"Artekerre","latitude":-22.29036,"alternative_community_name___lo":"Arterre, Artekerr, Artekkere, Atikirra,Three\nBores","state":"NT","objectid":312,"longitude":134.54295}},{"geometry":{"type":"Point","coordinates":[134.8674000000001,-21.917539999999974],"crs":null},"id":313,"type":"Feature","properties":{"site_type":"CP","community_name":"Atheley","latitude":-21.91754,"alternative_community_name___lo":"Athiliya, Sillya","state":"NT","objectid":313,"longitude":134.8674}},{"geometry":{"type":"Point","coordinates":[134.99448000000007,-21.87083999999993],"crs":null},"id":314,"type":"Feature","properties":{"site_type":"CP","community_name":"Atnwengerrpe","latitude":-21.87084,"alternative_community_name___lo":"Atnungurpa, Atnwengerrp, Ammaroo, Quart Pot","state":"NT","objectid":314,"longitude":134.99448}},{"geometry":{"type":"Point","coordinates":[131.89687000000004,-23.26183999999995],"crs":null},"id":315,"type":"Feature","properties":{"site_type":"CP","community_name":"Blackwater","latitude":-23.26184,"alternative_community_name___lo":"Aturu, Pupunya Outstation","state":"NT","objectid":315,"longitude":131.89687}},{"geometry":{"type":"Point","coordinates":[135.72235000000012,-12.374379999999974],"crs":null},"id":316,"type":"Feature","properties":{"site_type":"CP","community_name":"Bunghungura","latitude":-12.37438,"alternative_community_name___lo":"Gapuwiyak Out Station, Bunhanura","state":"NT","objectid":316,"longitude":135.72235}},{"geometry":{"type":"Point","coordinates":[133.74764000000005,-23.197089999999946],"crs":null},"id":317,"type":"Feature","properties":{"site_type":"CP","community_name":"Burt Creek","latitude":-23.19709,"alternative_community_name___lo":"Yambah Mpweringe, Rices Camp","state":"NT","objectid":317,"longitude":133.74764}},{"geometry":{"type":"Point","coordinates":[134.55243000000007,-22.272029999999972],"crs":null},"id":318,"type":"Feature","properties":{"site_type":"CP","community_name":"Camel Camp","latitude":-22.27203,"alternative_community_name___lo":"Camels Camp","state":"NT","objectid":318,"longitude":134.55243}},{"geometry":{"type":"Point","coordinates":[131.59420000000011,-23.752029999999934],"crs":null},"id":319,"type":"Feature","properties":{"site_type":"CP","community_name":"Camels Hump","latitude":-23.75203,"alternative_community_name___lo":"Yateman, Bore","state":"NT","objectid":319,"longitude":131.5942}},{"geometry":{"type":"Point","coordinates":[135.58618,-20.64474999999993],"crs":null},"id":320,"type":"Feature","properties":{"site_type":"CPW","community_name":"Canteen Creek","latitude":-20.64475,"alternative_community_name___lo":"Owairtilla, Orwaitilla, Orwaitillya","state":"NT","objectid":320,"longitude":135.58618}},{"geometry":{"type":"Point","coordinates":[135.56090000000006,-12.052599999999927],"crs":null},"id":321,"type":"Feature","properties":{"site_type":"CP","community_name":"Dhambala","latitude":-12.0526,"alternative_community_name___lo":"Elliot on Elcho Island","state":"NT","objectid":321,"longitude":135.5609}},{"geometry":{"type":"Point","coordinates":[133.53623000000005,-17.55018999999993],"crs":null},"id":322,"type":"Feature","properties":{"site_type":"CP","community_name":"Elliott North Camp","latitude":-17.55019,"alternative_community_name___lo":null,"state":"NT","objectid":322,"longitude":133.53623}},{"geometry":{"type":"Point","coordinates":[134.45641000000012,-22.802539999999965],"crs":null},"id":323,"type":"Feature","properties":{"site_type":"CPW","community_name":"Engawala","latitude":-22.80254,"alternative_community_name___lo":"Alcoota","state":"NT","objectid":323,"longitude":134.45641}},{"geometry":{"type":"Point","coordinates":[134.45424000000003,-22.802859999999953],"crs":null},"id":324,"type":"Feature","properties":{"site_type":"CPW","community_name":"Engawala","latitude":-22.80286,"alternative_community_name___lo":"Alcoota","state":"NT","objectid":324,"longitude":134.45424}},{"geometry":{"type":"Point","coordinates":[134.57611000000009,-25.580709999999954],"crs":null},"id":325,"type":"Feature","properties":{"site_type":"CP","community_name":"Finke","latitude":-25.58071,"alternative_community_name___lo":"Aputula, Apatula","state":"NT","objectid":325,"longitude":134.57611}},{"geometry":{"type":"Point","coordinates":[134.5787200000001,-25.581639999999936],"crs":null},"id":326,"type":"Feature","properties":{"site_type":"CP","community_name":"Finke","latitude":-25.58164,"alternative_community_name___lo":"Aputula, Apatula","state":"NT","objectid":326,"longitude":134.57872}},{"geometry":{"type":"Point","coordinates":[134.57704,-25.581209999999942],"crs":null},"id":327,"type":"Feature","properties":{"site_type":"CP","community_name":"Finke","latitude":-25.58121,"alternative_community_name___lo":"Aputula, Apatula","state":"NT","objectid":327,"longitude":134.57704}},{"geometry":{"type":"Point","coordinates":[129.5208500000001,-14.537629999999979],"crs":null},"id":328,"type":"Feature","properties":{"site_type":"CP","community_name":"Fossil Head","latitude":-14.53763,"alternative_community_name___lo":null,"state":"NT","objectid":328,"longitude":129.52085}},{"geometry":{"type":"Point","coordinates":[134.81763,-12.286709999999971],"crs":null},"id":329,"type":"Feature","properties":{"site_type":"CP","community_name":"Galadjapin","latitude":-12.28671,"alternative_community_name___lo":"Galawdjapin Galatjapan","state":"NT","objectid":329,"longitude":134.81763}},{"geometry":{"type":"Point","coordinates":[133.69472000000007,-23.06508999999994],"crs":null},"id":330,"type":"Feature","properties":{"site_type":"CP","community_name":"Gilllian Bore","latitude":-23.06509,"alternative_community_name___lo":"Alkupitja","state":"NT","objectid":330,"longitude":133.69472}},{"geometry":{"type":"Point","coordinates":[131.88223000000005,-23.447739999999953],"crs":null},"id":331,"type":"Feature","properties":{"site_type":"CPW","community_name":"Haasts Bluff","latitude":-23.44774,"alternative_community_name___lo":"Kunparrka, Ikuntji","state":"NT","objectid":331,"longitude":131.88223}},{"geometry":{"type":"Point","coordinates":[131.88138000000004,-23.448099999999954],"crs":null},"id":332,"type":"Feature","properties":{"site_type":"CPW","community_name":"Haasts Bluff","latitude":-23.4481,"alternative_community_name___lo":"Kunparrka, Ikuntji","state":"NT","objectid":332,"longitude":131.88138}},{"geometry":{"type":"Point","coordinates":[133.89839000000006,-23.71133999999995],"crs":null},"id":334,"type":"Feature","properties":{"site_type":"CP","community_name":"Hidden Valley","latitude":-23.71134,"alternative_community_name___lo":"Ewyenper-Atwatye","state":"NT","objectid":334,"longitude":133.89839}},{"geometry":{"type":"Point","coordinates":[133.89858000000004,-23.70713999999998],"crs":null},"id":335,"type":"Feature","properties":{"site_type":"CP","community_name":"Hidden Valley","latitude":-23.70714,"alternative_community_name___lo":"Ewyenper-Atwatye","state":"NT","objectid":335,"longitude":133.89858}},{"geometry":{"type":"Point","coordinates":[133.9016600000001,-23.71265999999997],"crs":null},"id":336,"type":"Feature","properties":{"site_type":"CP","community_name":"Hidden Valley","latitude":-23.71266,"alternative_community_name___lo":"Ewyenper-Atwatye","state":"NT","objectid":336,"longitude":133.90166}},{"geometry":{"type":"Point","coordinates":[136.65021000000002,-19.03085999999996],"crs":null},"id":337,"type":"Feature","properties":{"site_type":"CP","community_name":"Ilawuru","latitude":-19.03086,"alternative_community_name___lo":"Illuwuru, Iluwurru, Alexandria","state":"NT","objectid":337,"longitude":136.65021}},{"geometry":{"type":"Point","coordinates":[133.87060000000008,-23.76569999999998],"crs":null},"id":338,"type":"Feature","properties":{"site_type":"CP","community_name":"Ilparpa","latitude":-23.7657,"alternative_community_name___lo":"New Ilparpa","state":"NT","objectid":338,"longitude":133.8706}},{"geometry":{"type":"Point","coordinates":[132.56798000000003,-25.134099999999933],"crs":null},"id":339,"type":"Feature","properties":{"site_type":"CP","community_name":"Imanpa","latitude":-25.1341,"alternative_community_name___lo":"Top Camp","state":"NT","objectid":339,"longitude":132.56798}},{"geometry":{"type":"Point","coordinates":[134.84721000000002,-21.81958999999995],"crs":null},"id":340,"type":"Feature","properties":{"site_type":"CP","community_name":"Inkawenyerre","latitude":-21.81959,"alternative_community_name___lo":"Rocket Range, Angawangere, Mortons","state":"NT","objectid":340,"longitude":134.84721}},{"geometry":{"type":"Point","coordinates":[132.37355000000002,-23.98804999999993],"crs":null},"id":341,"type":"Feature","properties":{"site_type":"CP","community_name":"Ipolera","latitude":-23.98805,"alternative_community_name___lo":null,"state":"NT","objectid":341,"longitude":132.37355}},{"geometry":{"type":"Point","coordinates":[135.13384000000008,-22.844409999999982],"crs":null},"id":342,"type":"Feature","properties":{"site_type":"CP","community_name":"Irrerlirre","latitude":-22.84441,"alternative_community_name___lo":"Mt Swan, MacDonald Downs","state":"NT","objectid":342,"longitude":135.13384}},{"geometry":{"type":"Point","coordinates":[136.39443000000006,-21.653129999999976],"crs":null},"id":343,"type":"Feature","properties":{"site_type":"CP","community_name":"Irrmanne","latitude":-21.65313,"alternative_community_name___lo":"Irrmarne, Ermarne, Irrimarne, Oorratippa","state":"NT","objectid":343,"longitude":136.39443}},{"geometry":{"type":"Point","coordinates":[135.11020000000008,-21.980339999999956],"crs":null},"id":344,"type":"Feature","properties":{"site_type":"CP","community_name":"Irrultja","latitude":-21.98034,"alternative_community_name___lo":"Irrwelty, Ittweltye","state":"NT","objectid":344,"longitude":135.1102}},{"geometry":{"type":"Point","coordinates":[133.2212800000001,-20.84737999999993],"crs":null},"id":345,"type":"Feature","properties":{"site_type":"CP","community_name":"Jarra Jarra","latitude":-20.84738,"alternative_community_name___lo":null,"state":"NT","objectid":345,"longitude":133.22128}},{"geometry":{"type":"Point","coordinates":[129.08345000000008,-24.873489999999947],"crs":null},"id":346,"type":"Feature","properties":{"site_type":"CP","community_name":"Kaltukatjara","latitude":-24.87349,"alternative_community_name___lo":"Docker River, Kultukatjara","state":"NT","objectid":346,"longitude":129.08345}},{"geometry":{"type":"Point","coordinates":[129.08557000000008,-24.87412999999998],"crs":null},"id":347,"type":"Feature","properties":{"site_type":"CP","community_name":"Kaltukatjara","latitude":-24.87413,"alternative_community_name___lo":"Docker River, Kultukatjara","state":"NT","objectid":347,"longitude":129.08557}},{"geometry":{"type":"Point","coordinates":[129.08301000000006,-24.87325999999996],"crs":null},"id":348,"type":"Feature","properties":{"site_type":"CP","community_name":"Kaltukatjara","latitude":-24.87326,"alternative_community_name___lo":"Docker River, Kultukatjara","state":"NT","objectid":348,"longitude":129.08301}},{"geometry":{"type":"Point","coordinates":[133.91844000000003,-19.003229999999974],"crs":null},"id":349,"type":"Feature","properties":{"site_type":"CP","community_name":"Kalumpurlpa","latitude":-19.00323,"alternative_community_name___lo":"Akulumpulpa, Blue Bush Bore, Kalampurlpa, Kalumparlpa, Kalumbulpa,\nKulumpurlpa","state":"NT","objectid":349,"longitude":133.91844}},{"geometry":{"type":"Point","coordinates":[132.3710000000001,-12.698929999999962],"crs":null},"id":350,"type":"Feature","properties":{"site_type":"CP","community_name":"Kapalga","latitude":-12.69893,"alternative_community_name___lo":"Naramu","state":"NT","objectid":350,"longitude":132.371}},{"geometry":{"type":"Point","coordinates":[132.7200600000001,-23.939319999999952],"crs":null},"id":351,"type":"Feature","properties":{"site_type":"CP","community_name":"Kaporilya","latitude":-23.93932,"alternative_community_name___lo":"Kaporilja","state":"NT","objectid":351,"longitude":132.72006}},{"geometry":{"type":"Point","coordinates":[134.19896000000006,-19.65776999999997],"crs":null},"id":352,"type":"Feature","properties":{"site_type":"CP","community_name":"Karguru Town Camp","latitude":-19.65777,"alternative_community_name___lo":"Watijipungara, East Side Camp, Kargaru Camp, Tennant Creek Town Camp, Wartijilpungara, Wartilpungara","state":"NT","objectid":352,"longitude":134.19896}},{"geometry":{"type":"Point","coordinates":[133.86417000000006,-23.765029999999967],"crs":null},"id":353,"type":"Feature","properties":{"site_type":"CP","community_name":"Karnte","latitude":-23.76503,"alternative_community_name___lo":null,"state":"NT","objectid":353,"longitude":133.86417}},{"geometry":{"type":"Point","coordinates":[134.06920000000002,-23.305379999999957],"crs":null},"id":354,"type":"Feature","properties":{"site_type":"CP","community_name":"Kemerne Bore","latitude":-23.30538,"alternative_community_name___lo":"Sandy Bore, Turner's Camp, Amapipe","state":"NT","objectid":354,"longitude":134.0692}},{"geometry":{"type":"Point","coordinates":[135.39769,-19.391239999999982],"crs":null},"id":355,"type":"Feature","properties":{"site_type":"CP","community_name":"Kurntapurra","latitude":-19.39124,"alternative_community_name___lo":"Six Eye, Bore N0 6, Frewena, Kuntapurla, Kurnturlpara","state":"NT","objectid":355,"longitude":135.39769}},{"geometry":{"type":"Point","coordinates":[129.5982100000001,-14.035279999999943],"crs":null},"id":356,"type":"Feature","properties":{"site_type":"CP","community_name":"Kuy","latitude":-14.03528,"alternative_community_name___lo":null,"state":"NT","objectid":356,"longitude":129.59821}},{"geometry":{"type":"Point","coordinates":[132.7533400000001,-22.53505999999993],"crs":null},"id":357,"type":"Feature","properties":{"site_type":"CPW","community_name":"Laramba","latitude":-22.53506,"alternative_community_name___lo":"Napperby, Napperrby","state":"NT","objectid":357,"longitude":132.75334}},{"geometry":{"type":"Point","coordinates":[132.7566700000001,-22.532739999999933],"crs":null},"id":358,"type":"Feature","properties":{"site_type":"CPW","community_name":"Laramba","latitude":-22.53274,"alternative_community_name___lo":"Napperby, Napperrby","state":"NT","objectid":358,"longitude":132.75667}},{"geometry":{"type":"Point","coordinates":[132.90187000000003,-24.05750999999998],"crs":null},"id":359,"type":"Feature","properties":{"site_type":"CP","community_name":"Ltira Outstation","latitude":-24.05751,"alternative_community_name___lo":"Yankies Camp","state":"NT","objectid":359,"longitude":132.90187}},{"geometry":{"type":"Point","coordinates":[132.84305000000006,-12.666289999999947],"crs":null},"id":360,"type":"Feature","properties":{"site_type":"CP","community_name":"Manaburduma","latitude":-12.66629,"alternative_community_name___lo":"Jabiru Town Camp","state":"NT","objectid":360,"longitude":132.84305}},{"geometry":{"type":"Point","coordinates":[133.4028300000001,-17.369789999999966],"crs":null},"id":361,"type":"Feature","properties":{"site_type":"CP","community_name":"Marlinja","latitude":-17.36979,"alternative_community_name___lo":null,"state":"NT","objectid":361,"longitude":133.40283}},{"geometry":{"type":"Point","coordinates":[133.40244000000007,-17.37098999999995],"crs":null},"id":362,"type":"Feature","properties":{"site_type":"CP","community_name":"Marlinja","latitude":-17.37099,"alternative_community_name___lo":null,"state":"NT","objectid":362,"longitude":133.40244}},{"geometry":{"type":"Point","coordinates":[132.36012000000005,-23.289679999999976],"crs":null},"id":363,"type":"Feature","properties":{"site_type":"CP","community_name":"Mbunghara","latitude":-23.28968,"alternative_community_name___lo":"Umpangari, Mt Zeil, Dashwood, Bunghara, Umpangara","state":"NT","objectid":363,"longitude":132.36012}},{"geometry":{"type":"Point","coordinates":[129.9673100000001,-14.221859999999936],"crs":null},"id":364,"type":"Feature","properties":{"site_type":"CP","community_name":"Merrepen","latitude":-14.22186,"alternative_community_name___lo":"Matapan","state":"NT","objectid":364,"longitude":129.96731}},{"geometry":{"type":"Point","coordinates":[130.6738600000001,-11.42262999999997],"crs":null},"id":365,"type":"Feature","properties":{"site_type":"CP","community_name":"Milikapiti","latitude":-11.42263,"alternative_community_name___lo":"Melville Island, Snake Bay","state":"NT","objectid":365,"longitude":130.67386}},{"geometry":{"type":"Point","coordinates":[130.6723300000001,-11.42071999999996],"crs":null},"id":366,"type":"Feature","properties":{"site_type":"CP","community_name":"Milikapiti","latitude":-11.42072,"alternative_community_name___lo":"Melville Island, Snake Bay","state":"NT","objectid":366,"longitude":130.67233}},{"geometry":{"type":"Point","coordinates":[130.67583000000002,-11.424379999999928],"crs":null},"id":367,"type":"Feature","properties":{"site_type":"CP","community_name":"Milikapiti","latitude":-11.42438,"alternative_community_name___lo":"Melville Island, Snake Bay","state":"NT","objectid":367,"longitude":130.67583}},{"geometry":{"type":"Point","coordinates":[130.6754800000001,-11.423859999999934],"crs":null},"id":368,"type":"Feature","properties":{"site_type":"CP","community_name":"Milikapiti","latitude":-11.42386,"alternative_community_name___lo":"Melville Island, Snake Bay","state":"NT","objectid":368,"longitude":130.67548}},{"geometry":{"type":"Point","coordinates":[134.1721000000001,-13.532879999999977],"crs":null},"id":369,"type":"Feature","properties":{"site_type":"CP","community_name":"Mount Jean","latitude":-13.53288,"alternative_community_name___lo":"Gillen Bore, Gillens Bore","state":"NT","objectid":369,"longitude":134.1721}},{"geometry":{"type":"Point","coordinates":[134.2103300000001,-22.45255999999995],"crs":null},"id":370,"type":"Feature","properties":{"site_type":"CP","community_name":"Mulga Bore NT","latitude":-22.45256,"alternative_community_name___lo":"Mulga Bore Station, Atartinga","state":"NT","objectid":370,"longitude":134.21033}},{"geometry":{"type":"Point","coordinates":[134.18225000000007,-19.64724999999993],"crs":null},"id":371,"type":"Feature","properties":{"site_type":"CP","community_name":"Muntji-Mala","latitude":-19.64725,"alternative_community_name___lo":"Blueberry Hill, Munji Mala","state":"NT","objectid":371,"longitude":134.18225}},{"geometry":{"type":"Point","coordinates":[134.19452,-19.634459999999933],"crs":null},"id":373,"type":"Feature","properties":{"site_type":"CP","community_name":"Ngalpa Ngalpa","latitude":-19.63446,"alternative_community_name___lo":"Mulga Camp","state":"NT","objectid":373,"longitude":134.19452}},{"geometry":{"type":"Point","coordinates":[131.87990000000002,-23.46419999999995],"crs":null},"id":374,"type":"Feature","properties":{"site_type":"CP","community_name":"Ngankiritja Outstation","latitude":-23.4642,"alternative_community_name___lo":"Nganrritja","state":"NT","objectid":374,"longitude":131.8799}},{"geometry":{"type":"Point","coordinates":[130.63818000000003,-11.76052999999996],"crs":null},"id":375,"type":"Feature","properties":{"site_type":"CP","community_name":"Nguiu","latitude":-11.76053,"alternative_community_name___lo":"Bathurst Island","state":"NT","objectid":375,"longitude":130.63818}},{"geometry":{"type":"Point","coordinates":[130.63709000000006,-11.756929999999954],"crs":null},"id":376,"type":"Feature","properties":{"site_type":"CP","community_name":"Nguiu","latitude":-11.75693,"alternative_community_name___lo":"Bathurst Island","state":"NT","objectid":376,"longitude":130.63709}},{"geometry":{"type":"Point","coordinates":[130.6345100000001,-11.765439999999955],"crs":null},"id":377,"type":"Feature","properties":{"site_type":"CP","community_name":"Nguiu","latitude":-11.76544,"alternative_community_name___lo":"Bathurst Island","state":"NT","objectid":377,"longitude":130.63451}},{"geometry":{"type":"Point","coordinates":[130.6264500000001,-11.76183999999995],"crs":null},"id":378,"type":"Feature","properties":{"site_type":"CP","community_name":"Nguiu","latitude":-11.76184,"alternative_community_name___lo":"Bathurst Island","state":"NT","objectid":378,"longitude":130.62645}},{"geometry":{"type":"Point","coordinates":[133.2649100000001,-22.12483999999995],"crs":null},"id":379,"type":"Feature","properties":{"site_type":"CP","community_name":"Nturiya","latitude":-22.12484,"alternative_community_name___lo":"Ti Tree Station, Anmatjere","state":"NT","objectid":379,"longitude":133.26491}},{"geometry":{"type":"Point","coordinates":[133.26723000000004,-22.122199999999964],"crs":null},"id":380,"type":"Feature","properties":{"site_type":"CP","community_name":"Nturiya","latitude":-22.1222,"alternative_community_name___lo":"Ti Tree Station, Anmatjere","state":"NT","objectid":380,"longitude":133.26723}},{"geometry":{"type":"Point","coordinates":[130.5543100000001,-22.649819999999977],"crs":null},"id":381,"type":"Feature","properties":{"site_type":"CPW","community_name":"Nyirripi","latitude":-22.64982,"alternative_community_name___lo":null,"state":"NT","objectid":381,"longitude":130.55431}},{"geometry":{"type":"Point","coordinates":[130.55290000000002,-22.648789999999963],"crs":null},"id":382,"type":"Feature","properties":{"site_type":"CPW","community_name":"Nyirripi","latitude":-22.64879,"alternative_community_name___lo":null,"state":"NT","objectid":382,"longitude":130.5529}},{"geometry":{"type":"Point","coordinates":[130.5522800000001,-22.64978999999994],"crs":null},"id":383,"type":"Feature","properties":{"site_type":"CPW","community_name":"Nyirripi","latitude":-22.64979,"alternative_community_name___lo":null,"state":"NT","objectid":383,"longitude":130.55228}},{"geometry":{"type":"Point","coordinates":[129.49813000000006,-14.12955999999997],"crs":null},"id":384,"type":"Feature","properties":{"site_type":"CP","community_name":"Old Mission","latitude":-14.12956,"alternative_community_name___lo":null,"state":"NT","objectid":384,"longitude":129.49813}},{"geometry":{"type":"Point","coordinates":[131.90906000000007,-23.201499999999953],"crs":null},"id":385,"type":"Feature","properties":{"site_type":"CP","community_name":"Papunya","latitude":-23.2015,"alternative_community_name___lo":null,"state":"NT","objectid":385,"longitude":131.90906}},{"geometry":{"type":"Point","coordinates":[131.91132000000005,-23.20324999999997],"crs":null},"id":386,"type":"Feature","properties":{"site_type":"CP","community_name":"Papunya","latitude":-23.20325,"alternative_community_name___lo":null,"state":"NT","objectid":386,"longitude":131.91132}},{"geometry":{"type":"Point","coordinates":[131.90938000000006,-23.204459999999983],"crs":null},"id":387,"type":"Feature","properties":{"site_type":"CP","community_name":"Papunya","latitude":-23.20446,"alternative_community_name___lo":null,"state":"NT","objectid":387,"longitude":131.90938}},{"geometry":{"type":"Point","coordinates":[130.64300000000003,-11.748099999999965],"crs":null},"id":388,"type":"Feature","properties":{"site_type":"CP","community_name":"Paru","latitude":-11.7481,"alternative_community_name___lo":"Bathurst Island","state":"NT","objectid":388,"longitude":130.643}},{"geometry":{"type":"Point","coordinates":[130.4168400000001,-11.407399999999939],"crs":null},"id":389,"type":"Feature","properties":{"site_type":"CP","community_name":"Pirlangimpi","latitude":-11.4074,"alternative_community_name___lo":"Melville Island, Garden Point, Pularumpi, Pirlangimp1","state":"NT","objectid":389,"longitude":130.41684}},{"geometry":{"type":"Point","coordinates":[130.4177400000001,-11.403529999999932],"crs":null},"id":390,"type":"Feature","properties":{"site_type":"CP","community_name":"Pirlangimpi","latitude":-11.40353,"alternative_community_name___lo":"Melville Island, Garden Point, Pularumpi, Pirlangimp1","state":"NT","objectid":390,"longitude":130.41774}},{"geometry":{"type":"Point","coordinates":[130.41746000000012,-11.405509999999936],"crs":null},"id":391,"type":"Feature","properties":{"site_type":"CP","community_name":"Pirlangimpi","latitude":-11.40551,"alternative_community_name___lo":"Melville Island, Garden Point, Pularumpi, Pirlangimp1","state":"NT","objectid":391,"longitude":130.41746}},{"geometry":{"type":"Point","coordinates":[130.41628000000003,-11.406399999999962],"crs":null},"id":392,"type":"Feature","properties":{"site_type":"CP","community_name":"Pirlangimpi","latitude":-11.4064,"alternative_community_name___lo":"Melville Island, Garden Point, Pularumpi, Pirlangimp1","state":"NT","objectid":392,"longitude":130.41628}},{"geometry":{"type":"Point","coordinates":[132.38022,-22.563369999999964],"crs":null},"id":393,"type":"Feature","properties":{"site_type":"CP","community_name":"Pulardi","latitude":-22.56337,"alternative_community_name___lo":"Puldari","state":"NT","objectid":393,"longitude":132.38022}},{"geometry":{"type":"Point","coordinates":[134.3728000000001,-24.130319999999983],"crs":null},"id":394,"type":"Feature","properties":{"site_type":"CP","community_name":"Santa Teresa","latitude":-24.13032,"alternative_community_name___lo":null,"state":"NT","objectid":394,"longitude":134.3728}},{"geometry":{"type":"Point","coordinates":[134.37175000000002,-24.130049999999983],"crs":null},"id":395,"type":"Feature","properties":{"site_type":"CP","community_name":"Santa Teresa","latitude":-24.13005,"alternative_community_name___lo":null,"state":"NT","objectid":395,"longitude":134.37175}},{"geometry":{"type":"Point","coordinates":[133.91698000000008,-23.160999999999945],"crs":null},"id":396,"type":"Feature","properties":{"site_type":"CP","community_name":"Snake Well","latitude":-23.161,"alternative_community_name___lo":"Alkngirrweltye","state":"NT","objectid":396,"longitude":133.91698}},{"geometry":{"type":"Point","coordinates":[133.99602000000004,-21.506819999999948],"crs":null},"id":397,"type":"Feature","properties":{"site_type":"CPW","community_name":"Tara","latitude":-21.50682,"alternative_community_name___lo":null,"state":"NT","objectid":397,"longitude":133.99602}},{"geometry":{"type":"Point","coordinates":[130.71161000000006,-11.607999999999947],"crs":null},"id":398,"type":"Feature","properties":{"site_type":"CP","community_name":"Taracumbie","latitude":-11.608,"alternative_community_name___lo":"Taracumbi, Tarintipi, Tarrcumbi, Turacumbi, Melville Island","state":"NT","objectid":398,"longitude":130.71161}},{"geometry":{"type":"Point","coordinates":[133.43112000000008,-22.207389999999975],"crs":null},"id":399,"type":"Feature","properties":{"site_type":"CP","community_name":"Ti Tree","latitude":-22.20739,"alternative_community_name___lo":"Pmara Jutunta, Six Mile","state":"NT","objectid":399,"longitude":133.43112}},{"geometry":{"type":"Point","coordinates":[134.20380000000011,-19.63695999999993],"crs":null},"id":400,"type":"Feature","properties":{"site_type":"CP","community_name":"Tingkkarli","latitude":-19.63696,"alternative_community_name___lo":"Tinkarli, Tingkarli","state":"NT","objectid":400,"longitude":134.2038}},{"geometry":{"type":"Point","coordinates":[132.67091000000005,-23.887809999999945],"crs":null},"id":401,"type":"Feature","properties":{"site_type":"CP","community_name":"Tnyimipurita","latitude":-23.88781,"alternative_community_name___lo":"Tnjimiputa, Tnyimipirta, Tnyimiputa, Tnyimpirta","state":"NT","objectid":401,"longitude":132.67091}},{"geometry":{"type":"Point","coordinates":[134.5927700000001,-22.194339999999954],"crs":null},"id":402,"type":"Feature","properties":{"site_type":"CP","community_name":"Tommy Hawk Swamp","latitude":-22.19434,"alternative_community_name___lo":"Prrawan","state":"NT","objectid":402,"longitude":134.59277}},{"geometry":{"type":"Point","coordinates":[133.68684000000007,-23.744359999999972],"crs":null},"id":403,"type":"Feature","properties":{"site_type":"CP","community_name":"Tywenpe C","latitude":-23.74436,"alternative_community_name___lo":"Twenpe","state":"NT","objectid":403,"longitude":133.68684}},{"geometry":{"type":"Point","coordinates":[132.37387,-24.591889999999978],"crs":null},"id":404,"type":"Feature","properties":{"site_type":"CP","community_name":"Ukaka","latitude":-24.59189,"alternative_community_name___lo":null,"state":"NT","objectid":404,"longitude":132.37387}},{"geometry":{"type":"Point","coordinates":[132.12849000000006,-23.757379999999955],"crs":null},"id":405,"type":"Feature","properties":{"site_type":"CP","community_name":"Undarana 2A","latitude":-23.75738,"alternative_community_name___lo":"Undarana, Underanna","state":"NT","objectid":405,"longitude":132.12849}},{"geometry":{"type":"Point","coordinates":[129.8534800000001,-14.213749999999948],"crs":null},"id":406,"type":"Feature","properties":{"site_type":"CP","community_name":"Wadapuli","latitude":-14.21375,"alternative_community_name___lo":"Wudapuli ,Wudupul, Wudupulli,","state":"NT","objectid":406,"longitude":129.85348}},{"geometry":{"type":"Point","coordinates":[129.52041000000008,-14.240419999999972],"crs":null},"id":407,"type":"Feature","properties":{"site_type":"CP","community_name":"Wadeye","latitude":-14.24042,"alternative_community_name___lo":"Port Keats","state":"NT","objectid":407,"longitude":129.52041}},{"geometry":{"type":"Point","coordinates":[133.08630000000005,-24.124499999999955],"crs":null},"id":408,"type":"Feature","properties":{"site_type":"CP","community_name":"Wallace Rockhole","latitude":-24.1245,"alternative_community_name___lo":null,"state":"NT","objectid":408,"longitude":133.0863}},{"geometry":{"type":"Point","coordinates":[129.38828,-23.27523999999994],"crs":null},"id":409,"type":"Feature","properties":{"site_type":"CPW","community_name":"Walungurru","latitude":-23.27524,"alternative_community_name___lo":"Kintore","state":"NT","objectid":409,"longitude":129.38828}},{"geometry":{"type":"Point","coordinates":[129.38823000000002,-23.27542999999997],"crs":null},"id":410,"type":"Feature","properties":{"site_type":"CPW","community_name":"Walungurru","latitude":-23.27543,"alternative_community_name___lo":"Kintore","state":"NT","objectid":410,"longitude":129.38823}},{"geometry":{"type":"Point","coordinates":[129.38866000000007,-23.275799999999947],"crs":null},"id":411,"type":"Feature","properties":{"site_type":"CPW","community_name":"Walungurru","latitude":-23.2758,"alternative_community_name___lo":"Kintore","state":"NT","objectid":411,"longitude":129.38866}},{"geometry":{"type":"Point","coordinates":[129.39166000000012,-23.27688999999998],"crs":null},"id":412,"type":"Feature","properties":{"site_type":"CPW","community_name":"Walungurru","latitude":-23.27689,"alternative_community_name___lo":"Kintore","state":"NT","objectid":412,"longitude":129.39166}},{"geometry":{"type":"Point","coordinates":[129.3868900000001,-23.27407999999997],"crs":null},"id":413,"type":"Feature","properties":{"site_type":"CPW","community_name":"Walungurru","latitude":-23.27408,"alternative_community_name___lo":"Kintore","state":"NT","objectid":413,"longitude":129.38689}},{"geometry":{"type":"Point","coordinates":[135.25043000000005,-20.463039999999978],"crs":null},"id":414,"type":"Feature","properties":{"site_type":"CPW","community_name":"Wutunugurra","latitude":-20.46304,"alternative_community_name___lo":"Epenara","state":"NT","objectid":414,"longitude":135.25043}},{"geometry":{"type":"Point","coordinates":[135.192,-22.022179999999935],"crs":null},"id":415,"type":"Feature","properties":{"site_type":"CP","community_name":"Welere","latitude":-22.02218,"alternative_community_name___lo":"Derry Downs, Perety","state":"NT","objectid":415,"longitude":135.192}},{"geometry":{"type":"Point","coordinates":[132.60977000000003,-21.24733999999995],"crs":null},"id":416,"type":"Feature","properties":{"site_type":"CP","community_name":"Willowra","latitude":-21.24734,"alternative_community_name___lo":"Wirliyajarrayi","state":"NT","objectid":416,"longitude":132.60977}},{"geometry":{"type":"Point","coordinates":[133.7319500000001,-21.741059999999948],"crs":null},"id":417,"type":"Feature","properties":{"site_type":"CP","community_name":"Wilora","latitude":-21.74106,"alternative_community_name___lo":null,"state":"NT","objectid":417,"longitude":133.73195}},{"geometry":{"type":"Point","coordinates":[133.73048000000006,-21.74189999999993],"crs":null},"id":418,"type":"Feature","properties":{"site_type":"CP","community_name":"Wilora","latitude":-21.7419,"alternative_community_name___lo":null,"state":"NT","objectid":418,"longitude":133.73048}},{"geometry":{"type":"Point","coordinates":[134.19931000000008,-19.637309999999957],"crs":null},"id":419,"type":"Feature","properties":{"site_type":"CP","community_name":"Wuppa","latitude":-19.63731,"alternative_community_name___lo":null,"state":"NT","objectid":419,"longitude":134.19931}},{"geometry":{"type":"Point","coordinates":[130.27677000000006,-11.617439999999931],"crs":null},"id":420,"type":"Feature","properties":{"site_type":"CP","community_name":"Wurankuwu","latitude":-11.61744,"alternative_community_name___lo":"Bathurst Island","state":"NT","objectid":420,"longitude":130.27677}},{"geometry":{"type":"Point","coordinates":[131.79474000000005,-22.255619999999965],"crs":null},"id":421,"type":"Feature","properties":{"site_type":"CP","community_name":"Yuendumu","latitude":-22.25562,"alternative_community_name___lo":null,"state":"NT","objectid":421,"longitude":131.79474}},{"geometry":{"type":"Point","coordinates":[131.79663000000005,-22.255669999999952],"crs":null},"id":422,"type":"Feature","properties":{"site_type":"CP","community_name":"Yuendumu","latitude":-22.25567,"alternative_community_name___lo":null,"state":"NT","objectid":422,"longitude":131.79663}},{"geometry":{"type":"Point","coordinates":[131.79768,-22.25491999999997],"crs":null},"id":423,"type":"Feature","properties":{"site_type":"CP","community_name":"Yuendumu","latitude":-22.25492,"alternative_community_name___lo":null,"state":"NT","objectid":423,"longitude":131.79768}},{"geometry":{"type":"Point","coordinates":[131.7970100000001,-22.25648999999993],"crs":null},"id":424,"type":"Feature","properties":{"site_type":"CP","community_name":"Yuendumu","latitude":-22.25649,"alternative_community_name___lo":null,"state":"NT","objectid":424,"longitude":131.79701}},{"geometry":{"type":"Point","coordinates":[133.61944000000005,-32.08964999999995],"crs":null},"id":425,"type":"Feature","properties":{"site_type":"CP","community_name":"Betts Corner","latitude":-32.08965,"alternative_community_name___lo":null,"state":"SA","objectid":425,"longitude":133.61944}},{"geometry":{"type":"Point","coordinates":[133.75197000000003,-32.08696999999995],"crs":null},"id":426,"type":"Feature","properties":{"site_type":"CP","community_name":"Koongawa Dundey","latitude":-32.08697,"alternative_community_name___lo":null,"state":"SA","objectid":426,"longitude":133.75197}},{"geometry":{"type":"Point","coordinates":[127.98302000000001,-20.142029999999977],"crs":null},"id":427,"type":"Feature","properties":{"site_type":"CP","community_name":"Balgo","latitude":-20.14203,"alternative_community_name___lo":"Wirrimanu","state":"WA","objectid":427,"longitude":127.98302}},{"geometry":{"type":"Point","coordinates":[127.9870800000001,-20.133999999999958],"crs":null},"id":428,"type":"Feature","properties":{"site_type":"CP","community_name":"Balgo","latitude":-20.134,"alternative_community_name___lo":"Wirrimanu","state":"WA","objectid":428,"longitude":127.98708}},{"geometry":{"type":"Point","coordinates":[127.98599000000002,-20.14531999999997],"crs":null},"id":429,"type":"Feature","properties":{"site_type":"CP","community_name":"Balgo","latitude":-20.14532,"alternative_community_name___lo":"Wirrimanu","state":"WA","objectid":429,"longitude":127.98599}},{"geometry":{"type":"Point","coordinates":[127.9812300000001,-20.142069999999933],"crs":null},"id":430,"type":"Feature","properties":{"site_type":"CP","community_name":"Balgo","latitude":-20.14207,"alternative_community_name___lo":"Wirrimanu","state":"WA","objectid":430,"longitude":127.98123}},{"geometry":{"type":"Point","coordinates":[127.98695000000009,-20.143699999999967],"crs":null},"id":431,"type":"Feature","properties":{"site_type":"CP","community_name":"Balgo","latitude":-20.1437,"alternative_community_name___lo":"Wirrimanu","state":"WA","objectid":431,"longitude":127.98695}},{"geometry":{"type":"Point","coordinates":[122.57592000000011,-16.987079999999935],"crs":null},"id":432,"type":"Feature","properties":{"site_type":"CP","community_name":"Banana Wells","latitude":-16.98708,"alternative_community_name___lo":"Burrguk","state":"WA","objectid":432,"longitude":122.57592}},{"geometry":{"type":"Point","coordinates":[122.66282000000001,-16.986839999999972],"crs":null},"id":433,"type":"Feature","properties":{"site_type":"CP","community_name":"Beagle Bay","latitude":-16.98684,"alternative_community_name___lo":"Billard","state":"WA","objectid":433,"longitude":122.66282}},{"geometry":{"type":"Point","coordinates":[122.66476000000011,-16.98145999999997],"crs":null},"id":434,"type":"Feature","properties":{"site_type":"CP","community_name":"Beagle Bay","latitude":-16.98146,"alternative_community_name___lo":"Billard","state":"WA","objectid":434,"longitude":122.66476}},{"geometry":{"type":"Point","coordinates":[121.77826000000005,-18.684639999999945],"crs":null},"id":435,"type":"Feature","properties":{"site_type":"CP","community_name":"Bidyadanga","latitude":-18.68464,"alternative_community_name___lo":"La Grange","state":"WA","objectid":435,"longitude":121.77826}},{"geometry":{"type":"Point","coordinates":[121.77747000000011,-18.683739999999943],"crs":null},"id":436,"type":"Feature","properties":{"site_type":"CP","community_name":"Bidyadanga","latitude":-18.68374,"alternative_community_name___lo":"La Grange","state":"WA","objectid":436,"longitude":121.77747}},{"geometry":{"type":"Point","coordinates":[121.77544000000012,-18.683689999999956],"crs":null},"id":437,"type":"Feature","properties":{"site_type":"CP","community_name":"Bidyadanga","latitude":-18.68369,"alternative_community_name___lo":"La Grange","state":"WA","objectid":437,"longitude":121.77544}},{"geometry":{"type":"Point","coordinates":[121.77510000000007,-18.686679999999967],"crs":null},"id":438,"type":"Feature","properties":{"site_type":"CP","community_name":"Bidyadanga","latitude":-18.68668,"alternative_community_name___lo":"La Grange","state":"WA","objectid":438,"longitude":121.7751}},{"geometry":{"type":"Point","coordinates":[121.77418000000011,-18.685389999999927],"crs":null},"id":439,"type":"Feature","properties":{"site_type":"CP","community_name":"Bidyadanga","latitude":-18.68539,"alternative_community_name___lo":"La Grange","state":"WA","objectid":439,"longitude":121.77418}},{"geometry":{"type":"Point","coordinates":[122.63371000000006,-16.973999999999933],"crs":null},"id":440,"type":"Feature","properties":{"site_type":"CP","community_name":"Bobieding","latitude":-16.974,"alternative_community_name___lo":null,"state":"WA","objectid":440,"longitude":122.63371}},{"geometry":{"type":"Point","coordinates":[122.2448700000001,-17.950129999999945],"crs":null},"id":441,"type":"Feature","properties":{"site_type":"CP","community_name":"Budgargoon","latitude":-17.95013,"alternative_community_name___lo":"Morgans Camp","state":"WA","objectid":441,"longitude":122.24487}},{"geometry":{"type":"Point","coordinates":[122.99887000000001,-16.39734999999996],"crs":null},"id":442,"type":"Feature","properties":{"site_type":"CP","community_name":"Bulgin","latitude":-16.39735,"alternative_community_name___lo":null,"state":"WA","objectid":442,"longitude":122.99887}},{"geometry":{"type":"Point","coordinates":[122.99693000000002,-16.52464999999995],"crs":null},"id":443,"type":"Feature","properties":{"site_type":"CP","community_name":"Bygnunn Djoodoon","latitude":-16.52465,"alternative_community_name___lo":"Djoodoon","state":"WA","objectid":443,"longitude":122.99693}},{"geometry":{"type":"Point","coordinates":[122.87350000000004,-16.532299999999964],"crs":null},"id":444,"type":"Feature","properties":{"site_type":"CP","community_name":"Chilli Creek","latitude":-16.5323,"alternative_community_name___lo":"Chile Creek","state":"WA","objectid":444,"longitude":122.8735}},{"geometry":{"type":"Point","coordinates":[128.95184000000006,-15.947279999999978],"crs":null},"id":445,"type":"Feature","properties":{"site_type":"CP","community_name":"Cockatoo Springs","latitude":-15.94728,"alternative_community_name___lo":null,"state":"WA","objectid":445,"longitude":128.95184}},{"geometry":{"type":"Point","coordinates":[128.14084000000003,-16.64263999999997],"crs":null},"id":446,"type":"Feature","properties":{"site_type":"CP","community_name":"Crocodile Hole","latitude":-16.64264,"alternative_community_name___lo":"Rugan","state":"WA","objectid":446,"longitude":128.14084}},{"geometry":{"type":"Point","coordinates":[122.96233000000007,-16.56146999999993],"crs":null},"id":447,"type":"Feature","properties":{"site_type":"CP","community_name":"Djaradjung","latitude":-16.56147,"alternative_community_name___lo":null,"state":"WA","objectid":447,"longitude":122.96233}},{"geometry":{"type":"Point","coordinates":[122.89542000000006,-16.51491999999996],"crs":null},"id":448,"type":"Feature","properties":{"site_type":"CP","community_name":"Djarindjin","latitude":-16.51492,"alternative_community_name___lo":"Lombadina","state":"WA","objectid":448,"longitude":122.89542}},{"geometry":{"type":"Point","coordinates":[122.89687000000004,-16.51425999999998],"crs":null},"id":449,"type":"Feature","properties":{"site_type":"CP","community_name":"Djarindjin","latitude":-16.51426,"alternative_community_name___lo":"Lombadina","state":"WA","objectid":449,"longitude":122.89687}},{"geometry":{"type":"Point","coordinates":[122.89706000000001,-16.51360999999997],"crs":null},"id":450,"type":"Feature","properties":{"site_type":"CP","community_name":"Djarindjin","latitude":-16.51361,"alternative_community_name___lo":"Lombadina","state":"WA","objectid":450,"longitude":122.89706}},{"geometry":{"type":"Point","coordinates":[122.89556000000005,-16.514609999999948],"crs":null},"id":451,"type":"Feature","properties":{"site_type":"CP","community_name":"Djarindjin","latitude":-16.51461,"alternative_community_name___lo":"Lombadina","state":"WA","objectid":451,"longitude":122.89556}},{"geometry":{"type":"Point","coordinates":[128.79010000000005,-15.814349999999934],"crs":null},"id":452,"type":"Feature","properties":{"site_type":"CP","community_name":"Emu Creek","latitude":-15.81435,"alternative_community_name___lo":"Gulgagulganeng, Gulgagalganey","state":"WA","objectid":452,"longitude":128.7901}},{"geometry":{"type":"Point","coordinates":[127.60540000000003,-18.299499999999966],"crs":null},"id":453,"type":"Feature","properties":{"site_type":"CP","community_name":"Flywell","latitude":-18.2995,"alternative_community_name___lo":null,"state":"WA","objectid":453,"longitude":127.6054}},{"geometry":{"type":"Point","coordinates":[128.05194000000006,-17.27524999999997],"crs":null},"id":454,"type":"Feature","properties":{"site_type":"CP","community_name":"Frog Hollow","latitude":-17.27525,"alternative_community_name___lo":"Wurrenranginy","state":"WA","objectid":454,"longitude":128.05194}},{"geometry":{"type":"Point","coordinates":[128.3592400000001,-16.545459999999935],"crs":null},"id":455,"type":"Feature","properties":{"site_type":"CPW","community_name":"Glen Hill","latitude":-16.54546,"alternative_community_name___lo":"Mandangala","state":"WA","objectid":455,"longitude":128.35924}},{"geometry":{"type":"Point","coordinates":[128.35811,-16.54385999999994],"crs":null},"id":456,"type":"Feature","properties":{"site_type":"CPW","community_name":"Glen Hill","latitude":-16.54386,"alternative_community_name___lo":"Mandangala","state":"WA","objectid":456,"longitude":128.35811}},{"geometry":{"type":"Point","coordinates":[128.19230000000005,-15.533599999999979],"crs":null},"id":457,"type":"Feature","properties":{"site_type":"CP","community_name":"Guda Guda","latitude":-15.5336,"alternative_community_name___lo":"Nine Mile","state":"WA","objectid":457,"longitude":128.1923}},{"geometry":{"type":"Point","coordinates":[123.13373000000001,-16.70653999999996],"crs":null},"id":458,"type":"Feature","properties":{"site_type":"CP","community_name":"Gudumul","latitude":-16.70654,"alternative_community_name___lo":null,"state":"WA","objectid":458,"longitude":123.13373}},{"geometry":{"type":"Point","coordinates":[123.02280000000007,-16.397899999999936],"crs":null},"id":459,"type":"Feature","properties":{"site_type":"CP","community_name":"Gullaweed","latitude":-16.3979,"alternative_community_name___lo":null,"state":"WA","objectid":459,"longitude":123.0228}},{"geometry":{"type":"Point","coordinates":[128.8535300000001,-15.864579999999933],"crs":null},"id":460,"type":"Feature","properties":{"site_type":"CP","community_name":"Hollow Springs","latitude":-15.86458,"alternative_community_name___lo":"Woolerrgerbeleng","state":"WA","objectid":460,"longitude":128.85353}},{"geometry":{"type":"Point","coordinates":[126.68053000000009,-14.104659999999967],"crs":null},"id":461,"type":"Feature","properties":{"site_type":"CP","community_name":"Honeymoon Beach","latitude":-14.10466,"alternative_community_name___lo":"Honeymoon Bay","state":"WA","objectid":461,"longitude":126.68053}},{"geometry":{"type":"Point","coordinates":[122.37170000000003,-17.19259999999997],"crs":null},"id":462,"type":"Feature","properties":{"site_type":"CP","community_name":"Jabir Jabir","latitude":-17.1926,"alternative_community_name___lo":"Jabirr Jabirr","state":"WA","objectid":462,"longitude":122.3717}},{"geometry":{"type":"Point","coordinates":[128.70129000000009,-15.873149999999953],"crs":null},"id":463,"type":"Feature","properties":{"site_type":"CP","community_name":"Jimbilum","latitude":-15.87315,"alternative_community_name___lo":"Imbulum","state":"WA","objectid":463,"longitude":128.70129}},{"geometry":{"type":"Point","coordinates":[126.64100000000008,-14.296899999999937],"crs":null},"id":464,"type":"Feature","properties":{"site_type":"CP","community_name":"Kalumburu","latitude":-14.2969,"alternative_community_name___lo":null,"state":"WA","objectid":464,"longitude":126.641}},{"geometry":{"type":"Point","coordinates":[126.64250000000004,-14.295559999999966],"crs":null},"id":465,"type":"Feature","properties":{"site_type":"CP","community_name":"Kalumburu","latitude":-14.29556,"alternative_community_name___lo":null,"state":"WA","objectid":465,"longitude":126.6425}},{"geometry":{"type":"Point","coordinates":[127.53686000000005,-18.338359999999966],"crs":null},"id":466,"type":"Feature","properties":{"site_type":"CP","community_name":"Koongie Park","latitude":-18.33836,"alternative_community_name___lo":"Koorgie","state":"WA","objectid":466,"longitude":127.53686}},{"geometry":{"type":"Point","coordinates":[127.53768000000002,-18.33729999999997],"crs":null},"id":467,"type":"Feature","properties":{"site_type":"CP","community_name":"Koongie Park","latitude":-18.3373,"alternative_community_name___lo":"Koorgie","state":"WA","objectid":467,"longitude":127.53768}},{"geometry":{"type":"Point","coordinates":[128.6145600000001,-18.794559999999933],"crs":null},"id":468,"type":"Feature","properties":{"site_type":"CPW","community_name":"Kundat Djaru","latitude":-18.79456,"alternative_community_name___lo":"Ringer Soak","state":"WA","objectid":468,"longitude":128.61456}},{"geometry":{"type":"Point","coordinates":[128.61553000000004,-18.794709999999952],"crs":null},"id":469,"type":"Feature","properties":{"site_type":"CPW","community_name":"Kundat Djaru","latitude":-18.79471,"alternative_community_name___lo":"Ringer Soak","state":"WA","objectid":469,"longitude":128.61553}},{"geometry":{"type":"Point","coordinates":[128.61584000000005,-18.793259999999975],"crs":null},"id":470,"type":"Feature","properties":{"site_type":"CPW","community_name":"Kundat Djaru","latitude":-18.79326,"alternative_community_name___lo":"Ringer Soak","state":"WA","objectid":470,"longitude":128.61584}},{"geometry":{"type":"Point","coordinates":[123.14916000000005,-16.882339999999942],"crs":null},"id":471,"type":"Feature","properties":{"site_type":"CP","community_name":"La Djardarr Bay","latitude":-16.88234,"alternative_community_name___lo":"Ladjardarr","state":"WA","objectid":471,"longitude":123.14916}},{"geometry":{"type":"Point","coordinates":[127.35034000000007,-18.46291999999994],"crs":null},"id":472,"type":"Feature","properties":{"site_type":"CP","community_name":"Lamboo Station","latitude":-18.46292,"alternative_community_name___lo":"Birndirdie","state":"WA","objectid":472,"longitude":127.35034}},{"geometry":{"type":"Point","coordinates":[127.8950000000001,-18.40689999999995],"crs":null},"id":473,"type":"Feature","properties":{"site_type":"CP","community_name":"Linga","latitude":-18.4069,"alternative_community_name___lo":"Linga Valley","state":"WA","objectid":473,"longitude":127.895}},{"geometry":{"type":"Point","coordinates":[122.89438000000007,-16.516839999999945],"crs":null},"id":474,"type":"Feature","properties":{"site_type":"CP","community_name":"Lombadina","latitude":-16.51684,"alternative_community_name___lo":"Djarindjin","state":"WA","objectid":474,"longitude":122.89438}},{"geometry":{"type":"Point","coordinates":[122.83690000000001,-16.57409999999993],"crs":null},"id":475,"type":"Feature","properties":{"site_type":"CP","community_name":"Loumard","latitude":-16.5741,"alternative_community_name___lo":null,"state":"WA","objectid":475,"longitude":122.8369}},{"geometry":{"type":"Point","coordinates":[127.66890000000001,-18.211179999999956],"crs":null},"id":476,"type":"Feature","properties":{"site_type":"CP","community_name":"Lundja","latitude":-18.21118,"alternative_community_name___lo":"Red Hill","state":"WA","objectid":476,"longitude":127.6689}},{"geometry":{"type":"Point","coordinates":[123.16083000000003,-16.81749999999994],"crs":null},"id":477,"type":"Feature","properties":{"site_type":"CP","community_name":"Maddarr","latitude":-16.8175,"alternative_community_name___lo":"Good Enough Bay","state":"WA","objectid":477,"longitude":123.16083}},{"geometry":{"type":"Point","coordinates":[127.6565700000001,-18.20590999999996],"crs":null},"id":478,"type":"Feature","properties":{"site_type":"CP","community_name":"Mardiwa Loop","latitude":-18.20591,"alternative_community_name___lo":"Mardiwah Loop","state":"WA","objectid":478,"longitude":127.65657}},{"geometry":{"type":"Point","coordinates":[127.65658000000008,-18.205929999999967],"crs":null},"id":479,"type":"Feature","properties":{"site_type":"CP","community_name":"Mardiwa Loop","latitude":-18.20593,"alternative_community_name___lo":"Mardiwah Loop","state":"WA","objectid":479,"longitude":127.65658}},{"geometry":{"type":"Point","coordinates":[127.66196000000002,-18.21145999999993],"crs":null},"id":480,"type":"Feature","properties":{"site_type":"CP","community_name":"Mardiwa Loop","latitude":-18.21146,"alternative_community_name___lo":"Mardiwah Loop","state":"WA","objectid":480,"longitude":127.66196}},{"geometry":{"type":"Point","coordinates":[122.58301000000006,-16.778719999999964],"crs":null},"id":481,"type":"Feature","properties":{"site_type":"CP","community_name":"Milargoon","latitude":-16.77872,"alternative_community_name___lo":"Middle Lagoon","state":"WA","objectid":481,"longitude":122.58301}},{"geometry":{"type":"Point","coordinates":[127.66345000000001,-19.554869999999937],"crs":null},"id":482,"type":"Feature","properties":{"site_type":"CP","community_name":"Mindibungu","latitude":-19.55487,"alternative_community_name___lo":"Bililuna Station, Kururrungku","state":"WA","objectid":482,"longitude":127.66345}},{"geometry":{"type":"Point","coordinates":[127.6636400000001,-19.555649999999957],"crs":null},"id":483,"type":"Feature","properties":{"site_type":"CP","community_name":"Mindibungu","latitude":-19.55565,"alternative_community_name___lo":"Bililuna Station, Kururrungku","state":"WA","objectid":483,"longitude":127.66364}},{"geometry":{"type":"Point","coordinates":[127.66009000000008,-19.55541999999997],"crs":null},"id":484,"type":"Feature","properties":{"site_type":"CP","community_name":"Mindibungu","latitude":-19.55542,"alternative_community_name___lo":"Bililuna Station, Kururrungku","state":"WA","objectid":484,"longitude":127.66009}},{"geometry":{"type":"Point","coordinates":[128.73630000000003,-15.76150999999993],"crs":null},"id":485,"type":"Feature","properties":{"site_type":"CP","community_name":"Mirima","latitude":-15.76151,"alternative_community_name___lo":null,"state":"WA","objectid":485,"longitude":128.7363}},{"geometry":{"type":"Point","coordinates":[128.7361800000001,-15.760559999999941],"crs":null},"id":486,"type":"Feature","properties":{"site_type":"CP","community_name":"Mirima","latitude":-15.76056,"alternative_community_name___lo":null,"state":"WA","objectid":486,"longitude":128.73618}},{"geometry":{"type":"Point","coordinates":[128.73984000000007,-15.758119999999963],"crs":null},"id":487,"type":"Feature","properties":{"site_type":"CP","community_name":"Mirima","latitude":-15.75812,"alternative_community_name___lo":null,"state":"WA","objectid":487,"longitude":128.73984}},{"geometry":{"type":"Point","coordinates":[128.74026000000003,-15.758489999999938],"crs":null},"id":488,"type":"Feature","properties":{"site_type":"CP","community_name":"Mirima","latitude":-15.75849,"alternative_community_name___lo":null,"state":"WA","objectid":488,"longitude":128.74026}},{"geometry":{"type":"Point","coordinates":[128.74188000000004,-15.757859999999937],"crs":null},"id":489,"type":"Feature","properties":{"site_type":"CP","community_name":"Mirima","latitude":-15.75786,"alternative_community_name___lo":null,"state":"WA","objectid":489,"longitude":128.74188}},{"geometry":{"type":"Point","coordinates":[128.77129000000002,-15.880029999999977],"crs":null},"id":490,"type":"Feature","properties":{"site_type":"CP","community_name":"Mud Springs","latitude":-15.88003,"alternative_community_name___lo":"Rowena Downs","state":"WA","objectid":490,"longitude":128.77129}},{"geometry":{"type":"Point","coordinates":[122.98144000000002,-16.527709999999956],"crs":null},"id":491,"type":"Feature","properties":{"site_type":"CP","community_name":"Mudnunn","latitude":-16.52771,"alternative_community_name___lo":"Gullun","state":"WA","objectid":491,"longitude":122.98144}},{"geometry":{"type":"Point","coordinates":[122.98265000000004,-16.52756999999997],"crs":null},"id":492,"type":"Feature","properties":{"site_type":"CP","community_name":"Mudnunn","latitude":-16.52757,"alternative_community_name___lo":"Gullun","state":"WA","objectid":492,"longitude":122.98265}},{"geometry":{"type":"Point","coordinates":[127.59584000000007,-20.102329999999938],"crs":null},"id":493,"type":"Feature","properties":{"site_type":"CP","community_name":"Mulan","latitude":-20.10233,"alternative_community_name___lo":"Lake Gregory","state":"WA","objectid":493,"longitude":127.59584}},{"geometry":{"type":"Point","coordinates":[127.59366000000011,-20.09901999999994],"crs":null},"id":494,"type":"Feature","properties":{"site_type":"CP","community_name":"Mulan","latitude":-20.09902,"alternative_community_name___lo":"Lake Gregory","state":"WA","objectid":494,"longitude":127.59366}},{"geometry":{"type":"Point","coordinates":[127.59532000000002,-20.102889999999945],"crs":null},"id":495,"type":"Feature","properties":{"site_type":"CP","community_name":"Mulan","latitude":-20.10289,"alternative_community_name___lo":"Lake Gregory","state":"WA","objectid":495,"longitude":127.59532}},{"geometry":{"type":"Point","coordinates":[122.91721000000007,-16.447359999999946],"crs":null},"id":496,"type":"Feature","properties":{"site_type":"CP","community_name":"Ngamakoon","latitude":-16.44736,"alternative_community_name___lo":"Ngamagkoon","state":"WA","objectid":496,"longitude":122.91721}},{"geometry":{"type":"Point","coordinates":[122.66476000000011,-16.986789999999928],"crs":null},"id":497,"type":"Feature","properties":{"site_type":"CP","community_name":"Ngarlan","latitude":-16.98679,"alternative_community_name___lo":null,"state":"WA","objectid":497,"longitude":122.66476}},{"geometry":{"type":"Point","coordinates":[127.67500000000007,-18.238099999999974],"crs":null},"id":498,"type":"Feature","properties":{"site_type":"CP","community_name":"Nicholson Block","latitude":-18.2381,"alternative_community_name___lo":"Ngilinj, Anjaru","state":"WA","objectid":498,"longitude":127.675}},{"geometry":{"type":"Point","coordinates":[122.9827600000001,-16.557309999999973],"crs":null},"id":499,"type":"Feature","properties":{"site_type":"CP","community_name":"Nyumwah","latitude":-16.55731,"alternative_community_name___lo":null,"state":"WA","objectid":499,"longitude":122.98276}},{"geometry":{"type":"Point","coordinates":[122.55600000000004,-16.810899999999947],"crs":null},"id":500,"type":"Feature","properties":{"site_type":"CP","community_name":"Tappers Inlet","latitude":-16.8109,"alternative_community_name___lo":null,"state":"WA","objectid":500,"longitude":122.556}},{"geometry":{"type":"Point","coordinates":[126.4353900000001,-17.196099999999944],"crs":null},"id":501,"type":"Feature","properties":{"site_type":"CP","community_name":"Tirralintji","latitude":-17.1961,"alternative_community_name___lo":"Terralintji","state":"WA","objectid":501,"longitude":126.43539}},{"geometry":{"type":"Point","coordinates":[128.01274,-17.21966999999995],"crs":null},"id":502,"type":"Feature","properties":{"site_type":"CP","community_name":"Violet Valley","latitude":-17.21967,"alternative_community_name___lo":"Bula-Wah","state":"WA","objectid":502,"longitude":128.01274}},{"geometry":{"type":"Point","coordinates":[128.21184000000005,-17.031679999999938],"crs":null},"id":503,"type":"Feature","properties":{"site_type":"CP","community_name":"Warmun","latitude":-17.03168,"alternative_community_name___lo":"Turkey Creek, Warmum","state":"WA","objectid":503,"longitude":128.21184}},{"geometry":{"type":"Point","coordinates":[128.21617000000003,-17.029739999999947],"crs":null},"id":504,"type":"Feature","properties":{"site_type":"CP","community_name":"Warmun","latitude":-17.02974,"alternative_community_name___lo":"Turkey Creek, Warmum","state":"WA","objectid":504,"longitude":128.21617}},{"geometry":{"type":"Point","coordinates":[128.2147500000001,-17.02523999999994],"crs":null},"id":505,"type":"Feature","properties":{"site_type":"CP","community_name":"Warmun","latitude":-17.02524,"alternative_community_name___lo":"Turkey Creek, Warmum","state":"WA","objectid":505,"longitude":128.21475}},{"geometry":{"type":"Point","coordinates":[128.21186000000012,-17.030429999999967],"crs":null},"id":506,"type":"Feature","properties":{"site_type":"CP","community_name":"Warmun","latitude":-17.03043,"alternative_community_name___lo":"Turkey Creek, Warmum","state":"WA","objectid":506,"longitude":128.21186}},{"geometry":{"type":"Point","coordinates":[128.1201000000001,-15.479179999999928],"crs":null},"id":507,"type":"Feature","properties":{"site_type":"CP","community_name":"Warrayu","latitude":-15.47918,"alternative_community_name___lo":"The Reserve, Warraya","state":"WA","objectid":507,"longitude":128.1201}},{"geometry":{"type":"Point","coordinates":[128.24641000000008,-16.306559999999934],"crs":null},"id":508,"type":"Feature","properties":{"site_type":"CP","community_name":"Woolah Doon Doon","latitude":-16.30656,"alternative_community_name___lo":"Woolah","state":"WA","objectid":508,"longitude":128.24641}},{"geometry":{"type":"Point","coordinates":[128.3799100000001,-15.953339999999969],"crs":null},"id":509,"type":"Feature","properties":{"site_type":"CP","community_name":"Wuggunbun","latitude":-15.95334,"alternative_community_name___lo":"Wuggubun","state":"WA","objectid":509,"longitude":128.37991}},{"geometry":{"type":"Point","coordinates":[128.37917000000004,-15.955069999999978],"crs":null},"id":510,"type":"Feature","properties":{"site_type":"CP","community_name":"Wuggunbun","latitude":-15.95507,"alternative_community_name___lo":"Wuggubun","state":"WA","objectid":510,"longitude":128.37917}},{"geometry":{"type":"Point","coordinates":[122.29171000000008,-17.96879999999993],"crs":null},"id":511,"type":"Feature","properties":{"site_type":"CP","community_name":"Yawuru","latitude":-17.9688,"alternative_community_name___lo":"Wattle Downs","state":"WA","objectid":511,"longitude":122.29171}},{"geometry":{"type":"Point","coordinates":[137.8492000000001,-20.985739999999964],"crs":null},"id":512,"type":"Feature","properties":{"site_type":"WH","community_name":"Alpurrurulam - WIFI","latitude":-20.98574,"alternative_community_name___lo":"Lake Nash","state":"NT","objectid":512,"longitude":137.8492}},{"geometry":{"type":"Point","coordinates":[132.26940000000002,-24.073069999999973],"crs":null},"id":513,"type":"Feature","properties":{"site_type":"WH","community_name":"Areyonga - WIFI","latitude":-24.07307,"alternative_community_name___lo":null,"state":"NT","objectid":513,"longitude":132.2694}},{"geometry":{"type":"Point","coordinates":[135.586,-20.64462999999995],"crs":null},"id":514,"type":"Feature","properties":{"site_type":"WH","community_name":"Canteen Creek - WIFI","latitude":-20.64463,"alternative_community_name___lo":"Owairtilla, Orwaitilla, Orwaitillya","state":"NT","objectid":514,"longitude":135.586}},{"geometry":{"type":"Point","coordinates":[128.01380000000006,-17.217269999999928],"crs":null},"id":515,"type":"Feature","properties":{"site_type":"WH","community_name":"EK - Baulu-Wah Community (Violet Valley)","latitude":-17.21727,"alternative_community_name___lo":null,"state":"WA","objectid":515,"longitude":128.0138}},{"geometry":{"type":"Point","coordinates":[128.35810000000004,-16.543829999999957],"crs":null},"id":516,"type":"Feature","properties":{"site_type":"WH","community_name":"EK - Glen Hill","latitude":-16.54383,"alternative_community_name___lo":"Mandangala","state":"WA","objectid":516,"longitude":128.3581}},{"geometry":{"type":"Point","coordinates":[124.01084000000003,-18.01395999999994],"crs":null},"id":517,"type":"Feature","properties":{"site_type":"WH","community_name":"EK - Jarlmadangah Burru","latitude":-18.01396,"alternative_community_name___lo":null,"state":"WA","objectid":517,"longitude":124.01084}},{"geometry":{"type":"Point","coordinates":[124.72705000000008,-22.32940999999994],"crs":null},"id":518,"type":"Feature","properties":{"site_type":"WH","community_name":"EK - Kunawarritji","latitude":-22.32941,"alternative_community_name___lo":null,"state":"WA","objectid":518,"longitude":124.72705}},{"geometry":{"type":"Point","coordinates":[125.93002000000001,-16.71885999999995],"crs":null},"id":519,"type":"Feature","properties":{"site_type":"WH","community_name":"EK - Kupungarri","latitude":-16.71886,"alternative_community_name___lo":null,"state":"WA","objectid":519,"longitude":125.93002}},{"geometry":{"type":"Point","coordinates":[126.04320000000007,-18.726899999999944],"crs":null},"id":520,"type":"Feature","properties":{"site_type":"WH","community_name":"EK - Mimbi","latitude":-18.7269,"alternative_community_name___lo":null,"state":"WA","objectid":520,"longitude":126.0432}},{"geometry":{"type":"Point","coordinates":[138.9789300000001,-30.58257999999995],"crs":null},"id":521,"type":"Feature","properties":{"site_type":"WH","community_name":"EK - Nepabunna","latitude":-30.58258,"alternative_community_name___lo":null,"state":"SA","objectid":521,"longitude":138.97893}},{"geometry":{"type":"Point","coordinates":[136.16879000000006,-22.789519999999982],"crs":null},"id":522,"type":"Feature","properties":{"site_type":"WH","community_name":"EK - Orrtipa-Thurra","latitude":-22.78952,"alternative_community_name___lo":"Bonya","state":"NT","objectid":522,"longitude":136.16879}},{"geometry":{"type":"Point","coordinates":[123.12284000000011,-22.045589999999947],"crs":null},"id":523,"type":"Feature","properties":{"site_type":"WH","community_name":"EK - Punmu","latitude":-22.04559,"alternative_community_name___lo":null,"state":"WA","objectid":523,"longitude":123.12284}},{"geometry":{"type":"Point","coordinates":[124.9408800000001,-17.415389999999945],"crs":null},"id":524,"type":"Feature","properties":{"site_type":"WH","community_name":"EK - Windjana Gorge","latitude":-17.41539,"alternative_community_name___lo":null,"state":"WA","objectid":524,"longitude":124.94088}},{"geometry":{"type":"Point","coordinates":[134.45370000000003,-22.803009999999972],"crs":null},"id":525,"type":"Feature","properties":{"site_type":"WH","community_name":"Engawala - WIFI","latitude":-22.80301,"alternative_community_name___lo":"Alcoota","state":"NT","objectid":525,"longitude":134.4537}},{"geometry":{"type":"Point","coordinates":[131.8823000000001,-23.447649999999953],"crs":null},"id":526,"type":"Feature","properties":{"site_type":"WH","community_name":"Haasts Bluff - WIFI","latitude":-23.44765,"alternative_community_name___lo":"Kunparrka, Ikuntji","state":"NT","objectid":526,"longitude":131.8823}},{"geometry":{"type":"Point","coordinates":[129.38870000000009,-23.275949999999966],"crs":null},"id":527,"type":"Feature","properties":{"site_type":"WH","community_name":"Kintore - WIFI","latitude":-23.27595,"alternative_community_name___lo":null,"state":"NT","objectid":527,"longitude":129.3887}},{"geometry":{"type":"Point","coordinates":[127.76381000000003,-22.816929999999957],"crs":null},"id":528,"type":"Feature","properties":{"site_type":"WH","community_name":"Kiwirrkurra - WIFI","latitude":-22.81693,"alternative_community_name___lo":null,"state":"WA","objectid":528,"longitude":127.76381}},{"geometry":{"type":"Point","coordinates":[128.6159,-18.794069999999977],"crs":null},"id":529,"type":"Feature","properties":{"site_type":"WH","community_name":"Kundat Djaru - WIFI","latitude":-18.79407,"alternative_community_name___lo":"Ringer Soak","state":"WA","objectid":529,"longitude":128.6159}},{"geometry":{"type":"Point","coordinates":[132.75400000000002,-22.53428999999994],"crs":null},"id":530,"type":"Feature","properties":{"site_type":"WH","community_name":"Laramba - WIFI","latitude":-22.53429,"alternative_community_name___lo":null,"state":"NT","objectid":530,"longitude":132.754}},{"geometry":{"type":"Point","coordinates":[134.19820000000004,-20.33711999999997],"crs":null},"id":531,"type":"Feature","properties":{"site_type":"WH","community_name":"Mungkarta - WIFI","latitude":-20.33712,"alternative_community_name___lo":null,"state":"NT","objectid":531,"longitude":134.1982}},{"geometry":{"type":"Point","coordinates":[130.55220000000008,-22.649719999999945],"crs":null},"id":532,"type":"Feature","properties":{"site_type":"WH","community_name":"Nyirripi - WIFI","latitude":-22.64972,"alternative_community_name___lo":null,"state":"NT","objectid":532,"longitude":130.5522}},{"geometry":{"type":"Point","coordinates":[133.99593000000004,-21.50684999999993],"crs":null},"id":533,"type":"Feature","properties":{"site_type":"WH","community_name":"Tara - WIFI","latitude":-21.50685,"alternative_community_name___lo":"Neutral Junction","state":"NT","objectid":533,"longitude":133.99593}},{"geometry":{"type":"Point","coordinates":[135.25060000000008,-20.462629999999933],"crs":null},"id":534,"type":"Feature","properties":{"site_type":"WH","community_name":"Wutunugurra - WIFI","latitude":-20.46263,"alternative_community_name___lo":null,"state":"NT","objectid":534,"longitude":135.2506}},{"geometry":{"type":"Point","coordinates":[132.20530000000008,-22.259099999999933],"crs":null},"id":535,"type":"Feature","properties":{"site_type":"WH","community_name":"Yuelamu - WIFI","latitude":-22.2591,"alternative_community_name___lo":null,"state":"NT","objectid":535,"longitude":132.2053}}],"type":"FeatureCollection","properties":{"exceededTransferLimit":false}}