{"type": "FeatureCollection", "generated_at": "2026-09-18T11:28:51.770789+00:00", "source": "OpenStreetMap contributors", "features": [{"type": "Feature", "geometry": {"type": "Point", "coordinates": [132.3651871, -23.6713719]}, "properties": {"id": "osm-node-311971247", "name": "Unnamed shelter", "kind": "shelter", "label": "Shelter", "source": "OpenStreetMap contributors"}}, {"type": "Feature", "geometry": {"type": "Point", "coordinates": [132.5188775, -23.577386]}, "properties": {"id": "osm-node-311977047", "name": "Unnamed shelter", "kind": "shelter", "label": "Shelter", "source": "OpenStreetMap contributors"}}, {"type": "Feature", "geometry": {"type": "Point", "coordinates": [133.718211, -23.6775309]}, "properties": {"id": "osm-node-322866497", "name": "Simpsons Gap", "kind": "shelter", "label": "Shelter", "source": "OpenStreetMap contributors"}}, {"type": "Feature", "geometry": {"type": "Point", "coordinates": [133.6330496, -24.3313225]}, "properties": {"id": "osm-node-454986669", "name": "Unnamed shelter", "kind": "shelter", "label": "Shelter", "source": "OpenStreetMap contributors"}}, {"type": "Feature", "geometry": {"type": "Point", "coordinates": [131.0635915, -25.367798]}, "properties": {"id": "osm-node-724423662", "name": "Unnamed shelter", "kind": "shelter", "label": "Shelter", "source": "OpenStreetMap contributors"}}, {"type": "Feature", "geometry": {"type": "Point", "coordinates": [130.7399825, -25.287631]}, "properties": {"id": "osm-node-1653844405", "name": "Unnamed shelter", "kind": "shelter", "label": "Shelter", "source": "OpenStreetMap contributors"}}, {"type": "Feature", "geometry": {"type": "Point", "coordinates": [131.0337746, -25.3529711]}, "properties": {"id": "osm-node-1653844407", "name": "Unnamed shelter", "kind": "shelter", "label": "Shelter", "source": "OpenStreetMap contributors"}}, {"type": "Feature", "geometry": {"type": "Point", "coordinates": [136.1566975, -19.8427648]}, "properties": {"id": "osm-node-1671893836", "name": "Unnamed shelter", "kind": "shelter", "label": "Shelter", "source": "OpenStreetMap contributors"}}, {"type": "Feature", "geometry": {"type": "Point", "coordinates": [136.8772247, -20.0736206]}, "properties": {"id": "osm-node-1671893935", "name": "Unnamed shelter", "kind": "shelter", "label": "Shelter", "source": "OpenStreetMap contributors"}}, {"type": "Feature", "geometry": {"type": "Point", "coordinates": [133.4396077, -17.3751793]}, "properties": {"id": "osm-node-1672111356", "name": "Unnamed shelter", "kind": "shelter", "label": "Shelter", "source": "OpenStreetMap contributors"}}, {"type": "Feature", "geometry": {"type": "Point", "coordinates": [134.8505682, -19.3210604]}, "properties": {"id": "osm-node-1672111406", "name": "Unnamed shelter", "kind": "shelter", "label": "Shelter", "source": "OpenStreetMap contributors"}}, {"type": "Feature", "geometry": {"type": "Point", "coordinates": [135.4019405, -19.4329253]}, "properties": {"id": "osm-node-1672111438", "name": "Unnamed shelter", "kind": "shelter", "label": "Shelter", "source": "OpenStreetMap contributors"}}, {"type": "Feature", "geometry": {"type": "Point", "coordinates": [133.1147916, -15.2364433]}, "properties": {"id": "osm-node-1672124673", "name": "Unnamed shelter", "kind": "shelter", "label": "Shelter", "source": "OpenStreetMap contributors"}}, {"type": "Feature", "geometry": {"type": "Point", "coordinates": [131.3132473, -13.4367942]}, "properties": {"id": "osm-node-1672451360", "name": "Unnamed shelter", "kind": "shelter", "label": "Shelter", "source": "OpenStreetMap contributors"}}, {"type": "Feature", "geometry": {"type": "Point", "coordinates": [134.1416738, -19.0233557]}, "properties": {"id": "osm-node-1672471839", "name": "Unnamed shelter", "kind": "shelter", "label": "Shelter", "source": "OpenStreetMap contributors"}}, {"type": "Feature", "geometry": {"type": "Point", "coordinates": [134.2642651, -20.567235]}, "properties": {"id": "osm-node-1672471884", "name": "Unnamed shelter", "kind": "shelter", "label": "Shelter", "source": "OpenStreetMap contributors"}}, {"type": "Feature", "geometry": {"type": "Point", "coordinates": [134.2641556, -20.567979]}, "properties": {"id": "osm-node-1672471926", "name": "Unnamed shelter", "kind": "shelter", "label": "Shelter", "source": "OpenStreetMap contributors"}}, {"type": "Feature", "geometry": {"type": "Point", "coordinates": [134.1149899, -21.2473307]}, "properties": {"id": "osm-node-1673378994", "name": "Unnamed shelter", "kind": "shelter", "label": "Shelter", "source": "OpenStreetMap contributors"}}, {"type": "Feature", "geometry": {"type": "Point", "coordinates": [133.8325393, -23.4415417]}, "properties": {"id": "osm-node-1673388490", "name": "Unnamed shelter", "kind": "shelter", "label": "Shelter", "source": "OpenStreetMap contributors"}}, {"type": "Feature", "geometry": {"type": "Point", "coordinates": [133.5579826, -24.1080342]}, "properties": {"id": "osm-node-1674666968", "name": "Unnamed shelter", "kind": "shelter", "label": "Shelter", "source": "OpenStreetMap contributors"}}, {"type": "Feature", "geometry": {"type": "Point", "coordinates": [133.2389287, -24.551706]}, "properties": {"id": "osm-node-1674666986", "name": "Unnamed shelter", "kind": "shelter", "label": "Shelter", "source": "OpenStreetMap contributors"}}, {"type": "Feature", "geometry": {"type": "Point", "coordinates": [133.1959745, -24.9049306]}, "properties": {"id": "osm-node-1674679388", "name": "Unnamed shelter", "kind": "shelter", "label": "Shelter", "source": "OpenStreetMap contributors"}}, {"type": "Feature", "geometry": {"type": "Point", "coordinates": [133.1966592, -25.9982518]}, "properties": {"id": "osm-node-1674679399", "name": "NT-SA Border", "kind": "shelter", "label": "Shelter", "source": "OpenStreetMap contributors"}}, {"type": "Feature", "geometry": {"type": "Point", "coordinates": [132.7273747, -23.6316895]}, "properties": {"id": "osm-node-1893815701", "name": "Larapinta Trail Information", "kind": "shelter", "label": "Shelter", "source": "OpenStreetMap contributors"}}, {"type": "Feature", "geometry": {"type": "Point", "coordinates": [132.7532446, -24.0604761]}, "properties": {"id": "osm-node-1893910349", "name": "Unnamed shelter", "kind": "shelter", "label": "Shelter", "source": "OpenStreetMap contributors"}}, {"type": "Feature", "geometry": {"type": "Point", "coordinates": [132.7108842, -24.0476024]}, "properties": {"id": "osm-node-1895336352", "name": "Unnamed shelter", "kind": "shelter", "label": "Shelter", "source": "OpenStreetMap contributors"}}, {"type": "Feature", "geometry": {"type": "Point", "coordinates": [131.7966124, -22.2554579]}, "properties": {"id": "osm-node-1991815305", "name": "Yuendumu Health Centre", "kind": "clinic", "label": "Clinic", "source": "OpenStreetMap contributors"}}, {"type": "Feature", "geometry": {"type": "Point", "coordinates": [131.7960924, -22.2539519]}, "properties": {"id": "osm-node-1991822398", "name": "Yuendumu School", "kind": "school", "label": "School", "source": "OpenStreetMap contributors"}}, {"type": "Feature", "geometry": {"type": "Point", "coordinates": [130.6401304, -18.337827]}, "properties": {"id": "osm-node-1993240299", "name": "Lajamanu Health Centre", "kind": "clinic", "label": "Clinic", "source": "OpenStreetMap contributors"}}, {"type": "Feature", "geometry": {"type": "Point", "coordinates": [130.6344574, -18.3353257]}, "properties": {"id": "osm-node-1993240301", "name": "Lajamanu School", "kind": "school", "label": "School", "source": "OpenStreetMap contributors"}}, {"type": "Feature", "geometry": {"type": "Point", "coordinates": [130.8306822, -17.4435665]}, "properties": {"id": "osm-node-1993453049", "name": "Kalkaringi Health Centre", "kind": "clinic", "label": "Clinic", "source": "OpenStreetMap contributors"}}, {"type": "Feature", "geometry": {"type": "Point", "coordinates": [130.8320808, -17.4454945]}, "properties": {"id": "osm-node-1993453057", "name": "Kalkaringi School", "kind": "school", "label": "School", "source": "OpenStreetMap contributors"}}, {"type": "Feature", "geometry": {"type": "Point", "coordinates": [131.9101534, -23.2030265]}, "properties": {"id": "osm-node-1999598200", "name": "Papunya School", "kind": "school", "label": "School", "source": "OpenStreetMap contributors"}}, {"type": "Feature", "geometry": {"type": "Point", "coordinates": [131.909096, -23.2041267]}, "properties": {"id": "osm-node-1999610311", "name": "Papunya Health Centre", "kind": "clinic", "label": "Clinic", "source": "OpenStreetMap contributors"}}, {"type": "Feature", "geometry": {"type": "Point", "coordinates": [131.2748234, -23.2663129]}, "properties": {"id": "osm-node-1999663077", "name": "Watiyawanu School", "kind": "school", "label": "School", "source": "OpenStreetMap contributors"}}, {"type": "Feature", "geometry": {"type": "Point", "coordinates": [131.2735018, -23.266124]}, "properties": {"id": "osm-node-1999663078", "name": "Mount Liebig Hall", "kind": "community_centre", "label": "Community centre", "source": "OpenStreetMap contributors"}}, {"type": "Feature", "geometry": {"type": "Point", "coordinates": [131.2739396, -23.2662974]}, "properties": {"id": "osm-node-1999663079", "name": "Mount Liebig Health Centre", "kind": "clinic", "label": "Clinic", "source": "OpenStreetMap contributors"}}, {"type": "Feature", "geometry": {"type": "Point", "coordinates": [129.3879609, -23.2772219]}, "properties": {"id": "osm-node-1999774140", "name": "Walungurru School", "kind": "school", "label": "School", "source": "OpenStreetMap contributors"}}, {"type": "Feature", "geometry": {"type": "Point", "coordinates": [129.3873931, -23.2755047]}, "properties": {"id": "osm-node-1999774149", "name": "Kintore Health Centre", "kind": "clinic", "label": "Clinic", "source": "OpenStreetMap contributors"}}, {"type": "Feature", "geometry": {"type": "Point", "coordinates": [134.073136, -24.6725236]}, "properties": {"id": "osm-node-2000772731", "name": "Titjikala School", "kind": "school", "label": "School", "source": "OpenStreetMap contributors"}}, {"type": "Feature", "geometry": {"type": "Point", "coordinates": [134.0760569, -24.6729937]}, "properties": {"id": "osm-node-2000772740", "name": "Titjikala Health Centre", "kind": "clinic", "label": "Clinic", "source": "OpenStreetMap contributors"}}, {"type": "Feature", "geometry": {"type": "Point", "coordinates": [132.6329197, -14.6437334]}, "properties": {"id": "osm-node-2001939962", "name": "Unnamed shelter", "kind": "shelter", "label": "Shelter", "source": "OpenStreetMap contributors"}}, {"type": "Feature", "geometry": {"type": "Point", "coordinates": [129.5617331, -15.9571449]}, "properties": {"id": "osm-node-2001961465", "name": "Unnamed shelter", "kind": "shelter", "label": "Shelter", "source": "OpenStreetMap contributors"}}, {"type": "Feature", "geometry": {"type": "Point", "coordinates": [134.5762556, -25.5808646]}, "properties": {"id": "osm-node-2002191991", "name": "Finke Health Centre", "kind": "clinic", "label": "Clinic", "source": "OpenStreetMap contributors"}}, {"type": "Feature", "geometry": {"type": "Point", "coordinates": [134.1933881, -19.645945]}, "properties": {"id": "osm-node-2036914009", "name": "Youth Centre", "kind": "community_centre", "label": "Community centre", "source": "OpenStreetMap contributors"}}, {"type": "Feature", "geometry": {"type": "Point", "coordinates": [137.8488185, -20.9854011]}, "properties": {"id": "osm-node-2037801673", "name": "Alpurrurulam Health Centre", "kind": "clinic", "label": "Clinic", "source": "OpenStreetMap contributors"}}, {"type": "Feature", "geometry": {"type": "Point", "coordinates": [137.8480877, -20.9878139]}, "properties": {"id": "osm-node-2037801674", "name": "Alpurrurulam School", "kind": "school", "label": "School", "source": "OpenStreetMap contributors"}}, {"type": "Feature", "geometry": {"type": "Point", "coordinates": [136.1667746, -22.7788005]}, "properties": {"id": "osm-node-2038013276", "name": "Bonya (Orrtipa-Thurra) Community School", "kind": "school", "label": "School", "source": "OpenStreetMap contributors"}}, {"type": "Feature", "geometry": {"type": "Point", "coordinates": [136.1684534, -22.7892884]}, "properties": {"id": "osm-node-2038013279", "name": "Orrtipa-Thurra Health Centre", "kind": "clinic", "label": "Clinic", "source": "OpenStreetMap contributors"}}, {"type": "Feature", "geometry": {"type": "Point", "coordinates": [134.9331183, -22.983998]}, "properties": {"id": "osm-node-2038128963", "name": "Harts Range School", "kind": "school", "label": "School", "source": "OpenStreetMap contributors"}}, {"type": "Feature", "geometry": {"type": "Point", "coordinates": [134.1832159, -19.6523277]}, "properties": {"id": "osm-node-2038150796", "name": "Julakari Aboriginal Corporation", "kind": "community_centre", "label": "Community centre", "source": "OpenStreetMap contributors"}}, {"type": "Feature", "geometry": {"type": "Point", "coordinates": [134.1911298, -19.6436166]}, "properties": {"id": "osm-node-2039809934", "name": "Julakari Community Service Centre", "kind": "community_centre", "label": "Community centre", "source": "OpenStreetMap contributors"}}, {"type": "Feature", "geometry": {"type": "Point", "coordinates": [131.0641769, -25.3660356]}, "properties": {"id": "osm-node-2215174740", "name": "Unnamed shelter", "kind": "shelter", "label": "Shelter", "source": "OpenStreetMap contributors"}}, {"type": "Feature", "geometry": {"type": "Point", "coordinates": [131.0614661, -25.3697303]}, "properties": {"id": "osm-node-2215174741", "name": "Unnamed shelter", "kind": "shelter", "label": "Shelter", "source": "OpenStreetMap contributors"}}, {"type": "Feature", "geometry": {"type": "Point", "coordinates": [134.1799651, -19.5327156]}, "properties": {"id": "osm-node-2312887808", "name": "Unnamed shelter", "kind": "shelter", "label": "Shelter", "source": "OpenStreetMap contributors"}}, {"type": "Feature", "geometry": {"type": "Point", "coordinates": [133.8849913, -23.6708233]}, "properties": {"id": "osm-node-2345479267", "name": "Larapinta Trail Information", "kind": "shelter", "label": "Shelter", "source": "OpenStreetMap contributors"}}, {"type": "Feature", "geometry": {"type": "Point", "coordinates": [133.8575761, -23.7015821]}, "properties": {"id": "osm-node-2345479389", "name": "Scout Hall", "kind": "community_centre", "label": "Community centre", "source": "OpenStreetMap contributors"}}, {"type": "Feature", "geometry": {"type": "Point", "coordinates": [133.8838713, -23.7059756]}, "properties": {"id": "osm-node-2347506288", "name": "The Blakeman Shelter", "kind": "shelter", "label": "Shelter", "source": "OpenStreetMap contributors"}}, {"type": "Feature", "geometry": {"type": "Point", "coordinates": [133.8832477, -23.7057134]}, "properties": {"id": "osm-node-2347511375", "name": "Unnamed shelter", "kind": "shelter", "label": "Shelter", "source": "OpenStreetMap contributors"}}, {"type": "Feature", "geometry": {"type": "Point", "coordinates": [133.8838213, -23.7072202]}, "properties": {"id": "osm-node-2347512691", "name": "Unnamed shelter", "kind": "shelter", "label": "Shelter", "source": "OpenStreetMap contributors"}}, {"type": "Feature", "geometry": {"type": "Point", "coordinates": [133.8824513, -23.7073314]}, "properties": {"id": "osm-node-2347512780", "name": "Unnamed shelter", "kind": "shelter", "label": "Shelter", "source": "OpenStreetMap contributors"}}, {"type": "Feature", "geometry": {"type": "Point", "coordinates": [133.884794, -23.7073821]}, "properties": {"id": "osm-node-2347512847", "name": "Unnamed shelter", "kind": "shelter", "label": "Shelter", "source": "OpenStreetMap contributors"}}, {"type": "Feature", "geometry": {"type": "Point", "coordinates": [134.1423329, -19.0250603]}, "properties": {"id": "osm-node-2353456053", "name": "Unnamed shelter", "kind": "shelter", "label": "Shelter", "source": "OpenStreetMap contributors"}}, {"type": "Feature", "geometry": {"type": "Point", "coordinates": [134.180785, -19.5330853]}, "properties": {"id": "osm-node-2353457566", "name": "Unnamed shelter", "kind": "shelter", "label": "Shelter", "source": "OpenStreetMap contributors"}}, {"type": "Feature", "geometry": {"type": "Point", "coordinates": [134.2609293, -20.5647146]}, "properties": {"id": "osm-node-2353458673", "name": "Unnamed shelter", "kind": "shelter", "label": "Shelter", "source": "OpenStreetMap contributors"}}, {"type": "Feature", "geometry": {"type": "Point", "coordinates": [134.3971348, -23.5209552]}, "properties": {"id": "osm-node-2355811794", "name": "Unnamed shelter", "kind": "shelter", "label": "Shelter", "source": "OpenStreetMap contributors"}}, {"type": "Feature", "geometry": {"type": "Point", "coordinates": [134.3789839, -23.5423945]}, "properties": {"id": "osm-node-2355812235", "name": "Unnamed shelter", "kind": "shelter", "label": "Shelter", "source": "OpenStreetMap contributors"}}, {"type": "Feature", "geometry": {"type": "Point", "coordinates": [133.8277433, -24.8727531]}, "properties": {"id": "osm-node-2355815617", "name": "Unnamed shelter", "kind": "shelter", "label": "Shelter", "source": "OpenStreetMap contributors"}}, {"type": "Feature", "geometry": {"type": "Point", "coordinates": [130.7061401, -25.295928]}, "properties": {"id": "osm-node-2360478529", "name": "Unnamed shelter", "kind": "shelter", "label": "Shelter", "source": "OpenStreetMap contributors"}}, {"type": "Feature", "geometry": {"type": "Point", "coordinates": [130.7060652, -25.2960891]}, "properties": {"id": "osm-node-2360478536", "name": "Unnamed shelter", "kind": "shelter", "label": "Shelter", "source": "OpenStreetMap contributors"}}, {"type": "Feature", "geometry": {"type": "Point", "coordinates": [130.706869, -25.2965436]}, "properties": {"id": "osm-node-2360478542", "name": "Unnamed shelter", "kind": "shelter", "label": "Shelter", "source": "OpenStreetMap contributors"}}, {"type": "Feature", "geometry": {"type": "Point", "coordinates": [131.048535, -25.3369961]}, "properties": {"id": "osm-node-2360479095", "name": "Unnamed shelter", "kind": "shelter", "label": "Shelter", "source": "OpenStreetMap contributors"}}, {"type": "Feature", "geometry": {"type": "Point", "coordinates": [131.0402901, -25.3515331]}, "properties": {"id": "osm-node-2360479567", "name": "Unnamed shelter", "kind": "shelter", "label": "Shelter", "source": "OpenStreetMap contributors"}}, {"type": "Feature", "geometry": {"type": "Point", "coordinates": [131.033471, -25.3548993]}, "properties": {"id": "osm-node-2360479765", "name": "Unnamed shelter", "kind": "shelter", "label": "Shelter", "source": "OpenStreetMap contributors"}}, {"type": "Feature", "geometry": {"type": "Point", "coordinates": [131.510436, -24.243356]}, "properties": {"id": "osm-node-2363015473", "name": "Unnamed clinic", "kind": "clinic", "label": "Clinic", "source": "OpenStreetMap contributors"}}, {"type": "Feature", "geometry": {"type": "Point", "coordinates": [131.5626353, -24.2553587]}, "properties": {"id": "osm-node-2363016995", "name": "Unnamed shelter", "kind": "shelter", "label": "Shelter", "source": "OpenStreetMap contributors"}}, {"type": "Feature", "geometry": {"type": "Point", "coordinates": [131.5620529, -24.2554458]}, "properties": {"id": "osm-node-2363017004", "name": "Unnamed shelter", "kind": "shelter", "label": "Shelter", "source": "OpenStreetMap contributors"}}, {"type": "Feature", "geometry": {"type": "Point", "coordinates": [132.5186712, -23.577578]}, "properties": {"id": "osm-node-2364347813", "name": "Unnamed shelter", "kind": "shelter", "label": "Shelter", "source": "OpenStreetMap contributors"}}, {"type": "Feature", "geometry": {"type": "Point", "coordinates": [132.3659977, -23.6715444]}, "properties": {"id": "osm-node-2364348079", "name": "Unnamed shelter", "kind": "shelter", "label": "Shelter", "source": "OpenStreetMap contributors"}}, {"type": "Feature", "geometry": {"type": "Point", "coordinates": [132.3146467, -23.8176888]}, "properties": {"id": "osm-node-2364348295", "name": "Unnamed shelter", "kind": "shelter", "label": "Shelter", "source": "OpenStreetMap contributors"}}, {"type": "Feature", "geometry": {"type": "Point", "coordinates": [133.717706, -23.6786563]}, "properties": {"id": "osm-node-2365278672", "name": "Larapinta Trail Information", "kind": "shelter", "label": "Shelter", "source": "OpenStreetMap contributors"}}, {"type": "Feature", "geometry": {"type": "Point", "coordinates": [133.7161965, -23.6787666]}, "properties": {"id": "osm-node-2365278726", "name": "Unnamed shelter", "kind": "shelter", "label": "Shelter", "source": "OpenStreetMap contributors"}}, {"type": "Feature", "geometry": {"type": "Point", "coordinates": [133.7175189, -23.6791062]}, "properties": {"id": "osm-node-2365278762", "name": "Unnamed shelter", "kind": "shelter", "label": "Shelter", "source": "OpenStreetMap contributors"}}, {"type": "Feature", "geometry": {"type": "Point", "coordinates": [133.7346044, -23.7226265]}, "properties": {"id": "osm-node-2365278909", "name": "Unnamed shelter", "kind": "shelter", "label": "Shelter", "source": "OpenStreetMap contributors"}}, {"type": "Feature", "geometry": {"type": "Point", "coordinates": [132.7396929, -24.0564758]}, "properties": {"id": "osm-node-2365281263", "name": "Unnamed shelter", "kind": "shelter", "label": "Shelter", "source": "OpenStreetMap contributors"}}, {"type": "Feature", "geometry": {"type": "Point", "coordinates": [132.7464648, -24.0574257]}, "properties": {"id": "osm-node-2365281299", "name": "Unnamed shelter", "kind": "shelter", "label": "Shelter", "source": "OpenStreetMap contributors"}}, {"type": "Feature", "geometry": {"type": "Point", "coordinates": [132.6692909, -23.6770545]}, "properties": {"id": "osm-node-2371372189", "name": "Mount Sonder Lookout", "kind": "shelter", "label": "Shelter", "source": "OpenStreetMap contributors"}}, {"type": "Feature", "geometry": {"type": "Point", "coordinates": [133.0730605, -23.7789557]}, "properties": {"id": "osm-node-2371375994", "name": "Unnamed shelter", "kind": "shelter", "label": "Shelter", "source": "OpenStreetMap contributors"}}, {"type": "Feature", "geometry": {"type": "Point", "coordinates": [133.8829975, -23.6970268]}, "properties": {"id": "osm-node-2377985488", "name": "Unnamed clinic", "kind": "clinic", "label": "Clinic", "source": "OpenStreetMap contributors"}}, {"type": "Feature", "geometry": {"type": "Point", "coordinates": [132.2822941, -14.4673058]}, "properties": {"id": "osm-node-2408040234", "name": "MacFarlane Pre School", "kind": "school", "label": "School", "source": "OpenStreetMap contributors"}}, {"type": "Feature", "geometry": {"type": "Point", "coordinates": [132.2545171, -14.4802392]}, "properties": {"id": "osm-node-2408111404", "name": "Katherine South Pre School", "kind": "school", "label": "School", "source": "OpenStreetMap contributors"}}, {"type": "Feature", "geometry": {"type": "Point", "coordinates": [132.25721, -14.4597531]}, "properties": {"id": "osm-node-2408230507", "name": "Katherine Civic Centre", "kind": "community_centre", "label": "Community centre", "source": "OpenStreetMap contributors"}}, {"type": "Feature", "geometry": {"type": "Point", "coordinates": [135.9795193, -18.4741385]}, "properties": {"id": "osm-node-2570582002", "name": "Unnamed shelter", "kind": "shelter", "label": "Shelter", "source": "OpenStreetMap contributors"}}, {"type": "Feature", "geometry": {"type": "Point", "coordinates": [135.6841487, -17.5283906]}, "properties": {"id": "osm-node-2573861459", "name": "Unnamed shelter", "kind": "shelter", "label": "Shelter", "source": "OpenStreetMap contributors"}}, {"type": "Feature", "geometry": {"type": "Point", "coordinates": [134.1959121, -16.4499672]}, "properties": {"id": "osm-node-2581710038", "name": "Unnamed shelter", "kind": "shelter", "label": "Shelter", "source": "OpenStreetMap contributors"}}, {"type": "Feature", "geometry": {"type": "Point", "coordinates": [135.3668614, -16.7031655]}, "properties": {"id": "osm-node-2581710112", "name": "Rest Area", "kind": "shelter", "label": "Shelter", "source": "OpenStreetMap contributors"}}, {"type": "Feature", "geometry": {"type": "Point", "coordinates": [134.8588252, -16.631889]}, "properties": {"id": "osm-node-2583113797", "name": "Unnamed shelter", "kind": "shelter", "label": "Shelter", "source": "OpenStreetMap contributors"}}, {"type": "Feature", "geometry": {"type": "Point", "coordinates": [132.2561013, -14.486303]}, "properties": {"id": "osm-node-2584105060", "name": "Unnamed shelter", "kind": "shelter", "label": "Shelter", "source": "OpenStreetMap contributors"}}, {"type": "Feature", "geometry": {"type": "Point", "coordinates": [132.6336149, -14.6445987]}, "properties": {"id": "osm-node-2584105065", "name": "Unnamed shelter", "kind": "shelter", "label": "Shelter", "source": "OpenStreetMap contributors"}}, {"type": "Feature", "geometry": {"type": "Point", "coordinates": [131.9163954, -14.8285631]}, "properties": {"id": "osm-node-2595843281", "name": "Unnamed shelter", "kind": "shelter", "label": "Shelter", "source": "OpenStreetMap contributors"}}, {"type": "Feature", "geometry": {"type": "Point", "coordinates": [131.2760062, -15.5870073]}, "properties": {"id": "osm-node-2595843336", "name": "Unnamed shelter", "kind": "shelter", "label": "Shelter", "source": "OpenStreetMap contributors"}}, {"type": "Feature", "geometry": {"type": "Point", "coordinates": [130.0313282, -15.759867]}, "properties": {"id": "osm-node-2597845044", "name": "Unnamed shelter", "kind": "shelter", "label": "Shelter", "source": "OpenStreetMap contributors"}}, {"type": "Feature", "geometry": {"type": "Point", "coordinates": [130.0265244, -15.7675894]}, "properties": {"id": "osm-node-2597845054", "name": "Unnamed shelter", "kind": "shelter", "label": "Shelter", "source": "OpenStreetMap contributors"}}, {"type": "Feature", "geometry": {"type": "Point", "coordinates": [129.0001113, -15.9822943]}, "properties": {"id": "osm-node-2598913638", "name": "Unnamed shelter", "kind": "shelter", "label": "Shelter", "source": "OpenStreetMap contributors"}}, {"type": "Feature", "geometry": {"type": "Point", "coordinates": [130.8521287, -12.4001676]}, "properties": {"id": "osm-node-2861322601", "name": "Four Treasures Traditional Chinese Medicine", "kind": "clinic", "label": "Clinic", "source": "OpenStreetMap contributors"}}, {"type": "Feature", "geometry": {"type": "Point", "coordinates": [133.3432366, -23.7242448]}, "properties": {"id": "osm-node-3011829219", "name": "Larapinta Trail Information", "kind": "shelter", "label": "Shelter", "source": "OpenStreetMap contributors"}}, {"type": "Feature", "geometry": {"type": "Point", "coordinates": [133.5377021, -23.6640608]}, "properties": {"id": "osm-node-3012071455", "name": "Unnamed shelter", "kind": "shelter", "label": "Shelter", "source": "OpenStreetMap contributors"}}, {"type": "Feature", "geometry": {"type": "Point", "coordinates": [133.0726841, -23.7798434]}, "properties": {"id": "osm-node-3014101351", "name": "Larapinta Trail Information", "kind": "shelter", "label": "Shelter", "source": "OpenStreetMap contributors"}}, {"type": "Feature", "geometry": {"type": "Point", "coordinates": [132.9101624, -23.7271276]}, "properties": {"id": "osm-node-3017764242", "name": "Larapinta Trail Information", "kind": "shelter", "label": "Shelter", "source": "OpenStreetMap contributors"}}, {"type": "Feature", "geometry": {"type": "Point", "coordinates": [132.6789353, -23.6582281]}, "properties": {"id": "osm-node-3023860222", "name": "Larapinta Trail Information", "kind": "shelter", "label": "Shelter", "source": "OpenStreetMap contributors"}}, {"type": "Feature", "geometry": {"type": "Point", "coordinates": [132.5188218, -23.5775465]}, "properties": {"id": "osm-node-3032444011", "name": "Larapinta Trail Information", "kind": "shelter", "label": "Shelter", "source": "OpenStreetMap contributors"}}, {"type": "Feature", "geometry": {"type": "Point", "coordinates": [134.4074941, -21.003645]}, "properties": {"id": "osm-node-3273901849", "name": "Ali Curung Health Centre", "kind": "clinic", "label": "Clinic", "source": "OpenStreetMap contributors"}}, {"type": "Feature", "geometry": {"type": "Point", "coordinates": [133.7323646, -21.7398816]}, "properties": {"id": "osm-node-3284407648", "name": "Stirling School", "kind": "school", "label": "School", "source": "OpenStreetMap contributors"}}, {"type": "Feature", "geometry": {"type": "Point", "coordinates": [133.73176, -21.7404202]}, "properties": {"id": "osm-node-3284407781", "name": "Wilora Health Centre", "kind": "clinic", "label": "Clinic", "source": "OpenStreetMap contributors"}}, {"type": "Feature", "geometry": {"type": "Point", "coordinates": [132.7566941, -22.5336508]}, "properties": {"id": "osm-node-3285056087", "name": "Laramba School", "kind": "school", "label": "School", "source": "OpenStreetMap contributors"}}, {"type": "Feature", "geometry": {"type": "Point", "coordinates": [132.7566029, -22.5329577]}, "properties": {"id": "osm-node-3285073018", "name": "Laramba Health Centre", "kind": "clinic", "label": "Clinic", "source": "OpenStreetMap contributors"}}, {"type": "Feature", "geometry": {"type": "Point", "coordinates": [129.6179634, -16.4275241]}, "properties": {"id": "osm-node-3297011361", "name": "Amanbidji School", "kind": "school", "label": "School", "source": "OpenStreetMap contributors"}}, {"type": "Feature", "geometry": {"type": "Point", "coordinates": [129.6198914, -16.4274295]}, "properties": {"id": "osm-node-3297011364", "name": "Amanbidji Health Centre", "kind": "clinic", "label": "Clinic", "source": "OpenStreetMap contributors"}}, {"type": "Feature", "geometry": {"type": "Point", "coordinates": [129.5218974, -14.2429891]}, "properties": {"id": "osm-node-3299599765", "name": "Our Lady of the Sacred Heart Thamarrurr Catholic School", "kind": "school", "label": "School", "source": "OpenStreetMap contributors"}}, {"type": "Feature", "geometry": {"type": "Point", "coordinates": [129.8817456, -14.3526019]}, "properties": {"id": "osm-node-3300469023", "name": "Nganmarriyanga School", "kind": "school", "label": "School", "source": "OpenStreetMap contributors"}}, {"type": "Feature", "geometry": {"type": "Point", "coordinates": [130.0805704, -14.1561649]}, "properties": {"id": "osm-node-3301216483", "name": "Peppimenarti Health Centre", "kind": "clinic", "label": "Clinic", "source": "OpenStreetMap contributors"}}, {"type": "Feature", "geometry": {"type": "Point", "coordinates": [130.0768265, -14.1498676]}, "properties": {"id": "osm-node-3301216486", "name": "Peppimenarti School", "kind": "school", "label": "School", "source": "OpenStreetMap contributors"}}, {"type": "Feature", "geometry": {"type": "Point", "coordinates": [134.0830016, -15.2212272]}, "properties": {"id": "osm-node-3340904648", "name": "Minyerri School", "kind": "school", "label": "School", "source": "OpenStreetMap contributors"}}, {"type": "Feature", "geometry": {"type": "Point", "coordinates": [130.4649174, -15.6482321]}, "properties": {"id": "osm-node-3429415476", "name": "Timber Creek School", "kind": "school", "label": "School", "source": "OpenStreetMap contributors"}}, {"type": "Feature", "geometry": {"type": "Point", "coordinates": [130.8841732, -16.4473599]}, "properties": {"id": "osm-node-3429947159", "name": "Yarralin Health Centre", "kind": "clinic", "label": "Clinic", "source": "OpenStreetMap contributors"}}, {"type": "Feature", "geometry": {"type": "Point", "coordinates": [130.8818985, -16.4469637]}, "properties": {"id": "osm-node-3429947160", "name": "Yarralin School", "kind": "school", "label": "School", "source": "OpenStreetMap contributors"}}, {"type": "Feature", "geometry": {"type": "Point", "coordinates": [130.0397629, -15.7661619]}, "properties": {"id": "osm-node-3430898530", "name": "Bulla Health Centre", "kind": "clinic", "label": "Clinic", "source": "OpenStreetMap contributors"}}, {"type": "Feature", "geometry": {"type": "Point", "coordinates": [130.0398038, -15.7691319]}, "properties": {"id": "osm-node-3430898531", "name": "Bulla Camp School", "kind": "school", "label": "School", "source": "OpenStreetMap contributors"}}, {"type": "Feature", "geometry": {"type": "Point", "coordinates": [132.865829, -14.5242929]}, "properties": {"id": "osm-node-3742666561", "name": "Barunga School", "kind": "school", "label": "School", "source": "OpenStreetMap contributors"}}, {"type": "Feature", "geometry": {"type": "Point", "coordinates": [132.8657338, -14.5249342]}, "properties": {"id": "osm-node-3742717625", "name": "Barunga Health Centre", "kind": "clinic", "label": "Clinic", "source": "OpenStreetMap contributors"}}, {"type": "Feature", "geometry": {"type": "Point", "coordinates": [133.1132627, -14.5546614]}, "properties": {"id": "osm-node-3742789975", "name": "Beswick Health Centre", "kind": "clinic", "label": "Clinic", "source": "OpenStreetMap contributors"}}, {"type": "Feature", "geometry": {"type": "Point", "coordinates": [133.1187968, -14.5615835]}, "properties": {"id": "osm-node-3742791564", "name": "Wugularr School", "kind": "school", "label": "School", "source": "OpenStreetMap contributors"}}, {"type": "Feature", "geometry": {"type": "Point", "coordinates": [131.0303467, -13.0457777]}, "properties": {"id": "osm-node-3744210150", "name": "Batchelor Health Centre", "kind": "clinic", "label": "Clinic", "source": "OpenStreetMap contributors"}}, {"type": "Feature", "geometry": {"type": "Point", "coordinates": [130.6920893, -13.7499469]}, "properties": {"id": "osm-node-3745334331", "name": "Nauiyu Health Centre", "kind": "clinic", "label": "Clinic", "source": "OpenStreetMap contributors"}}, {"type": "Feature", "geometry": {"type": "Point", "coordinates": [130.6881465, -13.7502458]}, "properties": {"id": "osm-node-3745334379", "name": "St Francis Xavier's School", "kind": "school", "label": "School", "source": "OpenStreetMap contributors"}}, {"type": "Feature", "geometry": {"type": "Point", "coordinates": [130.3783215, -12.7513515]}, "properties": {"id": "osm-node-3749513201", "name": "Dundee Beach School", "kind": "school", "label": "School", "source": "OpenStreetMap contributors"}}, {"type": "Feature", "geometry": {"type": "Point", "coordinates": [130.8448625, -12.4407323]}, "properties": {"id": "osm-node-3753066250", "name": "Stuart Park Primary School", "kind": "school", "label": "School", "source": "OpenStreetMap contributors"}}, {"type": "Feature", "geometry": {"type": "Point", "coordinates": [134.3755784, -24.1308387]}, "properties": {"id": "osm-node-3798032559", "name": "Ltyentye Purte Health Centre", "kind": "clinic", "label": "Clinic", "source": "OpenStreetMap contributors"}}, {"type": "Feature", "geometry": {"type": "Point", "coordinates": [134.3744231, -24.1295767]}, "properties": {"id": "osm-node-3798055647", "name": "Ltyentye Apurte Catholic School", "kind": "school", "label": "School", "source": "OpenStreetMap contributors"}}, {"type": "Feature", "geometry": {"type": "Point", "coordinates": [133.0863405, -24.1247108]}, "properties": {"id": "osm-node-3800613356", "name": "Wallace Rockhole Health Centre", "kind": "clinic", "label": "Clinic", "source": "OpenStreetMap contributors"}}, {"type": "Feature", "geometry": {"type": "Point", "coordinates": [133.0855098, -24.1233612]}, "properties": {"id": "osm-node-3800613957", "name": "Wallace Rockhole School", "kind": "school", "label": "School", "source": "OpenStreetMap contributors"}}, {"type": "Feature", "geometry": {"type": "Point", "coordinates": [132.3565152, -23.2902271]}, "properties": {"id": "osm-node-3800722583", "name": "Mbunghara School", "kind": "school", "label": "School", "source": "OpenStreetMap contributors"}}, {"type": "Feature", "geometry": {"type": "Point", "coordinates": [130.9939526, -12.4934874]}, "properties": {"id": "osm-node-3802886610", "name": "Bakewell Primary School", "kind": "school", "label": "School", "source": "OpenStreetMap contributors"}}, {"type": "Feature", "geometry": {"type": "Point", "coordinates": [136.305245, -16.0545005]}, "properties": {"id": "osm-node-3825425975", "name": "Borroloola Health Centre", "kind": "clinic", "label": "Clinic", "source": "OpenStreetMap contributors"}}, {"type": "Feature", "geometry": {"type": "Point", "coordinates": [136.1833763, -17.2425173]}, "properties": {"id": "osm-node-3826570800", "name": "Kiana School", "kind": "school", "label": "School", "source": "OpenStreetMap contributors"}}, {"type": "Feature", "geometry": {"type": "Point", "coordinates": [136.981158, -16.7601901]}, "properties": {"id": "osm-node-3827269790", "name": "Robinson River School", "kind": "school", "label": "School", "source": "OpenStreetMap contributors"}}, {"type": "Feature", "geometry": {"type": "Point", "coordinates": [130.9142546, -12.4058182]}, "properties": {"id": "osm-node-3866651552", "name": "Cypress Community Hall", "kind": "community_centre", "label": "Community centre", "source": "OpenStreetMap contributors"}}, {"type": "Feature", "geometry": {"type": "Point", "coordinates": [130.002026, -13.8595817]}, "properties": {"id": "osm-node-4065512933", "name": "Woodycupaldiya Health Centre", "kind": "clinic", "label": "Clinic", "source": "OpenStreetMap contributors"}}, {"type": "Feature", "geometry": {"type": "Point", "coordinates": [131.1044291, -13.2438802]}, "properties": {"id": "osm-node-4382292368", "name": "Unnamed shelter", "kind": "shelter", "label": "Shelter", "source": "OpenStreetMap contributors"}}, {"type": "Feature", "geometry": {"type": "Point", "coordinates": [133.9373652, -23.7671635]}, "properties": {"id": "osm-node-4382787151", "name": "Unnamed shelter", "kind": "shelter", "label": "Shelter", "source": "OpenStreetMap contributors"}}, {"type": "Feature", "geometry": {"type": "Point", "coordinates": [133.9368851, -23.7674924]}, "properties": {"id": "osm-node-4382787152", "name": "Unnamed shelter", "kind": "shelter", "label": "Shelter", "source": "OpenStreetMap contributors"}}, {"type": "Feature", "geometry": {"type": "Point", "coordinates": [135.22454, -21.6592971]}, "properties": {"id": "osm-node-4382793681", "name": "Ampilatwatja Health Centre", "kind": "clinic", "label": "Clinic", "source": "OpenStreetMap contributors"}}, {"type": "Feature", "geometry": {"type": "Point", "coordinates": [129.1231329, -24.9295256]}, "properties": {"id": "osm-node-4382796685", "name": "Unnamed shelter", "kind": "shelter", "label": "Shelter", "source": "OpenStreetMap contributors"}}, {"type": "Feature", "geometry": {"type": "Point", "coordinates": [136.7258057, -13.9189037]}, "properties": {"id": "osm-node-4382883896", "name": "Unnamed shelter", "kind": "shelter", "label": "Shelter", "source": "OpenStreetMap contributors"}}, {"type": "Feature", "geometry": {"type": "Point", "coordinates": [136.3920097, -13.2186591]}, "properties": {"id": "osm-node-4389391800", "name": "Health Clinic", "kind": "clinic", "label": "Clinic", "source": "OpenStreetMap contributors"}}, {"type": "Feature", "geometry": {"type": "Point", "coordinates": [134.3302132, -13.6647292]}, "properties": {"id": "osm-node-4405242005", "name": "Unnamed shelter", "kind": "shelter", "label": "Shelter", "source": "OpenStreetMap contributors"}}, {"type": "Feature", "geometry": {"type": "Point", "coordinates": [133.8718472, -23.6633186]}, "properties": {"id": "osm-node-4406330959", "name": "Unnamed shelter", "kind": "shelter", "label": "Shelter", "source": "OpenStreetMap contributors"}}, {"type": "Feature", "geometry": {"type": "Point", "coordinates": [133.8574466, -23.3130279]}, "properties": {"id": "osm-node-4413863732", "name": "Unnamed shelter", "kind": "shelter", "label": "Shelter", "source": "OpenStreetMap contributors"}}, {"type": "Feature", "geometry": {"type": "Point", "coordinates": [132.5776334, -11.1484525]}, "properties": {"id": "osm-node-4418980175", "name": "Unnamed shelter", "kind": "shelter", "label": "Shelter", "source": "OpenStreetMap contributors"}}, {"type": "Feature", "geometry": {"type": "Point", "coordinates": [137.2082547, -16.8922376]}, "properties": {"id": "osm-node-4420393673", "name": "Unnamed shelter", "kind": "shelter", "label": "Shelter", "source": "OpenStreetMap contributors"}}, {"type": "Feature", "geometry": {"type": "Point", "coordinates": [134.8233184, -23.073993]}, "properties": {"id": "osm-node-4442099632", "name": "Unnamed shelter", "kind": "shelter", "label": "Shelter", "source": "OpenStreetMap contributors"}}, {"type": "Feature", "geometry": {"type": "Point", "coordinates": [132.1444381, -11.1330184]}, "properties": {"id": "osm-node-4450183965", "name": "Unnamed shelter", "kind": "shelter", "label": "Shelter", "source": "OpenStreetMap contributors"}}, {"type": "Feature", "geometry": {"type": "Point", "coordinates": [136.2316642, -12.5920949]}, "properties": {"id": "osm-node-4450407633", "name": "Unnamed shelter", "kind": "shelter", "label": "Shelter", "source": "OpenStreetMap contributors"}}, {"type": "Feature", "geometry": {"type": "Point", "coordinates": [130.8489066, -12.3929034]}, "properties": {"id": "osm-node-4451632707", "name": "Unnamed shelter", "kind": "shelter", "label": "Shelter", "source": "OpenStreetMap contributors"}}, {"type": "Feature", "geometry": {"type": "Point", "coordinates": [135.361661, -12.0992667]}, "properties": {"id": "osm-node-4453338725", "name": "Unnamed shelter", "kind": "shelter", "label": "Shelter", "source": "OpenStreetMap contributors"}}, {"type": "Feature", "geometry": {"type": "Point", "coordinates": [134.6807765, -21.0489358]}, "properties": {"id": "osm-node-4456316781", "name": "Unnamed shelter", "kind": "shelter", "label": "Shelter", "source": "OpenStreetMap contributors"}}, {"type": "Feature", "geometry": {"type": "Point", "coordinates": [132.3735952, -23.9900389]}, "properties": {"id": "osm-node-4457787321", "name": "Unnamed shelter", "kind": "shelter", "label": "Shelter", "source": "OpenStreetMap contributors"}}, {"type": "Feature", "geometry": {"type": "Point", "coordinates": [133.8708519, -23.7659293]}, "properties": {"id": "osm-node-4458915154", "name": "Unnamed shelter", "kind": "shelter", "label": "Shelter", "source": "OpenStreetMap contributors"}}, {"type": "Feature", "geometry": {"type": "Point", "coordinates": [132.5718338, -12.9333566]}, "properties": {"id": "osm-node-4463046462", "name": "Unnamed shelter", "kind": "shelter", "label": "Shelter", "source": "OpenStreetMap contributors"}}, {"type": "Feature", "geometry": {"type": "Point", "coordinates": [132.5718982, -12.9333618]}, "properties": {"id": "osm-node-4463046463", "name": "Unnamed shelter", "kind": "shelter", "label": "Shelter", "source": "OpenStreetMap contributors"}}, {"type": "Feature", "geometry": {"type": "Point", "coordinates": [133.864655, -23.7652069]}, "properties": {"id": "osm-node-4470028792", "name": "Unnamed shelter", "kind": "shelter", "label": "Shelter", "source": "OpenStreetMap contributors"}}, {"type": "Feature", "geometry": {"type": "Point", "coordinates": [132.8311551, -14.2712245]}, "properties": {"id": "osm-node-4497772171", "name": "Unnamed shelter", "kind": "shelter", "label": "Shelter", "source": "OpenStreetMap contributors"}}, {"type": "Feature", "geometry": {"type": "Point", "coordinates": [133.0690255, -14.9247417]}, "properties": {"id": "osm-node-4506035787", "name": "Unnamed shelter", "kind": "shelter", "label": "Shelter", "source": "OpenStreetMap contributors"}}, {"type": "Feature", "geometry": {"type": "Point", "coordinates": [133.8693813, -24.3951786]}, "properties": {"id": "osm-node-4513567477", "name": "Unnamed shelter", "kind": "shelter", "label": "Shelter", "source": "OpenStreetMap contributors"}}, {"type": "Feature", "geometry": {"type": "Point", "coordinates": [134.7328312, -14.7305979]}, "properties": {"id": "osm-node-4526123340", "name": "Unnamed shelter", "kind": "shelter", "label": "Shelter", "source": "OpenStreetMap contributors"}}, {"type": "Feature", "geometry": {"type": "Point", "coordinates": [134.7327253, -14.7307431]}, "properties": {"id": "osm-node-4526123341", "name": "Unnamed shelter", "kind": "shelter", "label": "Shelter", "source": "OpenStreetMap contributors"}}, {"type": "Feature", "geometry": {"type": "Point", "coordinates": [134.931359, -14.7875866]}, "properties": {"id": "osm-node-4528239760", "name": "Unnamed shelter", "kind": "shelter", "label": "Shelter", "source": "OpenStreetMap contributors"}}, {"type": "Feature", "geometry": {"type": "Point", "coordinates": [129.2942219, -24.6741389]}, "properties": {"id": "osm-node-4543052663", "name": "Unnamed shelter", "kind": "shelter", "label": "Shelter", "source": "OpenStreetMap contributors"}}, {"type": "Feature", "geometry": {"type": "Point", "coordinates": [134.5638746, -14.7102814]}, "properties": {"id": "osm-node-4547187378", "name": "Unnamed shelter", "kind": "shelter", "label": "Shelter", "source": "OpenStreetMap contributors"}}, {"type": "Feature", "geometry": {"type": "Point", "coordinates": [134.5639433, -14.7102863]}, "properties": {"id": "osm-node-4547187379", "name": "Unnamed shelter", "kind": "shelter", "label": "Shelter", "source": "OpenStreetMap contributors"}}, {"type": "Feature", "geometry": {"type": "Point", "coordinates": [134.5643392, -14.7099506]}, "properties": {"id": "osm-node-4547187380", "name": "Unnamed shelter", "kind": "shelter", "label": "Shelter", "source": "OpenStreetMap contributors"}}, {"type": "Feature", "geometry": {"type": "Point", "coordinates": [134.9184583, -23.0398345]}, "properties": {"id": "osm-node-4548728183", "name": "Unnamed shelter", "kind": "shelter", "label": "Shelter", "source": "OpenStreetMap contributors"}}, {"type": "Feature", "geometry": {"type": "Point", "coordinates": [130.712289, -11.6111543]}, "properties": {"id": "osm-node-4550739731", "name": "Unnamed shelter", "kind": "shelter", "label": "Shelter", "source": "OpenStreetMap contributors"}}, {"type": "Feature", "geometry": {"type": "Point", "coordinates": [137.4898233, -20.024817]}, "properties": {"id": "osm-node-4621820587", "name": "Unnamed shelter", "kind": "shelter", "label": "Shelter", "source": "OpenStreetMap contributors"}}, {"type": "Feature", "geometry": {"type": "Point", "coordinates": [133.8983959, -23.7004096]}, "properties": {"id": "osm-node-4949071658", "name": "Unnamed shelter", "kind": "shelter", "label": "Shelter", "source": "OpenStreetMap contributors"}}, {"type": "Feature", "geometry": {"type": "Point", "coordinates": [132.9583225, -12.4117948]}, "properties": {"id": "osm-node-4960951116", "name": "Unnamed shelter", "kind": "shelter", "label": "Shelter", "source": "OpenStreetMap contributors"}}, {"type": "Feature", "geometry": {"type": "Point", "coordinates": [131.0305345, -13.0468444]}, "properties": {"id": "osm-node-4965019673", "name": "Batchelor Primary School", "kind": "school", "label": "School", "source": "OpenStreetMap contributors"}}, {"type": "Feature", "geometry": {"type": "Point", "coordinates": [130.8873798, -12.3703058]}, "properties": {"id": "osm-node-4975244389", "name": "Unnamed shelter", "kind": "shelter", "label": "Shelter", "source": "OpenStreetMap contributors"}}, {"type": "Feature", "geometry": {"type": "Point", "coordinates": [130.8743948, -12.3866477]}, "properties": {"id": "osm-node-4990169282", "name": "Unnamed shelter", "kind": "shelter", "label": "Shelter", "source": "OpenStreetMap contributors"}}, {"type": "Feature", "geometry": {"type": "Point", "coordinates": [130.8738014, -12.3866065]}, "properties": {"id": "osm-node-4990169283", "name": "Unnamed shelter", "kind": "shelter", "label": "Shelter", "source": "OpenStreetMap contributors"}}, {"type": "Feature", "geometry": {"type": "Point", "coordinates": [130.8742215, -12.3877214]}, "properties": {"id": "osm-node-4990172228", "name": "Unnamed shelter", "kind": "shelter", "label": "Shelter", "source": "OpenStreetMap contributors"}}, {"type": "Feature", "geometry": {"type": "Point", "coordinates": [130.8769623, -12.3795997]}, "properties": {"id": "osm-node-4994405233", "name": "Unnamed shelter", "kind": "shelter", "label": "Shelter", "source": "OpenStreetMap contributors"}}, {"type": "Feature", "geometry": {"type": "Point", "coordinates": [130.8769602, -12.3796842]}, "properties": {"id": "osm-node-4994405234", "name": "Unnamed shelter", "kind": "shelter", "label": "Shelter", "source": "OpenStreetMap contributors"}}, {"type": "Feature", "geometry": {"type": "Point", "coordinates": [130.8311787, -12.4124927]}, "properties": {"id": "osm-node-4999210421", "name": "Unnamed shelter", "kind": "shelter", "label": "Shelter", "source": "OpenStreetMap contributors"}}, {"type": "Feature", "geometry": {"type": "Point", "coordinates": [130.8675993, -12.3716195]}, "properties": {"id": "osm-node-5134976121", "name": "Charles Darwin Uni", "kind": "school", "label": "School", "source": "OpenStreetMap contributors"}}, {"type": "Feature", "geometry": {"type": "Point", "coordinates": [130.9737521, -12.4756269]}, "properties": {"id": "osm-node-5307843575", "name": "Durack Primary", "kind": "school", "label": "School", "source": "OpenStreetMap contributors"}}, {"type": "Feature", "geometry": {"type": "Point", "coordinates": [130.8819991, -12.3547206]}, "properties": {"id": "osm-node-5316274767", "name": "Smoking Area", "kind": "shelter", "label": "Shelter", "source": "OpenStreetMap contributors"}}, {"type": "Feature", "geometry": {"type": "Point", "coordinates": [133.8762917, -23.6993935]}, "properties": {"id": "osm-node-5331264850", "name": "Unnamed shelter", "kind": "shelter", "label": "Shelter", "source": "OpenStreetMap contributors"}}, {"type": "Feature", "geometry": {"type": "Point", "coordinates": [130.9830426, -12.4925837]}, "properties": {"id": "osm-node-5397248623", "name": "Unnamed shelter", "kind": "shelter", "label": "Shelter", "source": "OpenStreetMap contributors"}}, {"type": "Feature", "geometry": {"type": "Point", "coordinates": [130.867499, -12.3615708]}, "properties": {"id": "osm-node-5549159905", "name": "Unnamed shelter", "kind": "shelter", "label": "Shelter", "source": "OpenStreetMap contributors"}}, {"type": "Feature", "geometry": {"type": "Point", "coordinates": [130.8604633, -12.3746915]}, "properties": {"id": "osm-node-5549172248", "name": "Unnamed shelter", "kind": "shelter", "label": "Shelter", "source": "OpenStreetMap contributors"}}, {"type": "Feature", "geometry": {"type": "Point", "coordinates": [130.8677403, -12.3618729]}, "properties": {"id": "osm-node-5549183264", "name": "Unnamed shelter", "kind": "shelter", "label": "Shelter", "source": "OpenStreetMap contributors"}}, {"type": "Feature", "geometry": {"type": "Point", "coordinates": [130.8680845, -12.3618181]}, "properties": {"id": "osm-node-5549183265", "name": "Unnamed shelter", "kind": "shelter", "label": "Shelter", "source": "OpenStreetMap contributors"}}, {"type": "Feature", "geometry": {"type": "Point", "coordinates": [132.013401, -14.1628447]}, "properties": {"id": "osm-node-5644901799", "name": "Unnamed shelter", "kind": "shelter", "label": "Shelter", "source": "OpenStreetMap contributors"}}, {"type": "Feature", "geometry": {"type": "Point", "coordinates": [131.9890902, -14.0972787]}, "properties": {"id": "osm-node-5645457787", "name": "Unnamed shelter", "kind": "shelter", "label": "Shelter", "source": "OpenStreetMap contributors"}}, {"type": "Feature", "geometry": {"type": "Point", "coordinates": [131.5950769, -12.8605675]}, "properties": {"id": "osm-node-5665811151", "name": "Unnamed shelter", "kind": "shelter", "label": "Shelter", "source": "OpenStreetMap contributors"}}, {"type": "Feature", "geometry": {"type": "Point", "coordinates": [130.8656055, -12.3652362]}, "properties": {"id": "osm-node-5685171912", "name": "Unnamed shelter", "kind": "shelter", "label": "Shelter", "source": "OpenStreetMap contributors"}}, {"type": "Feature", "geometry": {"type": "Point", "coordinates": [130.8643073, -12.367078]}, "properties": {"id": "osm-node-5685171913", "name": "Dripstone Cliffs Picnic Area", "kind": "shelter", "label": "Shelter", "source": "OpenStreetMap contributors"}}, {"type": "Feature", "geometry": {"type": "Point", "coordinates": [130.8606596, -12.3748384]}, "properties": {"id": "osm-node-5685173629", "name": "Rapid Creek Picnic Area", "kind": "shelter", "label": "Shelter", "source": "OpenStreetMap contributors"}}, {"type": "Feature", "geometry": {"type": "Point", "coordinates": [130.8604892, -12.3748631]}, "properties": {"id": "osm-node-5685173630", "name": "Unnamed shelter", "kind": "shelter", "label": "Shelter", "source": "OpenStreetMap contributors"}}, {"type": "Feature", "geometry": {"type": "Point", "coordinates": [133.8761853, -23.7007169]}, "properties": {"id": "osm-node-5759754293", "name": "Unnamed shelter", "kind": "shelter", "label": "Shelter", "source": "OpenStreetMap contributors"}}, {"type": "Feature", "geometry": {"type": "Point", "coordinates": [130.843937, -12.4326095]}, "properties": {"id": "osm-node-5836502348", "name": "Unnamed shelter", "kind": "shelter", "label": "Shelter", "source": "OpenStreetMap contributors"}}, {"type": "Feature", "geometry": {"type": "Point", "coordinates": [133.8729222, -23.7103632]}, "properties": {"id": "osm-node-5838097023", "name": "Unnamed shelter", "kind": "shelter", "label": "Shelter", "source": "OpenStreetMap contributors"}}, {"type": "Feature", "geometry": {"type": "Point", "coordinates": [133.8728175, -23.7105716]}, "properties": {"id": "osm-node-5838097024", "name": "Unnamed shelter", "kind": "shelter", "label": "Shelter", "source": "OpenStreetMap contributors"}}, {"type": "Feature", "geometry": {"type": "Point", "coordinates": [134.9265823, -12.3261939]}, "properties": {"id": "osm-node-6516091105", "name": "Ramingining School", "kind": "school", "label": "School", "source": "OpenStreetMap contributors"}}, {"type": "Feature", "geometry": {"type": "Point", "coordinates": [130.8933459, -12.3521471]}, "properties": {"id": "osm-node-6857209679", "name": "Unnamed shelter", "kind": "shelter", "label": "Shelter", "source": "OpenStreetMap contributors"}}, {"type": "Feature", "geometry": {"type": "Point", "coordinates": [134.9219662, -12.1487055]}, "properties": {"id": "osm-node-7502329612", "name": "Unnamed shelter", "kind": "shelter", "label": "Shelter", "source": "OpenStreetMap contributors"}}, {"type": "Feature", "geometry": {"type": "Point", "coordinates": [134.922052, -12.1486531]}, "properties": {"id": "osm-node-7502329613", "name": "Unnamed shelter", "kind": "shelter", "label": "Shelter", "source": "OpenStreetMap contributors"}}, {"type": "Feature", "geometry": {"type": "Point", "coordinates": [134.9226574, -12.1061225]}, "properties": {"id": "osm-node-7715017189", "name": "Milingimbi Health Centre", "kind": "clinic", "label": "Clinic", "source": "OpenStreetMap contributors"}}, {"type": "Feature", "geometry": {"type": "Point", "coordinates": [135.4557491, -15.8086932]}, "properties": {"id": "osm-node-8543754801", "name": "Unnamed shelter", "kind": "shelter", "label": "Shelter", "source": "OpenStreetMap contributors"}}, {"type": "Feature", "geometry": {"type": "Point", "coordinates": [132.4447037, -14.3136515]}, "properties": {"id": "osm-node-8837262425", "name": "Unnamed shelter", "kind": "shelter", "label": "Shelter", "source": "OpenStreetMap contributors"}}, {"type": "Feature", "geometry": {"type": "Point", "coordinates": [132.4446668, -14.3137614]}, "properties": {"id": "osm-node-8912453918", "name": "Unnamed shelter", "kind": "shelter", "label": "Shelter", "source": "OpenStreetMap contributors"}}, {"type": "Feature", "geometry": {"type": "Point", "coordinates": [132.609431, -21.2474267]}, "properties": {"id": "osm-node-9075023733", "name": "Willowra Health Centre", "kind": "clinic", "label": "Clinic", "source": "OpenStreetMap contributors"}}, {"type": "Feature", "geometry": {"type": "Point", "coordinates": [136.8926673, -12.249838]}, "properties": {"id": "osm-node-9075774314", "name": "Yirrkala Health Centre", "kind": "clinic", "label": "Clinic", "source": "OpenStreetMap contributors"}}, {"type": "Feature", "geometry": {"type": "Point", "coordinates": [134.3324654, -13.6650614]}, "properties": {"id": "osm-node-9081472744", "name": "Bulman Health Centre", "kind": "clinic", "label": "Clinic", "source": "OpenStreetMap contributors"}}, {"type": "Feature", "geometry": {"type": "Point", "coordinates": [134.7336265, -14.7295184]}, "properties": {"id": "osm-node-9081487517", "name": "Ngukurr Health Centre", "kind": "clinic", "label": "Clinic", "source": "OpenStreetMap contributors"}}, {"type": "Feature", "geometry": {"type": "Point", "coordinates": [130.6391641, -11.7587104]}, "properties": {"id": "osm-node-9081489362", "name": "Julanimawu Health Care Centre", "kind": "clinic", "label": "Clinic", "source": "OpenStreetMap contributors"}}, {"type": "Feature", "geometry": {"type": "Point", "coordinates": [136.2258172, -13.1997421]}, "properties": {"id": "osm-node-9081491141", "name": "Baniyala Health Centre", "kind": "clinic", "label": "Clinic", "source": "OpenStreetMap contributors"}}, {"type": "Feature", "geometry": {"type": "Point", "coordinates": [132.5768202, -11.1499374]}, "properties": {"id": "osm-node-9081495553", "name": "Minjilang Health Centre", "kind": "clinic", "label": "Clinic", "source": "OpenStreetMap contributors"}}, {"type": "Feature", "geometry": {"type": "Point", "coordinates": [130.7003865, -12.5386826]}, "properties": {"id": "osm-node-9081518747", "name": "Belyuen Health Centre", "kind": "clinic", "label": "Clinic", "source": "OpenStreetMap contributors"}}, {"type": "Feature", "geometry": {"type": "Point", "coordinates": [135.2502264, -20.4633341]}, "properties": {"id": "osm-node-9085995776", "name": "Wutunugurra Health Centre", "kind": "clinic", "label": "Clinic", "source": "OpenStreetMap contributors"}}, {"type": "Feature", "geometry": {"type": "Point", "coordinates": [132.5695316, -25.1287156]}, "properties": {"id": "osm-node-9134665343", "name": "Imanpa Health Centre", "kind": "clinic", "label": "Clinic", "source": "OpenStreetMap contributors"}}, {"type": "Feature", "geometry": {"type": "Point", "coordinates": [133.8446233, -12.764579]}, "properties": {"id": "osm-node-9136624566", "name": "Nawarddeken Academy", "kind": "school", "label": "School", "source": "OpenStreetMap contributors"}}, {"type": "Feature", "geometry": {"type": "Point", "coordinates": [129.5199445, -14.2412661]}, "properties": {"id": "osm-node-9153753654", "name": "Unnamed clinic", "kind": "clinic", "label": "Clinic", "source": "OpenStreetMap contributors"}}, {"type": "Feature", "geometry": {"type": "Point", "coordinates": [133.8644667, -19.324951]}, "properties": {"id": "osm-node-9506763616", "name": "Unnamed shelter", "kind": "shelter", "label": "Shelter", "source": "OpenStreetMap contributors"}}, {"type": "Feature", "geometry": {"type": "Point", "coordinates": [133.864519, -19.3250522]}, "properties": {"id": "osm-node-9506763617", "name": "Unnamed shelter", "kind": "shelter", "label": "Shelter", "source": "OpenStreetMap contributors"}}, {"type": "Feature", "geometry": {"type": "Point", "coordinates": [130.8978765, -13.0466707]}, "properties": {"id": "osm-node-9516416338", "name": "Unnamed shelter", "kind": "shelter", "label": "Shelter", "source": "OpenStreetMap contributors"}}, {"type": "Feature", "geometry": {"type": "Point", "coordinates": [136.1519728, -22.9536048]}, "properties": {"id": "osm-node-9866007982", "name": "Unnamed shelter", "kind": "shelter", "label": "Shelter", "source": "OpenStreetMap contributors"}}, {"type": "Feature", "geometry": {"type": "Point", "coordinates": [130.6386089, -11.7590623]}, "properties": {"id": "osm-node-9961208215", "name": "Wurrumiyanga Well Being Centre", "kind": "clinic", "label": "Clinic", "source": "OpenStreetMap contributors"}}, {"type": "Feature", "geometry": {"type": "Point", "coordinates": [137.4883753, -20.024704]}, "properties": {"id": "osm-node-11182432428", "name": "Unnamed shelter", "kind": "shelter", "label": "Shelter", "source": "OpenStreetMap contributors"}}, {"type": "Feature", "geometry": {"type": "Point", "coordinates": [131.6837291, -15.1398068]}, "properties": {"id": "osm-node-11182471264", "name": "Unnamed shelter", "kind": "shelter", "label": "Shelter", "source": "OpenStreetMap contributors"}}, {"type": "Feature", "geometry": {"type": "Point", "coordinates": [133.3291729, -22.531295]}, "properties": {"id": "osm-node-11182471278", "name": "Unnamed shelter", "kind": "shelter", "label": "Shelter", "source": "OpenStreetMap contributors"}}, {"type": "Feature", "geometry": {"type": "Point", "coordinates": [132.839092, -12.6713823]}, "properties": {"id": "osm-node-11810020518", "name": "Unnamed shelter", "kind": "shelter", "label": "Shelter", "source": "OpenStreetMap contributors"}}, {"type": "Feature", "geometry": {"type": "Point", "coordinates": [132.8340922, -12.6768279]}, "properties": {"id": "osm-node-11810020519", "name": "Unnamed shelter", "kind": "shelter", "label": "Shelter", "source": "OpenStreetMap contributors"}}, {"type": "Feature", "geometry": {"type": "Point", "coordinates": [132.8418672, -12.6723258]}, "properties": {"id": "osm-node-11810020538", "name": "Unnamed shelter", "kind": "shelter", "label": "Shelter", "source": "OpenStreetMap contributors"}}, {"type": "Feature", "geometry": {"type": "Point", "coordinates": [132.8378391, -12.6779914]}, "properties": {"id": "osm-node-11810020554", "name": "Unnamed shelter", "kind": "shelter", "label": "Shelter", "source": "OpenStreetMap contributors"}}, {"type": "Feature", "geometry": {"type": "Point", "coordinates": [132.8427067, -12.6732097]}, "properties": {"id": "osm-node-11810020555", "name": "Unnamed shelter", "kind": "shelter", "label": "Shelter", "source": "OpenStreetMap contributors"}}, {"type": "Feature", "geometry": {"type": "Point", "coordinates": [136.4598084, -13.9743685]}, "properties": {"id": "osm-node-12300588487", "name": "Unnamed shelter", "kind": "shelter", "label": "Shelter", "source": "OpenStreetMap contributors"}}, {"type": "Feature", "geometry": {"type": "Point", "coordinates": [136.4599385, -13.9743791]}, "properties": {"id": "osm-node-12300588488", "name": "Unnamed shelter", "kind": "shelter", "label": "Shelter", "source": "OpenStreetMap contributors"}}, {"type": "Feature", "geometry": {"type": "Point", "coordinates": [130.9928847, -12.7037238]}, "properties": {"id": "osm-node-12366587707", "name": "Billabong Viewing Shelter", "kind": "shelter", "label": "Shelter", "source": "OpenStreetMap contributors"}}, {"type": "Feature", "geometry": {"type": "Point", "coordinates": [133.1428959, -24.5711848]}, "properties": {"id": "osm-node-12393406010", "name": "Unnamed shelter", "kind": "shelter", "label": "Shelter", "source": "OpenStreetMap contributors"}}, {"type": "Feature", "geometry": {"type": "Point", "coordinates": [133.143292, -24.5711435]}, "properties": {"id": "osm-node-12393406011", "name": "Unnamed shelter", "kind": "shelter", "label": "Shelter", "source": "OpenStreetMap contributors"}}, {"type": "Feature", "geometry": {"type": "Point", "coordinates": [130.8366082, -12.4605912]}, "properties": {"id": "osm-node-13117041201", "name": "First Aid Pro", "kind": "school", "label": "School", "source": "OpenStreetMap contributors"}}, {"type": "Feature", "geometry": {"type": "Point", "coordinates": [130.8404018, -12.4616187]}, "properties": {"id": "osm-node-13298573584", "name": "The Spot", "kind": "clinic", "label": "Clinic", "source": "OpenStreetMap contributors"}}, {"type": "Feature", "geometry": {"type": "Point", "coordinates": [130.8399682, -12.4359116]}, "properties": {"id": "osm-node-13310946245", "name": "Masonic Hall", "kind": "community_centre", "label": "Community centre", "source": "OpenStreetMap contributors"}}, {"type": "Feature", "geometry": {"type": "Point", "coordinates": [131.0062376, -12.4915569]}, "properties": {"id": "osm-node-13516584542", "name": "Care Point Johnston Medical Clinic", "kind": "clinic", "label": "Clinic", "source": "OpenStreetMap contributors"}}, {"type": "Feature", "geometry": {"type": "Point", "coordinates": [133.1960723, -24.9050868]}, "properties": {"id": "osm-node-13565729726", "name": "Unnamed shelter", "kind": "shelter", "label": "Shelter", "source": "OpenStreetMap contributors"}}, {"type": "Feature", "geometry": {"type": "Point", "coordinates": [133.1962652, -24.9052852]}, "properties": {"id": "osm-node-13565729727", "name": "Unnamed shelter", "kind": "shelter", "label": "Shelter", "source": "OpenStreetMap contributors"}}, {"type": "Feature", "geometry": {"type": "Point", "coordinates": [133.5435072, -22.9505533]}, "properties": {"id": "osm-node-13565833348", "name": "Unnamed shelter", "kind": "shelter", "label": "Shelter", "source": "OpenStreetMap contributors"}}, {"type": "Feature", "geometry": {"type": "Point", "coordinates": [133.4967527, -21.9603927]}, "properties": {"id": "osm-node-13565920232", "name": "Unnamed shelter", "kind": "shelter", "label": "Shelter", "source": "OpenStreetMap contributors"}}, {"type": "Feature", "geometry": {"type": "Point", "coordinates": [134.1152015, -21.2471329]}, "properties": {"id": "osm-node-13565920238", "name": "Unnamed shelter", "kind": "shelter", "label": "Shelter", "source": "OpenStreetMap contributors"}}, {"type": "Feature", "geometry": {"type": "Point", "coordinates": [134.2219527, -20.6408118]}, "properties": {"id": "osm-node-13565920254", "name": "Unnamed shelter", "kind": "shelter", "label": "Shelter", "source": "OpenStreetMap contributors"}}, {"type": "Feature", "geometry": {"type": "Point", "coordinates": [134.2464811, -20.4305001]}, "properties": {"id": "osm-node-13565920263", "name": "Unnamed shelter", "kind": "shelter", "label": "Shelter", "source": "OpenStreetMap contributors"}}, {"type": "Feature", "geometry": {"type": "Point", "coordinates": [136.1559917, -19.8428906]}, "properties": {"id": "osm-node-13588783058", "name": "Unnamed shelter", "kind": "shelter", "label": "Shelter", "source": "OpenStreetMap contributors"}}, {"type": "Feature", "geometry": {"type": "Point", "coordinates": [130.8629235, -12.3872984]}, "properties": {"id": "osm-node-13719878301", "name": "Right Care Medical Centre", "kind": "clinic", "label": "Clinic", "source": "OpenStreetMap contributors"}}, {"type": "Feature", "geometry": {"type": "Point", "coordinates": [130.8519821, -12.4007927]}, "properties": {"id": "osm-node-13807655901", "name": "Family Planning", "kind": "clinic", "label": "Clinic", "source": "OpenStreetMap contributors"}}, {"type": "Feature", "geometry": {"type": "Point", "coordinates": [130.9869078, -12.5000913]}, "properties": {"id": "osm-node-13880248303", "name": "Bakewell medical Centre", "kind": "clinic", "label": "Clinic", "source": "OpenStreetMap contributors"}}, {"type": "Feature", "geometry": {"type": "Point", "coordinates": [134.2639612, -20.5679583]}, "properties": {"id": "osm-node-14055346403", "name": "Unnamed shelter", "kind": "shelter", "label": "Shelter", "source": "OpenStreetMap contributors"}}, {"type": "Feature", "geometry": {"type": "Point", "coordinates": [134.2638704, -20.568288]}, "properties": {"id": "osm-node-14055346404", "name": "Unnamed shelter", "kind": "shelter", "label": "Shelter", "source": "OpenStreetMap contributors"}}, {"type": "Feature", "geometry": {"type": "Point", "coordinates": [134.264115, -20.567573]}, "properties": {"id": "osm-node-14056024180", "name": "Unnamed shelter", "kind": "shelter", "label": "Shelter", "source": "OpenStreetMap contributors"}}, {"type": "Feature", "geometry": {"type": "Point", "coordinates": [132.7817992, -23.9425652]}, "properties": {"id": "osm-node-14062887802", "name": "Unnamed shelter", "kind": "shelter", "label": "Shelter", "source": "OpenStreetMap contributors"}}, {"type": "Feature", "geometry": {"type": "Point", "coordinates": [132.781328, -23.9427475]}, "properties": {"id": "osm-node-14062887903", "name": "Unnamed shelter", "kind": "shelter", "label": "Shelter", "source": "OpenStreetMap contributors"}}, {"type": "Feature", "geometry": {"type": "Point", "coordinates": [132.7816553, -23.9426998]}, "properties": {"id": "osm-node-14062887904", "name": "Unnamed shelter", "kind": "shelter", "label": "Shelter", "source": "OpenStreetMap contributors"}}, {"type": "Feature", "geometry": {"type": "Point", "coordinates": [132.7816082, -23.9425285]}, "properties": {"id": "osm-node-14062888002", "name": "Unnamed shelter", "kind": "shelter", "label": "Shelter", "source": "OpenStreetMap contributors"}}, {"type": "Feature", "geometry": {"type": "Point", "coordinates": [133.4697937, -23.7220601]}, "properties": {"id": "osm-node-14065637401", "name": "Unnamed shelter", "kind": "shelter", "label": "Shelter", "source": "OpenStreetMap contributors"}}, {"type": "Feature", "geometry": {"type": "Point", "coordinates": [131.978651, -25.2656634]}, "properties": {"id": "osm-node-14069805801", "name": "Unnamed shelter", "kind": "shelter", "label": "Shelter", "source": "OpenStreetMap contributors"}}, {"type": "Feature", "geometry": {"type": "Point", "coordinates": [130.8606035, -12.3747639]}, "properties": {"id": "osm-node-14096195099", "name": "Unnamed shelter", "kind": "shelter", "label": "Shelter", "source": "OpenStreetMap contributors"}}, {"type": "Feature", "geometry": {"type": "Point", "coordinates": [130.8605783, -12.3750079]}, "properties": {"id": "osm-node-14096195100", "name": "Unnamed shelter", "kind": "shelter", "label": "Shelter", "source": "OpenStreetMap contributors"}}, {"type": "Feature", "geometry": {"type": "Point", "coordinates": [136.7777713, -12.1866547]}, "properties": {"id": "osm-way-49810136", "name": "Gove District Hospital", "kind": "hospital", "label": "Hospital", "source": "OpenStreetMap contributors"}}, {"type": "Feature", "geometry": {"type": "Point", "coordinates": [130.553266, -22.6505725]}, "properties": {"id": "osm-way-94067626", "name": "Hall", "kind": "community_centre", "label": "Community centre", "source": "OpenStreetMap contributors"}}, {"type": "Feature", "geometry": {"type": "Point", "coordinates": [130.5530448, -22.6484873]}, "properties": {"id": "osm-way-94068281", "name": "Nyirripi Health Centre", "kind": "clinic", "label": "Clinic", "source": "OpenStreetMap contributors"}}, {"type": "Feature", "geometry": {"type": "Point", "coordinates": [130.9778463, -12.4367465]}, "properties": {"id": "osm-way-173695467", "name": "Robertson Health Centre", "kind": "clinic", "label": "Clinic", "source": "OpenStreetMap contributors"}}, {"type": "Feature", "geometry": {"type": "Point", "coordinates": [133.8782589, -23.7061774]}, "properties": {"id": "osm-way-186250212", "name": "Alice Springs Hospital", "kind": "hospital", "label": "Hospital", "source": "OpenStreetMap contributors"}}, {"type": "Feature", "geometry": {"type": "Point", "coordinates": [132.5987527, -22.8098113]}, "properties": {"id": "osm-way-188548211", "name": "Unnamed shelter", "kind": "shelter", "label": "Shelter", "source": "OpenStreetMap contributors"}}, {"type": "Feature", "geometry": {"type": "Point", "coordinates": [131.7964874, -22.2554456]}, "properties": {"id": "osm-way-188552159", "name": "Yuendumu Health Centre", "kind": "clinic", "label": "Clinic", "source": "OpenStreetMap contributors"}}, {"type": "Feature", "geometry": {"type": "Point", "coordinates": [131.7960969, -22.2538333]}, "properties": {"id": "osm-way-188552712", "name": "Yuendumu School", "kind": "school", "label": "School", "source": "OpenStreetMap contributors"}}, {"type": "Feature", "geometry": {"type": "Point", "coordinates": [130.6342694, -18.3354402]}, "properties": {"id": "osm-way-188702796", "name": "Lajamanu School", "kind": "school", "label": "School", "source": "OpenStreetMap contributors"}}, {"type": "Feature", "geometry": {"type": "Point", "coordinates": [130.8307674, -17.4436273]}, "properties": {"id": "osm-way-188724876", "name": "Kalkaringi Health Centre", "kind": "clinic", "label": "Clinic", "source": "OpenStreetMap contributors"}}, {"type": "Feature", "geometry": {"type": "Point", "coordinates": [130.8323671, -17.4452043]}, "properties": {"id": "osm-way-188724899", "name": "Kalkaringi School", "kind": "school", "label": "School", "source": "OpenStreetMap contributors"}}, {"type": "Feature", "geometry": {"type": "Point", "coordinates": [131.9102418, -23.2030952]}, "properties": {"id": "osm-way-189318562", "name": "Papunya School", "kind": "school", "label": "School", "source": "OpenStreetMap contributors"}}, {"type": "Feature", "geometry": {"type": "Point", "coordinates": [131.9091049, -23.2041753]}, "properties": {"id": "osm-way-189319820", "name": "Papunya Health Centre", "kind": "clinic", "label": "Clinic", "source": "OpenStreetMap contributors"}}, {"type": "Feature", "geometry": {"type": "Point", "coordinates": [131.273954, -23.2663115]}, "properties": {"id": "osm-way-189326472", "name": "Mount Liebig Health Centre", "kind": "clinic", "label": "Clinic", "source": "OpenStreetMap contributors"}}, {"type": "Feature", "geometry": {"type": "Point", "coordinates": [131.2748905, -23.2664418]}, "properties": {"id": "osm-way-189326478", "name": "Watiyawanu School", "kind": "school", "label": "School", "source": "OpenStreetMap contributors"}}, {"type": "Feature", "geometry": {"type": "Point", "coordinates": [129.3873624, -23.2755733]}, "properties": {"id": "osm-way-189336561", "name": "Kintore Health Centre", "kind": "clinic", "label": "Clinic", "source": "OpenStreetMap contributors"}}, {"type": "Feature", "geometry": {"type": "Point", "coordinates": [129.3879225, -23.2771992]}, "properties": {"id": "osm-way-189336569", "name": "Walungurru School", "kind": "school", "label": "School", "source": "OpenStreetMap contributors"}}, {"type": "Feature", "geometry": {"type": "Point", "coordinates": [134.0760804, -24.672884]}, "properties": {"id": "osm-way-189465609", "name": "Titjikala Health Centre", "kind": "clinic", "label": "Clinic", "source": "OpenStreetMap contributors"}}, {"type": "Feature", "geometry": {"type": "Point", "coordinates": [134.0732271, -24.6724327]}, "properties": {"id": "osm-way-189465629", "name": "Titjikala School", "kind": "school", "label": "School", "source": "OpenStreetMap contributors"}}, {"type": "Feature", "geometry": {"type": "Point", "coordinates": [134.5762606, -25.5808706]}, "properties": {"id": "osm-way-189629380", "name": "Finke Health Centre", "kind": "clinic", "label": "Clinic", "source": "OpenStreetMap contributors"}}, {"type": "Feature", "geometry": {"type": "Point", "coordinates": [134.5788601, -25.582514]}, "properties": {"id": "osm-way-189629382", "name": "Aputula Community Primary School", "kind": "school", "label": "School", "source": "OpenStreetMap contributors"}}, {"type": "Feature", "geometry": {"type": "Point", "coordinates": [134.1962801, -19.6435948]}, "properties": {"id": "osm-way-193249991", "name": "Tennant Creek High School", "kind": "school", "label": "School", "source": "OpenStreetMap contributors"}}, {"type": "Feature", "geometry": {"type": "Point", "coordinates": [137.8488204, -20.9853771]}, "properties": {"id": "osm-way-193262430", "name": "Alpurrurulam Health Centre", "kind": "clinic", "label": "Clinic", "source": "OpenStreetMap contributors"}}, {"type": "Feature", "geometry": {"type": "Point", "coordinates": [134.1869926, -19.6478865]}, "properties": {"id": "osm-way-193273437", "name": "Tennant Creek Hospital", "kind": "hospital", "label": "Hospital", "source": "OpenStreetMap contributors"}}, {"type": "Feature", "geometry": {"type": "Point", "coordinates": [134.189056, -19.6497822]}, "properties": {"id": "osm-way-193278865", "name": "Tennant Creek Primary School", "kind": "school", "label": "School", "source": "OpenStreetMap contributors"}}, {"type": "Feature", "geometry": {"type": "Point", "coordinates": [136.1684487, -22.7892904]}, "properties": {"id": "osm-way-193289889", "name": "Orrtipa-Thurra Health Centre", "kind": "clinic", "label": "Clinic", "source": "OpenStreetMap contributors"}}, {"type": "Feature", "geometry": {"type": "Point", "coordinates": [136.1667544, -22.7788494]}, "properties": {"id": "osm-way-193289921", "name": "Unnamed school", "kind": "school", "label": "School", "source": "OpenStreetMap contributors"}}, {"type": "Feature", "geometry": {"type": "Point", "coordinates": [134.9331302, -22.9841164]}, "properties": {"id": "osm-way-193303744", "name": "Harts Range School", "kind": "school", "label": "School", "source": "OpenStreetMap contributors"}}, {"type": "Feature", "geometry": {"type": "Point", "coordinates": [133.8348383, -23.7081483]}, "properties": {"id": "osm-way-208044492", "name": "Meeting Point J", "kind": "shelter", "label": "Shelter", "source": "OpenStreetMap contributors"}}, {"type": "Feature", "geometry": {"type": "Point", "coordinates": [133.8623414, -23.7101111]}, "properties": {"id": "osm-way-225691489", "name": "Alice Springs Community Health", "kind": "clinic", "label": "Clinic", "source": "OpenStreetMap contributors"}}, {"type": "Feature", "geometry": {"type": "Point", "coordinates": [133.8657281, -23.7092595]}, "properties": {"id": "osm-way-225691505", "name": "Centralian Middle School", "kind": "school", "label": "School", "source": "OpenStreetMap contributors"}}, {"type": "Feature", "geometry": {"type": "Point", "coordinates": [133.833562, -23.6966046]}, "properties": {"id": "osm-way-225691528", "name": "Larapinta Primary School", "kind": "school", "label": "School", "source": "OpenStreetMap contributors"}}, {"type": "Feature", "geometry": {"type": "Point", "coordinates": [133.8915329, -23.6932126]}, "properties": {"id": "osm-way-225794462", "name": "Ross Park Primary School", "kind": "school", "label": "School", "source": "OpenStreetMap contributors"}}, {"type": "Feature", "geometry": {"type": "Point", "coordinates": [133.8824498, -23.6895465]}, "properties": {"id": "osm-way-225794463", "name": "St Philip's College", "kind": "school", "label": "School", "source": "OpenStreetMap contributors"}}, {"type": "Feature", "geometry": {"type": "Point", "coordinates": [133.8315018, -23.6973991]}, "properties": {"id": "osm-way-225794716", "name": "Living Waters Lutheran School", "kind": "school", "label": "School", "source": "OpenStreetMap contributors"}}, {"type": "Feature", "geometry": {"type": "Point", "coordinates": [133.867092, -23.6783218]}, "properties": {"id": "osm-way-225794740", "name": "Braitling Primary School", "kind": "school", "label": "School", "source": "OpenStreetMap contributors"}}, {"type": "Feature", "geometry": {"type": "Point", "coordinates": [133.8841039, -23.694228]}, "properties": {"id": "osm-way-225794741", "name": "Unnamed school", "kind": "school", "label": "School", "source": "OpenStreetMap contributors"}}, {"type": "Feature", "geometry": {"type": "Point", "coordinates": [133.8981086, -23.7003998]}, "properties": {"id": "osm-way-225921808", "name": "Acacia Hill School", "kind": "school", "label": "School", "source": "OpenStreetMap contributors"}}, {"type": "Feature", "geometry": {"type": "Point", "coordinates": [133.8344037, -23.7058148]}, "properties": {"id": "osm-way-225921817", "name": "Aviary", "kind": "shelter", "label": "Shelter", "source": "OpenStreetMap contributors"}}, {"type": "Feature", "geometry": {"type": "Point", "coordinates": [133.8953439, -23.6975285]}, "properties": {"id": "osm-way-225921819", "name": "Centralian Senior College", "kind": "school", "label": "School", "source": "OpenStreetMap contributors"}}, {"type": "Feature", "geometry": {"type": "Point", "coordinates": [133.835099, -23.7083299]}, "properties": {"id": "osm-way-225921824", "name": "Flowering Woodlands Exhibit", "kind": "shelter", "label": "Shelter", "source": "OpenStreetMap contributors"}}, {"type": "Feature", "geometry": {"type": "Point", "coordinates": [133.8359584, -23.7064716]}, "properties": {"id": "osm-way-225921827", "name": "Gypsum Pan Exhibit", "kind": "shelter", "label": "Shelter", "source": "OpenStreetMap contributors"}}, {"type": "Feature", "geometry": {"type": "Point", "coordinates": [133.8334813, -23.7062117]}, "properties": {"id": "osm-way-225921835", "name": "Meeting Point B", "kind": "shelter", "label": "Shelter", "source": "OpenStreetMap contributors"}}, {"type": "Feature", "geometry": {"type": "Point", "coordinates": [133.83473, -23.7060142]}, "properties": {"id": "osm-way-225921836", "name": "Meeting Point D", "kind": "shelter", "label": "Shelter", "source": "OpenStreetMap contributors"}}, {"type": "Feature", "geometry": {"type": "Point", "coordinates": [133.8355152, -23.7062745]}, "properties": {"id": "osm-way-225921837", "name": "Meeting Point E", "kind": "shelter", "label": "Shelter", "source": "OpenStreetMap contributors"}}, {"type": "Feature", "geometry": {"type": "Point", "coordinates": [133.8364829, -23.7071433]}, "properties": {"id": "osm-way-225921842", "name": "Meeting Point F", "kind": "shelter", "label": "Shelter", "source": "OpenStreetMap contributors"}}, {"type": "Feature", "geometry": {"type": "Point", "coordinates": [133.8350995, -23.7070175]}, "properties": {"id": "osm-way-225921844", "name": "Meeting Point G", "kind": "shelter", "label": "Shelter", "source": "OpenStreetMap contributors"}}, {"type": "Feature", "geometry": {"type": "Point", "coordinates": [133.8347356, -23.7076752]}, "properties": {"id": "osm-way-225921845", "name": "Meeting Point H", "kind": "shelter", "label": "Shelter", "source": "OpenStreetMap contributors"}}, {"type": "Feature", "geometry": {"type": "Point", "coordinates": [133.8340078, -23.7073167]}, "properties": {"id": "osm-way-225921846", "name": "Meeting Point I", "kind": "shelter", "label": "Shelter", "source": "OpenStreetMap contributors"}}, {"type": "Feature", "geometry": {"type": "Point", "coordinates": [133.8357646, -23.7084195]}, "properties": {"id": "osm-way-225921847", "name": "Meeting Point K", "kind": "shelter", "label": "Shelter", "source": "OpenStreetMap contributors"}}, {"type": "Feature", "geometry": {"type": "Point", "coordinates": [133.8358284, -23.7091391]}, "properties": {"id": "osm-way-225921848", "name": "Meeting Point L", "kind": "shelter", "label": "Shelter", "source": "OpenStreetMap contributors"}}, {"type": "Feature", "geometry": {"type": "Point", "coordinates": [133.8340722, -23.7086503]}, "properties": {"id": "osm-way-225921849", "name": "Meeting Point N", "kind": "shelter", "label": "Shelter", "source": "OpenStreetMap contributors"}}, {"type": "Feature", "geometry": {"type": "Point", "coordinates": [133.8331721, -23.7079546]}, "properties": {"id": "osm-way-225921850", "name": "Meeting Point O", "kind": "shelter", "label": "Shelter", "source": "OpenStreetMap contributors"}}, {"type": "Feature", "geometry": {"type": "Point", "coordinates": [133.8815997, -23.6967209]}, "properties": {"id": "osm-way-225921854", "name": "Our Lady of the Sacred Heart College Bath Street Campus", "kind": "school", "label": "School", "source": "OpenStreetMap contributors"}}, {"type": "Feature", "geometry": {"type": "Point", "coordinates": [133.8960592, -23.7027085]}, "properties": {"id": "osm-way-225921855", "name": "Our Lady of the Sacred Heart College Sadadeen Campus", "kind": "school", "label": "School", "source": "OpenStreetMap contributors"}}, {"type": "Feature", "geometry": {"type": "Point", "coordinates": [133.8341075, -23.7055419]}, "properties": {"id": "osm-way-225921860", "name": "Riverbed Exhibit", "kind": "shelter", "label": "Shelter", "source": "OpenStreetMap contributors"}}, {"type": "Feature", "geometry": {"type": "Point", "coordinates": [133.8335488, -23.7057358]}, "properties": {"id": "osm-way-225921861", "name": "Rivers Edge Exhibit", "kind": "shelter", "label": "Shelter", "source": "OpenStreetMap contributors"}}, {"type": "Feature", "geometry": {"type": "Point", "coordinates": [133.8975447, -23.7018876]}, "properties": {"id": "osm-way-225921862", "name": "Sadadeen Primary School", "kind": "school", "label": "School", "source": "OpenStreetMap contributors"}}, {"type": "Feature", "geometry": {"type": "Point", "coordinates": [133.8361538, -23.7069335]}, "properties": {"id": "osm-way-225921866", "name": "Spinifex Grasslands Exhibit", "kind": "shelter", "label": "Shelter", "source": "OpenStreetMap contributors"}}, {"type": "Feature", "geometry": {"type": "Point", "coordinates": [133.8345336, -23.7090653]}, "properties": {"id": "osm-way-225921875", "name": "Woodland Communities Exhibit", "kind": "shelter", "label": "Shelter", "source": "OpenStreetMap contributors"}}, {"type": "Feature", "geometry": {"type": "Point", "coordinates": [133.835227, -23.709041]}, "properties": {"id": "osm-way-225921879", "name": "Unnamed shelter", "kind": "shelter", "label": "Shelter", "source": "OpenStreetMap contributors"}}, {"type": "Feature", "geometry": {"type": "Point", "coordinates": [133.8332472, -23.7089659]}, "properties": {"id": "osm-way-225921910", "name": "Unnamed shelter", "kind": "shelter", "label": "Shelter", "source": "OpenStreetMap contributors"}}, {"type": "Feature", "geometry": {"type": "Point", "coordinates": [133.4197216, -22.1280427]}, "properties": {"id": "osm-way-226560904", "name": "Ti Tree School", "kind": "school", "label": "School", "source": "OpenStreetMap contributors"}}, {"type": "Feature", "geometry": {"type": "Point", "coordinates": [130.9723245, -25.2225724]}, "properties": {"id": "osm-way-227348321", "name": "Nyangatjatjara College", "kind": "school", "label": "School", "source": "OpenStreetMap contributors"}}, {"type": "Feature", "geometry": {"type": "Point", "coordinates": [130.7865609, -25.351038]}, "properties": {"id": "osm-way-227348507", "name": "Unnamed shelter", "kind": "shelter", "label": "Shelter", "source": "OpenStreetMap contributors"}}, {"type": "Feature", "geometry": {"type": "Point", "coordinates": [130.7867116, -25.3510068]}, "properties": {"id": "osm-way-227348508", "name": "Unnamed shelter", "kind": "shelter", "label": "Shelter", "source": "OpenStreetMap contributors"}}, {"type": "Feature", "geometry": {"type": "Point", "coordinates": [130.9944888, -12.4931779]}, "properties": {"id": "osm-way-228464616", "name": "Bakewell Primary School", "kind": "school", "label": "School", "source": "OpenStreetMap contributors"}}, {"type": "Feature", "geometry": {"type": "Point", "coordinates": [130.8827858, -12.3719385]}, "properties": {"id": "osm-way-233930098", "name": "Arafura Medical", "kind": "clinic", "label": "Clinic", "source": "OpenStreetMap contributors"}}, {"type": "Feature", "geometry": {"type": "Point", "coordinates": [132.5768345, -11.1499326]}, "properties": {"id": "osm-way-236956805", "name": "Minjilang Health Centre", "kind": "clinic", "label": "Clinic", "source": "OpenStreetMap contributors"}}, {"type": "Feature", "geometry": {"type": "Point", "coordinates": [136.7849279, -12.1832647]}, "properties": {"id": "osm-way-241054071", "name": "Nhulunbuy Primary School", "kind": "school", "label": "School", "source": "OpenStreetMap contributors"}}, {"type": "Feature", "geometry": {"type": "Point", "coordinates": [136.7834525, -12.1871468]}, "properties": {"id": "osm-way-241055293", "name": "Nhulunbuy High School", "kind": "school", "label": "School", "source": "OpenStreetMap contributors"}}, {"type": "Feature", "geometry": {"type": "Point", "coordinates": [136.4201665, -13.8494097]}, "properties": {"id": "osm-way-241086224", "name": "Alyangula School", "kind": "school", "label": "School", "source": "OpenStreetMap contributors"}}, {"type": "Feature", "geometry": {"type": "Point", "coordinates": [130.6379837, -11.7575482]}, "properties": {"id": "osm-way-241222338", "name": "Xavier Catholic College", "kind": "school", "label": "School", "source": "OpenStreetMap contributors"}}, {"type": "Feature", "geometry": {"type": "Point", "coordinates": [130.8989612, -12.3890085]}, "properties": {"id": "osm-way-241225224", "name": "Sanderson High School", "kind": "school", "label": "School", "source": "OpenStreetMap contributors"}}, {"type": "Feature", "geometry": {"type": "Point", "coordinates": [130.8995265, -12.3751793]}, "properties": {"id": "osm-way-241225225", "name": "Leanyer Primary", "kind": "school", "label": "School", "source": "OpenStreetMap contributors"}}, {"type": "Feature", "geometry": {"type": "Point", "coordinates": [130.8953671, -12.3834661]}, "properties": {"id": "osm-way-241225228", "name": "Wulagi Primary School", "kind": "school", "label": "School", "source": "OpenStreetMap contributors"}}, {"type": "Feature", "geometry": {"type": "Point", "coordinates": [130.8933617, -12.3913366]}, "properties": {"id": "osm-way-241230063", "name": "Anula Primary School", "kind": "school", "label": "School", "source": "OpenStreetMap contributors"}}, {"type": "Feature", "geometry": {"type": "Point", "coordinates": [130.9192924, -12.4031732]}, "properties": {"id": "osm-way-241379695", "name": "Manunda Terrace Primary", "kind": "school", "label": "School", "source": "OpenStreetMap contributors"}}, {"type": "Feature", "geometry": {"type": "Point", "coordinates": [130.914521, -12.397767]}, "properties": {"id": "osm-way-241379703", "name": "Karama Primary", "kind": "school", "label": "School", "source": "OpenStreetMap contributors"}}, {"type": "Feature", "geometry": {"type": "Point", "coordinates": [130.9166114, -12.4097809]}, "properties": {"id": "osm-way-241380541", "name": "Marrara Christian College", "kind": "school", "label": "School", "source": "OpenStreetMap contributors"}}, {"type": "Feature", "geometry": {"type": "Point", "coordinates": [130.9803371, -12.4897505]}, "properties": {"id": "osm-way-241458498", "name": "Gray Primary School", "kind": "school", "label": "School", "source": "OpenStreetMap contributors"}}, {"type": "Feature", "geometry": {"type": "Point", "coordinates": [130.9710736, -12.5063821]}, "properties": {"id": "osm-way-241458533", "name": "Moulden Park Primary School", "kind": "school", "label": "School", "source": "OpenStreetMap contributors"}}, {"type": "Feature", "geometry": {"type": "Point", "coordinates": [130.9915289, -12.5102795]}, "properties": {"id": "osm-way-241470214", "name": "Rosebery Secondary School", "kind": "school", "label": "School", "source": "OpenStreetMap contributors"}}, {"type": "Feature", "geometry": {"type": "Point", "coordinates": [132.8348177, -12.67588]}, "properties": {"id": "osm-way-241564119", "name": "Jabiru Area School", "kind": "school", "label": "School", "source": "OpenStreetMap contributors"}}, {"type": "Feature", "geometry": {"type": "Point", "coordinates": [133.0567326, -12.322149]}, "properties": {"id": "osm-way-241565369", "name": "Gunbalanya School", "kind": "school", "label": "School", "source": "OpenStreetMap contributors"}}, {"type": "Feature", "geometry": {"type": "Point", "coordinates": [131.1018763, -12.5806038]}, "properties": {"id": "osm-way-241736828", "name": "Taminmin College", "kind": "school", "label": "School", "source": "OpenStreetMap contributors"}}, {"type": "Feature", "geometry": {"type": "Point", "coordinates": [131.1023555, -12.5763415]}, "properties": {"id": "osm-way-241736836", "name": "Humpty Doo Primary School", "kind": "school", "label": "School", "source": "OpenStreetMap contributors"}}, {"type": "Feature", "geometry": {"type": "Point", "coordinates": [131.0991111, -12.5816317]}, "properties": {"id": "osm-way-241736837", "name": "St Francis Assisi School", "kind": "school", "label": "School", "source": "OpenStreetMap contributors"}}, {"type": "Feature", "geometry": {"type": "Point", "coordinates": [131.0451751, -12.4953507]}, "properties": {"id": "osm-way-241738188", "name": "Howard Spring Primary School", "kind": "school", "label": "School", "source": "OpenStreetMap contributors"}}, {"type": "Feature", "geometry": {"type": "Point", "coordinates": [133.8691311, -23.7081259]}, "properties": {"id": "osm-way-242194678", "name": "Gillen Primary School", "kind": "school", "label": "School", "source": "OpenStreetMap contributors"}}, {"type": "Feature", "geometry": {"type": "Point", "coordinates": [130.6393046, -11.7568013]}, "properties": {"id": "osm-way-247623938", "name": "Murrupurtiyanuwu Catholic Primary School", "kind": "school", "label": "School", "source": "OpenStreetMap contributors"}}, {"type": "Feature", "geometry": {"type": "Point", "coordinates": [130.7865387, -13.1132439]}, "properties": {"id": "osm-way-256329432", "name": "Unnamed shelter", "kind": "shelter", "label": "Shelter", "source": "OpenStreetMap contributors"}}, {"type": "Feature", "geometry": {"type": "Point", "coordinates": [130.7515886, -12.4375313]}, "properties": {"id": "osm-way-263776919", "name": "Unnamed shelter", "kind": "shelter", "label": "Shelter", "source": "OpenStreetMap contributors"}}, {"type": "Feature", "geometry": {"type": "Point", "coordinates": [130.8526321, -12.3777394]}, "properties": {"id": "osm-way-275638804", "name": "Nightcliff Middle School", "kind": "school", "label": "School", "source": "OpenStreetMap contributors"}}, {"type": "Feature", "geometry": {"type": "Point", "coordinates": [130.8502896, -12.3809043]}, "properties": {"id": "osm-way-275638805", "name": "Nightcliff Primary School", "kind": "school", "label": "School", "source": "OpenStreetMap contributors"}}, {"type": "Feature", "geometry": {"type": "Point", "coordinates": [136.8943241, -12.2525253]}, "properties": {"id": "osm-way-279476978", "name": "Yirrkala School", "kind": "school", "label": "School", "source": "OpenStreetMap contributors"}}, {"type": "Feature", "geometry": {"type": "Point", "coordinates": [130.7140497, -13.2029359]}, "properties": {"id": "osm-way-283055139", "name": "Unnamed shelter", "kind": "shelter", "label": "Shelter", "source": "OpenStreetMap contributors"}}, {"type": "Feature", "geometry": {"type": "Point", "coordinates": [133.8596836, -23.7087707]}, "properties": {"id": "osm-way-309960716", "name": "Bradshaw Primary School", "kind": "school", "label": "School", "source": "OpenStreetMap contributors"}}, {"type": "Feature", "geometry": {"type": "Point", "coordinates": [133.8767669, -23.7074547]}, "properties": {"id": "osm-way-311420611", "name": "Our Lady of the Sacred Heart College Traegar Campus", "kind": "school", "label": "School", "source": "OpenStreetMap contributors"}}, {"type": "Feature", "geometry": {"type": "Point", "coordinates": [133.8923872, -23.6919081]}, "properties": {"id": "osm-way-313445312", "name": "Unnamed school", "kind": "school", "label": "School", "source": "OpenStreetMap contributors"}}, {"type": "Feature", "geometry": {"type": "Point", "coordinates": [132.2964091, -14.4663297]}, "properties": {"id": "osm-way-317348495", "name": "Casuarina Street Primary School", "kind": "school", "label": "School", "source": "OpenStreetMap contributors"}}, {"type": "Feature", "geometry": {"type": "Point", "coordinates": [132.2835277, -14.4634634]}, "properties": {"id": "osm-way-317348502", "name": "Katherine High School", "kind": "school", "label": "School", "source": "OpenStreetMap contributors"}}, {"type": "Feature", "geometry": {"type": "Point", "coordinates": [132.2833045, -14.4662701]}, "properties": {"id": "osm-way-317348514", "name": "MacFarlane Primary School", "kind": "school", "label": "School", "source": "OpenStreetMap contributors"}}, {"type": "Feature", "geometry": {"type": "Point", "coordinates": [132.2699364, -14.450828]}, "properties": {"id": "osm-way-317348518", "name": "Clyde Fenton Primary School", "kind": "school", "label": "School", "source": "OpenStreetMap contributors"}}, {"type": "Feature", "geometry": {"type": "Point", "coordinates": [132.2773929, -14.4622829]}, "properties": {"id": "osm-way-317348519", "name": "St Joseph Secondary College", "kind": "school", "label": "School", "source": "OpenStreetMap contributors"}}, {"type": "Feature", "geometry": {"type": "Point", "coordinates": [132.2693875, -14.4502869]}, "properties": {"id": "osm-way-317348524", "name": "Katherine School of the Air", "kind": "school", "label": "School", "source": "OpenStreetMap contributors"}}, {"type": "Feature", "geometry": {"type": "Point", "coordinates": [132.2753478, -14.4627527]}, "properties": {"id": "osm-way-317348535", "name": "St Joseph Primary School", "kind": "school", "label": "School", "source": "OpenStreetMap contributors"}}, {"type": "Feature", "geometry": {"type": "Point", "coordinates": [132.2553165, -14.4807427]}, "properties": {"id": "osm-way-317348537", "name": "Katherine South Primary School", "kind": "school", "label": "School", "source": "OpenStreetMap contributors"}}, {"type": "Feature", "geometry": {"type": "Point", "coordinates": [134.4052515, -21.0034124]}, "properties": {"id": "osm-way-320750371", "name": "Alekarenge School", "kind": "school", "label": "School", "source": "OpenStreetMap contributors"}}, {"type": "Feature", "geometry": {"type": "Point", "coordinates": [134.4075393, -21.0036789]}, "properties": {"id": "osm-way-333710636", "name": "Ali Curung Health Centre", "kind": "clinic", "label": "Clinic", "source": "OpenStreetMap contributors"}}, {"type": "Feature", "geometry": {"type": "Point", "coordinates": [133.7317576, -21.7404249]}, "properties": {"id": "osm-way-333728859", "name": "WIlora Health Centre", "kind": "clinic", "label": "Clinic", "source": "OpenStreetMap contributors"}}, {"type": "Feature", "geometry": {"type": "Point", "coordinates": [133.430551, -22.2074436]}, "properties": {"id": "osm-way-333738919", "name": "Pmara Jutunta Health Centre", "kind": "clinic", "label": "Clinic", "source": "OpenStreetMap contributors"}}, {"type": "Feature", "geometry": {"type": "Point", "coordinates": [133.8661532, -23.7101507]}, "properties": {"id": "osm-way-333790009", "name": "Unnamed shelter", "kind": "shelter", "label": "Shelter", "source": "OpenStreetMap contributors"}}, {"type": "Feature", "geometry": {"type": "Point", "coordinates": [133.8664134, -23.7104409]}, "properties": {"id": "osm-way-333790010", "name": "Unnamed shelter", "kind": "shelter", "label": "Shelter", "source": "OpenStreetMap contributors"}}, {"type": "Feature", "geometry": {"type": "Point", "coordinates": [133.8663942, -23.7106561]}, "properties": {"id": "osm-way-333790011", "name": "Unnamed shelter", "kind": "shelter", "label": "Shelter", "source": "OpenStreetMap contributors"}}, {"type": "Feature", "geometry": {"type": "Point", "coordinates": [133.8660718, -23.710639]}, "properties": {"id": "osm-way-333790012", "name": "Unnamed shelter", "kind": "shelter", "label": "Shelter", "source": "OpenStreetMap contributors"}}, {"type": "Feature", "geometry": {"type": "Point", "coordinates": [133.8663082, -23.7106668]}, "properties": {"id": "osm-way-333790013", "name": "Unnamed shelter", "kind": "shelter", "label": "Shelter", "source": "OpenStreetMap contributors"}}, {"type": "Feature", "geometry": {"type": "Point", "coordinates": [133.8652353, -23.7111836]}, "properties": {"id": "osm-way-333790014", "name": "Unnamed shelter", "kind": "shelter", "label": "Shelter", "source": "OpenStreetMap contributors"}}, {"type": "Feature", "geometry": {"type": "Point", "coordinates": [133.8615348, -23.7013409]}, "properties": {"id": "osm-way-333790030", "name": "Unnamed shelter", "kind": "shelter", "label": "Shelter", "source": "OpenStreetMap contributors"}}, {"type": "Feature", "geometry": {"type": "Point", "coordinates": [133.8616495, -23.7016076]}, "properties": {"id": "osm-way-333790031", "name": "Unnamed shelter", "kind": "shelter", "label": "Shelter", "source": "OpenStreetMap contributors"}}, {"type": "Feature", "geometry": {"type": "Point", "coordinates": [133.862292, -23.7020299]}, "properties": {"id": "osm-way-333790033", "name": "Unnamed shelter", "kind": "shelter", "label": "Shelter", "source": "OpenStreetMap contributors"}}, {"type": "Feature", "geometry": {"type": "Point", "coordinates": [133.8625506, -23.7027962]}, "properties": {"id": "osm-way-333790034", "name": "Unnamed shelter", "kind": "shelter", "label": "Shelter", "source": "OpenStreetMap contributors"}}, {"type": "Feature", "geometry": {"type": "Point", "coordinates": [133.857953, -23.6976542]}, "properties": {"id": "osm-way-333790052", "name": "Unnamed shelter", "kind": "shelter", "label": "Shelter", "source": "OpenStreetMap contributors"}}, {"type": "Feature", "geometry": {"type": "Point", "coordinates": [132.7565723, -22.5329263]}, "properties": {"id": "osm-way-334134293", "name": "Laramba Health Centre", "kind": "clinic", "label": "Clinic", "source": "OpenStreetMap contributors"}}, {"type": "Feature", "geometry": {"type": "Point", "coordinates": [129.081225, -24.873671]}, "properties": {"id": "osm-way-334141984", "name": "Kaltukatjara Health Centre", "kind": "clinic", "label": "Clinic", "source": "OpenStreetMap contributors"}}, {"type": "Feature", "geometry": {"type": "Point", "coordinates": [131.7948966, -22.2550911]}, "properties": {"id": "osm-way-334148723", "name": "Youth Centre", "kind": "community_centre", "label": "Community centre", "source": "OpenStreetMap contributors"}}, {"type": "Feature", "geometry": {"type": "Point", "coordinates": [131.7983272, -22.2544091]}, "properties": {"id": "osm-way-334148783", "name": "Womans Centre", "kind": "community_centre", "label": "Community centre", "source": "OpenStreetMap contributors"}}, {"type": "Feature", "geometry": {"type": "Point", "coordinates": [130.4661091, -15.647777]}, "properties": {"id": "osm-way-335825611", "name": "Timber Creek Health Centre", "kind": "clinic", "label": "Clinic", "source": "OpenStreetMap contributors"}}, {"type": "Feature", "geometry": {"type": "Point", "coordinates": [130.8550487, -12.3752318]}, "properties": {"id": "osm-way-352298189", "name": "BBQ", "kind": "shelter", "label": "Shelter", "source": "OpenStreetMap contributors"}}, {"type": "Feature", "geometry": {"type": "Point", "coordinates": [130.8578758, -12.3758329]}, "properties": {"id": "osm-way-352298193", "name": "Unnamed shelter", "kind": "shelter", "label": "Shelter", "source": "OpenStreetMap contributors"}}, {"type": "Feature", "geometry": {"type": "Point", "coordinates": [130.8472095, -12.3781597]}, "properties": {"id": "osm-way-352298217", "name": "BBQ", "kind": "shelter", "label": "Shelter", "source": "OpenStreetMap contributors"}}, {"type": "Feature", "geometry": {"type": "Point", "coordinates": [132.8657372, -14.5249338]}, "properties": {"id": "osm-way-370574320", "name": "Barunga Health Centre", "kind": "clinic", "label": "Clinic", "source": "OpenStreetMap contributors"}}, {"type": "Feature", "geometry": {"type": "Point", "coordinates": [131.1088732, -13.2370494]}, "properties": {"id": "osm-way-370835531", "name": "Adelaide River School", "kind": "school", "label": "School", "source": "OpenStreetMap contributors"}}, {"type": "Feature", "geometry": {"type": "Point", "coordinates": [130.6920943, -13.7499437]}, "properties": {"id": "osm-way-370855910", "name": "Nauiyu Health Centre", "kind": "clinic", "label": "Clinic", "source": "OpenStreetMap contributors"}}, {"type": "Feature", "geometry": {"type": "Point", "coordinates": [130.8427494, -12.4598226]}, "properties": {"id": "osm-way-372518532", "name": "Cavenagh Medical Centre", "kind": "clinic", "label": "Clinic", "source": "OpenStreetMap contributors"}}, {"type": "Feature", "geometry": {"type": "Point", "coordinates": [130.8393497, -12.4594801]}, "properties": {"id": "osm-way-372699842", "name": "St Mary's Primary School", "kind": "school", "label": "School", "source": "OpenStreetMap contributors"}}, {"type": "Feature", "geometry": {"type": "Point", "coordinates": [133.2005303, -25.1973223]}, "properties": {"id": "osm-way-376974050", "name": "Unnamed shelter", "kind": "shelter", "label": "Shelter", "source": "OpenStreetMap contributors"}}, {"type": "Feature", "geometry": {"type": "Point", "coordinates": [131.83039, -13.8225756]}, "properties": {"id": "osm-way-400422563", "name": "Pine Creek Health Centre", "kind": "clinic", "label": "Clinic", "source": "OpenStreetMap contributors"}}, {"type": "Feature", "geometry": {"type": "Point", "coordinates": [130.6391896, -11.7587025]}, "properties": {"id": "osm-way-401813557", "name": "Julanimawu Health Care Centre", "kind": "clinic", "label": "Clinic", "source": "OpenStreetMap contributors"}}, {"type": "Feature", "geometry": {"type": "Point", "coordinates": [130.0020244, -13.8595786]}, "properties": {"id": "osm-way-404275700", "name": "Woodycupaldiya Health Centre", "kind": "clinic", "label": "Clinic", "source": "OpenStreetMap contributors"}}, {"type": "Feature", "geometry": {"type": "Point", "coordinates": [130.9222082, -12.4424819]}, "properties": {"id": "osm-way-406171211", "name": "Haileybury Rendall School", "kind": "school", "label": "School", "source": "OpenStreetMap contributors"}}, {"type": "Feature", "geometry": {"type": "Point", "coordinates": [130.845305, -12.4410381]}, "properties": {"id": "osm-way-406566958", "name": "Unnamed school", "kind": "school", "label": "School", "source": "OpenStreetMap contributors"}}, {"type": "Feature", "geometry": {"type": "Point", "coordinates": [130.9908848, -25.2382483]}, "properties": {"id": "osm-way-415495813", "name": "Unnamed shelter", "kind": "shelter", "label": "Shelter", "source": "OpenStreetMap contributors"}}, {"type": "Feature", "geometry": {"type": "Point", "coordinates": [130.9908716, -25.2381499]}, "properties": {"id": "osm-way-415495863", "name": "Unnamed shelter", "kind": "shelter", "label": "Shelter", "source": "OpenStreetMap contributors"}}, {"type": "Feature", "geometry": {"type": "Point", "coordinates": [131.0633555, -25.3476433]}, "properties": {"id": "osm-way-415505926", "name": "Mutitjulu Health Centre", "kind": "clinic", "label": "Clinic", "source": "OpenStreetMap contributors"}}, {"type": "Feature", "geometry": {"type": "Point", "coordinates": [130.9645802, -12.4905665]}, "properties": {"id": "osm-way-417515623", "name": "Palmerston Christian School", "kind": "school", "label": "School", "source": "OpenStreetMap contributors"}}, {"type": "Feature", "geometry": {"type": "Point", "coordinates": [130.7014372, -12.5389433]}, "properties": {"id": "osm-way-423315957", "name": "Belyuen School", "kind": "school", "label": "School", "source": "OpenStreetMap contributors"}}, {"type": "Feature", "geometry": {"type": "Point", "coordinates": [134.6868524, -22.0708534]}, "properties": {"id": "osm-way-440436031", "name": "Unnamed shelter", "kind": "shelter", "label": "Shelter", "source": "OpenStreetMap contributors"}}, {"type": "Feature", "geometry": {"type": "Point", "coordinates": [134.6878114, -22.0704604]}, "properties": {"id": "osm-way-440436033", "name": "Unnamed shelter", "kind": "shelter", "label": "Shelter", "source": "OpenStreetMap contributors"}}, {"type": "Feature", "geometry": {"type": "Point", "coordinates": [134.6874782, -22.0705956]}, "properties": {"id": "osm-way-440436034", "name": "Unnamed shelter", "kind": "shelter", "label": "Shelter", "source": "OpenStreetMap contributors"}}, {"type": "Feature", "geometry": {"type": "Point", "coordinates": [134.6899461, -22.0702594]}, "properties": {"id": "osm-way-440436038", "name": "Pungalindum", "kind": "school", "label": "School", "source": "OpenStreetMap contributors"}}, {"type": "Feature", "geometry": {"type": "Point", "coordinates": [134.6127619, -22.036988]}, "properties": {"id": "osm-way-440438280", "name": "Atneltyey School", "kind": "school", "label": "School", "source": "OpenStreetMap contributors"}}, {"type": "Feature", "geometry": {"type": "Point", "coordinates": [133.8609447, -23.6916005]}, "properties": {"id": "osm-way-440453214", "name": "Unnamed shelter", "kind": "shelter", "label": "Shelter", "source": "OpenStreetMap contributors"}}, {"type": "Feature", "geometry": {"type": "Point", "coordinates": [133.6942636, -23.0652894]}, "properties": {"id": "osm-way-440478624", "name": "Unnamed shelter", "kind": "shelter", "label": "Shelter", "source": "OpenStreetMap contributors"}}, {"type": "Feature", "geometry": {"type": "Point", "coordinates": [135.224592, -21.6534227]}, "properties": {"id": "osm-way-440537969", "name": "Ampilatwatja School", "kind": "school", "label": "School", "source": "OpenStreetMap contributors"}}, {"type": "Feature", "geometry": {"type": "Point", "coordinates": [135.2245221, -21.6592814]}, "properties": {"id": "osm-way-440537973", "name": "Ampilatwatja Health Centre", "kind": "clinic", "label": "Clinic", "source": "OpenStreetMap contributors"}}, {"type": "Feature", "geometry": {"type": "Point", "coordinates": [133.8663222, -23.7584818]}, "properties": {"id": "osm-way-440553298", "name": "Unnamed community centre", "kind": "community_centre", "label": "Community centre", "source": "OpenStreetMap contributors"}}, {"type": "Feature", "geometry": {"type": "Point", "coordinates": [133.8666367, -23.7585492]}, "properties": {"id": "osm-way-440553299", "name": "Unnamed community centre", "kind": "community_centre", "label": "Community centre", "source": "OpenStreetMap contributors"}}, {"type": "Feature", "geometry": {"type": "Point", "coordinates": [134.9934965, -21.8704133]}, "properties": {"id": "osm-way-440739502", "name": "Atnwengerrpe School", "kind": "school", "label": "School", "source": "OpenStreetMap contributors"}}, {"type": "Feature", "geometry": {"type": "Point", "coordinates": [134.443355, -14.6960816]}, "properties": {"id": "osm-way-440763951", "name": "Unnamed school", "kind": "school", "label": "School", "source": "OpenStreetMap contributors"}}, {"type": "Feature", "geometry": {"type": "Point", "coordinates": [136.2258182, -13.1997438]}, "properties": {"id": "osm-way-441135223", "name": "Baniyala Health Centre", "kind": "clinic", "label": "Clinic", "source": "OpenStreetMap contributors"}}, {"type": "Feature", "geometry": {"type": "Point", "coordinates": [136.2256736, -13.2005271]}, "properties": {"id": "osm-way-441135228", "name": "Baniyala Garrangali School", "kind": "school", "label": "School", "source": "OpenStreetMap contributors"}}, {"type": "Feature", "geometry": {"type": "Point", "coordinates": [130.7003937, -12.5386943]}, "properties": {"id": "osm-way-441922044", "name": "Belyuen Health Centre", "kind": "clinic", "label": "Clinic", "source": "OpenStreetMap contributors"}}, {"type": "Feature", "geometry": {"type": "Point", "coordinates": [134.3301836, -13.6646086]}, "properties": {"id": "osm-way-442874220", "name": "Bulman School", "kind": "school", "label": "School", "source": "OpenStreetMap contributors"}}, {"type": "Feature", "geometry": {"type": "Point", "coordinates": [134.3324699, -13.6650646]}, "properties": {"id": "osm-way-442874234", "name": "Bulman Health Centre", "kind": "clinic", "label": "Clinic", "source": "OpenStreetMap contributors"}}, {"type": "Feature", "geometry": {"type": "Point", "coordinates": [132.5775331, -11.1482705]}, "properties": {"id": "osm-way-444409327", "name": "Mamaruni School", "kind": "school", "label": "School", "source": "OpenStreetMap contributors"}}, {"type": "Feature", "geometry": {"type": "Point", "coordinates": [136.7060403, -12.2168908]}, "properties": {"id": "osm-way-446277101", "name": "Gunyangara Health Centre", "kind": "clinic", "label": "Clinic", "source": "OpenStreetMap contributors"}}, {"type": "Feature", "geometry": {"type": "Point", "coordinates": [130.9374868, -12.4362871]}, "properties": {"id": "osm-way-446958219", "name": "Unnamed shelter", "kind": "shelter", "label": "Shelter", "source": "OpenStreetMap contributors"}}, {"type": "Feature", "geometry": {"type": "Point", "coordinates": [133.3895748, -11.6475932]}, "properties": {"id": "osm-way-448146418", "name": "Warruwi School", "kind": "school", "label": "School", "source": "OpenStreetMap contributors"}}, {"type": "Feature", "geometry": {"type": "Point", "coordinates": [132.5695333, -25.1287192]}, "properties": {"id": "osm-way-448638770", "name": "Imanpa Health Centre", "kind": "clinic", "label": "Clinic", "source": "OpenStreetMap contributors"}}, {"type": "Feature", "geometry": {"type": "Point", "coordinates": [129.3973307, -25.0193019]}, "properties": {"id": "osm-way-452024130", "name": "Unnamed shelter", "kind": "shelter", "label": "Shelter", "source": "OpenStreetMap contributors"}}, {"type": "Feature", "geometry": {"type": "Point", "coordinates": [134.9196814, -12.1026521]}, "properties": {"id": "osm-way-454390558", "name": "Milingimbi School", "kind": "school", "label": "School", "source": "OpenStreetMap contributors"}}, {"type": "Feature", "geometry": {"type": "Point", "coordinates": [134.2097098, -22.4513095]}, "properties": {"id": "osm-way-455259382", "name": "Medical Clinic", "kind": "clinic", "label": "Clinic", "source": "OpenStreetMap contributors"}}, {"type": "Feature", "geometry": {"type": "Point", "coordinates": [133.9971034, -21.5070877]}, "properties": {"id": "osm-way-456758535", "name": "Tara Health Clinic", "kind": "clinic", "label": "Clinic", "source": "OpenStreetMap contributors"}}, {"type": "Feature", "geometry": {"type": "Point", "coordinates": [130.8871648, -11.7646616]}, "properties": {"id": "osm-way-457891786", "name": "Unnamed shelter", "kind": "shelter", "label": "Shelter", "source": "OpenStreetMap contributors"}}, {"type": "Feature", "geometry": {"type": "Point", "coordinates": [130.8868, -11.7644559]}, "properties": {"id": "osm-way-457891787", "name": "Unnamed shelter", "kind": "shelter", "label": "Shelter", "source": "OpenStreetMap contributors"}}, {"type": "Feature", "geometry": {"type": "Point", "coordinates": [131.2201018, -16.8149686]}, "properties": {"id": "osm-way-458060081", "name": "Pigeon Hole Health Centre", "kind": "clinic", "label": "Clinic", "source": "OpenStreetMap contributors"}}, {"type": "Feature", "geometry": {"type": "Point", "coordinates": [134.5641539, -14.7097833]}, "properties": {"id": "osm-way-458766029", "name": "Urapunga Health Centre", "kind": "clinic", "label": "Clinic", "source": "OpenStreetMap contributors"}}, {"type": "Feature", "geometry": {"type": "Point", "coordinates": [134.5639465, -14.7102547]}, "properties": {"id": "osm-way-458766042", "name": "Urapunga School", "kind": "school", "label": "School", "source": "OpenStreetMap contributors"}}, {"type": "Feature", "geometry": {"type": "Point", "coordinates": [130.6733702, -11.4211412]}, "properties": {"id": "osm-way-459383272", "name": "Milikapiti Health Centre", "kind": "clinic", "label": "Clinic", "source": "OpenStreetMap contributors"}}, {"type": "Feature", "geometry": {"type": "Point", "coordinates": [133.0852638, -24.1232201]}, "properties": {"id": "osm-way-460326141", "name": "Wallace Rockhole School", "kind": "school", "label": "School", "source": "OpenStreetMap contributors"}}, {"type": "Feature", "geometry": {"type": "Point", "coordinates": [133.0729475, -23.7792884]}, "properties": {"id": "osm-way-461958805", "name": "Picnic Shelter", "kind": "shelter", "label": "Shelter", "source": "OpenStreetMap contributors"}}, {"type": "Feature", "geometry": {"type": "Point", "coordinates": [130.6713561, -11.4195234]}, "properties": {"id": "osm-way-462943674", "name": "Unnamed shelter", "kind": "shelter", "label": "Shelter", "source": "OpenStreetMap contributors"}}, {"type": "Feature", "geometry": {"type": "Point", "coordinates": [130.6391678, -11.7587824]}, "properties": {"id": "osm-way-463261125", "name": "Julanimawu Health Care Centre", "kind": "hospital", "label": "Hospital", "source": "OpenStreetMap contributors"}}, {"type": "Feature", "geometry": {"type": "Point", "coordinates": [130.418099, -11.4060526]}, "properties": {"id": "osm-way-466122110", "name": "Pirlangimpi Health Centre", "kind": "clinic", "label": "Clinic", "source": "OpenStreetMap contributors"}}, {"type": "Feature", "geometry": {"type": "Point", "coordinates": [132.1454759, -11.1553081]}, "properties": {"id": "osm-way-466678244", "name": "Unnamed shelter", "kind": "shelter", "label": "Shelter", "source": "OpenStreetMap contributors"}}, {"type": "Feature", "geometry": {"type": "Point", "coordinates": [132.1455878, -11.1550904]}, "properties": {"id": "osm-way-466678245", "name": "Unnamed shelter", "kind": "shelter", "label": "Shelter", "source": "OpenStreetMap contributors"}}, {"type": "Feature", "geometry": {"type": "Point", "coordinates": [132.1457745, -11.1551505]}, "properties": {"id": "osm-way-466678246", "name": "Unnamed shelter", "kind": "shelter", "label": "Shelter", "source": "OpenStreetMap contributors"}}, {"type": "Feature", "geometry": {"type": "Point", "coordinates": [130.6372241, -11.7593777]}, "properties": {"id": "osm-way-468359149", "name": "Unnamed shelter", "kind": "shelter", "label": "Shelter", "source": "OpenStreetMap contributors"}}, {"type": "Feature", "geometry": {"type": "Point", "coordinates": [130.6373521, -11.7595022]}, "properties": {"id": "osm-way-468359151", "name": "Unnamed shelter", "kind": "shelter", "label": "Shelter", "source": "OpenStreetMap contributors"}}, {"type": "Feature", "geometry": {"type": "Point", "coordinates": [130.9878918, -12.4829441]}, "properties": {"id": "osm-way-468695288", "name": "Unnamed shelter", "kind": "shelter", "label": "Shelter", "source": "OpenStreetMap contributors"}}, {"type": "Feature", "geometry": {"type": "Point", "coordinates": [130.8907909, -11.763609]}, "properties": {"id": "osm-way-471499561", "name": "Unnamed shelter", "kind": "shelter", "label": "Shelter", "source": "OpenStreetMap contributors"}}, {"type": "Feature", "geometry": {"type": "Point", "coordinates": [133.3904146, -11.6499096]}, "properties": {"id": "osm-way-474429799", "name": "Warruwi Health Centre", "kind": "clinic", "label": "Clinic", "source": "OpenStreetMap contributors"}}, {"type": "Feature", "geometry": {"type": "Point", "coordinates": [131.0166235, -25.3601737]}, "properties": {"id": "osm-way-475044261", "name": "Unnamed shelter", "kind": "shelter", "label": "Shelter", "source": "OpenStreetMap contributors"}}, {"type": "Feature", "geometry": {"type": "Point", "coordinates": [131.0166302, -25.3597622]}, "properties": {"id": "osm-way-475044262", "name": "Unnamed shelter", "kind": "shelter", "label": "Shelter", "source": "OpenStreetMap contributors"}}, {"type": "Feature", "geometry": {"type": "Point", "coordinates": [134.9226546, -12.1061269]}, "properties": {"id": "osm-way-475053671", "name": "Milingimbi Health Centre", "kind": "clinic", "label": "Clinic", "source": "OpenStreetMap contributors"}}, {"type": "Feature", "geometry": {"type": "Point", "coordinates": [135.5632743, -12.0257691]}, "properties": {"id": "osm-way-475255172", "name": "Ngalkanbuy Wellbeing Centre", "kind": "clinic", "label": "Clinic", "source": "OpenStreetMap contributors"}}, {"type": "Feature", "geometry": {"type": "Point", "coordinates": [130.039645, -15.7691502]}, "properties": {"id": "osm-way-486889349", "name": "Bulla Camp School", "kind": "school", "label": "School", "source": "OpenStreetMap contributors"}}, {"type": "Feature", "geometry": {"type": "Point", "coordinates": [130.8742639, -12.3872139]}, "properties": {"id": "osm-way-488995009", "name": "Jingili Primary School", "kind": "school", "label": "School", "source": "OpenStreetMap contributors"}}, {"type": "Feature", "geometry": {"type": "Point", "coordinates": [132.9506888, -12.4313201]}, "properties": {"id": "osm-way-505324546", "name": "Unnamed shelter", "kind": "shelter", "label": "Shelter", "source": "OpenStreetMap contributors"}}, {"type": "Feature", "geometry": {"type": "Point", "coordinates": [132.9507481, -12.4313181]}, "properties": {"id": "osm-way-505324547", "name": "Unnamed shelter", "kind": "shelter", "label": "Shelter", "source": "OpenStreetMap contributors"}}, {"type": "Feature", "geometry": {"type": "Point", "coordinates": [130.8771064, -12.379564]}, "properties": {"id": "osm-way-506000810", "name": "Unnamed shelter", "kind": "shelter", "label": "Shelter", "source": "OpenStreetMap contributors"}}, {"type": "Feature", "geometry": {"type": "Point", "coordinates": [130.8771179, -12.3797153]}, "properties": {"id": "osm-way-506000828", "name": "Unnamed shelter", "kind": "shelter", "label": "Shelter", "source": "OpenStreetMap contributors"}}, {"type": "Feature", "geometry": {"type": "Point", "coordinates": [130.87719, -12.3796132]}, "properties": {"id": "osm-way-506000884", "name": "Unnamed shelter", "kind": "shelter", "label": "Shelter", "source": "OpenStreetMap contributors"}}, {"type": "Feature", "geometry": {"type": "Point", "coordinates": [130.8774161, -12.3795869]}, "properties": {"id": "osm-way-506000952", "name": "Unnamed shelter", "kind": "shelter", "label": "Shelter", "source": "OpenStreetMap contributors"}}, {"type": "Feature", "geometry": {"type": "Point", "coordinates": [130.8772651, -12.3796837]}, "properties": {"id": "osm-way-506012907", "name": "Unnamed shelter", "kind": "shelter", "label": "Shelter", "source": "OpenStreetMap contributors"}}, {"type": "Feature", "geometry": {"type": "Point", "coordinates": [130.8765378, -12.3793863]}, "properties": {"id": "osm-way-506013359", "name": "Alawa School Farm", "kind": "school", "label": "School", "source": "OpenStreetMap contributors"}}, {"type": "Feature", "geometry": {"type": "Point", "coordinates": [134.5808071, -25.5773079]}, "properties": {"id": "osm-way-506746654", "name": "Unnamed shelter", "kind": "shelter", "label": "Shelter", "source": "OpenStreetMap contributors"}}, {"type": "Feature", "geometry": {"type": "Point", "coordinates": [133.717035, -23.680303]}, "properties": {"id": "osm-way-537381544", "name": "Unnamed shelter", "kind": "shelter", "label": "Shelter", "source": "OpenStreetMap contributors"}}, {"type": "Feature", "geometry": {"type": "Point", "coordinates": [130.84423, -12.4649363]}, "properties": {"id": "osm-way-538844767", "name": "Unnamed shelter", "kind": "shelter", "label": "Shelter", "source": "OpenStreetMap contributors"}}, {"type": "Feature", "geometry": {"type": "Point", "coordinates": [130.8443471, -12.4648205]}, "properties": {"id": "osm-way-538844768", "name": "Unnamed shelter", "kind": "shelter", "label": "Shelter", "source": "OpenStreetMap contributors"}}, {"type": "Feature", "geometry": {"type": "Point", "coordinates": [130.8444841, -12.4646847]}, "properties": {"id": "osm-way-538844769", "name": "Unnamed shelter", "kind": "shelter", "label": "Shelter", "source": "OpenStreetMap contributors"}}, {"type": "Feature", "geometry": {"type": "Point", "coordinates": [130.8446012, -12.4645697]}, "properties": {"id": "osm-way-538844770", "name": "Unnamed shelter", "kind": "shelter", "label": "Shelter", "source": "OpenStreetMap contributors"}}, {"type": "Feature", "geometry": {"type": "Point", "coordinates": [130.9220247, -12.4327512]}, "properties": {"id": "osm-way-538844783", "name": "Unnamed shelter", "kind": "shelter", "label": "Shelter", "source": "OpenStreetMap contributors"}}, {"type": "Feature", "geometry": {"type": "Point", "coordinates": [130.9213511, -12.4329071]}, "properties": {"id": "osm-way-538844785", "name": "Unnamed shelter", "kind": "shelter", "label": "Shelter", "source": "OpenStreetMap contributors"}}, {"type": "Feature", "geometry": {"type": "Point", "coordinates": [130.6366825, -11.7565303]}, "properties": {"id": "osm-way-541914804", "name": "Unnamed shelter", "kind": "shelter", "label": "Shelter", "source": "OpenStreetMap contributors"}}, {"type": "Feature", "geometry": {"type": "Point", "coordinates": [130.6367631, -11.7565186]}, "properties": {"id": "osm-way-541914805", "name": "Unnamed shelter", "kind": "shelter", "label": "Shelter", "source": "OpenStreetMap contributors"}}, {"type": "Feature", "geometry": {"type": "Point", "coordinates": [130.9904325, -12.4920359]}, "properties": {"id": "osm-way-544919591", "name": "Unnamed shelter", "kind": "shelter", "label": "Shelter", "source": "OpenStreetMap contributors"}}, {"type": "Feature", "geometry": {"type": "Point", "coordinates": [130.9848751, -12.487658]}, "properties": {"id": "osm-way-544921129", "name": "Unnamed shelter", "kind": "shelter", "label": "Shelter", "source": "OpenStreetMap contributors"}}, {"type": "Feature", "geometry": {"type": "Point", "coordinates": [131.0063306, -12.5128536]}, "properties": {"id": "osm-way-548474991", "name": "Mother Teresa Catholic Primary School", "kind": "school", "label": "School", "source": "OpenStreetMap contributors"}}, {"type": "Feature", "geometry": {"type": "Point", "coordinates": [130.8628277, -12.3731755]}, "properties": {"id": "osm-way-549689904", "name": "Unnamed shelter", "kind": "shelter", "label": "Shelter", "source": "OpenStreetMap contributors"}}, {"type": "Feature", "geometry": {"type": "Point", "coordinates": [130.8689367, -12.3708265]}, "properties": {"id": "osm-way-549689910", "name": "Pagona", "kind": "shelter", "label": "Shelter", "source": "OpenStreetMap contributors"}}, {"type": "Feature", "geometry": {"type": "Point", "coordinates": [130.9793406, -12.4957546]}, "properties": {"id": "osm-way-552941494", "name": "Sacred Heart Primary", "kind": "school", "label": "School", "source": "OpenStreetMap contributors"}}, {"type": "Feature", "geometry": {"type": "Point", "coordinates": [130.9824872, -12.506003]}, "properties": {"id": "osm-way-552946681", "name": "Woodroffe Primary School", "kind": "school", "label": "School", "source": "OpenStreetMap contributors"}}, {"type": "Feature", "geometry": {"type": "Point", "coordinates": [130.9938915, -12.5110224]}, "properties": {"id": "osm-way-552956314", "name": "Rosebery Primary School", "kind": "school", "label": "School", "source": "OpenStreetMap contributors"}}, {"type": "Feature", "geometry": {"type": "Point", "coordinates": [130.8354061, -12.4381982]}, "properties": {"id": "osm-way-553039128", "name": "Darwin Middle School", "kind": "school", "label": "School", "source": "OpenStreetMap contributors"}}, {"type": "Feature", "geometry": {"type": "Point", "coordinates": [130.8445468, -12.42966]}, "properties": {"id": "osm-way-553679691", "name": "Parap Primary", "kind": "school", "label": "School", "source": "OpenStreetMap contributors"}}, {"type": "Feature", "geometry": {"type": "Point", "coordinates": [130.8551422, -12.4248642]}, "properties": {"id": "osm-way-553683886", "name": "Ludmilla Primary", "kind": "school", "label": "School", "source": "OpenStreetMap contributors"}}, {"type": "Feature", "geometry": {"type": "Point", "coordinates": [130.9754865, -12.4864636]}, "properties": {"id": "osm-way-554600302", "name": "Driver Primary", "kind": "school", "label": "School", "source": "OpenStreetMap contributors"}}, {"type": "Feature", "geometry": {"type": "Point", "coordinates": [131.0060564, -12.5118982]}, "properties": {"id": "osm-way-554774770", "name": "Zucculi Primary School", "kind": "school", "label": "School", "source": "OpenStreetMap contributors"}}, {"type": "Feature", "geometry": {"type": "Point", "coordinates": [130.8824846, -12.3546738]}, "properties": {"id": "osm-way-555899336", "name": "Royal Darwin Hospital", "kind": "hospital", "label": "Hospital", "source": "OpenStreetMap contributors"}}, {"type": "Feature", "geometry": {"type": "Point", "coordinates": [130.8768918, -12.380052]}, "properties": {"id": "osm-way-555911706", "name": "Alawa Primary", "kind": "school", "label": "School", "source": "OpenStreetMap contributors"}}, {"type": "Feature", "geometry": {"type": "Point", "coordinates": [130.8748631, -12.3800224]}, "properties": {"id": "osm-way-555911707", "name": "Nemarluk School", "kind": "school", "label": "School", "source": "OpenStreetMap contributors"}}, {"type": "Feature", "geometry": {"type": "Point", "coordinates": [130.8994694, -12.3735234]}, "properties": {"id": "osm-way-555958876", "name": "Good Shepherd Lutheran College", "kind": "school", "label": "School", "source": "OpenStreetMap contributors"}}, {"type": "Feature", "geometry": {"type": "Point", "coordinates": [130.9036841, -12.3796937]}, "properties": {"id": "osm-way-555970294", "name": "Bridge Club", "kind": "community_centre", "label": "Community centre", "source": "OpenStreetMap contributors"}}, {"type": "Feature", "geometry": {"type": "Point", "coordinates": [130.8571998, -12.3823816]}, "properties": {"id": "osm-way-556656905", "name": "The Essington School", "kind": "school", "label": "School", "source": "OpenStreetMap contributors"}}, {"type": "Feature", "geometry": {"type": "Point", "coordinates": [130.8577246, -12.3870655]}, "properties": {"id": "osm-way-556659168", "name": "St Paul’s Catholic Primary School", "kind": "school", "label": "School", "source": "OpenStreetMap contributors"}}, {"type": "Feature", "geometry": {"type": "Point", "coordinates": [130.92823, -12.3963536]}, "properties": {"id": "osm-way-556680009", "name": "Unnamed shelter", "kind": "shelter", "label": "Shelter", "source": "OpenStreetMap contributors"}}, {"type": "Feature", "geometry": {"type": "Point", "coordinates": [130.9902212, -12.4792868]}, "properties": {"id": "osm-way-557898848", "name": "Palmerston Super Clinic", "kind": "clinic", "label": "Clinic", "source": "OpenStreetMap contributors"}}, {"type": "Feature", "geometry": {"type": "Point", "coordinates": [130.9123847, -12.3936811]}, "properties": {"id": "osm-way-560071654", "name": "Holy Family Catholic Primary", "kind": "school", "label": "School", "source": "OpenStreetMap contributors"}}, {"type": "Feature", "geometry": {"type": "Point", "coordinates": [130.912354, -12.4047524]}, "properties": {"id": "osm-way-564508636", "name": "Kalymnian Brotherhood", "kind": "community_centre", "label": "Community centre", "source": "OpenStreetMap contributors"}}, {"type": "Feature", "geometry": {"type": "Point", "coordinates": [130.9104386, -12.4038166]}, "properties": {"id": "osm-way-564508642", "name": "Timorese Portuguese Club", "kind": "community_centre", "label": "Community centre", "source": "OpenStreetMap contributors"}}, {"type": "Feature", "geometry": {"type": "Point", "coordinates": [130.9142101, -12.4086604]}, "properties": {"id": "osm-way-566678136", "name": "Filipino Australian Association NT", "kind": "community_centre", "label": "Community centre", "source": "OpenStreetMap contributors"}}, {"type": "Feature", "geometry": {"type": "Point", "coordinates": [130.9145115, -12.4077093]}, "properties": {"id": "osm-way-566678141", "name": "RSL Club", "kind": "community_centre", "label": "Community centre", "source": "OpenStreetMap contributors"}}, {"type": "Feature", "geometry": {"type": "Point", "coordinates": [130.835106, -12.4305084]}, "properties": {"id": "osm-way-581024276", "name": "Unnamed shelter", "kind": "shelter", "label": "Shelter", "source": "OpenStreetMap contributors"}}, {"type": "Feature", "geometry": {"type": "Point", "coordinates": [130.9805576, -12.5139985]}, "properties": {"id": "osm-way-582523935", "name": "Forrest Parade School", "kind": "school", "label": "School", "source": "OpenStreetMap contributors"}}, {"type": "Feature", "geometry": {"type": "Point", "coordinates": [131.8315523, -13.8198718]}, "properties": {"id": "osm-way-588226182", "name": "Unnamed shelter", "kind": "shelter", "label": "Shelter", "source": "OpenStreetMap contributors"}}, {"type": "Feature", "geometry": {"type": "Point", "coordinates": [130.8389128, -12.4594404]}, "properties": {"id": "osm-way-589988744", "name": "St Mary's Primary School", "kind": "school", "label": "School", "source": "OpenStreetMap contributors"}}, {"type": "Feature", "geometry": {"type": "Point", "coordinates": [133.1185597, -14.5611055]}, "properties": {"id": "osm-way-592307175", "name": "Wugularr School", "kind": "school", "label": "School", "source": "OpenStreetMap contributors"}}, {"type": "Feature", "geometry": {"type": "Point", "coordinates": [130.8882987, -12.3593637]}, "properties": {"id": "osm-way-594454574", "name": "Lyons Community Centre", "kind": "community_centre", "label": "Community centre", "source": "OpenStreetMap contributors"}}, {"type": "Feature", "geometry": {"type": "Point", "coordinates": [133.7952715, -23.6682693]}, "properties": {"id": "osm-way-597487219", "name": "Unnamed shelter", "kind": "shelter", "label": "Shelter", "source": "OpenStreetMap contributors"}}, {"type": "Feature", "geometry": {"type": "Point", "coordinates": [133.3484391, -23.7180234]}, "properties": {"id": "osm-way-597725624", "name": "Unnamed shelter", "kind": "shelter", "label": "Shelter", "source": "OpenStreetMap contributors"}}, {"type": "Feature", "geometry": {"type": "Point", "coordinates": [133.2588106, -23.7031814]}, "properties": {"id": "osm-way-597749393", "name": "Unnamed shelter", "kind": "shelter", "label": "Shelter", "source": "OpenStreetMap contributors"}}, {"type": "Feature", "geometry": {"type": "Point", "coordinates": [132.9103055, -23.7273626]}, "properties": {"id": "osm-way-597759883", "name": "Unnamed shelter", "kind": "shelter", "label": "Shelter", "source": "OpenStreetMap contributors"}}, {"type": "Feature", "geometry": {"type": "Point", "coordinates": [130.9714265, -25.2292802]}, "properties": {"id": "osm-way-598459285", "name": "Nyangatjatjara College", "kind": "school", "label": "School", "source": "OpenStreetMap contributors"}}, {"type": "Feature", "geometry": {"type": "Point", "coordinates": [130.8597906, -12.3912624]}, "properties": {"id": "osm-way-602291567", "name": "Millner Primary", "kind": "school", "label": "School", "source": "OpenStreetMap contributors"}}, {"type": "Feature", "geometry": {"type": "Point", "coordinates": [130.8736601, -12.3625854]}, "properties": {"id": "osm-way-603976707", "name": "Tiwi Medical Clinic", "kind": "clinic", "label": "Clinic", "source": "OpenStreetMap contributors"}}, {"type": "Feature", "geometry": {"type": "Point", "coordinates": [132.2700414, -24.0739794]}, "properties": {"id": "osm-way-617596878", "name": "Areyonga School", "kind": "school", "label": "School", "source": "OpenStreetMap contributors"}}, {"type": "Feature", "geometry": {"type": "Point", "coordinates": [130.9922404, -12.4909466]}, "properties": {"id": "osm-way-618809025", "name": "Unnamed shelter", "kind": "shelter", "label": "Shelter", "source": "OpenStreetMap contributors"}}, {"type": "Feature", "geometry": {"type": "Point", "coordinates": [130.9881817, -12.4819364]}, "properties": {"id": "osm-way-618809036", "name": "Unnamed shelter", "kind": "shelter", "label": "Shelter", "source": "OpenStreetMap contributors"}}, {"type": "Feature", "geometry": {"type": "Point", "coordinates": [130.9880651, -12.4820391]}, "properties": {"id": "osm-way-618809038", "name": "Unnamed shelter", "kind": "shelter", "label": "Shelter", "source": "OpenStreetMap contributors"}}, {"type": "Feature", "geometry": {"type": "Point", "coordinates": [130.8878236, -12.3640479]}, "properties": {"id": "osm-way-620195554", "name": "Tracy Village", "kind": "community_centre", "label": "Community centre", "source": "OpenStreetMap contributors"}}, {"type": "Feature", "geometry": {"type": "Point", "coordinates": [136.7909922, -12.1894189]}, "properties": {"id": "osm-way-620986674", "name": "Nhulunbuy Christian School", "kind": "school", "label": "School", "source": "OpenStreetMap contributors"}}, {"type": "Feature", "geometry": {"type": "Point", "coordinates": [130.8837962, -12.3675169]}, "properties": {"id": "osm-way-621971493", "name": "Henbury School", "kind": "school", "label": "School", "source": "OpenStreetMap contributors"}}, {"type": "Feature", "geometry": {"type": "Point", "coordinates": [130.8830845, -12.3656109]}, "properties": {"id": "osm-way-621971512", "name": "Dripstone Secondary College", "kind": "school", "label": "School", "source": "OpenStreetMap contributors"}}, {"type": "Feature", "geometry": {"type": "Point", "coordinates": [131.004019, -12.4758419]}, "properties": {"id": "osm-way-622695747", "name": "Palmerston Regional Hospital", "kind": "hospital", "label": "Hospital", "source": "OpenStreetMap contributors"}}, {"type": "Feature", "geometry": {"type": "Point", "coordinates": [130.8849338, -12.3671358]}, "properties": {"id": "osm-way-622698121", "name": "carpentaria", "kind": "clinic", "label": "Clinic", "source": "OpenStreetMap contributors"}}, {"type": "Feature", "geometry": {"type": "Point", "coordinates": [130.9813947, -12.4893743]}, "properties": {"id": "osm-way-623820431", "name": "Community Hall", "kind": "community_centre", "label": "Community centre", "source": "OpenStreetMap contributors"}}, {"type": "Feature", "geometry": {"type": "Point", "coordinates": [130.9905073, -12.4897047]}, "properties": {"id": "osm-way-623820451", "name": "Unnamed shelter", "kind": "shelter", "label": "Shelter", "source": "OpenStreetMap contributors"}}, {"type": "Feature", "geometry": {"type": "Point", "coordinates": [131.0036199, -12.4808912]}, "properties": {"id": "osm-way-627525242", "name": "Stuart Highway", "kind": "shelter", "label": "Shelter", "source": "OpenStreetMap contributors"}}, {"type": "Feature", "geometry": {"type": "Point", "coordinates": [132.5983657, -22.8101956]}, "properties": {"id": "osm-way-678968667", "name": "Unnamed shelter", "kind": "shelter", "label": "Shelter", "source": "OpenStreetMap contributors"}}, {"type": "Feature", "geometry": {"type": "Point", "coordinates": [137.848518, -20.988026]}, "properties": {"id": "osm-way-679203914", "name": "Alpurrurulam School", "kind": "school", "label": "School", "source": "OpenStreetMap contributors"}}, {"type": "Feature", "geometry": {"type": "Point", "coordinates": [133.858425, -23.6973728]}, "properties": {"id": "osm-way-688316146", "name": "Yipirinya School", "kind": "school", "label": "School", "source": "OpenStreetMap contributors"}}, {"type": "Feature", "geometry": {"type": "Point", "coordinates": [130.8844486, -12.3802837]}, "properties": {"id": "osm-way-761161011", "name": "Wagaman Primary School", "kind": "school", "label": "School", "source": "OpenStreetMap contributors"}}, {"type": "Feature", "geometry": {"type": "Point", "coordinates": [131.3158428, -12.5762501]}, "properties": {"id": "osm-way-761256024", "name": "Unnamed shelter", "kind": "shelter", "label": "Shelter", "source": "OpenStreetMap contributors"}}, {"type": "Feature", "geometry": {"type": "Point", "coordinates": [130.880707, -12.3734707]}, "properties": {"id": "osm-way-771767846", "name": "Unnamed shelter", "kind": "shelter", "label": "Shelter", "source": "OpenStreetMap contributors"}}, {"type": "Feature", "geometry": {"type": "Point", "coordinates": [130.8562586, -12.4008609]}, "properties": {"id": "osm-way-772271961", "name": "Unnamed shelter", "kind": "shelter", "label": "Shelter", "source": "OpenStreetMap contributors"}}, {"type": "Feature", "geometry": {"type": "Point", "coordinates": [130.9038195, -12.3938314]}, "properties": {"id": "osm-way-776893504", "name": "Malak Community Centre", "kind": "community_centre", "label": "Community centre", "source": "OpenStreetMap contributors"}}, {"type": "Feature", "geometry": {"type": "Point", "coordinates": [130.8555871, -12.3981296]}, "properties": {"id": "osm-way-777638919", "name": "Unnamed shelter", "kind": "shelter", "label": "Shelter", "source": "OpenStreetMap contributors"}}, {"type": "Feature", "geometry": {"type": "Point", "coordinates": [132.7745923, -23.9431908]}, "properties": {"id": "osm-way-801439437", "name": "Hermannsburg Health Centre", "kind": "clinic", "label": "Clinic", "source": "OpenStreetMap contributors"}}, {"type": "Feature", "geometry": {"type": "Point", "coordinates": [130.6615492, -13.0924703]}, "properties": {"id": "osm-way-801794579", "name": "Woolaning Homeland Christian College - Closed", "kind": "school", "label": "School", "source": "OpenStreetMap contributors"}}, {"type": "Feature", "geometry": {"type": "Point", "coordinates": [133.5398723, -17.5553325]}, "properties": {"id": "osm-way-809024780", "name": "Elliott School", "kind": "school", "label": "School", "source": "OpenStreetMap contributors"}}, {"type": "Feature", "geometry": {"type": "Point", "coordinates": [134.6768708, -21.0474507]}, "properties": {"id": "osm-way-846106318", "name": "Murray Downs School", "kind": "school", "label": "School", "source": "OpenStreetMap contributors"}}, {"type": "Feature", "geometry": {"type": "Point", "coordinates": [131.0249966, -12.4909903]}, "properties": {"id": "osm-way-931216444", "name": "Unnamed shelter", "kind": "shelter", "label": "Shelter", "source": "OpenStreetMap contributors"}}, {"type": "Feature", "geometry": {"type": "Point", "coordinates": [131.0258533, -12.4905526]}, "properties": {"id": "osm-way-931226314", "name": "Unnamed shelter", "kind": "shelter", "label": "Shelter", "source": "OpenStreetMap contributors"}}, {"type": "Feature", "geometry": {"type": "Point", "coordinates": [131.0252804, -12.4912352]}, "properties": {"id": "osm-way-931226315", "name": "Unnamed shelter", "kind": "shelter", "label": "Shelter", "source": "OpenStreetMap contributors"}}, {"type": "Feature", "geometry": {"type": "Point", "coordinates": [131.0255664, -12.4914838]}, "properties": {"id": "osm-way-931226316", "name": "Unnamed shelter", "kind": "shelter", "label": "Shelter", "source": "OpenStreetMap contributors"}}, {"type": "Feature", "geometry": {"type": "Point", "coordinates": [131.0260483, -12.4909425]}, "properties": {"id": "osm-way-931226317", "name": "Unnamed shelter", "kind": "shelter", "label": "Shelter", "source": "OpenStreetMap contributors"}}, {"type": "Feature", "geometry": {"type": "Point", "coordinates": [131.0254925, -12.4904468]}, "properties": {"id": "osm-way-931226318", "name": "Unnamed shelter", "kind": "shelter", "label": "Shelter", "source": "OpenStreetMap contributors"}}, {"type": "Feature", "geometry": {"type": "Point", "coordinates": [131.0245053, -12.4915239]}, "properties": {"id": "osm-way-931226319", "name": "Unnamed shelter", "kind": "shelter", "label": "Shelter", "source": "OpenStreetMap contributors"}}, {"type": "Feature", "geometry": {"type": "Point", "coordinates": [131.0248541, -12.4916999]}, "properties": {"id": "osm-way-931226320", "name": "Unnamed shelter", "kind": "shelter", "label": "Shelter", "source": "OpenStreetMap contributors"}}, {"type": "Feature", "geometry": {"type": "Point", "coordinates": [131.0250836, -12.4920185]}, "properties": {"id": "osm-way-931226321", "name": "Unnamed shelter", "kind": "shelter", "label": "Shelter", "source": "OpenStreetMap contributors"}}, {"type": "Feature", "geometry": {"type": "Point", "coordinates": [131.0241435, -12.4919273]}, "properties": {"id": "osm-way-931226323", "name": "Unnamed shelter", "kind": "shelter", "label": "Shelter", "source": "OpenStreetMap contributors"}}, {"type": "Feature", "geometry": {"type": "Point", "coordinates": [131.024433, -12.4921721]}, "properties": {"id": "osm-way-931226324", "name": "Unnamed shelter", "kind": "shelter", "label": "Shelter", "source": "OpenStreetMap contributors"}}, {"type": "Feature", "geometry": {"type": "Point", "coordinates": [131.023694, -12.4924295]}, "properties": {"id": "osm-way-931226325", "name": "Unnamed shelter", "kind": "shelter", "label": "Shelter", "source": "OpenStreetMap contributors"}}, {"type": "Feature", "geometry": {"type": "Point", "coordinates": [131.0227367, -12.4921444]}, "properties": {"id": "osm-way-931230535", "name": "Unnamed shelter", "kind": "shelter", "label": "Shelter", "source": "OpenStreetMap contributors"}}, {"type": "Feature", "geometry": {"type": "Point", "coordinates": [131.024155, -12.4911321]}, "properties": {"id": "osm-way-931231822", "name": "Unnamed shelter", "kind": "shelter", "label": "Shelter", "source": "OpenStreetMap contributors"}}, {"type": "Feature", "geometry": {"type": "Point", "coordinates": [131.0238724, -12.4908903]}, "properties": {"id": "osm-way-931231823", "name": "Unnamed shelter", "kind": "shelter", "label": "Shelter", "source": "OpenStreetMap contributors"}}, {"type": "Feature", "geometry": {"type": "Point", "coordinates": [131.0235892, -12.4906378]}, "properties": {"id": "osm-way-931231824", "name": "Unnamed shelter", "kind": "shelter", "label": "Shelter", "source": "OpenStreetMap contributors"}}, {"type": "Feature", "geometry": {"type": "Point", "coordinates": [131.0235492, -12.4912504]}, "properties": {"id": "osm-way-931231825", "name": "Unnamed shelter", "kind": "shelter", "label": "Shelter", "source": "OpenStreetMap contributors"}}, {"type": "Feature", "geometry": {"type": "Point", "coordinates": [131.0232081, -12.4910778]}, "properties": {"id": "osm-way-931231826", "name": "Unnamed shelter", "kind": "shelter", "label": "Shelter", "source": "OpenStreetMap contributors"}}, {"type": "Feature", "geometry": {"type": "Point", "coordinates": [131.7942573, -22.2549907]}, "properties": {"id": "osm-way-951580375", "name": "Adult Education", "kind": "community_centre", "label": "Community centre", "source": "OpenStreetMap contributors"}}, {"type": "Feature", "geometry": {"type": "Point", "coordinates": [132.2592998, -14.4637203]}, "properties": {"id": "osm-way-953556706", "name": "Kintore Street School", "kind": "school", "label": "School", "source": "OpenStreetMap contributors"}}, {"type": "Feature", "geometry": {"type": "Point", "coordinates": [132.2640855, -14.4614285]}, "properties": {"id": "osm-way-953556707", "name": "Katherine Hospital", "kind": "hospital", "label": "Hospital", "source": "OpenStreetMap contributors"}}, {"type": "Feature", "geometry": {"type": "Point", "coordinates": [132.2720099, -14.4394303]}, "properties": {"id": "osm-way-953556716", "name": "Katherine Hospital", "kind": "hospital", "label": "Hospital", "source": "OpenStreetMap contributors"}}, {"type": "Feature", "geometry": {"type": "Point", "coordinates": [132.2835523, -14.4667877]}, "properties": {"id": "osm-way-958436265", "name": "Unnamed shelter", "kind": "shelter", "label": "Shelter", "source": "OpenStreetMap contributors"}}, {"type": "Feature", "geometry": {"type": "Point", "coordinates": [132.2909145, -14.4714437]}, "properties": {"id": "osm-way-958436269", "name": "Unnamed shelter", "kind": "shelter", "label": "Shelter", "source": "OpenStreetMap contributors"}}, {"type": "Feature", "geometry": {"type": "Point", "coordinates": [132.2827479, -14.4658004]}, "properties": {"id": "osm-way-960759044", "name": "Unnamed shelter", "kind": "shelter", "label": "Shelter", "source": "OpenStreetMap contributors"}}, {"type": "Feature", "geometry": {"type": "Point", "coordinates": [132.2812669, -14.4651609]}, "properties": {"id": "osm-way-960759045", "name": "Unnamed shelter", "kind": "shelter", "label": "Shelter", "source": "OpenStreetMap contributors"}}, {"type": "Feature", "geometry": {"type": "Point", "coordinates": [132.2796027, -14.4641081]}, "properties": {"id": "osm-way-960759046", "name": "Unnamed shelter", "kind": "shelter", "label": "Shelter", "source": "OpenStreetMap contributors"}}, {"type": "Feature", "geometry": {"type": "Point", "coordinates": [132.294667, -14.4688131]}, "properties": {"id": "osm-way-960784468", "name": "Unnamed shelter", "kind": "shelter", "label": "Shelter", "source": "OpenStreetMap contributors"}}, {"type": "Feature", "geometry": {"type": "Point", "coordinates": [132.2729236, -14.4429192]}, "properties": {"id": "osm-way-962716255", "name": "Unnamed shelter", "kind": "shelter", "label": "Shelter", "source": "OpenStreetMap contributors"}}, {"type": "Feature", "geometry": {"type": "Point", "coordinates": [132.3978469, -14.4953644]}, "properties": {"id": "osm-way-964895838", "name": "Unnamed shelter", "kind": "shelter", "label": "Shelter", "source": "OpenStreetMap contributors"}}, {"type": "Feature", "geometry": {"type": "Point", "coordinates": [132.4004991, -14.4960288]}, "properties": {"id": "osm-way-964895846", "name": "BBQ-Less Hut", "kind": "shelter", "label": "Shelter", "source": "OpenStreetMap contributors"}}, {"type": "Feature", "geometry": {"type": "Point", "coordinates": [132.4015599, -14.4960979]}, "properties": {"id": "osm-way-964895856", "name": "Unnamed shelter", "kind": "shelter", "label": "Shelter", "source": "OpenStreetMap contributors"}}, {"type": "Feature", "geometry": {"type": "Point", "coordinates": [132.4013526, -14.496123]}, "properties": {"id": "osm-way-964895857", "name": "Unnamed shelter", "kind": "shelter", "label": "Shelter", "source": "OpenStreetMap contributors"}}, {"type": "Feature", "geometry": {"type": "Point", "coordinates": [132.2684924, -14.4484203]}, "properties": {"id": "osm-way-965235371", "name": "Unnamed shelter", "kind": "shelter", "label": "Shelter", "source": "OpenStreetMap contributors"}}, {"type": "Feature", "geometry": {"type": "Point", "coordinates": [132.2562603, -14.4564191]}, "properties": {"id": "osm-way-965562200", "name": "Unnamed shelter", "kind": "shelter", "label": "Shelter", "source": "OpenStreetMap contributors"}}, {"type": "Feature", "geometry": {"type": "Point", "coordinates": [132.2931901, -14.4745164]}, "properties": {"id": "osm-way-966005840", "name": "Unnamed shelter", "kind": "shelter", "label": "Shelter", "source": "OpenStreetMap contributors"}}, {"type": "Feature", "geometry": {"type": "Point", "coordinates": [132.2694696, -14.4419671]}, "properties": {"id": "osm-way-966576426", "name": "Unnamed shelter", "kind": "shelter", "label": "Shelter", "source": "OpenStreetMap contributors"}}, {"type": "Feature", "geometry": {"type": "Point", "coordinates": [132.2525148, -14.4952078]}, "properties": {"id": "osm-way-966739159", "name": "Unnamed shelter", "kind": "shelter", "label": "Shelter", "source": "OpenStreetMap contributors"}}, {"type": "Feature", "geometry": {"type": "Point", "coordinates": [136.8122677, -13.8595585]}, "properties": {"id": "osm-way-978927968", "name": "Alyarrmandumanja Umbakumba School", "kind": "school", "label": "School", "source": "OpenStreetMap contributors"}}, {"type": "Feature", "geometry": {"type": "Point", "coordinates": [129.6179752, -16.4278529]}, "properties": {"id": "osm-way-978930099", "name": "Amanbidji School", "kind": "school", "label": "School", "source": "OpenStreetMap contributors"}}, {"type": "Feature", "geometry": {"type": "Point", "coordinates": [133.9387868, -23.7678784]}, "properties": {"id": "osm-way-978932096", "name": "Amoonguna School", "kind": "school", "label": "School", "source": "OpenStreetMap contributors"}}, {"type": "Feature", "geometry": {"type": "Point", "coordinates": [136.4594103, -13.9828413]}, "properties": {"id": "osm-way-978935737", "name": "Angurugu School", "kind": "school", "label": "School", "source": "OpenStreetMap contributors"}}, {"type": "Feature", "geometry": {"type": "Point", "coordinates": [134.4547098, -22.8022323]}, "properties": {"id": "osm-way-978940144", "name": "Alcoota School", "kind": "school", "label": "School", "source": "OpenStreetMap contributors"}}, {"type": "Feature", "geometry": {"type": "Point", "coordinates": [134.7718828, -22.0839161]}, "properties": {"id": "osm-way-978946744", "name": "Arlparra School", "kind": "school", "label": "School", "source": "OpenStreetMap contributors"}}, {"type": "Feature", "geometry": {"type": "Point", "coordinates": [131.03346, -13.0461553]}, "properties": {"id": "osm-way-978953089", "name": "Batchelor Area School", "kind": "school", "label": "School", "source": "OpenStreetMap contributors"}}, {"type": "Feature", "geometry": {"type": "Point", "coordinates": [131.0528354, -12.5408642]}, "properties": {"id": "osm-way-978958802", "name": "Bees Creek Primary School", "kind": "school", "label": "School", "source": "OpenStreetMap contributors"}}, {"type": "Feature", "geometry": {"type": "Point", "coordinates": [130.9878189, -12.7155112]}, "properties": {"id": "osm-way-978965604", "name": "Berry Springs Primary", "kind": "school", "label": "School", "source": "OpenStreetMap contributors"}}, {"type": "Feature", "geometry": {"type": "Point", "coordinates": [136.3064997, -16.0586399]}, "properties": {"id": "osm-way-978977732", "name": "Borroloola Primary School", "kind": "school", "label": "School", "source": "OpenStreetMap contributors"}}, {"type": "Feature", "geometry": {"type": "Point", "coordinates": [136.3067231, -16.0602772]}, "properties": {"id": "osm-way-978977733", "name": "Borroloola High School", "kind": "school", "label": "School", "source": "OpenStreetMap contributors"}}, {"type": "Feature", "geometry": {"type": "Point", "coordinates": [135.5846029, -20.6446359]}, "properties": {"id": "osm-way-979179880", "name": "Canteen Creek School", "kind": "school", "label": "School", "source": "OpenStreetMap contributors"}}, {"type": "Feature", "geometry": {"type": "Point", "coordinates": [135.8580032, -18.367468]}, "properties": {"id": "osm-way-979456024", "name": "Corella Creek Annexe", "kind": "school", "label": "School", "source": "OpenStreetMap contributors"}}, {"type": "Feature", "geometry": {"type": "Point", "coordinates": [130.8556522, -12.4229189]}, "properties": {"id": "osm-way-979456793", "name": "Darwin Languages Centre", "kind": "school", "label": "School", "source": "OpenStreetMap contributors"}}, {"type": "Feature", "geometry": {"type": "Point", "coordinates": [131.1884604, -13.8319911]}, "properties": {"id": "osm-way-979457593", "name": "Douglas Daly School", "kind": "school", "label": "School", "source": "OpenStreetMap contributors"}}, {"type": "Feature", "geometry": {"type": "Point", "coordinates": [130.3784207, -12.7511313]}, "properties": {"id": "osm-way-979458309", "name": "Dundee Beach School", "kind": "school", "label": "School", "source": "OpenStreetMap contributors"}}, {"type": "Feature", "geometry": {"type": "Point", "coordinates": [130.9740074, -12.4758673]}, "properties": {"id": "osm-way-979458470", "name": "Durack Primary", "kind": "school", "label": "School", "source": "OpenStreetMap contributors"}}, {"type": "Feature", "geometry": {"type": "Point", "coordinates": [130.9745218, -12.4765091]}, "properties": {"id": "osm-way-979458772", "name": "Unnamed shelter", "kind": "shelter", "label": "Shelter", "source": "OpenStreetMap contributors"}}, {"type": "Feature", "geometry": {"type": "Point", "coordinates": [135.2496287, -20.4629545]}, "properties": {"id": "osm-way-979461493", "name": "Epenarra School", "kind": "school", "label": "School", "source": "OpenStreetMap contributors"}}, {"type": "Feature", "geometry": {"type": "Point", "coordinates": [135.250241, -20.4633534]}, "properties": {"id": "osm-way-979461494", "name": "Wutunugurra Health Centre", "kind": "clinic", "label": "Clinic", "source": "OpenStreetMap contributors"}}, {"type": "Feature", "geometry": {"type": "Point", "coordinates": [135.8083295, -12.5065033]}, "properties": {"id": "osm-way-979751947", "name": "Gapuwiyak School", "kind": "school", "label": "School", "source": "OpenStreetMap contributors"}}, {"type": "Feature", "geometry": {"type": "Point", "coordinates": [135.8082202, -12.5055933]}, "properties": {"id": "osm-way-979751948", "name": "Gapuwiyak School", "kind": "school", "label": "School", "source": "OpenStreetMap contributors"}}, {"type": "Feature", "geometry": {"type": "Point", "coordinates": [135.9038772, -11.7598598]}, "properties": {"id": "osm-way-979752244", "name": "Gäwa Christian School", "kind": "school", "label": "School", "source": "OpenStreetMap contributors"}}, {"type": "Feature", "geometry": {"type": "Point", "coordinates": [131.1024593, -12.5220184]}, "properties": {"id": "osm-way-979753157", "name": "Girraween Primary School", "kind": "school", "label": "School", "source": "OpenStreetMap contributors"}}, {"type": "Feature", "geometry": {"type": "Point", "coordinates": [131.0236552, -12.4948508]}, "properties": {"id": "osm-way-979754573", "name": "Good Shepherd Lutheran College", "kind": "school", "label": "School", "source": "OpenStreetMap contributors"}}, {"type": "Feature", "geometry": {"type": "Point", "coordinates": [131.8804409, -23.4473593]}, "properties": {"id": "osm-way-979762775", "name": "Haasts Bluff School", "kind": "school", "label": "School", "source": "OpenStreetMap contributors"}}, {"type": "Feature", "geometry": {"type": "Point", "coordinates": [130.8836297, -12.369279]}, "properties": {"id": "osm-way-979763808", "name": "Mimik-Ga Centre", "kind": "school", "label": "School", "source": "OpenStreetMap contributors"}}, {"type": "Feature", "geometry": {"type": "Point", "coordinates": [130.8849529, -12.3725222]}, "properties": {"id": "osm-way-979774854", "name": "Holy Spirit Catholic Primary", "kind": "school", "label": "School", "source": "OpenStreetMap contributors"}}, {"type": "Feature", "geometry": {"type": "Point", "coordinates": [132.572871, -25.1288393]}, "properties": {"id": "osm-way-979777047", "name": "Imanpa School", "kind": "school", "label": "School", "source": "OpenStreetMap contributors"}}, {"type": "Feature", "geometry": {"type": "Point", "coordinates": [133.3010286, -14.9542332]}, "properties": {"id": "osm-way-979777990", "name": "Jilkminggan School", "kind": "school", "label": "School", "source": "OpenStreetMap contributors"}}, {"type": "Feature", "geometry": {"type": "Point", "coordinates": [134.2659134, -19.6792073]}, "properties": {"id": "osm-way-979782447", "name": "Juno Centre", "kind": "school", "label": "School", "source": "OpenStreetMap contributors"}}, {"type": "Feature", "geometry": {"type": "Point", "coordinates": [136.1832983, -17.2424515]}, "properties": {"id": "osm-way-979789806", "name": "Kiana School", "kind": "school", "label": "School", "source": "OpenStreetMap contributors"}}, {"type": "Feature", "geometry": {"type": "Point", "coordinates": [132.7565482, -22.5335173]}, "properties": {"id": "osm-way-979797052", "name": "Laramba School", "kind": "school", "label": "School", "source": "OpenStreetMap contributors"}}, {"type": "Feature", "geometry": {"type": "Point", "coordinates": [130.8294377, -12.4572643]}, "properties": {"id": "osm-way-979801115", "name": "Larrakeyah Primary School", "kind": "school", "label": "School", "source": "OpenStreetMap contributors"}}, {"type": "Feature", "geometry": {"type": "Point", "coordinates": [134.3741994, -24.1292872]}, "properties": {"id": "osm-way-979901610", "name": "Ltyentye Apurte Catholic School", "kind": "school", "label": "School", "source": "OpenStreetMap contributors"}}, {"type": "Feature", "geometry": {"type": "Point", "coordinates": [132.3566947, -23.2902088]}, "properties": {"id": "osm-way-979905277", "name": "Mbunghara School", "kind": "school", "label": "School", "source": "OpenStreetMap contributors"}}, {"type": "Feature", "geometry": {"type": "Point", "coordinates": [130.9029218, -12.3921586]}, "properties": {"id": "osm-way-979907244", "name": "Malak Primary School", "kind": "school", "label": "School", "source": "OpenStreetMap contributors"}}, {"type": "Feature", "geometry": {"type": "Point", "coordinates": [134.2239177, -12.0506075]}, "properties": {"id": "osm-way-979908777", "name": "Maningrida College", "kind": "school", "label": "School", "source": "OpenStreetMap contributors"}}, {"type": "Feature", "geometry": {"type": "Point", "coordinates": [132.8293555, -14.2667094]}, "properties": {"id": "osm-way-979909840", "name": "Manyallaluk School", "kind": "school", "label": "School", "source": "OpenStreetMap contributors"}}, {"type": "Feature", "geometry": {"type": "Point", "coordinates": [135.4375051, -12.2525173]}, "properties": {"id": "osm-way-979910729", "name": "Mäpuru Yirralka College", "kind": "school", "label": "School", "source": "OpenStreetMap contributors"}}, {"type": "Feature", "geometry": {"type": "Point", "coordinates": [133.0639849, -14.9219158]}, "properties": {"id": "osm-way-979916555", "name": "Mataranka School", "kind": "school", "label": "School", "source": "OpenStreetMap contributors"}}, {"type": "Feature", "geometry": {"type": "Point", "coordinates": [131.3149676, -12.5759164]}, "properties": {"id": "osm-way-979918633", "name": "Middle Point School", "kind": "school", "label": "School", "source": "OpenStreetMap contributors"}}, {"type": "Feature", "geometry": {"type": "Point", "coordinates": [130.6726194, -11.4190803]}, "properties": {"id": "osm-way-979921092", "name": "Milikapiti School", "kind": "school", "label": "School", "source": "OpenStreetMap contributors"}}, {"type": "Feature", "geometry": {"type": "Point", "coordinates": [136.1955972, -13.7817052]}, "properties": {"id": "osm-way-979925677", "name": "Milyakburra School", "kind": "school", "label": "School", "source": "OpenStreetMap contributors"}}, {"type": "Feature", "geometry": {"type": "Point", "coordinates": [136.1953861, -13.782681]}, "properties": {"id": "osm-way-979925678", "name": "Milyakburra Health Centre", "kind": "clinic", "label": "Clinic", "source": "OpenStreetMap contributors"}}, {"type": "Feature", "geometry": {"type": "Point", "coordinates": [134.0827476, -15.221105]}, "properties": {"id": "osm-way-979939255", "name": "Minyerri School", "kind": "school", "label": "School", "source": "OpenStreetMap contributors"}}, {"type": "Feature", "geometry": {"type": "Point", "coordinates": [134.0826122, -15.2215285]}, "properties": {"id": "osm-way-979939256", "name": "Minyerri Health Clinic", "kind": "clinic", "label": "Clinic", "source": "OpenStreetMap contributors"}}, {"type": "Feature", "geometry": {"type": "Point", "coordinates": [130.8805911, -12.3881085]}, "properties": {"id": "osm-way-979941608", "name": "Moil Primary School", "kind": "school", "label": "School", "source": "OpenStreetMap contributors"}}, {"type": "Feature", "geometry": {"type": "Point", "coordinates": [130.8801277, -12.3889858]}, "properties": {"id": "osm-way-979941613", "name": "Unnamed shelter", "kind": "shelter", "label": "Shelter", "source": "OpenStreetMap contributors"}}, {"type": "Feature", "geometry": {"type": "Point", "coordinates": [130.8803969, -12.3889978]}, "properties": {"id": "osm-way-979941614", "name": "Unnamed shelter", "kind": "shelter", "label": "Shelter", "source": "OpenStreetMap contributors"}}, {"type": "Feature", "geometry": {"type": "Point", "coordinates": [132.2083135, -22.2564388]}, "properties": {"id": "osm-way-979947479", "name": "Mount Allan School", "kind": "school", "label": "School", "source": "OpenStreetMap contributors"}}, {"type": "Feature", "geometry": {"type": "Point", "coordinates": [132.2077877, -22.2568853]}, "properties": {"id": "osm-way-979947480", "name": "Yuelamu Health Centre", "kind": "clinic", "label": "Clinic", "source": "OpenStreetMap contributors"}}, {"type": "Feature", "geometry": {"type": "Point", "coordinates": [134.680766, -21.0489108]}, "properties": {"id": "osm-way-979953887", "name": "Unnamed shelter", "kind": "shelter", "label": "Shelter", "source": "OpenStreetMap contributors"}}, {"type": "Feature", "geometry": {"type": "Point", "coordinates": [131.0637392, -25.3483881]}, "properties": {"id": "osm-way-979965642", "name": "Mutitjulu School", "kind": "school", "label": "School", "source": "OpenStreetMap contributors"}}, {"type": "Feature", "geometry": {"type": "Point", "coordinates": [133.9938426, -21.5138369]}, "properties": {"id": "osm-way-979980295", "name": "Neutral Junction School", "kind": "school", "label": "School", "source": "OpenStreetMap contributors"}}, {"type": "Feature", "geometry": {"type": "Point", "coordinates": [133.4100945, -17.3729563]}, "properties": {"id": "osm-way-980006255", "name": "Newcastle Waters School", "kind": "school", "label": "School", "source": "OpenStreetMap contributors"}}, {"type": "Feature", "geometry": {"type": "Point", "coordinates": [130.3251749, -14.17025]}, "properties": {"id": "osm-way-980010883", "name": "Nganambala School", "kind": "school", "label": "School", "source": "OpenStreetMap contributors"}}, {"type": "Feature", "geometry": {"type": "Point", "coordinates": [129.881733, -14.3525562]}, "properties": {"id": "osm-way-980020659", "name": "Nganmarriyanga School", "kind": "school", "label": "School", "source": "OpenStreetMap contributors"}}, {"type": "Feature", "geometry": {"type": "Point", "coordinates": [129.8822919, -14.3521044]}, "properties": {"id": "osm-way-980020660", "name": "Nganmarriyanga Health Centre", "kind": "clinic", "label": "Clinic", "source": "OpenStreetMap contributors"}}, {"type": "Feature", "geometry": {"type": "Point", "coordinates": [134.7327186, -14.7287145]}, "properties": {"id": "osm-way-980037005", "name": "Ngukurr School", "kind": "school", "label": "School", "source": "OpenStreetMap contributors"}}, {"type": "Feature", "geometry": {"type": "Point", "coordinates": [132.7756861, -23.9423914]}, "properties": {"id": "osm-way-980438602", "name": "Ntaria School", "kind": "school", "label": "School", "source": "OpenStreetMap contributors"}}, {"type": "Feature", "geometry": {"type": "Point", "coordinates": [135.74135, -14.2780896]}, "properties": {"id": "osm-way-980445350", "name": "Numbulwar School", "kind": "school", "label": "School", "source": "OpenStreetMap contributors"}}, {"type": "Feature", "geometry": {"type": "Point", "coordinates": [130.5528524, -22.6498128]}, "properties": {"id": "osm-way-980454570", "name": "Nyirripi School", "kind": "school", "label": "School", "source": "OpenStreetMap contributors"}}, {"type": "Feature", "geometry": {"type": "Point", "coordinates": [129.5232216, -14.2434177]}, "properties": {"id": "osm-way-980474945", "name": "Our Lady of the Sacred Heart Thamarrurr Catholic School", "kind": "school", "label": "School", "source": "OpenStreetMap contributors"}}, {"type": "Feature", "geometry": {"type": "Point", "coordinates": [130.0770827, -14.1499717]}, "properties": {"id": "osm-way-980496884", "name": "Peppimenarti School", "kind": "school", "label": "School", "source": "OpenStreetMap contributors"}}, {"type": "Feature", "geometry": {"type": "Point", "coordinates": [131.2204201, -16.8142918]}, "properties": {"id": "osm-way-980503271", "name": "Pigeon Hole School", "kind": "school", "label": "School", "source": "OpenStreetMap contributors"}}, {"type": "Feature", "geometry": {"type": "Point", "coordinates": [131.8366317, -13.8223341]}, "properties": {"id": "osm-way-980512022", "name": "Pine Creek School", "kind": "school", "label": "School", "source": "OpenStreetMap contributors"}}, {"type": "Feature", "geometry": {"type": "Point", "coordinates": [130.4174345, -11.4042251]}, "properties": {"id": "osm-way-980514634", "name": "Pularumpi School", "kind": "school", "label": "School", "source": "OpenStreetMap contributors"}}, {"type": "Feature", "geometry": {"type": "Point", "coordinates": [134.9265583, -12.326166]}, "properties": {"id": "osm-way-980515453", "name": "Ramingining School", "kind": "school", "label": "School", "source": "OpenStreetMap contributors"}}, {"type": "Feature", "geometry": {"type": "Point", "coordinates": [136.981225, -16.760363]}, "properties": {"id": "osm-way-980517183", "name": "Robinson River School", "kind": "school", "label": "School", "source": "OpenStreetMap contributors"}}, {"type": "Feature", "geometry": {"type": "Point", "coordinates": [135.1799092, -19.0074766]}, "properties": {"id": "osm-way-980522603", "name": "Rockhampton Downs School", "kind": "school", "label": "School", "source": "OpenStreetMap contributors"}}, {"type": "Feature", "geometry": {"type": "Point", "coordinates": [135.5672252, -12.028737]}, "properties": {"id": "osm-way-980524907", "name": "Shepherdson College", "kind": "school", "label": "School", "source": "OpenStreetMap contributors"}}, {"type": "Feature", "geometry": {"type": "Point", "coordinates": [130.6878447, -13.7502786]}, "properties": {"id": "osm-way-980734915", "name": "St Francis Xavier Catholic School", "kind": "school", "label": "School", "source": "OpenStreetMap contributors"}}, {"type": "Feature", "geometry": {"type": "Point", "coordinates": [133.8739267, -23.7037196]}, "properties": {"id": "osm-way-980736924", "name": "St Joseph’s Flexible Learning Centre", "kind": "school", "label": "School", "source": "OpenStreetMap contributors"}}, {"type": "Feature", "geometry": {"type": "Point", "coordinates": [133.7324163, -21.7398877]}, "properties": {"id": "osm-way-980742028", "name": "Stirling School", "kind": "school", "label": "School", "source": "OpenStreetMap contributors"}}, {"type": "Feature", "geometry": {"type": "Point", "coordinates": [133.7311241, -21.7414337]}, "properties": {"id": "osm-way-980742038", "name": "Unnamed shelter", "kind": "shelter", "label": "Shelter", "source": "OpenStreetMap contributors"}}, {"type": "Feature", "geometry": {"type": "Point", "coordinates": [130.4648403, -15.6482806]}, "properties": {"id": "osm-way-980748677", "name": "Timber Creek School", "kind": "school", "label": "School", "source": "OpenStreetMap contributors"}}, {"type": "Feature", "geometry": {"type": "Point", "coordinates": [131.0418742, -13.7332047]}, "properties": {"id": "osm-way-980751987", "name": "Tipperary Station School", "kind": "school", "label": "School", "source": "OpenStreetMap contributors"}}, {"type": "Feature", "geometry": {"type": "Point", "coordinates": [130.8902814, -11.7640364]}, "properties": {"id": "osm-way-980777933", "name": "Tiwi College", "kind": "school", "label": "School", "source": "OpenStreetMap contributors"}}, {"type": "Feature", "geometry": {"type": "Point", "coordinates": [133.0863412, -24.1246988]}, "properties": {"id": "osm-way-980814857", "name": "Wallace Rockhole Health Centre", "kind": "clinic", "label": "Clinic", "source": "OpenStreetMap contributors"}}, {"type": "Feature", "geometry": {"type": "Point", "coordinates": [133.0864518, -24.1238079]}, "properties": {"id": "osm-way-980814870", "name": "Unnamed shelter", "kind": "shelter", "label": "Shelter", "source": "OpenStreetMap contributors"}}, {"type": "Feature", "geometry": {"type": "Point", "coordinates": [133.0863409, -24.1242421]}, "properties": {"id": "osm-way-980814871", "name": "Unnamed shelter", "kind": "shelter", "label": "Shelter", "source": "OpenStreetMap contributors"}}, {"type": "Feature", "geometry": {"type": "Point", "coordinates": [130.8872711, -12.3713916]}, "properties": {"id": "osm-way-980835447", "name": "Wanguri Primary", "kind": "school", "label": "School", "source": "OpenStreetMap contributors"}}, {"type": "Feature", "geometry": {"type": "Point", "coordinates": [132.615299, -21.2442901]}, "properties": {"id": "osm-way-981065551", "name": "Willowra School", "kind": "school", "label": "School", "source": "OpenStreetMap contributors"}}, {"type": "Feature", "geometry": {"type": "Point", "coordinates": [132.6094394, -21.2474142]}, "properties": {"id": "osm-way-981067886", "name": "Willowra Health Centre", "kind": "clinic", "label": "Clinic", "source": "OpenStreetMap contributors"}}, {"type": "Feature", "geometry": {"type": "Point", "coordinates": [130.6544411, -13.0997847]}, "properties": {"id": "osm-way-981078118", "name": "Woolaning School", "kind": "school", "label": "School", "source": "OpenStreetMap contributors"}}, {"type": "Feature", "geometry": {"type": "Point", "coordinates": [130.6812159, -13.7104857]}, "properties": {"id": "osm-way-981082660", "name": "Woolianna School", "kind": "school", "label": "School", "source": "OpenStreetMap contributors"}}, {"type": "Feature", "geometry": {"type": "Point", "coordinates": [133.1132662, -14.5546442]}, "properties": {"id": "osm-way-981103115", "name": "Beswick Health Centre", "kind": "clinic", "label": "Clinic", "source": "OpenStreetMap contributors"}}, {"type": "Feature", "geometry": {"type": "Point", "coordinates": [130.8816655, -16.4467141]}, "properties": {"id": "osm-way-981118122", "name": "Yarralin School", "kind": "school", "label": "School", "source": "OpenStreetMap contributors"}}, {"type": "Feature", "geometry": {"type": "Point", "coordinates": [130.884168, -16.4474003]}, "properties": {"id": "osm-way-981118128", "name": "Yaralin Health Centre", "kind": "clinic", "label": "Clinic", "source": "OpenStreetMap contributors"}}, {"type": "Feature", "geometry": {"type": "Point", "coordinates": [136.8881824, -12.2527442]}, "properties": {"id": "osm-way-981155305", "name": "Laynhapuy Homelands School", "kind": "school", "label": "School", "source": "OpenStreetMap contributors"}}, {"type": "Feature", "geometry": {"type": "Point", "coordinates": [136.892685, -12.2498311]}, "properties": {"id": "osm-way-981155329", "name": "Yirrkala Health Centre", "kind": "clinic", "label": "Clinic", "source": "OpenStreetMap contributors"}}, {"type": "Feature", "geometry": {"type": "Point", "coordinates": [130.9836673, -25.2348487]}, "properties": {"id": "osm-way-981186804", "name": "Yulara Primary School", "kind": "school", "label": "School", "source": "OpenStreetMap contributors"}}, {"type": "Feature", "geometry": {"type": "Point", "coordinates": [129.619895, -16.4274303]}, "properties": {"id": "osm-way-981913692", "name": "Amanbidji Health Centre", "kind": "clinic", "label": "Clinic", "source": "OpenStreetMap contributors"}}, {"type": "Feature", "geometry": {"type": "Point", "coordinates": [130.0805753, -14.1562061]}, "properties": {"id": "osm-way-981919695", "name": "Peppimenarti Health Centre", "kind": "clinic", "label": "Clinic", "source": "OpenStreetMap contributors"}}, {"type": "Feature", "geometry": {"type": "Point", "coordinates": [130.8819161, -12.3574419]}, "properties": {"id": "osm-way-981962282", "name": "Darwin Private Hospital", "kind": "hospital", "label": "Hospital", "source": "OpenStreetMap contributors"}}, {"type": "Feature", "geometry": {"type": "Point", "coordinates": [130.883758, -12.3564638]}, "properties": {"id": "osm-way-981962291", "name": "Unnamed shelter", "kind": "shelter", "label": "Shelter", "source": "OpenStreetMap contributors"}}, {"type": "Feature", "geometry": {"type": "Point", "coordinates": [132.8659073, -14.5240137]}, "properties": {"id": "osm-way-985408865", "name": "Barunga School", "kind": "school", "label": "School", "source": "OpenStreetMap contributors"}}, {"type": "Feature", "geometry": {"type": "Point", "coordinates": [133.8818274, -23.7435937]}, "properties": {"id": "osm-way-988202268", "name": "Alice Springs Steiner School", "kind": "school", "label": "School", "source": "OpenStreetMap contributors"}}, {"type": "Feature", "geometry": {"type": "Point", "coordinates": [130.9222989, -12.4145199]}, "properties": {"id": "osm-way-988209715", "name": "Milkwood Steiner School", "kind": "school", "label": "School", "source": "OpenStreetMap contributors"}}, {"type": "Feature", "geometry": {"type": "Point", "coordinates": [129.0822944, -24.8730548]}, "properties": {"id": "osm-way-988232335", "name": "Nyangatjatjara College - Docker River Primary Campus", "kind": "school", "label": "School", "source": "OpenStreetMap contributors"}}, {"type": "Feature", "geometry": {"type": "Point", "coordinates": [129.0761035, -24.8814355]}, "properties": {"id": "osm-way-988232336", "name": "Nyangatjatjara College - Docker River Secondary Campus", "kind": "school", "label": "School", "source": "OpenStreetMap contributors"}}, {"type": "Feature", "geometry": {"type": "Point", "coordinates": [132.5707288, -25.1292923]}, "properties": {"id": "osm-way-988249276", "name": "Nyangatjatjara College - Imanpa Campus", "kind": "school", "label": "School", "source": "OpenStreetMap contributors"}}, {"type": "Feature", "geometry": {"type": "Point", "coordinates": [129.3893891, -23.2767189]}, "properties": {"id": "osm-way-988470560", "name": "Yirara College - Kintore Campus", "kind": "school", "label": "School", "source": "OpenStreetMap contributors"}}, {"type": "Feature", "geometry": {"type": "Point", "coordinates": [134.1416732, -19.023355]}, "properties": {"id": "osm-way-997319051", "name": "Unnamed shelter", "kind": "shelter", "label": "Shelter", "source": "OpenStreetMap contributors"}}, {"type": "Feature", "geometry": {"type": "Point", "coordinates": [134.1423311, -19.0250621]}, "properties": {"id": "osm-way-997319053", "name": "Unnamed shelter", "kind": "shelter", "label": "Shelter", "source": "OpenStreetMap contributors"}}, {"type": "Feature", "geometry": {"type": "Point", "coordinates": [130.6400595, -18.3378995]}, "properties": {"id": "osm-way-1009038991", "name": "Lajamanu Health Centre", "kind": "clinic", "label": "Clinic", "source": "OpenStreetMap contributors"}}, {"type": "Feature", "geometry": {"type": "Point", "coordinates": [130.8930214, -12.3603791]}, "properties": {"id": "osm-way-1041352792", "name": "Unnamed shelter", "kind": "shelter", "label": "Shelter", "source": "OpenStreetMap contributors"}}, {"type": "Feature", "geometry": {"type": "Point", "coordinates": [130.8949151, -12.3589919]}, "properties": {"id": "osm-way-1041352813", "name": "Unnamed shelter", "kind": "shelter", "label": "Shelter", "source": "OpenStreetMap contributors"}}, {"type": "Feature", "geometry": {"type": "Point", "coordinates": [130.8899464, -12.3607856]}, "properties": {"id": "osm-way-1041352814", "name": "Unnamed shelter", "kind": "shelter", "label": "Shelter", "source": "OpenStreetMap contributors"}}, {"type": "Feature", "geometry": {"type": "Point", "coordinates": [130.8920674, -12.3538997]}, "properties": {"id": "osm-way-1041352817", "name": "Unnamed shelter", "kind": "shelter", "label": "Shelter", "source": "OpenStreetMap contributors"}}, {"type": "Feature", "geometry": {"type": "Point", "coordinates": [130.7134879, -13.2036839]}, "properties": {"id": "osm-way-1085720127", "name": "Unnamed shelter", "kind": "shelter", "label": "Shelter", "source": "OpenStreetMap contributors"}}, {"type": "Feature", "geometry": {"type": "Point", "coordinates": [130.7135994, -13.2038764]}, "properties": {"id": "osm-way-1085720128", "name": "Unnamed shelter", "kind": "shelter", "label": "Shelter", "source": "OpenStreetMap contributors"}}, {"type": "Feature", "geometry": {"type": "Point", "coordinates": [130.713716, -13.2039617]}, "properties": {"id": "osm-way-1085720129", "name": "Unnamed shelter", "kind": "shelter", "label": "Shelter", "source": "OpenStreetMap contributors"}}, {"type": "Feature", "geometry": {"type": "Point", "coordinates": [130.7139265, -13.2047652]}, "properties": {"id": "osm-way-1085720130", "name": "Unnamed shelter", "kind": "shelter", "label": "Shelter", "source": "OpenStreetMap contributors"}}, {"type": "Feature", "geometry": {"type": "Point", "coordinates": [133.0731983, -23.7723624]}, "properties": {"id": "osm-way-1090363892", "name": "Ellery Creek North - Larapinta Trailhead Shelter (6/7)", "kind": "shelter", "label": "Shelter", "source": "OpenStreetMap contributors"}}, {"type": "Feature", "geometry": {"type": "Point", "coordinates": [132.5184299, -23.5787465]}, "properties": {"id": "osm-way-1091484135", "name": "Unnamed shelter", "kind": "shelter", "label": "Shelter", "source": "OpenStreetMap contributors"}}, {"type": "Feature", "geometry": {"type": "Point", "coordinates": [132.5213621, -23.5789318]}, "properties": {"id": "osm-way-1091484138", "name": "Unnamed shelter", "kind": "shelter", "label": "Shelter", "source": "OpenStreetMap contributors"}}, {"type": "Feature", "geometry": {"type": "Point", "coordinates": [132.9793351, -23.7593461]}, "properties": {"id": "osm-way-1091484152", "name": "Unnamed shelter", "kind": "shelter", "label": "Shelter", "source": "OpenStreetMap contributors"}}, {"type": "Feature", "geometry": {"type": "Point", "coordinates": [132.9802598, -23.754471]}, "properties": {"id": "osm-way-1091484154", "name": "Unnamed shelter", "kind": "shelter", "label": "Shelter", "source": "OpenStreetMap contributors"}}, {"type": "Feature", "geometry": {"type": "Point", "coordinates": [131.1040015, -13.2363545]}, "properties": {"id": "osm-way-1118021022", "name": "Adelaide River Health Centre", "kind": "clinic", "label": "Clinic", "source": "OpenStreetMap contributors"}}, {"type": "Feature", "geometry": {"type": "Point", "coordinates": [133.8279558, -24.8725199]}, "properties": {"id": "osm-way-1118021934", "name": "Unnamed shelter", "kind": "shelter", "label": "Shelter", "source": "OpenStreetMap contributors"}}, {"type": "Feature", "geometry": {"type": "Point", "coordinates": [132.615758, -21.243991]}, "properties": {"id": "osm-way-1159135531", "name": "Unnamed shelter", "kind": "shelter", "label": "Shelter", "source": "OpenStreetMap contributors"}}, {"type": "Feature", "geometry": {"type": "Point", "coordinates": [132.6159045, -21.2444402]}, "properties": {"id": "osm-way-1159135533", "name": "Unnamed shelter", "kind": "shelter", "label": "Shelter", "source": "OpenStreetMap contributors"}}, {"type": "Feature", "geometry": {"type": "Point", "coordinates": [132.6150555, -21.2445742]}, "properties": {"id": "osm-way-1159135534", "name": "Unnamed shelter", "kind": "shelter", "label": "Shelter", "source": "OpenStreetMap contributors"}}, {"type": "Feature", "geometry": {"type": "Point", "coordinates": [130.8739023, -12.409272]}, "properties": {"id": "osm-way-1185428864", "name": "Unnamed shelter", "kind": "shelter", "label": "Shelter", "source": "OpenStreetMap contributors"}}, {"type": "Feature", "geometry": {"type": "Point", "coordinates": [130.873904, -12.4093818]}, "properties": {"id": "osm-way-1185428865", "name": "Unnamed shelter", "kind": "shelter", "label": "Shelter", "source": "OpenStreetMap contributors"}}, {"type": "Feature", "geometry": {"type": "Point", "coordinates": [130.9909905, -25.2382664]}, "properties": {"id": "osm-way-1193070510", "name": "Unnamed shelter", "kind": "shelter", "label": "Shelter", "source": "OpenStreetMap contributors"}}, {"type": "Feature", "geometry": {"type": "Point", "coordinates": [136.774692, -12.1896579]}, "properties": {"id": "osm-way-1220368844", "name": "Nhulunbuy Heath Centre", "kind": "clinic", "label": "Clinic", "source": "OpenStreetMap contributors"}}, {"type": "Feature", "geometry": {"type": "Point", "coordinates": [135.5686928, -12.0197596]}, "properties": {"id": "osm-way-1222131051", "name": "Galiwinku Health Centre", "kind": "clinic", "label": "Clinic", "source": "OpenStreetMap contributors"}}, {"type": "Feature", "geometry": {"type": "Point", "coordinates": [133.0548208, -12.3217551]}, "properties": {"id": "osm-way-1222159195", "name": "Gunbalanya Health Centre", "kind": "clinic", "label": "Clinic", "source": "OpenStreetMap contributors"}}, {"type": "Feature", "geometry": {"type": "Point", "coordinates": [133.0658854, -14.9233521]}, "properties": {"id": "osm-way-1222166084", "name": "Mataranka Health Centre", "kind": "clinic", "label": "Clinic", "source": "OpenStreetMap contributors"}}, {"type": "Feature", "geometry": {"type": "Point", "coordinates": [135.7413994, -14.275415]}, "properties": {"id": "osm-way-1222180504", "name": "Numbulwar Health Centre", "kind": "clinic", "label": "Clinic", "source": "OpenStreetMap contributors"}}, {"type": "Feature", "geometry": {"type": "Point", "coordinates": [134.9289942, -12.3286593]}, "properties": {"id": "osm-way-1223121633", "name": "Ramingining Health Centre", "kind": "clinic", "label": "Clinic", "source": "OpenStreetMap contributors"}}, {"type": "Feature", "geometry": {"type": "Point", "coordinates": [136.8087278, -13.8601312]}, "properties": {"id": "osm-way-1223132035", "name": "Umbakumba Health Centre", "kind": "clinic", "label": "Clinic", "source": "OpenStreetMap contributors"}}, {"type": "Feature", "geometry": {"type": "Point", "coordinates": [134.2215483, -12.0520371]}, "properties": {"id": "osm-way-1223379345", "name": "Manangrida Health Centre", "kind": "clinic", "label": "Clinic", "source": "OpenStreetMap contributors"}}, {"type": "Feature", "geometry": {"type": "Point", "coordinates": [131.9198952, -22.2622168]}, "properties": {"id": "osm-way-1241224232", "name": "Unnamed shelter", "kind": "shelter", "label": "Shelter", "source": "OpenStreetMap contributors"}}, {"type": "Feature", "geometry": {"type": "Point", "coordinates": [130.8486813, -12.4319789]}, "properties": {"id": "osm-way-1242328231", "name": "Top End Mental Health Service Tamarind Center", "kind": "clinic", "label": "Clinic", "source": "OpenStreetMap contributors"}}, {"type": "Feature", "geometry": {"type": "Point", "coordinates": [130.8773748, -12.4073186]}, "properties": {"id": "osm-way-1253851956", "name": "Unnamed shelter", "kind": "shelter", "label": "Shelter", "source": "OpenStreetMap contributors"}}, {"type": "Feature", "geometry": {"type": "Point", "coordinates": [132.8340419, -12.6680408]}, "properties": {"id": "osm-way-1271871532", "name": "Gundjeihmi Aboriginal Corporation", "kind": "community_centre", "label": "Community centre", "source": "OpenStreetMap contributors"}}, {"type": "Feature", "geometry": {"type": "Point", "coordinates": [133.8640997, -23.7021709]}, "properties": {"id": "osm-way-1284967977", "name": "Unnamed shelter", "kind": "shelter", "label": "Shelter", "source": "OpenStreetMap contributors"}}, {"type": "Feature", "geometry": {"type": "Point", "coordinates": [136.7846836, -12.1830141]}, "properties": {"id": "osm-way-1287243744", "name": "Unnamed shelter", "kind": "shelter", "label": "Shelter", "source": "OpenStreetMap contributors"}}, {"type": "Feature", "geometry": {"type": "Point", "coordinates": [136.7847739, -12.183]}, "properties": {"id": "osm-way-1287243745", "name": "Unnamed shelter", "kind": "shelter", "label": "Shelter", "source": "OpenStreetMap contributors"}}, {"type": "Feature", "geometry": {"type": "Point", "coordinates": [134.1880839, -19.6540694]}, "properties": {"id": "osm-way-1288215469", "name": "Unnamed shelter", "kind": "shelter", "label": "Shelter", "source": "OpenStreetMap contributors"}}, {"type": "Feature", "geometry": {"type": "Point", "coordinates": [129.5200785, -14.2411815]}, "properties": {"id": "osm-way-1298874463", "name": "Unnamed clinic", "kind": "clinic", "label": "Clinic", "source": "OpenStreetMap contributors"}}, {"type": "Feature", "geometry": {"type": "Point", "coordinates": [130.8858769, -12.4908485]}, "properties": {"id": "osm-way-1306573826", "name": "Unnamed shelter", "kind": "shelter", "label": "Shelter", "source": "OpenStreetMap contributors"}}, {"type": "Feature", "geometry": {"type": "Point", "coordinates": [130.8667906, -12.4204829]}, "properties": {"id": "osm-way-1308130904", "name": "Unnamed shelter", "kind": "shelter", "label": "Shelter", "source": "OpenStreetMap contributors"}}, {"type": "Feature", "geometry": {"type": "Point", "coordinates": [130.8661665, -12.4227889]}, "properties": {"id": "osm-way-1308132141", "name": "Unnamed shelter", "kind": "shelter", "label": "Shelter", "source": "OpenStreetMap contributors"}}, {"type": "Feature", "geometry": {"type": "Point", "coordinates": [133.8762799, -23.7123647]}, "properties": {"id": "osm-way-1327787907", "name": "Gap Road Dialysis Centre", "kind": "clinic", "label": "Clinic", "source": "OpenStreetMap contributors"}}, {"type": "Feature", "geometry": {"type": "Point", "coordinates": [136.7251824, -13.8419135]}, "properties": {"id": "osm-way-1328486269", "name": "Unnamed shelter", "kind": "shelter", "label": "Shelter", "source": "OpenStreetMap contributors"}}, {"type": "Feature", "geometry": {"type": "Point", "coordinates": [136.4652535, -13.9823453]}, "properties": {"id": "osm-way-1329515936", "name": "Unnamed shelter", "kind": "shelter", "label": "Shelter", "source": "OpenStreetMap contributors"}}, {"type": "Feature", "geometry": {"type": "Point", "coordinates": [130.9335128, -12.4376896]}, "properties": {"id": "osm-way-1332729649", "name": "Unnamed shelter", "kind": "shelter", "label": "Shelter", "source": "OpenStreetMap contributors"}}, {"type": "Feature", "geometry": {"type": "Point", "coordinates": [130.992936, -12.703715]}, "properties": {"id": "osm-way-1337012828", "name": "Billabong Viewing Area", "kind": "shelter", "label": "Shelter", "source": "OpenStreetMap contributors"}}, {"type": "Feature", "geometry": {"type": "Point", "coordinates": [130.8663901, -12.422912]}, "properties": {"id": "osm-way-1359164828", "name": "Unnamed shelter", "kind": "shelter", "label": "Shelter", "source": "OpenStreetMap contributors"}}, {"type": "Feature", "geometry": {"type": "Point", "coordinates": [130.8668652, -12.422662]}, "properties": {"id": "osm-way-1359164829", "name": "Unnamed shelter", "kind": "shelter", "label": "Shelter", "source": "OpenStreetMap contributors"}}, {"type": "Feature", "geometry": {"type": "Point", "coordinates": [130.8668954, -12.4225945]}, "properties": {"id": "osm-way-1359164830", "name": "Unnamed shelter", "kind": "shelter", "label": "Shelter", "source": "OpenStreetMap contributors"}}, {"type": "Feature", "geometry": {"type": "Point", "coordinates": [130.8669201, -12.4227088]}, "properties": {"id": "osm-way-1359164831", "name": "Unnamed shelter", "kind": "shelter", "label": "Shelter", "source": "OpenStreetMap contributors"}}, {"type": "Feature", "geometry": {"type": "Point", "coordinates": [130.8669524, -12.4226258]}, "properties": {"id": "osm-way-1359164832", "name": "Unnamed shelter", "kind": "shelter", "label": "Shelter", "source": "OpenStreetMap contributors"}}, {"type": "Feature", "geometry": {"type": "Point", "coordinates": [130.8693321, -12.4233352]}, "properties": {"id": "osm-way-1359164845", "name": "Unnamed shelter", "kind": "shelter", "label": "Shelter", "source": "OpenStreetMap contributors"}}, {"type": "Feature", "geometry": {"type": "Point", "coordinates": [130.8693783, -12.4233316]}, "properties": {"id": "osm-way-1359164846", "name": "Unnamed shelter", "kind": "shelter", "label": "Shelter", "source": "OpenStreetMap contributors"}}, {"type": "Feature", "geometry": {"type": "Point", "coordinates": [130.8694008, -12.4233318]}, "properties": {"id": "osm-way-1359164847", "name": "Unnamed shelter", "kind": "shelter", "label": "Shelter", "source": "OpenStreetMap contributors"}}, {"type": "Feature", "geometry": {"type": "Point", "coordinates": [130.869458, -12.423379]}, "properties": {"id": "osm-way-1359164848", "name": "Unnamed shelter", "kind": "shelter", "label": "Shelter", "source": "OpenStreetMap contributors"}}, {"type": "Feature", "geometry": {"type": "Point", "coordinates": [130.8694556, -12.4234741]}, "properties": {"id": "osm-way-1359164849", "name": "Unnamed shelter", "kind": "shelter", "label": "Shelter", "source": "OpenStreetMap contributors"}}, {"type": "Feature", "geometry": {"type": "Point", "coordinates": [130.8803932, -12.4056372]}, "properties": {"id": "osm-way-1359876777", "name": "Unnamed shelter", "kind": "shelter", "label": "Shelter", "source": "OpenStreetMap contributors"}}, {"type": "Feature", "geometry": {"type": "Point", "coordinates": [130.8736116, -12.4017403]}, "properties": {"id": "osm-way-1360187950", "name": "Unnamed shelter", "kind": "shelter", "label": "Shelter", "source": "OpenStreetMap contributors"}}, {"type": "Feature", "geometry": {"type": "Point", "coordinates": [130.8830529, -12.3980524]}, "properties": {"id": "osm-way-1360188572", "name": "Unnamed shelter", "kind": "shelter", "label": "Shelter", "source": "OpenStreetMap contributors"}}, {"type": "Feature", "geometry": {"type": "Point", "coordinates": [130.8572785, -12.4020456]}, "properties": {"id": "osm-way-1360296365", "name": "Unnamed shelter", "kind": "shelter", "label": "Shelter", "source": "OpenStreetMap contributors"}}, {"type": "Feature", "geometry": {"type": "Point", "coordinates": [130.8559377, -12.4012981]}, "properties": {"id": "osm-way-1360296368", "name": "Unnamed shelter", "kind": "shelter", "label": "Shelter", "source": "OpenStreetMap contributors"}}, {"type": "Feature", "geometry": {"type": "Point", "coordinates": [130.8516005, -12.400021]}, "properties": {"id": "osm-way-1360297326", "name": "Unnamed shelter", "kind": "shelter", "label": "Shelter", "source": "OpenStreetMap contributors"}}, {"type": "Feature", "geometry": {"type": "Point", "coordinates": [130.82939, -12.4574197]}, "properties": {"id": "osm-way-1360314955", "name": "Unnamed shelter", "kind": "shelter", "label": "Shelter", "source": "OpenStreetMap contributors"}}, {"type": "Feature", "geometry": {"type": "Point", "coordinates": [130.8295374, -12.4578431]}, "properties": {"id": "osm-way-1360314956", "name": "Unnamed shelter", "kind": "shelter", "label": "Shelter", "source": "OpenStreetMap contributors"}}, {"type": "Feature", "geometry": {"type": "Point", "coordinates": [130.9829696, -12.4867113]}, "properties": {"id": "osm-way-1382041934", "name": "Unnamed shelter", "kind": "shelter", "label": "Shelter", "source": "OpenStreetMap contributors"}}, {"type": "Feature", "geometry": {"type": "Point", "coordinates": [130.9845656, -12.4868395]}, "properties": {"id": "osm-way-1382041937", "name": "Unnamed shelter", "kind": "shelter", "label": "Shelter", "source": "OpenStreetMap contributors"}}, {"type": "Feature", "geometry": {"type": "Point", "coordinates": [130.982169, -12.4869903]}, "properties": {"id": "osm-way-1382041939", "name": "Unnamed shelter", "kind": "shelter", "label": "Shelter", "source": "OpenStreetMap contributors"}}, {"type": "Feature", "geometry": {"type": "Point", "coordinates": [130.9957204, -12.5073532]}, "properties": {"id": "osm-way-1383703412", "name": "Unnamed shelter", "kind": "shelter", "label": "Shelter", "source": "OpenStreetMap contributors"}}, {"type": "Feature", "geometry": {"type": "Point", "coordinates": [130.9020829, -12.3886138]}, "properties": {"id": "osm-way-1388510618", "name": "Unnamed shelter", "kind": "shelter", "label": "Shelter", "source": "OpenStreetMap contributors"}}, {"type": "Feature", "geometry": {"type": "Point", "coordinates": [130.9021714, -12.3881059]}, "properties": {"id": "osm-way-1388510627", "name": "Unnamed shelter", "kind": "shelter", "label": "Shelter", "source": "OpenStreetMap contributors"}}, {"type": "Feature", "geometry": {"type": "Point", "coordinates": [131.0044948, -12.5197679]}, "properties": {"id": "osm-way-1389466273", "name": "Unnamed shelter", "kind": "shelter", "label": "Shelter", "source": "OpenStreetMap contributors"}}, {"type": "Feature", "geometry": {"type": "Point", "coordinates": [134.4571976, -22.8039894]}, "properties": {"id": "osm-way-1389719822", "name": "Unnamed shelter", "kind": "shelter", "label": "Shelter", "source": "OpenStreetMap contributors"}}, {"type": "Feature", "geometry": {"type": "Point", "coordinates": [134.4546099, -22.8038519]}, "properties": {"id": "osm-way-1389719824", "name": "Unnamed shelter", "kind": "shelter", "label": "Shelter", "source": "OpenStreetMap contributors"}}, {"type": "Feature", "geometry": {"type": "Point", "coordinates": [134.4536254, -22.8022337]}, "properties": {"id": "osm-way-1389719831", "name": "Unnamed shelter", "kind": "shelter", "label": "Shelter", "source": "OpenStreetMap contributors"}}, {"type": "Feature", "geometry": {"type": "Point", "coordinates": [131.0028251, -12.4751597]}, "properties": {"id": "osm-way-1410573295", "name": "Unnamed shelter", "kind": "shelter", "label": "Shelter", "source": "OpenStreetMap contributors"}}, {"type": "Feature", "geometry": {"type": "Point", "coordinates": [131.0042832, -12.4767274]}, "properties": {"id": "osm-way-1410582270", "name": "Unnamed shelter", "kind": "shelter", "label": "Shelter", "source": "OpenStreetMap contributors"}}, {"type": "Feature", "geometry": {"type": "Point", "coordinates": [131.0042856, -12.4768816]}, "properties": {"id": "osm-way-1410582271", "name": "Unnamed shelter", "kind": "shelter", "label": "Shelter", "source": "OpenStreetMap contributors"}}, {"type": "Feature", "geometry": {"type": "Point", "coordinates": [131.0047138, -12.4768781]}, "properties": {"id": "osm-way-1410582272", "name": "Unnamed shelter", "kind": "shelter", "label": "Shelter", "source": "OpenStreetMap contributors"}}, {"type": "Feature", "geometry": {"type": "Point", "coordinates": [131.0047505, -12.4767247]}, "properties": {"id": "osm-way-1410582273", "name": "Unnamed shelter", "kind": "shelter", "label": "Shelter", "source": "OpenStreetMap contributors"}}, {"type": "Feature", "geometry": {"type": "Point", "coordinates": [131.0033701, -12.4748964]}, "properties": {"id": "osm-way-1410582274", "name": "Unnamed shelter", "kind": "shelter", "label": "Shelter", "source": "OpenStreetMap contributors"}}, {"type": "Feature", "geometry": {"type": "Point", "coordinates": [131.0034787, -12.4747531]}, "properties": {"id": "osm-way-1410582275", "name": "Unnamed shelter", "kind": "shelter", "label": "Shelter", "source": "OpenStreetMap contributors"}}, {"type": "Feature", "geometry": {"type": "Point", "coordinates": [131.0034771, -12.474599]}, "properties": {"id": "osm-way-1410582276", "name": "Unnamed shelter", "kind": "shelter", "label": "Shelter", "source": "OpenStreetMap contributors"}}, {"type": "Feature", "geometry": {"type": "Point", "coordinates": [131.0033271, -12.475177]}, "properties": {"id": "osm-way-1410582277", "name": "Unnamed shelter", "kind": "shelter", "label": "Shelter", "source": "OpenStreetMap contributors"}}, {"type": "Feature", "geometry": {"type": "Point", "coordinates": [131.003874, -12.4749362]}, "properties": {"id": "osm-way-1410807615", "name": "Unnamed shelter", "kind": "shelter", "label": "Shelter", "source": "OpenStreetMap contributors"}}, {"type": "Feature", "geometry": {"type": "Point", "coordinates": [131.0036854, -12.4753233]}, "properties": {"id": "osm-way-1410807616", "name": "Unnamed shelter", "kind": "shelter", "label": "Shelter", "source": "OpenStreetMap contributors"}}, {"type": "Feature", "geometry": {"type": "Point", "coordinates": [131.0034846, -12.4753484]}, "properties": {"id": "osm-way-1410807617", "name": "Unnamed shelter", "kind": "shelter", "label": "Shelter", "source": "OpenStreetMap contributors"}}, {"type": "Feature", "geometry": {"type": "Point", "coordinates": [131.0033391, -12.4753259]}, "properties": {"id": "osm-way-1410807618", "name": "Unnamed shelter", "kind": "shelter", "label": "Shelter", "source": "OpenStreetMap contributors"}}, {"type": "Feature", "geometry": {"type": "Point", "coordinates": [131.0041477, -12.4749239]}, "properties": {"id": "osm-way-1410807619", "name": "Unnamed shelter", "kind": "shelter", "label": "Shelter", "source": "OpenStreetMap contributors"}}, {"type": "Feature", "geometry": {"type": "Point", "coordinates": [131.004072, -12.4749183]}, "properties": {"id": "osm-way-1410807620", "name": "Unnamed shelter", "kind": "shelter", "label": "Shelter", "source": "OpenStreetMap contributors"}}, {"type": "Feature", "geometry": {"type": "Point", "coordinates": [131.0036298, -12.475221]}, "properties": {"id": "osm-way-1410807621", "name": "Unnamed shelter", "kind": "shelter", "label": "Shelter", "source": "OpenStreetMap contributors"}}, {"type": "Feature", "geometry": {"type": "Point", "coordinates": [131.0030119, -12.475541]}, "properties": {"id": "osm-way-1410807626", "name": "Unnamed shelter", "kind": "shelter", "label": "Shelter", "source": "OpenStreetMap contributors"}}, {"type": "Feature", "geometry": {"type": "Point", "coordinates": [131.0031197, -12.475508]}, "properties": {"id": "osm-way-1410807627", "name": "Unnamed shelter", "kind": "shelter", "label": "Shelter", "source": "OpenStreetMap contributors"}}, {"type": "Feature", "geometry": {"type": "Point", "coordinates": [131.0042472, -12.4770144]}, "properties": {"id": "osm-way-1410807630", "name": "Unnamed shelter", "kind": "shelter", "label": "Shelter", "source": "OpenStreetMap contributors"}}, {"type": "Feature", "geometry": {"type": "Point", "coordinates": [131.0047186, -12.4770107]}, "properties": {"id": "osm-way-1410807631", "name": "Unnamed shelter", "kind": "shelter", "label": "Shelter", "source": "OpenStreetMap contributors"}}, {"type": "Feature", "geometry": {"type": "Point", "coordinates": [133.2655936, -22.1238397]}, "properties": {"id": "osm-way-1413402618", "name": "Gazibo", "kind": "shelter", "label": "Shelter", "source": "OpenStreetMap contributors"}}, {"type": "Feature", "geometry": {"type": "Point", "coordinates": [130.9658022, -12.4865887]}, "properties": {"id": "osm-way-1414439444", "name": "Unnamed shelter", "kind": "shelter", "label": "Shelter", "source": "OpenStreetMap contributors"}}, {"type": "Feature", "geometry": {"type": "Point", "coordinates": [130.9662554, -12.4834156]}, "properties": {"id": "osm-way-1414439453", "name": "Unnamed shelter", "kind": "shelter", "label": "Shelter", "source": "OpenStreetMap contributors"}}, {"type": "Feature", "geometry": {"type": "Point", "coordinates": [130.9660749, -12.4876382]}, "properties": {"id": "osm-way-1414439467", "name": "Unnamed shelter", "kind": "shelter", "label": "Shelter", "source": "OpenStreetMap contributors"}}, {"type": "Feature", "geometry": {"type": "Point", "coordinates": [130.9646211, -12.491174]}, "properties": {"id": "osm-way-1414617856", "name": "Unnamed shelter", "kind": "shelter", "label": "Shelter", "source": "OpenStreetMap contributors"}}, {"type": "Feature", "geometry": {"type": "Point", "coordinates": [130.9652078, -12.4909612]}, "properties": {"id": "osm-way-1414617859", "name": "Unnamed shelter", "kind": "shelter", "label": "Shelter", "source": "OpenStreetMap contributors"}}, {"type": "Feature", "geometry": {"type": "Point", "coordinates": [130.9646424, -12.4905779]}, "properties": {"id": "osm-way-1414617862", "name": "Unnamed shelter", "kind": "shelter", "label": "Shelter", "source": "OpenStreetMap contributors"}}, {"type": "Feature", "geometry": {"type": "Point", "coordinates": [130.9649482, -12.4910395]}, "properties": {"id": "osm-way-1414617868", "name": "Unnamed shelter", "kind": "shelter", "label": "Shelter", "source": "OpenStreetMap contributors"}}, {"type": "Feature", "geometry": {"type": "Point", "coordinates": [130.9642421, -12.4904371]}, "properties": {"id": "osm-way-1414617869", "name": "Unnamed shelter", "kind": "shelter", "label": "Shelter", "source": "OpenStreetMap contributors"}}, {"type": "Feature", "geometry": {"type": "Point", "coordinates": [130.9647646, -12.4901791]}, "properties": {"id": "osm-way-1414617872", "name": "Unnamed shelter", "kind": "shelter", "label": "Shelter", "source": "OpenStreetMap contributors"}}, {"type": "Feature", "geometry": {"type": "Point", "coordinates": [130.9651444, -12.4901547]}, "properties": {"id": "osm-way-1414617875", "name": "Unnamed shelter", "kind": "shelter", "label": "Shelter", "source": "OpenStreetMap contributors"}}, {"type": "Feature", "geometry": {"type": "Point", "coordinates": [130.9650906, -12.4903422]}, "properties": {"id": "osm-way-1414617876", "name": "Unnamed shelter", "kind": "shelter", "label": "Shelter", "source": "OpenStreetMap contributors"}}, {"type": "Feature", "geometry": {"type": "Point", "coordinates": [130.9645717, -12.4905313]}, "properties": {"id": "osm-way-1414617879", "name": "Unnamed shelter", "kind": "shelter", "label": "Shelter", "source": "OpenStreetMap contributors"}}, {"type": "Feature", "geometry": {"type": "Point", "coordinates": [130.9646387, -12.4903707]}, "properties": {"id": "osm-way-1414617880", "name": "Unnamed shelter", "kind": "shelter", "label": "Shelter", "source": "OpenStreetMap contributors"}}, {"type": "Feature", "geometry": {"type": "Point", "coordinates": [130.9822881, -12.4782604]}, "properties": {"id": "osm-way-1414921221", "name": "Unnamed shelter", "kind": "shelter", "label": "Shelter", "source": "OpenStreetMap contributors"}}, {"type": "Feature", "geometry": {"type": "Point", "coordinates": [130.8366, -12.4545536]}, "properties": {"id": "osm-way-1416486071", "name": "Unnamed shelter", "kind": "shelter", "label": "Shelter", "source": "OpenStreetMap contributors"}}, {"type": "Feature", "geometry": {"type": "Point", "coordinates": [130.845523, -12.4707072]}, "properties": {"id": "osm-way-1416488669", "name": "Unnamed shelter", "kind": "shelter", "label": "Shelter", "source": "OpenStreetMap contributors"}}, {"type": "Feature", "geometry": {"type": "Point", "coordinates": [130.829602, -12.4508468]}, "properties": {"id": "osm-way-1416520165", "name": "Unnamed shelter", "kind": "shelter", "label": "Shelter", "source": "OpenStreetMap contributors"}}, {"type": "Feature", "geometry": {"type": "Point", "coordinates": [130.6394452, -11.7540329]}, "properties": {"id": "osm-way-1416955839", "name": "Unnamed shelter", "kind": "shelter", "label": "Shelter", "source": "OpenStreetMap contributors"}}, {"type": "Feature", "geometry": {"type": "Point", "coordinates": [130.6392437, -11.7529223]}, "properties": {"id": "osm-way-1416955843", "name": "Unnamed shelter", "kind": "shelter", "label": "Shelter", "source": "OpenStreetMap contributors"}}, {"type": "Feature", "geometry": {"type": "Point", "coordinates": [130.9842741, -12.4815071]}, "properties": {"id": "osm-way-1421540066", "name": "Unnamed shelter", "kind": "shelter", "label": "Shelter", "source": "OpenStreetMap contributors"}}, {"type": "Feature", "geometry": {"type": "Point", "coordinates": [130.9856934, -12.4810858]}, "properties": {"id": "osm-way-1421677092", "name": "Unnamed shelter", "kind": "shelter", "label": "Shelter", "source": "OpenStreetMap contributors"}}, {"type": "Feature", "geometry": {"type": "Point", "coordinates": [130.9859856, -12.4808008]}, "properties": {"id": "osm-way-1421677093", "name": "Unnamed shelter", "kind": "shelter", "label": "Shelter", "source": "OpenStreetMap contributors"}}, {"type": "Feature", "geometry": {"type": "Point", "coordinates": [130.986245, -12.4808083]}, "properties": {"id": "osm-way-1421677094", "name": "Unnamed shelter", "kind": "shelter", "label": "Shelter", "source": "OpenStreetMap contributors"}}, {"type": "Feature", "geometry": {"type": "Point", "coordinates": [130.9858358, -12.4811369]}, "properties": {"id": "osm-way-1421677095", "name": "Unnamed shelter", "kind": "shelter", "label": "Shelter", "source": "OpenStreetMap contributors"}}, {"type": "Feature", "geometry": {"type": "Point", "coordinates": [130.8958263, -12.3618519]}, "properties": {"id": "osm-way-1429929741", "name": "Unnamed shelter", "kind": "shelter", "label": "Shelter", "source": "OpenStreetMap contributors"}}, {"type": "Feature", "geometry": {"type": "Point", "coordinates": [130.8952794, -12.3622969]}, "properties": {"id": "osm-way-1429929742", "name": "Unnamed shelter", "kind": "shelter", "label": "Shelter", "source": "OpenStreetMap contributors"}}, {"type": "Feature", "geometry": {"type": "Point", "coordinates": [130.8827558, -12.3903834]}, "properties": {"id": "osm-way-1436127857", "name": "Moil Medical Centre", "kind": "clinic", "label": "Clinic", "source": "OpenStreetMap contributors"}}, {"type": "Feature", "geometry": {"type": "Point", "coordinates": [130.9863162, -12.4837668]}, "properties": {"id": "osm-way-1445776448", "name": "Unnamed shelter", "kind": "shelter", "label": "Shelter", "source": "OpenStreetMap contributors"}}, {"type": "Feature", "geometry": {"type": "Point", "coordinates": [130.9860205, -12.4839203]}, "properties": {"id": "osm-way-1445776451", "name": "Unnamed shelter", "kind": "shelter", "label": "Shelter", "source": "OpenStreetMap contributors"}}, {"type": "Feature", "geometry": {"type": "Point", "coordinates": [130.9860188, -12.4837646]}, "properties": {"id": "osm-way-1445776452", "name": "Unnamed shelter", "kind": "shelter", "label": "Shelter", "source": "OpenStreetMap contributors"}}, {"type": "Feature", "geometry": {"type": "Point", "coordinates": [130.9848232, -12.4838824]}, "properties": {"id": "osm-way-1445776453", "name": "Unnamed shelter", "kind": "shelter", "label": "Shelter", "source": "OpenStreetMap contributors"}}, {"type": "Feature", "geometry": {"type": "Point", "coordinates": [130.9846909, -12.4838003]}, "properties": {"id": "osm-way-1445776454", "name": "Unnamed shelter", "kind": "shelter", "label": "Shelter", "source": "OpenStreetMap contributors"}}, {"type": "Feature", "geometry": {"type": "Point", "coordinates": [130.8918392, -12.3539375]}, "properties": {"id": "osm-way-1447704162", "name": "Unnamed shelter", "kind": "shelter", "label": "Shelter", "source": "OpenStreetMap contributors"}}, {"type": "Feature", "geometry": {"type": "Point", "coordinates": [130.8315832, -12.4123525]}, "properties": {"id": "osm-way-1449566054", "name": "Unnamed shelter", "kind": "shelter", "label": "Shelter", "source": "OpenStreetMap contributors"}}, {"type": "Feature", "geometry": {"type": "Point", "coordinates": [130.8311888, -12.4124858]}, "properties": {"id": "osm-way-1449566055", "name": "Unnamed shelter", "kind": "shelter", "label": "Shelter", "source": "OpenStreetMap contributors"}}, {"type": "Feature", "geometry": {"type": "Point", "coordinates": [130.8305801, -12.4125798]}, "properties": {"id": "osm-way-1449566056", "name": "Unnamed shelter", "kind": "shelter", "label": "Shelter", "source": "OpenStreetMap contributors"}}, {"type": "Feature", "geometry": {"type": "Point", "coordinates": [130.827045, -12.4094057]}, "properties": {"id": "osm-way-1451207962", "name": "Unnamed shelter", "kind": "shelter", "label": "Shelter", "source": "OpenStreetMap contributors"}}, {"type": "Feature", "geometry": {"type": "Point", "coordinates": [130.9864518, -12.4994371]}, "properties": {"id": "osm-way-1451715954", "name": "Unnamed shelter", "kind": "shelter", "label": "Shelter", "source": "OpenStreetMap contributors"}}, {"type": "Feature", "geometry": {"type": "Point", "coordinates": [130.9866222, -12.4994644]}, "properties": {"id": "osm-way-1451715955", "name": "Unnamed shelter", "kind": "shelter", "label": "Shelter", "source": "OpenStreetMap contributors"}}, {"type": "Feature", "geometry": {"type": "Point", "coordinates": [130.9867902, -12.4995038]}, "properties": {"id": "osm-way-1451715956", "name": "Unnamed shelter", "kind": "shelter", "label": "Shelter", "source": "OpenStreetMap contributors"}}, {"type": "Feature", "geometry": {"type": "Point", "coordinates": [130.9869498, -12.4995286]}, "properties": {"id": "osm-way-1451715957", "name": "Unnamed shelter", "kind": "shelter", "label": "Shelter", "source": "OpenStreetMap contributors"}}, {"type": "Feature", "geometry": {"type": "Point", "coordinates": [130.8547858, -12.4253357]}, "properties": {"id": "osm-way-1451756218", "name": "Unnamed shelter", "kind": "shelter", "label": "Shelter", "source": "OpenStreetMap contributors"}}, {"type": "Feature", "geometry": {"type": "Point", "coordinates": [130.8545393, -12.4254495]}, "properties": {"id": "osm-way-1451756219", "name": "Unnamed shelter", "kind": "shelter", "label": "Shelter", "source": "OpenStreetMap contributors"}}, {"type": "Feature", "geometry": {"type": "Point", "coordinates": [130.8545437, -12.4254524]}, "properties": {"id": "osm-way-1451756220", "name": "Unnamed shelter", "kind": "shelter", "label": "Shelter", "source": "OpenStreetMap contributors"}}, {"type": "Feature", "geometry": {"type": "Point", "coordinates": [130.8545503, -12.425556]}, "properties": {"id": "osm-way-1451756221", "name": "Unnamed shelter", "kind": "shelter", "label": "Shelter", "source": "OpenStreetMap contributors"}}, {"type": "Feature", "geometry": {"type": "Point", "coordinates": [130.8547175, -12.4255101]}, "properties": {"id": "osm-way-1451756222", "name": "Unnamed shelter", "kind": "shelter", "label": "Shelter", "source": "OpenStreetMap contributors"}}, {"type": "Feature", "geometry": {"type": "Point", "coordinates": [130.8543026, -12.3980047]}, "properties": {"id": "osm-way-1451764312", "name": "Unnamed shelter", "kind": "shelter", "label": "Shelter", "source": "OpenStreetMap contributors"}}, {"type": "Feature", "geometry": {"type": "Point", "coordinates": [131.876, -12.9198985]}, "properties": {"id": "osm-way-1451973841", "name": "Unnamed shelter", "kind": "shelter", "label": "Shelter", "source": "OpenStreetMap contributors"}}, {"type": "Feature", "geometry": {"type": "Point", "coordinates": [131.8767345, -12.9203197]}, "properties": {"id": "osm-way-1451973842", "name": "Unnamed shelter", "kind": "shelter", "label": "Shelter", "source": "OpenStreetMap contributors"}}, {"type": "Feature", "geometry": {"type": "Point", "coordinates": [130.862735, -12.4307663]}, "properties": {"id": "osm-way-1452268297", "name": "Unnamed shelter", "kind": "shelter", "label": "Shelter", "source": "OpenStreetMap contributors"}}, {"type": "Feature", "geometry": {"type": "Point", "coordinates": [130.8627718, -12.4305227]}, "properties": {"id": "osm-way-1452268298", "name": "Unnamed shelter", "kind": "shelter", "label": "Shelter", "source": "OpenStreetMap contributors"}}, {"type": "Feature", "geometry": {"type": "Point", "coordinates": [130.8630843, -12.4308726]}, "properties": {"id": "osm-way-1452289418", "name": "Unnamed shelter", "kind": "shelter", "label": "Shelter", "source": "OpenStreetMap contributors"}}, {"type": "Feature", "geometry": {"type": "Point", "coordinates": [130.8642828, -12.4318376]}, "properties": {"id": "osm-way-1453185947", "name": "Unnamed shelter", "kind": "shelter", "label": "Shelter", "source": "OpenStreetMap contributors"}}, {"type": "Feature", "geometry": {"type": "Point", "coordinates": [130.9747072, -12.4268168]}, "properties": {"id": "osm-way-1453705782", "name": "Unnamed shelter", "kind": "shelter", "label": "Shelter", "source": "OpenStreetMap contributors"}}, {"type": "Feature", "geometry": {"type": "Point", "coordinates": [130.8373759, -12.4393531]}, "properties": {"id": "osm-way-1454852719", "name": "Unnamed shelter", "kind": "shelter", "label": "Shelter", "source": "OpenStreetMap contributors"}}, {"type": "Feature", "geometry": {"type": "Point", "coordinates": [130.8417885, -12.4588641]}, "properties": {"id": "osm-way-1456609752", "name": "Unnamed shelter", "kind": "shelter", "label": "Shelter", "source": "OpenStreetMap contributors"}}, {"type": "Feature", "geometry": {"type": "Point", "coordinates": [130.8424865, -12.4580999]}, "properties": {"id": "osm-way-1456609756", "name": "Unnamed shelter", "kind": "shelter", "label": "Shelter", "source": "OpenStreetMap contributors"}}, {"type": "Feature", "geometry": {"type": "Point", "coordinates": [130.9219832, -12.4255409]}, "properties": {"id": "osm-way-1456995327", "name": "Unnamed shelter", "kind": "shelter", "label": "Shelter", "source": "OpenStreetMap contributors"}}, {"type": "Feature", "geometry": {"type": "Point", "coordinates": [130.9221197, -12.4255409]}, "properties": {"id": "osm-way-1456995328", "name": "Unnamed shelter", "kind": "shelter", "label": "Shelter", "source": "OpenStreetMap contributors"}}, {"type": "Feature", "geometry": {"type": "Point", "coordinates": [130.9220935, -12.4253302]}, "properties": {"id": "osm-way-1456995329", "name": "Unnamed shelter", "kind": "shelter", "label": "Shelter", "source": "OpenStreetMap contributors"}}, {"type": "Feature", "geometry": {"type": "Point", "coordinates": [130.8767548, -12.4447602]}, "properties": {"id": "osm-way-1457478768", "name": "Unnamed shelter", "kind": "shelter", "label": "Shelter", "source": "OpenStreetMap contributors"}}, {"type": "Feature", "geometry": {"type": "Point", "coordinates": [130.8257364, -12.4539743]}, "properties": {"id": "osm-way-1458198936", "name": "Unnamed shelter", "kind": "shelter", "label": "Shelter", "source": "OpenStreetMap contributors"}}, {"type": "Feature", "geometry": {"type": "Point", "coordinates": [130.8287012, -12.4119221]}, "properties": {"id": "osm-way-1459712936", "name": "Unnamed shelter", "kind": "shelter", "label": "Shelter", "source": "OpenStreetMap contributors"}}, {"type": "Feature", "geometry": {"type": "Point", "coordinates": [130.8286246, -12.4118554]}, "properties": {"id": "osm-way-1459712937", "name": "Unnamed shelter", "kind": "shelter", "label": "Shelter", "source": "OpenStreetMap contributors"}}, {"type": "Feature", "geometry": {"type": "Point", "coordinates": [130.973052, -12.4378808]}, "properties": {"id": "osm-way-1460207647", "name": "Unnamed shelter", "kind": "shelter", "label": "Shelter", "source": "OpenStreetMap contributors"}}, {"type": "Feature", "geometry": {"type": "Point", "coordinates": [130.9746823, -12.4373345]}, "properties": {"id": "osm-way-1460207650", "name": "Unnamed shelter", "kind": "shelter", "label": "Shelter", "source": "OpenStreetMap contributors"}}, {"type": "Feature", "geometry": {"type": "Point", "coordinates": [130.9741914, -12.437457]}, "properties": {"id": "osm-way-1460247005", "name": "Unnamed shelter", "kind": "shelter", "label": "Shelter", "source": "OpenStreetMap contributors"}}, {"type": "Feature", "geometry": {"type": "Point", "coordinates": [130.9738821, -12.4371215]}, "properties": {"id": "osm-way-1460247006", "name": "Unnamed shelter", "kind": "shelter", "label": "Shelter", "source": "OpenStreetMap contributors"}}, {"type": "Feature", "geometry": {"type": "Point", "coordinates": [130.9732888, -12.4382261]}, "properties": {"id": "osm-way-1460247018", "name": "Unnamed shelter", "kind": "shelter", "label": "Shelter", "source": "OpenStreetMap contributors"}}, {"type": "Feature", "geometry": {"type": "Point", "coordinates": [130.9732105, -12.4383046]}, "properties": {"id": "osm-way-1460247019", "name": "Unnamed shelter", "kind": "shelter", "label": "Shelter", "source": "OpenStreetMap contributors"}}, {"type": "Feature", "geometry": {"type": "Point", "coordinates": [130.9731602, -12.4383552]}, "properties": {"id": "osm-way-1460247020", "name": "Unnamed shelter", "kind": "shelter", "label": "Shelter", "source": "OpenStreetMap contributors"}}, {"type": "Feature", "geometry": {"type": "Point", "coordinates": [130.9730912, -12.4384408]}, "properties": {"id": "osm-way-1460247021", "name": "Unnamed shelter", "kind": "shelter", "label": "Shelter", "source": "OpenStreetMap contributors"}}, {"type": "Feature", "geometry": {"type": "Point", "coordinates": [130.9730301, -12.4384842]}, "properties": {"id": "osm-way-1460247022", "name": "Unnamed shelter", "kind": "shelter", "label": "Shelter", "source": "OpenStreetMap contributors"}}, {"type": "Feature", "geometry": {"type": "Point", "coordinates": [130.9729544, -12.4385624]}, "properties": {"id": "osm-way-1460247023", "name": "Unnamed shelter", "kind": "shelter", "label": "Shelter", "source": "OpenStreetMap contributors"}}, {"type": "Feature", "geometry": {"type": "Point", "coordinates": [130.9733125, -12.4383277]}, "properties": {"id": "osm-way-1460247024", "name": "Unnamed shelter", "kind": "shelter", "label": "Shelter", "source": "OpenStreetMap contributors"}}, {"type": "Feature", "geometry": {"type": "Point", "coordinates": [130.9732494, -12.4383918]}, "properties": {"id": "osm-way-1460247025", "name": "Unnamed shelter", "kind": "shelter", "label": "Shelter", "source": "OpenStreetMap contributors"}}, {"type": "Feature", "geometry": {"type": "Point", "coordinates": [130.9731833, -12.4384572]}, "properties": {"id": "osm-way-1460247026", "name": "Unnamed shelter", "kind": "shelter", "label": "Shelter", "source": "OpenStreetMap contributors"}}, {"type": "Feature", "geometry": {"type": "Point", "coordinates": [130.973122, -12.4385204]}, "properties": {"id": "osm-way-1460247027", "name": "Unnamed shelter", "kind": "shelter", "label": "Shelter", "source": "OpenStreetMap contributors"}}, {"type": "Feature", "geometry": {"type": "Point", "coordinates": [130.9730552, -12.438586]}, "properties": {"id": "osm-way-1460247028", "name": "Unnamed shelter", "kind": "shelter", "label": "Shelter", "source": "OpenStreetMap contributors"}}, {"type": "Feature", "geometry": {"type": "Point", "coordinates": [130.9736094, -12.4379672]}, "properties": {"id": "osm-way-1460247029", "name": "Unnamed shelter", "kind": "shelter", "label": "Shelter", "source": "OpenStreetMap contributors"}}, {"type": "Feature", "geometry": {"type": "Point", "coordinates": [130.9747401, -12.4378413]}, "properties": {"id": "osm-way-1460247030", "name": "Unnamed shelter", "kind": "shelter", "label": "Shelter", "source": "OpenStreetMap contributors"}}, {"type": "Feature", "geometry": {"type": "Point", "coordinates": [130.9744798, -12.437978]}, "properties": {"id": "osm-way-1460247031", "name": "Unnamed shelter", "kind": "shelter", "label": "Shelter", "source": "OpenStreetMap contributors"}}, {"type": "Feature", "geometry": {"type": "Point", "coordinates": [130.9742377, -12.4384127]}, "properties": {"id": "osm-way-1460247032", "name": "Unnamed shelter", "kind": "shelter", "label": "Shelter", "source": "OpenStreetMap contributors"}}, {"type": "Feature", "geometry": {"type": "Point", "coordinates": [130.9733841, -12.4384422]}, "properties": {"id": "osm-way-1460247035", "name": "Unnamed shelter", "kind": "shelter", "label": "Shelter", "source": "OpenStreetMap contributors"}}, {"type": "Feature", "geometry": {"type": "Point", "coordinates": [130.975477, -12.4376276]}, "properties": {"id": "osm-way-1460250012", "name": "Unnamed shelter", "kind": "shelter", "label": "Shelter", "source": "OpenStreetMap contributors"}}, {"type": "Feature", "geometry": {"type": "Point", "coordinates": [130.9756422, -12.4376258]}, "properties": {"id": "osm-way-1460250013", "name": "Unnamed shelter", "kind": "shelter", "label": "Shelter", "source": "OpenStreetMap contributors"}}, {"type": "Feature", "geometry": {"type": "Point", "coordinates": [130.9755586, -12.4375366]}, "properties": {"id": "osm-way-1460250014", "name": "Unnamed shelter", "kind": "shelter", "label": "Shelter", "source": "OpenStreetMap contributors"}}, {"type": "Feature", "geometry": {"type": "Point", "coordinates": [130.9755601, -12.4376203]}, "properties": {"id": "osm-way-1460250015", "name": "Unnamed shelter", "kind": "shelter", "label": "Shelter", "source": "OpenStreetMap contributors"}}, {"type": "Feature", "geometry": {"type": "Point", "coordinates": [130.974724, -12.4384219]}, "properties": {"id": "osm-way-1460250019", "name": "Unnamed shelter", "kind": "shelter", "label": "Shelter", "source": "OpenStreetMap contributors"}}, {"type": "Feature", "geometry": {"type": "Point", "coordinates": [131.5103846, -24.2433645]}, "properties": {"id": "osm-way-1460416933", "name": "Unnamed clinic", "kind": "clinic", "label": "Clinic", "source": "OpenStreetMap contributors"}}, {"type": "Feature", "geometry": {"type": "Point", "coordinates": [130.9907126, -12.4799534]}, "properties": {"id": "osm-way-1463884376", "name": "Unnamed shelter", "kind": "shelter", "label": "Shelter", "source": "OpenStreetMap contributors"}}, {"type": "Feature", "geometry": {"type": "Point", "coordinates": [130.9918669, -12.4782708]}, "properties": {"id": "osm-way-1463938848", "name": "Unnamed shelter", "kind": "shelter", "label": "Shelter", "source": "OpenStreetMap contributors"}}, {"type": "Feature", "geometry": {"type": "Point", "coordinates": [131.5704692, -24.255721]}, "properties": {"id": "osm-way-1466040608", "name": "Unnamed shelter", "kind": "shelter", "label": "Shelter", "source": "OpenStreetMap contributors"}}, {"type": "Feature", "geometry": {"type": "Point", "coordinates": [131.5705597, -24.2549717]}, "properties": {"id": "osm-way-1466040609", "name": "Unnamed shelter", "kind": "shelter", "label": "Shelter", "source": "OpenStreetMap contributors"}}, {"type": "Feature", "geometry": {"type": "Point", "coordinates": [131.5710828, -24.255161]}, "properties": {"id": "osm-way-1466040610", "name": "Unnamed shelter", "kind": "shelter", "label": "Shelter", "source": "OpenStreetMap contributors"}}, {"type": "Feature", "geometry": {"type": "Point", "coordinates": [130.7242202, -25.3003361]}, "properties": {"id": "osm-way-1466438054", "name": "Unnamed shelter", "kind": "shelter", "label": "Shelter", "source": "OpenStreetMap contributors"}}, {"type": "Feature", "geometry": {"type": "Point", "coordinates": [130.7245069, -25.3003447]}, "properties": {"id": "osm-way-1466440325", "name": "Unnamed shelter", "kind": "shelter", "label": "Shelter", "source": "OpenStreetMap contributors"}}, {"type": "Feature", "geometry": {"type": "Point", "coordinates": [130.7267931, -25.2850883]}, "properties": {"id": "osm-way-1466458233", "name": "Unnamed shelter", "kind": "shelter", "label": "Shelter", "source": "OpenStreetMap contributors"}}, {"type": "Feature", "geometry": {"type": "Point", "coordinates": [130.9975587, -25.327445]}, "properties": {"id": "osm-way-1466530415", "name": "Unnamed shelter", "kind": "shelter", "label": "Shelter", "source": "OpenStreetMap contributors"}}, {"type": "Feature", "geometry": {"type": "Point", "coordinates": [131.0193376, -25.3430509]}, "properties": {"id": "osm-way-1466770971", "name": "Unnamed shelter", "kind": "shelter", "label": "Shelter", "source": "OpenStreetMap contributors"}}, {"type": "Feature", "geometry": {"type": "Point", "coordinates": [131.0191419, -25.3427882]}, "properties": {"id": "osm-way-1466770972", "name": "Unnamed shelter", "kind": "shelter", "label": "Shelter", "source": "OpenStreetMap contributors"}}, {"type": "Feature", "geometry": {"type": "Point", "coordinates": [130.8225097, -12.4132834]}, "properties": {"id": "osm-way-1467371361", "name": "Pee Wees Rotunda and BBQ", "kind": "shelter", "label": "Shelter", "source": "OpenStreetMap contributors"}}, {"type": "Feature", "geometry": {"type": "Point", "coordinates": [130.8340535, -12.4337198]}, "properties": {"id": "osm-way-1471507592", "name": "Unnamed shelter", "kind": "shelter", "label": "Shelter", "source": "OpenStreetMap contributors"}}, {"type": "Feature", "geometry": {"type": "Point", "coordinates": [130.860304, -12.3763241]}, "properties": {"id": "osm-way-1472169038", "name": "Unnamed shelter", "kind": "shelter", "label": "Shelter", "source": "OpenStreetMap contributors"}}, {"type": "Feature", "geometry": {"type": "Point", "coordinates": [130.8592962, -12.3762969]}, "properties": {"id": "osm-way-1472585929", "name": "Unnamed shelter", "kind": "shelter", "label": "Shelter", "source": "OpenStreetMap contributors"}}, {"type": "Feature", "geometry": {"type": "Point", "coordinates": [130.9763614, -12.4375203]}, "properties": {"id": "osm-way-1472909437", "name": "Unnamed shelter", "kind": "shelter", "label": "Shelter", "source": "OpenStreetMap contributors"}}, {"type": "Feature", "geometry": {"type": "Point", "coordinates": [130.9763565, -12.4373141]}, "properties": {"id": "osm-way-1472909438", "name": "Unnamed shelter", "kind": "shelter", "label": "Shelter", "source": "OpenStreetMap contributors"}}, {"type": "Feature", "geometry": {"type": "Point", "coordinates": [130.9765263, -12.4392169]}, "properties": {"id": "osm-way-1472909442", "name": "Unnamed shelter", "kind": "shelter", "label": "Shelter", "source": "OpenStreetMap contributors"}}, {"type": "Feature", "geometry": {"type": "Point", "coordinates": [130.9758513, -12.4385419]}, "properties": {"id": "osm-way-1472909445", "name": "Unnamed shelter", "kind": "shelter", "label": "Shelter", "source": "OpenStreetMap contributors"}}, {"type": "Feature", "geometry": {"type": "Point", "coordinates": [130.9738922, -12.4382697]}, "properties": {"id": "osm-way-1472909474", "name": "Unnamed shelter", "kind": "shelter", "label": "Shelter", "source": "OpenStreetMap contributors"}}, {"type": "Feature", "geometry": {"type": "Point", "coordinates": [130.9747722, -12.4395775]}, "properties": {"id": "osm-way-1472909487", "name": "Unnamed shelter", "kind": "shelter", "label": "Shelter", "source": "OpenStreetMap contributors"}}, {"type": "Feature", "geometry": {"type": "Point", "coordinates": [130.9748689, -12.4394501]}, "properties": {"id": "osm-way-1472909488", "name": "Unnamed shelter", "kind": "shelter", "label": "Shelter", "source": "OpenStreetMap contributors"}}, {"type": "Feature", "geometry": {"type": "Point", "coordinates": [130.9747136, -12.4397083]}, "properties": {"id": "osm-way-1472909489", "name": "Unnamed shelter", "kind": "shelter", "label": "Shelter", "source": "OpenStreetMap contributors"}}, {"type": "Feature", "geometry": {"type": "Point", "coordinates": [130.9746805, -12.4398889]}, "properties": {"id": "osm-way-1472909490", "name": "Unnamed shelter", "kind": "shelter", "label": "Shelter", "source": "OpenStreetMap contributors"}}, {"type": "Feature", "geometry": {"type": "Point", "coordinates": [130.9745852, -12.4400032]}, "properties": {"id": "osm-way-1472909491", "name": "Unnamed shelter", "kind": "shelter", "label": "Shelter", "source": "OpenStreetMap contributors"}}, {"type": "Feature", "geometry": {"type": "Point", "coordinates": [130.9744725, -12.4400965]}, "properties": {"id": "osm-way-1472909492", "name": "Unnamed shelter", "kind": "shelter", "label": "Shelter", "source": "OpenStreetMap contributors"}}, {"type": "Feature", "geometry": {"type": "Point", "coordinates": [130.9743891, -12.4390171]}, "properties": {"id": "osm-way-1472909493", "name": "Unnamed shelter", "kind": "shelter", "label": "Shelter", "source": "OpenStreetMap contributors"}}, {"type": "Feature", "geometry": {"type": "Point", "coordinates": [130.9742761, -12.4391135]}, "properties": {"id": "osm-way-1472909494", "name": "Unnamed shelter", "kind": "shelter", "label": "Shelter", "source": "OpenStreetMap contributors"}}, {"type": "Feature", "geometry": {"type": "Point", "coordinates": [130.9741479, -12.4392448]}, "properties": {"id": "osm-way-1472909495", "name": "Unnamed shelter", "kind": "shelter", "label": "Shelter", "source": "OpenStreetMap contributors"}}, {"type": "Feature", "geometry": {"type": "Point", "coordinates": [130.9740533, -12.4393551]}, "properties": {"id": "osm-way-1472909496", "name": "Unnamed shelter", "kind": "shelter", "label": "Shelter", "source": "OpenStreetMap contributors"}}, {"type": "Feature", "geometry": {"type": "Point", "coordinates": [130.9730963, -12.439141]}, "properties": {"id": "osm-way-1472943665", "name": "Unnamed shelter", "kind": "shelter", "label": "Shelter", "source": "OpenStreetMap contributors"}}, {"type": "Feature", "geometry": {"type": "Point", "coordinates": [130.9731938, -12.4392524]}, "properties": {"id": "osm-way-1472943666", "name": "Unnamed shelter", "kind": "shelter", "label": "Shelter", "source": "OpenStreetMap contributors"}}, {"type": "Feature", "geometry": {"type": "Point", "coordinates": [130.9733082, -12.4393471]}, "properties": {"id": "osm-way-1472943667", "name": "Unnamed shelter", "kind": "shelter", "label": "Shelter", "source": "OpenStreetMap contributors"}}, {"type": "Feature", "geometry": {"type": "Point", "coordinates": [130.97318, -12.4396005]}, "properties": {"id": "osm-way-1472943675", "name": "Unnamed shelter", "kind": "shelter", "label": "Shelter", "source": "OpenStreetMap contributors"}}, {"type": "Feature", "geometry": {"type": "Point", "coordinates": [130.9730677, -12.439695]}, "properties": {"id": "osm-way-1472943676", "name": "Unnamed shelter", "kind": "shelter", "label": "Shelter", "source": "OpenStreetMap contributors"}}, {"type": "Feature", "geometry": {"type": "Point", "coordinates": [130.9729721, -12.4398084]}, "properties": {"id": "osm-way-1472943677", "name": "Unnamed shelter", "kind": "shelter", "label": "Shelter", "source": "OpenStreetMap contributors"}}, {"type": "Feature", "geometry": {"type": "Point", "coordinates": [130.9733068, -12.4400275]}, "properties": {"id": "osm-way-1472986009", "name": "Unnamed shelter", "kind": "shelter", "label": "Shelter", "source": "OpenStreetMap contributors"}}, {"type": "Feature", "geometry": {"type": "Point", "coordinates": [130.9731958, -12.4401212]}, "properties": {"id": "osm-way-1472986010", "name": "Unnamed shelter", "kind": "shelter", "label": "Shelter", "source": "OpenStreetMap contributors"}}, {"type": "Feature", "geometry": {"type": "Point", "coordinates": [130.9730997, -12.4402344]}, "properties": {"id": "osm-way-1472986011", "name": "Unnamed shelter", "kind": "shelter", "label": "Shelter", "source": "OpenStreetMap contributors"}}, {"type": "Feature", "geometry": {"type": "Point", "coordinates": [130.9730066, -12.440357]}, "properties": {"id": "osm-way-1472986014", "name": "Unnamed shelter", "kind": "shelter", "label": "Shelter", "source": "OpenStreetMap contributors"}}, {"type": "Feature", "geometry": {"type": "Point", "coordinates": [130.9731026, -12.4404674]}, "properties": {"id": "osm-way-1472986015", "name": "Unnamed shelter", "kind": "shelter", "label": "Shelter", "source": "OpenStreetMap contributors"}}, {"type": "Feature", "geometry": {"type": "Point", "coordinates": [130.9732169, -12.4405614]}, "properties": {"id": "osm-way-1472986016", "name": "Unnamed shelter", "kind": "shelter", "label": "Shelter", "source": "OpenStreetMap contributors"}}, {"type": "Feature", "geometry": {"type": "Point", "coordinates": [130.9738769, -12.4403546]}, "properties": {"id": "osm-way-1472986020", "name": "Unnamed shelter", "kind": "shelter", "label": "Shelter", "source": "OpenStreetMap contributors"}}, {"type": "Feature", "geometry": {"type": "Point", "coordinates": [130.973976, -12.4404648]}, "properties": {"id": "osm-way-1472986021", "name": "Unnamed shelter", "kind": "shelter", "label": "Shelter", "source": "OpenStreetMap contributors"}}, {"type": "Feature", "geometry": {"type": "Point", "coordinates": [130.9740897, -12.4405597]}, "properties": {"id": "osm-way-1472986023", "name": "Unnamed shelter", "kind": "shelter", "label": "Shelter", "source": "OpenStreetMap contributors"}}, {"type": "Feature", "geometry": {"type": "Point", "coordinates": [130.8735253, -12.4035311]}, "properties": {"id": "osm-way-1473971063", "name": "Unnamed shelter", "kind": "shelter", "label": "Shelter", "source": "OpenStreetMap contributors"}}, {"type": "Feature", "geometry": {"type": "Point", "coordinates": [130.8735169, -12.4036314]}, "properties": {"id": "osm-way-1473971064", "name": "Unnamed shelter", "kind": "shelter", "label": "Shelter", "source": "OpenStreetMap contributors"}}, {"type": "Feature", "geometry": {"type": "Point", "coordinates": [130.8739883, -12.4074415]}, "properties": {"id": "osm-way-1473971081", "name": "Unnamed shelter", "kind": "shelter", "label": "Shelter", "source": "OpenStreetMap contributors"}}, {"type": "Feature", "geometry": {"type": "Point", "coordinates": [130.9766696, -12.4304139]}, "properties": {"id": "osm-way-1474740702", "name": "Unnamed shelter", "kind": "shelter", "label": "Shelter", "source": "OpenStreetMap contributors"}}, {"type": "Feature", "geometry": {"type": "Point", "coordinates": [130.9745926, -12.4291876]}, "properties": {"id": "osm-way-1474868483", "name": "Unnamed shelter", "kind": "shelter", "label": "Shelter", "source": "OpenStreetMap contributors"}}, {"type": "Feature", "geometry": {"type": "Point", "coordinates": [130.9823088, -12.4376731]}, "properties": {"id": "osm-way-1475012137", "name": "Unnamed shelter", "kind": "shelter", "label": "Shelter", "source": "OpenStreetMap contributors"}}, {"type": "Feature", "geometry": {"type": "Point", "coordinates": [130.9762965, -12.4353405]}, "properties": {"id": "osm-way-1475119874", "name": "Unnamed shelter", "kind": "shelter", "label": "Shelter", "source": "OpenStreetMap contributors"}}, {"type": "Feature", "geometry": {"type": "Point", "coordinates": [130.9761666, -12.4350712]}, "properties": {"id": "osm-way-1475213779", "name": "Unnamed shelter", "kind": "shelter", "label": "Shelter", "source": "OpenStreetMap contributors"}}, {"type": "Feature", "geometry": {"type": "Point", "coordinates": [130.9757586, -12.434269]}, "properties": {"id": "osm-way-1475213791", "name": "Unnamed shelter", "kind": "shelter", "label": "Shelter", "source": "OpenStreetMap contributors"}}, {"type": "Feature", "geometry": {"type": "Point", "coordinates": [130.9760371, -12.4342228]}, "properties": {"id": "osm-way-1475213792", "name": "Unnamed shelter", "kind": "shelter", "label": "Shelter", "source": "OpenStreetMap contributors"}}, {"type": "Feature", "geometry": {"type": "Point", "coordinates": [130.9765636, -12.4340326]}, "properties": {"id": "osm-way-1475213796", "name": "Unnamed shelter", "kind": "shelter", "label": "Shelter", "source": "OpenStreetMap contributors"}}, {"type": "Feature", "geometry": {"type": "Point", "coordinates": [130.9766132, -12.4345545]}, "properties": {"id": "osm-way-1475213799", "name": "Unnamed shelter", "kind": "shelter", "label": "Shelter", "source": "OpenStreetMap contributors"}}, {"type": "Feature", "geometry": {"type": "Point", "coordinates": [130.9766769, -12.4348385]}, "properties": {"id": "osm-way-1475213803", "name": "Unnamed shelter", "kind": "shelter", "label": "Shelter", "source": "OpenStreetMap contributors"}}, {"type": "Feature", "geometry": {"type": "Point", "coordinates": [130.9769017, -12.4346132]}, "properties": {"id": "osm-way-1475213805", "name": "Unnamed shelter", "kind": "shelter", "label": "Shelter", "source": "OpenStreetMap contributors"}}, {"type": "Feature", "geometry": {"type": "Point", "coordinates": [130.9765145, -12.4377151]}, "properties": {"id": "osm-way-1475259584", "name": "Unnamed shelter", "kind": "shelter", "label": "Shelter", "source": "OpenStreetMap contributors"}}, {"type": "Feature", "geometry": {"type": "Point", "coordinates": [130.9765158, -12.4378382]}, "properties": {"id": "osm-way-1475259585", "name": "Unnamed shelter", "kind": "shelter", "label": "Shelter", "source": "OpenStreetMap contributors"}}, {"type": "Feature", "geometry": {"type": "Point", "coordinates": [130.976707, -12.4377674]}, "properties": {"id": "osm-way-1475259586", "name": "Unnamed shelter", "kind": "shelter", "label": "Shelter", "source": "OpenStreetMap contributors"}}, {"type": "Feature", "geometry": {"type": "Point", "coordinates": [130.9767118, -12.4380215]}, "properties": {"id": "osm-way-1475259587", "name": "Unnamed shelter", "kind": "shelter", "label": "Shelter", "source": "OpenStreetMap contributors"}}, {"type": "Feature", "geometry": {"type": "Point", "coordinates": [130.9756143, -12.4346972]}, "properties": {"id": "osm-way-1475615304", "name": "Unnamed shelter", "kind": "shelter", "label": "Shelter", "source": "OpenStreetMap contributors"}}, {"type": "Feature", "geometry": {"type": "Point", "coordinates": [130.9753884, -12.4349231]}, "properties": {"id": "osm-way-1475615305", "name": "Unnamed shelter", "kind": "shelter", "label": "Shelter", "source": "OpenStreetMap contributors"}}, {"type": "Feature", "geometry": {"type": "Point", "coordinates": [130.9756594, -12.4349612]}, "properties": {"id": "osm-way-1475615306", "name": "Unnamed shelter", "kind": "shelter", "label": "Shelter", "source": "OpenStreetMap contributors"}}, {"type": "Feature", "geometry": {"type": "Point", "coordinates": [130.9754241, -12.4351796]}, "properties": {"id": "osm-way-1475615307", "name": "Unnamed shelter", "kind": "shelter", "label": "Shelter", "source": "OpenStreetMap contributors"}}, {"type": "Feature", "geometry": {"type": "Point", "coordinates": [130.9757322, -12.4352579]}, "properties": {"id": "osm-way-1475615308", "name": "Unnamed shelter", "kind": "shelter", "label": "Shelter", "source": "OpenStreetMap contributors"}}, {"type": "Feature", "geometry": {"type": "Point", "coordinates": [130.975704, -12.4350102]}, "properties": {"id": "osm-way-1475615309", "name": "Unnamed shelter", "kind": "shelter", "label": "Shelter", "source": "OpenStreetMap contributors"}}, {"type": "Feature", "geometry": {"type": "Point", "coordinates": [130.975506, -12.4354821]}, "properties": {"id": "osm-way-1475615318", "name": "Unnamed shelter", "kind": "shelter", "label": "Shelter", "source": "OpenStreetMap contributors"}}, {"type": "Feature", "geometry": {"type": "Point", "coordinates": [130.9757782, -12.4355195]}, "properties": {"id": "osm-way-1475615320", "name": "Unnamed shelter", "kind": "shelter", "label": "Shelter", "source": "OpenStreetMap contributors"}}, {"type": "Feature", "geometry": {"type": "Point", "coordinates": [130.9758203, -12.4355634]}, "properties": {"id": "osm-way-1475615322", "name": "Unnamed shelter", "kind": "shelter", "label": "Shelter", "source": "OpenStreetMap contributors"}}, {"type": "Feature", "geometry": {"type": "Point", "coordinates": [130.9755424, -12.4357381]}, "properties": {"id": "osm-way-1475615324", "name": "Unnamed shelter", "kind": "shelter", "label": "Shelter", "source": "OpenStreetMap contributors"}}, {"type": "Feature", "geometry": {"type": "Point", "coordinates": [130.9754321, -12.4344715]}, "properties": {"id": "osm-way-1475615327", "name": "Unnamed shelter", "kind": "shelter", "label": "Shelter", "source": "OpenStreetMap contributors"}}, {"type": "Feature", "geometry": {"type": "Point", "coordinates": [130.9754367, -12.4341362]}, "properties": {"id": "osm-way-1475615329", "name": "Unnamed shelter", "kind": "shelter", "label": "Shelter", "source": "OpenStreetMap contributors"}}, {"type": "Feature", "geometry": {"type": "Point", "coordinates": [130.977933, -12.4342617]}, "properties": {"id": "osm-way-1475615336", "name": "Unnamed shelter", "kind": "shelter", "label": "Shelter", "source": "OpenStreetMap contributors"}}, {"type": "Feature", "geometry": {"type": "Point", "coordinates": [130.9779928, -12.4342575]}, "properties": {"id": "osm-way-1475615338", "name": "Unnamed shelter", "kind": "shelter", "label": "Shelter", "source": "OpenStreetMap contributors"}}, {"type": "Feature", "geometry": {"type": "Point", "coordinates": [130.9763215, -12.4384393]}, "properties": {"id": "osm-way-1475615343", "name": "Unnamed shelter", "kind": "shelter", "label": "Shelter", "source": "OpenStreetMap contributors"}}, {"type": "Feature", "geometry": {"type": "Point", "coordinates": [130.9765346, -12.4384385]}, "properties": {"id": "osm-way-1475615344", "name": "Unnamed shelter", "kind": "shelter", "label": "Shelter", "source": "OpenStreetMap contributors"}}, {"type": "Feature", "geometry": {"type": "Point", "coordinates": [130.9758091, -12.4382063]}, "properties": {"id": "osm-way-1475615347", "name": "Unnamed shelter", "kind": "shelter", "label": "Shelter", "source": "OpenStreetMap contributors"}}, {"type": "Feature", "geometry": {"type": "Point", "coordinates": [130.9758678, -12.4382032]}, "properties": {"id": "osm-way-1475615348", "name": "Unnamed shelter", "kind": "shelter", "label": "Shelter", "source": "OpenStreetMap contributors"}}, {"type": "Feature", "geometry": {"type": "Point", "coordinates": [130.9759247, -12.4382045]}, "properties": {"id": "osm-way-1475615349", "name": "Unnamed shelter", "kind": "shelter", "label": "Shelter", "source": "OpenStreetMap contributors"}}, {"type": "Feature", "geometry": {"type": "Point", "coordinates": [130.9758083, -12.438263]}, "properties": {"id": "osm-way-1475615350", "name": "Unnamed shelter", "kind": "shelter", "label": "Shelter", "source": "OpenStreetMap contributors"}}, {"type": "Feature", "geometry": {"type": "Point", "coordinates": [130.9759268, -12.4382618]}, "properties": {"id": "osm-way-1475615351", "name": "Unnamed shelter", "kind": "shelter", "label": "Shelter", "source": "OpenStreetMap contributors"}}, {"type": "Feature", "geometry": {"type": "Point", "coordinates": [130.9758107, -12.4383191]}, "properties": {"id": "osm-way-1475615352", "name": "Unnamed shelter", "kind": "shelter", "label": "Shelter", "source": "OpenStreetMap contributors"}}, {"type": "Feature", "geometry": {"type": "Point", "coordinates": [130.9758673, -12.4383207]}, "properties": {"id": "osm-way-1475615353", "name": "Unnamed shelter", "kind": "shelter", "label": "Shelter", "source": "OpenStreetMap contributors"}}, {"type": "Feature", "geometry": {"type": "Point", "coordinates": [130.9759257, -12.4383184]}, "properties": {"id": "osm-way-1475615354", "name": "Unnamed shelter", "kind": "shelter", "label": "Shelter", "source": "OpenStreetMap contributors"}}, {"type": "Feature", "geometry": {"type": "Point", "coordinates": [130.9757692, -12.4382155]}, "properties": {"id": "osm-way-1475615355", "name": "Unnamed shelter", "kind": "shelter", "label": "Shelter", "source": "OpenStreetMap contributors"}}, {"type": "Feature", "geometry": {"type": "Point", "coordinates": [130.9758005, -12.4381714]}, "properties": {"id": "osm-way-1475615356", "name": "Unnamed shelter", "kind": "shelter", "label": "Shelter", "source": "OpenStreetMap contributors"}}, {"type": "Feature", "geometry": {"type": "Point", "coordinates": [130.9757753, -12.4383173]}, "properties": {"id": "osm-way-1475615357", "name": "Unnamed shelter", "kind": "shelter", "label": "Shelter", "source": "OpenStreetMap contributors"}}, {"type": "Feature", "geometry": {"type": "Point", "coordinates": [130.9796625, -12.4469508]}, "properties": {"id": "osm-way-1475673655", "name": "Unnamed shelter", "kind": "shelter", "label": "Shelter", "source": "OpenStreetMap contributors"}}, {"type": "Feature", "geometry": {"type": "Point", "coordinates": [130.9756646, -12.4410703]}, "properties": {"id": "osm-way-1476222201", "name": "Unnamed shelter", "kind": "shelter", "label": "Shelter", "source": "OpenStreetMap contributors"}}, {"type": "Feature", "geometry": {"type": "Point", "coordinates": [130.9756641, -12.4409646]}, "properties": {"id": "osm-way-1476222202", "name": "Unnamed shelter", "kind": "shelter", "label": "Shelter", "source": "OpenStreetMap contributors"}}, {"type": "Feature", "geometry": {"type": "Point", "coordinates": [130.9756666, -12.4411459]}, "properties": {"id": "osm-way-1476222203", "name": "Unnamed shelter", "kind": "shelter", "label": "Shelter", "source": "OpenStreetMap contributors"}}, {"type": "Feature", "geometry": {"type": "Point", "coordinates": [130.9756677, -12.441252]}, "properties": {"id": "osm-way-1476222204", "name": "Unnamed shelter", "kind": "shelter", "label": "Shelter", "source": "OpenStreetMap contributors"}}, {"type": "Feature", "geometry": {"type": "Point", "coordinates": [130.9756686, -12.4413268]}, "properties": {"id": "osm-way-1476222205", "name": "Unnamed shelter", "kind": "shelter", "label": "Shelter", "source": "OpenStreetMap contributors"}}, {"type": "Feature", "geometry": {"type": "Point", "coordinates": [130.9756523, -12.4414326]}, "properties": {"id": "osm-way-1476222206", "name": "Unnamed shelter", "kind": "shelter", "label": "Shelter", "source": "OpenStreetMap contributors"}}, {"type": "Feature", "geometry": {"type": "Point", "coordinates": [130.9756695, -12.4416364]}, "properties": {"id": "osm-way-1476222207", "name": "Unnamed shelter", "kind": "shelter", "label": "Shelter", "source": "OpenStreetMap contributors"}}, {"type": "Feature", "geometry": {"type": "Point", "coordinates": [130.9756695, -12.4417414]}, "properties": {"id": "osm-way-1476222208", "name": "Unnamed shelter", "kind": "shelter", "label": "Shelter", "source": "OpenStreetMap contributors"}}, {"type": "Feature", "geometry": {"type": "Point", "coordinates": [130.9756718, -12.4418172]}, "properties": {"id": "osm-way-1476222209", "name": "Unnamed shelter", "kind": "shelter", "label": "Shelter", "source": "OpenStreetMap contributors"}}, {"type": "Feature", "geometry": {"type": "Point", "coordinates": [130.9756711, -12.4419235]}, "properties": {"id": "osm-way-1476222210", "name": "Unnamed shelter", "kind": "shelter", "label": "Shelter", "source": "OpenStreetMap contributors"}}, {"type": "Feature", "geometry": {"type": "Point", "coordinates": [130.9756718, -12.4419986]}, "properties": {"id": "osm-way-1476222211", "name": "Unnamed shelter", "kind": "shelter", "label": "Shelter", "source": "OpenStreetMap contributors"}}, {"type": "Feature", "geometry": {"type": "Point", "coordinates": [130.9756719, -12.442104]}, "properties": {"id": "osm-way-1476222212", "name": "Unnamed shelter", "kind": "shelter", "label": "Shelter", "source": "OpenStreetMap contributors"}}, {"type": "Feature", "geometry": {"type": "Point", "coordinates": [130.9758931, -12.4423693]}, "properties": {"id": "osm-way-1476222213", "name": "Unnamed shelter", "kind": "shelter", "label": "Shelter", "source": "OpenStreetMap contributors"}}, {"type": "Feature", "geometry": {"type": "Point", "coordinates": [130.9757882, -12.4423695]}, "properties": {"id": "osm-way-1476222214", "name": "Unnamed shelter", "kind": "shelter", "label": "Shelter", "source": "OpenStreetMap contributors"}}, {"type": "Feature", "geometry": {"type": "Point", "coordinates": [130.9740628, -12.4409913]}, "properties": {"id": "osm-way-1476222215", "name": "Unnamed shelter", "kind": "shelter", "label": "Shelter", "source": "OpenStreetMap contributors"}}, {"type": "Feature", "geometry": {"type": "Point", "coordinates": [130.9740632, -12.4410975]}, "properties": {"id": "osm-way-1476222216", "name": "Unnamed shelter", "kind": "shelter", "label": "Shelter", "source": "OpenStreetMap contributors"}}, {"type": "Feature", "geometry": {"type": "Point", "coordinates": [130.9740632, -12.4411713]}, "properties": {"id": "osm-way-1476222217", "name": "Unnamed shelter", "kind": "shelter", "label": "Shelter", "source": "OpenStreetMap contributors"}}, {"type": "Feature", "geometry": {"type": "Point", "coordinates": [130.9740643, -12.441278]}, "properties": {"id": "osm-way-1476222218", "name": "Unnamed shelter", "kind": "shelter", "label": "Shelter", "source": "OpenStreetMap contributors"}}, {"type": "Feature", "geometry": {"type": "Point", "coordinates": [130.9740645, -12.4413533]}, "properties": {"id": "osm-way-1476222219", "name": "Unnamed shelter", "kind": "shelter", "label": "Shelter", "source": "OpenStreetMap contributors"}}, {"type": "Feature", "geometry": {"type": "Point", "coordinates": [130.9740661, -12.4414579]}, "properties": {"id": "osm-way-1476222220", "name": "Unnamed shelter", "kind": "shelter", "label": "Shelter", "source": "OpenStreetMap contributors"}}, {"type": "Feature", "geometry": {"type": "Point", "coordinates": [130.9741962, -12.4420078]}, "properties": {"id": "osm-way-1476277151", "name": "Unnamed shelter", "kind": "shelter", "label": "Shelter", "source": "OpenStreetMap contributors"}}, {"type": "Feature", "geometry": {"type": "Point", "coordinates": [130.9739829, -12.4426479]}, "properties": {"id": "osm-way-1476277167", "name": "Unnamed shelter", "kind": "shelter", "label": "Shelter", "source": "OpenStreetMap contributors"}}, {"type": "Feature", "geometry": {"type": "Point", "coordinates": [130.9739828, -12.4427555]}, "properties": {"id": "osm-way-1476277168", "name": "Unnamed shelter", "kind": "shelter", "label": "Shelter", "source": "OpenStreetMap contributors"}}, {"type": "Feature", "geometry": {"type": "Point", "coordinates": [130.9739836, -12.4428306]}, "properties": {"id": "osm-way-1476277169", "name": "Unnamed shelter", "kind": "shelter", "label": "Shelter", "source": "OpenStreetMap contributors"}}, {"type": "Feature", "geometry": {"type": "Point", "coordinates": [130.9739876, -12.4429362]}, "properties": {"id": "osm-way-1476277170", "name": "Unnamed shelter", "kind": "shelter", "label": "Shelter", "source": "OpenStreetMap contributors"}}, {"type": "Feature", "geometry": {"type": "Point", "coordinates": [130.973987, -12.4430114]}, "properties": {"id": "osm-way-1476277171", "name": "Unnamed shelter", "kind": "shelter", "label": "Shelter", "source": "OpenStreetMap contributors"}}, {"type": "Feature", "geometry": {"type": "Point", "coordinates": [130.9739858, -12.4431178]}, "properties": {"id": "osm-way-1476277172", "name": "Unnamed shelter", "kind": "shelter", "label": "Shelter", "source": "OpenStreetMap contributors"}}, {"type": "Feature", "geometry": {"type": "Point", "coordinates": [130.9739856, -12.4431929]}, "properties": {"id": "osm-way-1476277173", "name": "Unnamed shelter", "kind": "shelter", "label": "Shelter", "source": "OpenStreetMap contributors"}}, {"type": "Feature", "geometry": {"type": "Point", "coordinates": [130.9739868, -12.4432971]}, "properties": {"id": "osm-way-1476277174", "name": "Unnamed shelter", "kind": "shelter", "label": "Shelter", "source": "OpenStreetMap contributors"}}, {"type": "Feature", "geometry": {"type": "Point", "coordinates": [130.9753228, -12.4435755]}, "properties": {"id": "osm-way-1476277178", "name": "Unnamed shelter", "kind": "shelter", "label": "Shelter", "source": "OpenStreetMap contributors"}}, {"type": "Feature", "geometry": {"type": "Point", "coordinates": [130.9753222, -12.4434685]}, "properties": {"id": "osm-way-1476277179", "name": "Unnamed shelter", "kind": "shelter", "label": "Shelter", "source": "OpenStreetMap contributors"}}, {"type": "Feature", "geometry": {"type": "Point", "coordinates": [130.9753223, -12.4433945]}, "properties": {"id": "osm-way-1476277180", "name": "Unnamed shelter", "kind": "shelter", "label": "Shelter", "source": "OpenStreetMap contributors"}}, {"type": "Feature", "geometry": {"type": "Point", "coordinates": [130.9753215, -12.4432884]}, "properties": {"id": "osm-way-1476277181", "name": "Unnamed shelter", "kind": "shelter", "label": "Shelter", "source": "OpenStreetMap contributors"}}, {"type": "Feature", "geometry": {"type": "Point", "coordinates": [130.9753215, -12.4432137]}, "properties": {"id": "osm-way-1476277182", "name": "Unnamed shelter", "kind": "shelter", "label": "Shelter", "source": "OpenStreetMap contributors"}}, {"type": "Feature", "geometry": {"type": "Point", "coordinates": [130.9753202, -12.4431078]}, "properties": {"id": "osm-way-1476277183", "name": "Unnamed shelter", "kind": "shelter", "label": "Shelter", "source": "OpenStreetMap contributors"}}, {"type": "Feature", "geometry": {"type": "Point", "coordinates": [130.977389, -12.4425697]}, "properties": {"id": "osm-way-1476637881", "name": "Unnamed shelter", "kind": "shelter", "label": "Shelter", "source": "OpenStreetMap contributors"}}, {"type": "Feature", "geometry": {"type": "Point", "coordinates": [130.9773907, -12.4426766]}, "properties": {"id": "osm-way-1476637882", "name": "Unnamed shelter", "kind": "shelter", "label": "Shelter", "source": "OpenStreetMap contributors"}}, {"type": "Feature", "geometry": {"type": "Point", "coordinates": [130.9773896, -12.4427511]}, "properties": {"id": "osm-way-1476637883", "name": "Unnamed shelter", "kind": "shelter", "label": "Shelter", "source": "OpenStreetMap contributors"}}, {"type": "Feature", "geometry": {"type": "Point", "coordinates": [130.9773916, -12.4428568]}, "properties": {"id": "osm-way-1476637884", "name": "Unnamed shelter", "kind": "shelter", "label": "Shelter", "source": "OpenStreetMap contributors"}}, {"type": "Feature", "geometry": {"type": "Point", "coordinates": [130.9773923, -12.4429316]}, "properties": {"id": "osm-way-1476637885", "name": "Unnamed shelter", "kind": "shelter", "label": "Shelter", "source": "OpenStreetMap contributors"}}, {"type": "Feature", "geometry": {"type": "Point", "coordinates": [130.9773934, -12.4430366]}, "properties": {"id": "osm-way-1476637886", "name": "Unnamed shelter", "kind": "shelter", "label": "Shelter", "source": "OpenStreetMap contributors"}}, {"type": "Feature", "geometry": {"type": "Point", "coordinates": [130.9773939, -12.443111]}, "properties": {"id": "osm-way-1476637887", "name": "Unnamed shelter", "kind": "shelter", "label": "Shelter", "source": "OpenStreetMap contributors"}}, {"type": "Feature", "geometry": {"type": "Point", "coordinates": [130.9773939, -12.4432187]}, "properties": {"id": "osm-way-1476637888", "name": "Unnamed shelter", "kind": "shelter", "label": "Shelter", "source": "OpenStreetMap contributors"}}, {"type": "Feature", "geometry": {"type": "Point", "coordinates": [130.9773961, -12.4432925]}, "properties": {"id": "osm-way-1476637889", "name": "Unnamed shelter", "kind": "shelter", "label": "Shelter", "source": "OpenStreetMap contributors"}}, {"type": "Feature", "geometry": {"type": "Point", "coordinates": [130.9773968, -12.4433989]}, "properties": {"id": "osm-way-1476637890", "name": "Unnamed shelter", "kind": "shelter", "label": "Shelter", "source": "OpenStreetMap contributors"}}, {"type": "Feature", "geometry": {"type": "Point", "coordinates": [130.9739982, -12.4456953]}, "properties": {"id": "osm-way-1476959712", "name": "Unnamed shelter", "kind": "shelter", "label": "Shelter", "source": "OpenStreetMap contributors"}}, {"type": "Feature", "geometry": {"type": "Point", "coordinates": [130.9742016, -12.4456942]}, "properties": {"id": "osm-way-1476959713", "name": "Unnamed shelter", "kind": "shelter", "label": "Shelter", "source": "OpenStreetMap contributors"}}, {"type": "Feature", "geometry": {"type": "Point", "coordinates": [130.9748175, -12.4462468]}, "properties": {"id": "osm-way-1477000636", "name": "Unnamed shelter", "kind": "shelter", "label": "Shelter", "source": "OpenStreetMap contributors"}}, {"type": "Feature", "geometry": {"type": "Point", "coordinates": [130.9765461, -12.4442656]}, "properties": {"id": "osm-way-1477000657", "name": "Unnamed shelter", "kind": "shelter", "label": "Shelter", "source": "OpenStreetMap contributors"}}, {"type": "Feature", "geometry": {"type": "Point", "coordinates": [130.9786395, -12.4452535]}, "properties": {"id": "osm-way-1477000667", "name": "Unnamed shelter", "kind": "shelter", "label": "Shelter", "source": "OpenStreetMap contributors"}}, {"type": "Feature", "geometry": {"type": "Point", "coordinates": [130.9788051, -12.4452511]}, "properties": {"id": "osm-way-1477000668", "name": "Unnamed shelter", "kind": "shelter", "label": "Shelter", "source": "OpenStreetMap contributors"}}, {"type": "Feature", "geometry": {"type": "Point", "coordinates": [130.9785343, -12.4446305]}, "properties": {"id": "osm-way-1477773511", "name": "Unnamed shelter", "kind": "shelter", "label": "Shelter", "source": "OpenStreetMap contributors"}}, {"type": "Feature", "geometry": {"type": "Point", "coordinates": [130.9798077, -12.4452459]}, "properties": {"id": "osm-way-1477773523", "name": "Unnamed shelter", "kind": "shelter", "label": "Shelter", "source": "OpenStreetMap contributors"}}, {"type": "Feature", "geometry": {"type": "Point", "coordinates": [130.9737086, -12.4453731]}, "properties": {"id": "osm-way-1477860571", "name": "Unnamed shelter", "kind": "shelter", "label": "Shelter", "source": "OpenStreetMap contributors"}}, {"type": "Feature", "geometry": {"type": "Point", "coordinates": [130.9760698, -12.4441799]}, "properties": {"id": "osm-way-1478558448", "name": "Unnamed shelter", "kind": "shelter", "label": "Shelter", "source": "OpenStreetMap contributors"}}, {"type": "Feature", "geometry": {"type": "Point", "coordinates": [130.9753377, -12.4442942]}, "properties": {"id": "osm-way-1478558453", "name": "Unnamed shelter", "kind": "shelter", "label": "Shelter", "source": "OpenStreetMap contributors"}}, {"type": "Feature", "geometry": {"type": "Point", "coordinates": [130.9782741, -12.4395392]}, "properties": {"id": "osm-way-1478558478", "name": "Unnamed shelter", "kind": "shelter", "label": "Shelter", "source": "OpenStreetMap contributors"}}, {"type": "Feature", "geometry": {"type": "Point", "coordinates": [130.978274, -12.4396094]}, "properties": {"id": "osm-way-1478558479", "name": "Unnamed shelter", "kind": "shelter", "label": "Shelter", "source": "OpenStreetMap contributors"}}, {"type": "Feature", "geometry": {"type": "Point", "coordinates": [130.9783501, -12.4396894]}, "properties": {"id": "osm-way-1478558480", "name": "Unnamed shelter", "kind": "shelter", "label": "Shelter", "source": "OpenStreetMap contributors"}}, {"type": "Feature", "geometry": {"type": "Point", "coordinates": [130.9765514, -12.4386312]}, "properties": {"id": "osm-way-1478558495", "name": "Unnamed shelter", "kind": "shelter", "label": "Shelter", "source": "OpenStreetMap contributors"}}, {"type": "Feature", "geometry": {"type": "Point", "coordinates": [130.9798651, -12.4391813]}, "properties": {"id": "osm-way-1478574487", "name": "Unnamed shelter", "kind": "shelter", "label": "Shelter", "source": "OpenStreetMap contributors"}}, {"type": "Feature", "geometry": {"type": "Point", "coordinates": [130.979006, -12.4410001]}, "properties": {"id": "osm-way-1478574560", "name": "Unnamed shelter", "kind": "shelter", "label": "Shelter", "source": "OpenStreetMap contributors"}}, {"type": "Feature", "geometry": {"type": "Point", "coordinates": [130.979079, -12.4410014]}, "properties": {"id": "osm-way-1478574561", "name": "Unnamed shelter", "kind": "shelter", "label": "Shelter", "source": "OpenStreetMap contributors"}}, {"type": "Feature", "geometry": {"type": "Point", "coordinates": [130.974399, -12.4455309]}, "properties": {"id": "osm-way-1478684375", "name": "Unnamed shelter", "kind": "shelter", "label": "Shelter", "source": "OpenStreetMap contributors"}}, {"type": "Feature", "geometry": {"type": "Point", "coordinates": [130.9747863, -12.4456884]}, "properties": {"id": "osm-way-1478684379", "name": "Unnamed shelter", "kind": "shelter", "label": "Shelter", "source": "OpenStreetMap contributors"}}, {"type": "Feature", "geometry": {"type": "Point", "coordinates": [131.6013949, -24.3006834]}, "properties": {"id": "osm-way-1479476930", "name": "Watarrka School", "kind": "school", "label": "School", "source": "OpenStreetMap contributors"}}, {"type": "Feature", "geometry": {"type": "Point", "coordinates": [130.9784044, -12.4413238]}, "properties": {"id": "osm-way-1482327127", "name": "Unnamed shelter", "kind": "shelter", "label": "Shelter", "source": "OpenStreetMap contributors"}}, {"type": "Feature", "geometry": {"type": "Point", "coordinates": [130.9783686, -12.4412784]}, "properties": {"id": "osm-way-1482327128", "name": "Unnamed shelter", "kind": "shelter", "label": "Shelter", "source": "OpenStreetMap contributors"}}, {"type": "Feature", "geometry": {"type": "Point", "coordinates": [130.9783994, -12.4413858]}, "properties": {"id": "osm-way-1482327129", "name": "Unnamed shelter", "kind": "shelter", "label": "Shelter", "source": "OpenStreetMap contributors"}}, {"type": "Feature", "geometry": {"type": "Point", "coordinates": [130.9783425, -12.4413661]}, "properties": {"id": "osm-way-1482327130", "name": "Unnamed shelter", "kind": "shelter", "label": "Shelter", "source": "OpenStreetMap contributors"}}, {"type": "Feature", "geometry": {"type": "Point", "coordinates": [130.9752157, -12.4365133]}, "properties": {"id": "osm-way-1484153662", "name": "Unnamed shelter", "kind": "shelter", "label": "Shelter", "source": "OpenStreetMap contributors"}}, {"type": "Feature", "geometry": {"type": "Point", "coordinates": [130.9076903, -12.3858435]}, "properties": {"id": "osm-way-1486746567", "name": "Unnamed shelter", "kind": "shelter", "label": "Shelter", "source": "OpenStreetMap contributors"}}, {"type": "Feature", "geometry": {"type": "Point", "coordinates": [130.9077291, -12.3859668]}, "properties": {"id": "osm-way-1486746568", "name": "Unnamed shelter", "kind": "shelter", "label": "Shelter", "source": "OpenStreetMap contributors"}}, {"type": "Feature", "geometry": {"type": "Point", "coordinates": [130.907822, -12.3860733]}, "properties": {"id": "osm-way-1486746569", "name": "Unnamed shelter", "kind": "shelter", "label": "Shelter", "source": "OpenStreetMap contributors"}}, {"type": "Feature", "geometry": {"type": "Point", "coordinates": [130.9079738, -12.3860945]}, "properties": {"id": "osm-way-1486746570", "name": "Unnamed shelter", "kind": "shelter", "label": "Shelter", "source": "OpenStreetMap contributors"}}, {"type": "Feature", "geometry": {"type": "Point", "coordinates": [130.9079218, -12.3861854]}, "properties": {"id": "osm-way-1486746571", "name": "Unnamed shelter", "kind": "shelter", "label": "Shelter", "source": "OpenStreetMap contributors"}}, {"type": "Feature", "geometry": {"type": "Point", "coordinates": [130.9078171, -12.3856639]}, "properties": {"id": "osm-way-1486746572", "name": "Unnamed shelter", "kind": "shelter", "label": "Shelter", "source": "OpenStreetMap contributors"}}, {"type": "Feature", "geometry": {"type": "Point", "coordinates": [130.9075716, -12.3861136]}, "properties": {"id": "osm-way-1486746582", "name": "Unnamed shelter", "kind": "shelter", "label": "Shelter", "source": "OpenStreetMap contributors"}}, {"type": "Feature", "geometry": {"type": "Point", "coordinates": [130.8374492, -12.4237723]}, "properties": {"id": "osm-way-1494516622", "name": "Unnamed shelter", "kind": "shelter", "label": "Shelter", "source": "OpenStreetMap contributors"}}, {"type": "Feature", "geometry": {"type": "Point", "coordinates": [130.9799607, -12.4373462]}, "properties": {"id": "osm-way-1504204993", "name": "Unnamed shelter", "kind": "shelter", "label": "Shelter", "source": "OpenStreetMap contributors"}}, {"type": "Feature", "geometry": {"type": "Point", "coordinates": [130.8451427, -12.4711367]}, "properties": {"id": "osm-way-1540713150", "name": "Unnamed shelter", "kind": "shelter", "label": "Shelter", "source": "OpenStreetMap contributors"}}, {"type": "Feature", "geometry": {"type": "Point", "coordinates": [130.8457408, -12.4719216]}, "properties": {"id": "osm-way-1540713151", "name": "Unnamed shelter", "kind": "shelter", "label": "Shelter", "source": "OpenStreetMap contributors"}}, {"type": "Feature", "geometry": {"type": "Point", "coordinates": [134.2116755, -19.6083535]}, "properties": {"id": "osm-way-1544558948", "name": "Unnamed shelter", "kind": "shelter", "label": "Shelter", "source": "OpenStreetMap contributors"}}, {"type": "Feature", "geometry": {"type": "Point", "coordinates": [134.2117667, -19.6082618]}, "properties": {"id": "osm-way-1544558949", "name": "Unnamed shelter", "kind": "shelter", "label": "Shelter", "source": "OpenStreetMap contributors"}}, {"type": "Feature", "geometry": {"type": "Point", "coordinates": [134.2119379, -19.6080679]}, "properties": {"id": "osm-way-1544558950", "name": "Unnamed shelter", "kind": "shelter", "label": "Shelter", "source": "OpenStreetMap contributors"}}, {"type": "Feature", "geometry": {"type": "Point", "coordinates": [134.2120086, -19.6079847]}, "properties": {"id": "osm-way-1544558951", "name": "Unnamed shelter", "kind": "shelter", "label": "Shelter", "source": "OpenStreetMap contributors"}}, {"type": "Feature", "geometry": {"type": "Point", "coordinates": [134.2121287, -19.6078432]}, "properties": {"id": "osm-way-1544558952", "name": "Unnamed shelter", "kind": "shelter", "label": "Shelter", "source": "OpenStreetMap contributors"}}, {"type": "Feature", "geometry": {"type": "Point", "coordinates": [134.2121917, -19.6077677]}, "properties": {"id": "osm-way-1544558953", "name": "Unnamed shelter", "kind": "shelter", "label": "Shelter", "source": "OpenStreetMap contributors"}}, {"type": "Feature", "geometry": {"type": "Point", "coordinates": [134.2122815, -19.607671]}, "properties": {"id": "osm-way-1544558954", "name": "Unnamed shelter", "kind": "shelter", "label": "Shelter", "source": "OpenStreetMap contributors"}}, {"type": "Feature", "geometry": {"type": "Point", "coordinates": [130.9704094, -25.2298789]}, "properties": {"id": "osm-way-1545902272", "name": "Unnamed shelter", "kind": "shelter", "label": "Shelter", "source": "OpenStreetMap contributors"}}, {"type": "Feature", "geometry": {"type": "Point", "coordinates": [130.9711713, -25.229524]}, "properties": {"id": "osm-way-1545902273", "name": "Unnamed shelter", "kind": "shelter", "label": "Shelter", "source": "OpenStreetMap contributors"}}, {"type": "Feature", "geometry": {"type": "Point", "coordinates": [133.4100784, -17.3728134]}, "properties": {"id": "osm-way-1551979707", "name": "Unnamed shelter", "kind": "shelter", "label": "Shelter", "source": "OpenStreetMap contributors"}}, {"type": "Feature", "geometry": {"type": "Point", "coordinates": [133.410081, -17.3728867]}, "properties": {"id": "osm-way-1551979708", "name": "Unnamed shelter", "kind": "shelter", "label": "Shelter", "source": "OpenStreetMap contributors"}}, {"type": "Feature", "geometry": {"type": "Point", "coordinates": [133.4107106, -17.3733008]}, "properties": {"id": "osm-way-1551979726", "name": "Unnamed shelter", "kind": "shelter", "label": "Shelter", "source": "OpenStreetMap contributors"}}, {"type": "Feature", "geometry": {"type": "Point", "coordinates": [130.850621, -12.4666909]}, "properties": {"id": "osm-way-1553124628", "name": "Larrakia Cultural Centre", "kind": "community_centre", "label": "Community centre", "source": "OpenStreetMap contributors"}}, {"type": "Feature", "geometry": {"type": "Point", "coordinates": [133.8660969, -23.6779149]}, "properties": {"id": "osm-relation-13160144", "name": "Alice Springs School of the Air", "kind": "school", "label": "School", "source": "OpenStreetMap contributors"}}, {"type": "Feature", "geometry": {"type": "Point", "coordinates": [133.852395, -23.7078684]}, "properties": {"id": "osm-relation-13160249", "name": "Araluen Christian College", "kind": "school", "label": "School", "source": "OpenStreetMap contributors"}}, {"type": "Feature", "geometry": {"type": "Point", "coordinates": [130.8779163, -12.3700766]}, "properties": {"id": "osm-relation-15446216", "name": "Nakara Primary School", "kind": "school", "label": "School", "source": "OpenStreetMap contributors"}}]}